CustomerID,Country,CustomerSegment,PredictedChurn,ChurnProbability
12346.0,United Kingdom,Regular Customers,0,0.245
12347.0,Iceland,Regular Customers,0,0.025
12348.0,Finland,Regular Customers,0,0.28
12349.0,Italy,Regular Customers,0,0.04
12350.0,Norway,At-Risk Customers,1,0.995
12351.0,Unspecified,At-Risk Customers,1,0.995
12352.0,Norway,Regular Customers,0,0.065
12353.0,Bahrain,Regular Customers,1,0.655
12354.0,Spain,Regular Customers,1,0.955
12355.0,Bahrain,Regular Customers,1,0.935
12356.0,Portugal,Regular Customers,0,0.145
12357.0,Switzerland,Regular Customers,0,0.09
12358.0,Austria,Regular Customers,0,0.225
12359.0,Cyprus,Regular Customers,0,0.03
12360.0,Austria,Regular Customers,0,0.015
12361.0,Belgium,At-Risk Customers,1,0.99
12362.0,Belgium,Regular Customers,0,0.045
12363.0,Unspecified,Regular Customers,1,0.555
12364.0,Belgium,Regular Customers,0,0.13
12365.0,Cyprus,At-Risk Customers,1,0.995
12366.0,Cyprus,At-Risk Customers,1,1.0
12367.0,Denmark,Regular Customers,0,0.08
12368.0,Cyprus,At-Risk Customers,1,0.995
12369.0,Austria,At-Risk Customers,1,0.985
12370.0,Cyprus,Regular Customers,0,0.165
12371.0,Switzerland,Regular Customers,0,0.04
12372.0,Denmark,Regular Customers,0,0.12
12373.0,Austria,At-Risk Customers,1,0.995
12374.0,Austria,Regular Customers,0,0.075
12375.0,Finland,Regular Customers,0,0.17666666666666664
12376.0,Switzerland,At-Risk Customers,1,0.995
12377.0,Switzerland,At-Risk Customers,1,0.995
12378.0,Switzerland,Regular Customers,1,0.82
12379.0,Belgium,Regular Customers,0,0.045
12380.0,Belgium,Regular Customers,0,0.075
12381.0,Norway,Regular Customers,0,0.47
12383.0,Belgium,Regular Customers,1,0.69
12384.0,Switzerland,Regular Customers,0,0.27
12385.0,Belgium,At-Risk Customers,1,0.98
12386.0,Australia,At-Risk Customers,1,0.9825
12387.0,Australia,At-Risk Customers,1,0.995
12388.0,Australia,Regular Customers,0,0.075
12389.0,Australia,At-Risk Customers,1,0.995
12390.0,Belgium,Regular Customers,0,0.015
12391.0,Cyprus,Regular Customers,0,0.04
12392.0,Australia,At-Risk Customers,1,1.0
12393.0,Australia,Regular Customers,0,0.09
12394.0,Belgium,Regular Customers,0,0.25
12395.0,Belgium,Regular Customers,0,0.015
12396.0,RSA,At-Risk Customers,1,1.0
12397.0,Belgium,Regular Customers,0,0.225
12398.0,Switzerland,Regular Customers,0,0.03
12399.0,Belgium,Regular Customers,1,0.79
12400.0,Australia,At-Risk Customers,1,0.99
12401.0,Belgium,At-Risk Customers,1,0.995
12402.0,Belgium,At-Risk Customers,1,1.0
12403.0,Denmark,Regular Customers,0,0.12
12404.0,Finland,At-Risk Customers,1,1.0
12405.0,Finland,Regular Customers,1,0.92
12406.0,Denmark,Regular Customers,0,0.1
12407.0,Belgium,Regular Customers,0,0.21
12408.0,Belgium,Regular Customers,0,0.025
12409.0,Switzerland,Regular Customers,0,0.035
12410.0,Switzerland,At-Risk Customers,1,0.99
12411.0,Australia,At-Risk Customers,1,0.99
12412.0,Denmark,Regular Customers,0,0.335
12413.0,France,Regular Customers,1,0.515
12414.0,Austria,Regular Customers,1,0.935
12415.0,Australia,Loyal Customers,0,0.345
12416.0,Australia,At-Risk Customers,1,1.0
12417.0,Belgium,Regular Customers,0,0.0
12418.0,Switzerland,Regular Customers,1,0.795
12419.0,Spain,At-Risk Customers,1,1.0
12420.0,Cyprus,Regular Customers,0,0.13
12421.0,Spain,Regular Customers,0,0.185
12422.0,Switzerland,Regular Customers,1,0.54
12423.0,Belgium,Regular Customers,0,0.025
12424.0,Australia,Regular Customers,1,0.715
12425.0,Portugal,Regular Customers,0,0.04
12426.0,Germany,Regular Customers,1,0.78
12427.0,Germany,Regular Customers,0,0.085
12428.0,Finland,Regular Customers,0,0.035
12429.0,Denmark,Regular Customers,0,0.075
12430.0,Norway,Regular Customers,0,0.0
12431.0,Australia,Regular Customers,0,0.09
12432.0,Norway,Regular Customers,0,0.185
12433.0,Norway,Regular Customers,0,0.02
12434.0,Australia,Regular Customers,0,0.07
12435.0,Denmark,Regular Customers,0,0.16
12436.0,Norway,Regular Customers,1,0.715
12437.0,France,Regular Customers,0,0.01
12438.0,Norway,Regular Customers,0,0.1
12439.0,Cyprus,At-Risk Customers,1,0.97
12440.0,Austria,At-Risk Customers,1,0.98
12441.0,France,At-Risk Customers,1,1.0
12442.0,Spain,Regular Customers,0,0.045
12443.0,Norway,At-Risk Customers,1,0.995
12444.0,Norway,Regular Customers,0,0.17
12445.0,Spain,Regular Customers,0,0.065
12446.0,RSA,Regular Customers,0,0.01
12447.0,Belgium,Regular Customers,1,0.965
12448.0,Spain,Regular Customers,0,0.015
12449.0,Belgium,Regular Customers,0,0.025
12450.0,Spain,Regular Customers,1,0.805
12451.0,Switzerland,Regular Customers,0,0.03
12452.0,Switzerland,Regular Customers,0,0.08
12453.0,Austria,Regular Customers,1,0.97
12454.0,Spain,Regular Customers,0,0.055
12455.0,Cyprus,Regular Customers,0,0.095
12456.0,Switzerland,Regular Customers,0,0.155
12457.0,Switzerland,Regular Customers,0,0.095
12458.0,Switzerland,Regular Customers,0,0.02
12459.0,Spain,At-Risk Customers,1,1.0
12460.0,Belgium,At-Risk Customers,1,0.995
12461.0,Switzerland,Regular Customers,1,0.59
12462.0,Spain,Regular Customers,0,0.215
12463.0,Belgium,Regular Customers,0,0.085
12464.0,Belgium,Regular Customers,0,0.145
12465.0,Belgium,Regular Customers,0,0.325
12466.0,France,At-Risk Customers,1,1.0
12467.0,USA,At-Risk Customers,1,0.99
12468.0,Germany,Regular Customers,1,0.88
12469.0,Thailand,At-Risk Customers,1,0.99
12470.0,Unspecified,At-Risk Customers,1,1.0
12471.0,Germany,Loyal Customers,0,0.0
12472.0,Germany,Regular Customers,0,0.055
12473.0,Germany,Regular Customers,0,0.08
12474.0,Germany,Regular Customers,0,0.005
12475.0,Germany,Regular Customers,0,0.025
12476.0,Germany,Regular Customers,0,0.135
12477.0,Germany,Regular Customers,0,0.105
12478.0,Greece,Regular Customers,0,0.055
12479.0,Germany,Regular Customers,0,0.015
12480.0,Germany,Regular Customers,0,0.03
12481.0,Germany,Regular Customers,0,0.005
12482.0,Sweden,At-Risk Customers,1,0.875
12483.0,Sweden,Regular Customers,0,0.01
12484.0,Spain,Regular Customers,0,0.09
12485.0,Sweden,At-Risk Customers,1,1.0
12486.0,Sweden,At-Risk Customers,1,0.975
12487.0,Sweden,At-Risk Customers,1,1.0
12488.0,France,Regular Customers,0,0.095
12489.0,France,At-Risk Customers,1,0.995
12490.0,France,Regular Customers,0,0.025
12491.0,France,Regular Customers,0,0.015
12492.0,Germany,Regular Customers,0,0.02
12493.0,France,Regular Customers,1,0.92
12494.0,France,Regular Customers,0,0.15
12495.0,Sweden,At-Risk Customers,1,1.0
12496.0,Spain,At-Risk Customers,1,1.0
12497.0,Germany,Regular Customers,0,0.07
12498.0,Germany,Regular Customers,0,0.05
12499.0,Germany,At-Risk Customers,1,1.0
12500.0,Germany,Regular Customers,0,0.095
12501.0,Germany,At-Risk Customers,1,0.995
12502.0,Spain,Regular Customers,1,0.83
12503.0,Spain,At-Risk Customers,1,1.0
12504.0,Germany,Regular Customers,0,0.11
12505.0,Italy,At-Risk Customers,1,1.0
12506.0,France,Regular Customers,1,0.845
12507.0,Spain,Regular Customers,1,0.805
12508.0,France,Regular Customers,0,0.09
12509.0,France,At-Risk Customers,1,0.995
12510.0,Spain,Regular Customers,1,0.73
12511.0,Greece,At-Risk Customers,1,0.985
12512.0,Israel,Regular Customers,0,0.12
12513.0,France,Regular Customers,1,0.96
12514.0,Italy,At-Risk Customers,1,1.0
12515.0,Italy,At-Risk Customers,1,1.0
12516.0,Germany,Regular Customers,0,0.085
12517.0,Germany,Regular Customers,0,0.365
12518.0,Germany,Regular Customers,0,0.02
12519.0,Germany,Regular Customers,0,0.31
12520.0,Germany,Regular Customers,0,0.39
12521.0,Germany,Regular Customers,1,0.965
12522.0,Germany,Regular Customers,0,0.035
12523.0,France,Regular Customers,0,0.015
12524.0,Germany,Regular Customers,0,0.07
12525.0,France,At-Risk Customers,1,0.98
12526.0,Germany,Regular Customers,0,0.04
12527.0,Germany,Regular Customers,0,0.46
12528.0,Germany,Regular Customers,0,0.11
12529.0,France,At-Risk Customers,1,1.0
12530.0,Germany,Regular Customers,0,0.01
12531.0,Germany,Regular Customers,0,0.24
12532.0,France,Regular Customers,0,0.005
12533.0,Germany,At-Risk Customers,1,0.995
12534.0,Germany,Regular Customers,1,0.9
12535.0,France,Regular Customers,1,0.95
12536.0,France,Regular Customers,0,0.055
12537.0,Sweden,At-Risk Customers,1,0.995
12538.0,Spain,Regular Customers,0,0.06
12539.0,Spain,Regular Customers,0,0.105
12540.0,Spain,Regular Customers,0,0.005
12541.0,Spain,Regular Customers,0,0.025
12542.0,Spain,At-Risk Customers,1,0.995
12543.0,Spain,At-Risk Customers,1,0.99
12544.0,Spain,Regular Customers,0,0.01
12545.0,Spain,Regular Customers,1,0.85
12546.0,Spain,Regular Customers,0,0.06
12547.0,Spain,Regular Customers,1,0.79
12548.0,Spain,Regular Customers,1,0.965
12549.0,USA,At-Risk Customers,1,0.985
12550.0,Spain,Regular Customers,0,0.115
12551.0,Spain,At-Risk Customers,1,1.0
12552.0,Italy,Regular Customers,0,0.055
12553.0,France,Regular Customers,0,0.005
12554.0,Spain,At-Risk Customers,1,0.995
12555.0,Spain,At-Risk Customers,1,1.0
12556.0,Spain,Regular Customers,1,0.81
12557.0,Spain,Regular Customers,0,0.14
12558.0,USA,Regular Customers,0,0.035
12559.0,Germany,At-Risk Customers,1,0.995
12560.0,Germany,Regular Customers,0,0.31
12561.0,Germany,At-Risk Customers,1,0.995
12562.0,France,Regular Customers,0,0.015
12563.0,Italy,At-Risk Customers,1,0.99
12564.0,France,At-Risk Customers,1,1.0
12565.0,Saudi Arabia,At-Risk Customers,1,1.0
12566.0,Germany,Regular Customers,0,0.015
12567.0,France,Regular Customers,0,0.02
12568.0,Germany,At-Risk Customers,1,1.0
12569.0,Germany,Regular Customers,0,0.025
12570.0,Spain,At-Risk Customers,1,1.0
12571.0,France,Regular Customers,0,0.085
12572.0,Germany,Regular Customers,0,0.05
12573.0,France,Regular Customers,1,0.75
12574.0,France,At-Risk Customers,1,1.0
12575.0,France,At-Risk Customers,1,0.99
12576.0,Poland,Regular Customers,0,0.085
12577.0,France,Regular Customers,0,0.12
12578.0,Italy,Regular Customers,0,0.065
12579.0,France,Regular Customers,0,0.03
12580.0,Germany,Regular Customers,1,0.915
12581.0,Germany,Regular Customers,0,0.01
12582.0,Finland,Regular Customers,1,0.85
12583.0,France,Regular Customers,0,0.0
12584.0,Italy,Regular Customers,0,0.07
12585.0,Germany,Regular Customers,1,0.725
12586.0,Italy,Regular Customers,0,0.065
12587.0,Finland,Regular Customers,0,0.08
12588.0,Finland,Regular Customers,0,0.035
12589.0,France,Regular Customers,0,0.065
12590.0,Germany,Regular Customers,1,0.86
12591.0,Italy,At-Risk Customers,1,0.985
12592.0,Germany,Regular Customers,1,0.83
12593.0,France,Regular Customers,1,0.855
12594.0,Italy,Regular Customers,0,0.04
12595.0,Germany,At-Risk Customers,1,1.0
12596.0,Spain,Regular Customers,0,0.315
12597.0,Spain,Regular Customers,0,0.045
12598.0,France,Regular Customers,0,0.045
12599.0,France,Regular Customers,0,0.035
12600.0,Germany,Regular Customers,0,0.02
12601.0,Germany,Regular Customers,1,0.7
12602.0,France,Regular Customers,0,0.01
12603.0,Germany,Regular Customers,0,0.08
12604.0,France,Regular Customers,0,0.315
12605.0,Germany,At-Risk Customers,1,1.0
12606.0,Spain,At-Risk Customers,1,1.0
12607.0,USA,Regular Customers,0,0.035
12608.0,United Kingdom,At-Risk Customers,1,1.0
12609.0,Germany,Regular Customers,0,0.015
12610.0,Italy,Regular Customers,0,0.17
12611.0,Italy,Regular Customers,0,0.045
12612.0,Germany,Regular Customers,0,0.12
12613.0,Germany,Regular Customers,0,0.065
12614.0,Germany,At-Risk Customers,1,1.0
12615.0,France,Regular Customers,0,0.02
12616.0,France,Regular Customers,1,0.73
12617.0,France,Regular Customers,0,0.025
12618.0,Italy,Regular Customers,0,0.03
12619.0,Germany,Regular Customers,0,0.055
12620.0,France,Regular Customers,0,0.03
12621.0,Germany,Regular Customers,0,0.025
12622.0,Germany,Regular Customers,1,0.98
12623.0,Germany,At-Risk Customers,1,0.94
12624.0,France,Regular Customers,1,0.785
12625.0,Germany,Regular Customers,1,0.785
12626.0,Germany,Regular Customers,0,0.075
12627.0,Germany,Regular Customers,0,0.01
12628.0,Germany,Regular Customers,0,0.045
12629.0,Sweden,At-Risk Customers,1,0.995
12630.0,Finland,Regular Customers,0,0.035
12631.0,Finland,Regular Customers,0,0.03
12632.0,Germany,At-Risk Customers,1,0.995
12633.0,Germany,Regular Customers,0,0.165
12634.0,USA,At-Risk Customers,1,0.995
12635.0,Germany,Regular Customers,0,0.01
12636.0,USA,At-Risk Customers,1,0.995
12637.0,France,Regular Customers,0,0.02
12638.0,Sweden,Regular Customers,0,0.065
12639.0,Sweden,Regular Customers,1,0.9
12640.0,France,Regular Customers,0,0.06
12641.0,Sweden,Regular Customers,1,0.96
12642.0,Germany,Regular Customers,0,0.215
12643.0,France,Regular Customers,1,0.725
12644.0,Germany,Regular Customers,1,0.56
12645.0,Germany,Regular Customers,0,0.095
12646.0,USA,Regular Customers,0,0.015
12647.0,Germany,Regular Customers,0,0.015
12648.0,Germany,Regular Customers,1,0.72
12649.0,Germany,Regular Customers,1,0.66
12650.0,France,Regular Customers,0,0.055
12651.0,France,At-Risk Customers,1,0.995
12652.0,France,At-Risk Customers,1,0.995
12653.0,Israel,Regular Customers,1,0.785
12654.0,Germany,Regular Customers,0,0.065
12655.0,France,At-Risk Customers,1,0.995
12656.0,France,Regular Customers,0,0.035
12657.0,France,Regular Customers,0,0.055
12658.0,Germany,Regular Customers,0,0.055
12659.0,France,Regular Customers,0,0.04
12660.0,France,Regular Customers,0,0.01
12661.0,Sweden,At-Risk Customers,1,0.985
12662.0,Germany,Regular Customers,0,0.015
12663.0,Germany,At-Risk Customers,1,0.99
12664.0,Finland,Regular Customers,0,0.09
12665.0,Germany,At-Risk Customers,1,1.0
12666.0,Israel,At-Risk Customers,1,0.99
12667.0,Finland,Regular Customers,0,0.01
12668.0,Germany,Regular Customers,0,0.04
12669.0,France,Regular Customers,1,0.86
12670.0,France,Regular Customers,0,0.14
12671.0,Germany,At-Risk Customers,1,1.0
12672.0,France,At-Risk Customers,1,0.985
12673.0,Germany,Regular Customers,0,0.13
12674.0,France,Regular Customers,0,0.065
12675.0,Italy,At-Risk Customers,1,0.99
12676.0,Sweden,Regular Customers,0,0.125
12677.0,France,At-Risk Customers,1,0.975
12678.0,France,Regular Customers,0,0.095
12679.0,France,Regular Customers,0,0.305
12680.0,France,Regular Customers,0,0.275
12681.0,France,Regular Customers,0,0.005
12682.0,France,Regular Customers,0,0.0
12683.0,France,Regular Customers,0,0.055
12684.0,France,Regular Customers,0,0.17
12685.0,France,Regular Customers,0,0.105
12686.0,France,At-Risk Customers,1,1.0
12687.0,Sweden,At-Risk Customers,1,0.99
12688.0,Israel,Regular Customers,1,0.925
12689.0,France,Regular Customers,0,0.035
12690.0,France,Regular Customers,1,0.95
12691.0,France,Regular Customers,0,0.095
12692.0,France,At-Risk Customers,1,1.0
12693.0,Germany,Regular Customers,1,0.79
12694.0,France,Regular Customers,0,0.205
12695.0,France,Regular Customers,0,0.345
12696.0,Finland,At-Risk Customers,1,1.0
12697.0,Sweden,Regular Customers,1,0.67
12698.0,Germany,At-Risk Customers,1,0.995
12699.0,Germany,At-Risk Customers,1,0.985
12700.0,France,Regular Customers,0,0.015
12701.0,Germany,Regular Customers,0,0.19
12702.0,Germany,Regular Customers,0,0.025
12703.0,Germany,Regular Customers,0,0.455
12704.0,Finland,Regular Customers,0,0.155
12705.0,Germany,Regular Customers,0,0.005
12707.0,France,At-Risk Customers,1,1.0
12708.0,Germany,Regular Customers,0,0.025
12709.0,Germany,Regular Customers,0,0.065
12710.0,Germany,Regular Customers,1,0.845
12711.0,Germany,At-Risk Customers,1,0.98
12712.0,Germany,Regular Customers,0,0.025
12713.0,Germany,Regular Customers,0,0.09
12714.0,France,Regular Customers,0,0.005
12715.0,Sweden,Regular Customers,1,0.93
12716.0,France,Regular Customers,0,0.195
12717.0,Greece,Regular Customers,1,0.875
12718.0,France,Regular Customers,0,0.005
12719.0,France,Regular Customers,0,0.32
12720.0,Germany,Regular Customers,0,0.015
12721.0,France,Regular Customers,0,0.01
12722.0,France,Regular Customers,0,0.2
12723.0,France,Regular Customers,0,0.17
12724.0,France,Regular Customers,0,0.1
12725.0,Italy,At-Risk Customers,1,0.955
12726.0,France,Regular Customers,0,0.03
12727.0,France,Regular Customers,0,0.08
12728.0,France,Regular Customers,0,0.07
12729.0,France,Regular Customers,1,0.96
12730.0,Germany,At-Risk Customers,1,0.995
12731.0,France,Regular Customers,0,0.1
12732.0,France,Regular Customers,1,0.945
12733.0,USA,Regular Customers,1,0.825
12734.0,France,At-Risk Customers,1,0.99
12735.0,France,At-Risk Customers,1,0.995
12736.0,France,At-Risk Customers,1,0.995
12737.0,France,At-Risk Customers,1,0.995
12738.0,Germany,At-Risk Customers,1,1.0
12739.0,United Arab Emirates,Regular Customers,0,0.06
12740.0,France,Regular Customers,0,0.01
12741.0,USA,At-Risk Customers,1,1.0
12742.0,United Arab Emirates,At-Risk Customers,1,0.995
12743.0,Unspecified,Regular Customers,1,0.91
12744.0,Singapore,Regular Customers,0,0.05
12745.0,United Kingdom,At-Risk Customers,1,0.985
12746.0,United Kingdom,At-Risk Customers,1,1.0
12747.0,United Kingdom,Regular Customers,0,0.02
12748.0,United Kingdom,Loyal Customers,0,0.01
12749.0,United Kingdom,Regular Customers,0,0.03
12750.0,Poland,Regular Customers,1,0.985
12751.0,Brazil,At-Risk Customers,1,0.995
12752.0,Norway,Regular Customers,0,0.12
12753.0,Japan,Regular Customers,0,0.115
12754.0,Japan,Regular Customers,1,0.8
12755.0,Japan,Regular Customers,0,0.275
12756.0,Japan,Regular Customers,0,0.055
12757.0,Portugal,Regular Customers,0,0.07
12758.0,Portugal,Regular Customers,1,0.79
12759.0,Netherlands,Regular Customers,0,0.01
12760.0,Netherlands,At-Risk Customers,1,0.985
12761.0,Netherlands,At-Risk Customers,1,1.0
12762.0,Portugal,Regular Customers,0,0.175
12763.0,Japan,Regular Customers,1,0.8
12764.0,Lebanon,At-Risk Customers,1,0.985
12765.0,Netherlands,At-Risk Customers,1,0.975
12766.0,Portugal,Regular Customers,0,0.03
12767.0,Korea,At-Risk Customers,1,0.99
12768.0,Korea,At-Risk Customers,1,0.995
12769.0,Brazil,Regular Customers,1,0.905
12770.0,Japan,Regular Customers,1,0.67
12771.0,Portugal,At-Risk Customers,1,1.0
12772.0,Portugal,Regular Customers,0,0.1
12773.0,Portugal,At-Risk Customers,1,1.0
12774.0,Netherlands,At-Risk Customers,1,1.0
12775.0,Netherlands,Regular Customers,0,0.01
12776.0,Portugal,At-Risk Customers,1,1.0
12777.0,United Kingdom,At-Risk Customers,1,0.99
12778.0,Netherlands,Regular Customers,0,0.135
12779.0,Poland,Regular Customers,0,0.0
12780.0,Netherlands,At-Risk Customers,1,1.0
12781.0,Czech Republic,Regular Customers,0,0.1275
12782.0,Portugal,Regular Customers,0,0.03
12783.0,Portugal,Regular Customers,0,0.16
12784.0,Portugal,Regular Customers,0,0.195
12785.0,Portugal,At-Risk Customers,1,1.0
12786.0,Netherlands,At-Risk Customers,1,0.995
12787.0,Netherlands,Regular Customers,0,0.025
12788.0,Netherlands,At-Risk Customers,1,0.985
12789.0,Netherlands,Regular Customers,0,0.045
12790.0,Netherlands,Regular Customers,1,0.64
12791.0,Netherlands,At-Risk Customers,1,0.995
12792.0,Portugal,At-Risk Customers,1,1.0
12793.0,Portugal,At-Risk Customers,1,1.0
12794.0,Portugal,Regular Customers,0,0.015
12795.0,Portugal,Regular Customers,0,0.025
12796.0,Netherlands,At-Risk Customers,1,1.0
12797.0,Portugal,At-Risk Customers,1,1.0
12798.0,Japan,Regular Customers,0,0.07
12799.0,Japan,At-Risk Customers,1,1.0
12800.0,Portugal,At-Risk Customers,1,1.0
12801.0,Sweden,At-Risk Customers,1,0.98
12802.0,Netherlands,Regular Customers,1,0.66
12803.0,Netherlands,At-Risk Customers,1,0.985
12804.0,Netherlands,At-Risk Customers,1,0.995
12805.0,Netherlands,At-Risk Customers,1,0.995
12806.0,Netherlands,At-Risk Customers,1,0.985
12807.0,Sweden,At-Risk Customers,1,1.0
12808.0,Portugal,Regular Customers,0,0.065
12809.0,Portugal,Regular Customers,1,0.935
12810.0,Japan,At-Risk Customers,1,0.99
12811.0,Portugal,Regular Customers,1,0.65
12812.0,Japan,Regular Customers,0,0.005
12813.0,Netherlands,At-Risk Customers,1,0.985
12814.0,Poland,Regular Customers,1,0.97
12815.0,Poland,Regular Customers,1,0.93
12816.0,Poland,Regular Customers,1,0.89
12817.0,Austria,At-Risk Customers,1,0.99
12818.0,Austria,At-Risk Customers,1,1.0
12819.0,United Kingdom,At-Risk Customers,1,0.995
12820.0,United Kingdom,Regular Customers,0,0.04
12821.0,United Kingdom,Regular Customers,1,0.88
12822.0,United Kingdom,Regular Customers,0,0.065
12823.0,United Kingdom,Regular Customers,0,0.16
12824.0,United Kingdom,Regular Customers,0,0.01
12825.0,United Kingdom,At-Risk Customers,1,1.0
12826.0,United Kingdom,Regular Customers,0,0.0
12827.0,United Kingdom,Regular Customers,0,0.035
12828.0,United Kingdom,Regular Customers,0,0.2
12829.0,United Kingdom,At-Risk Customers,1,1.0
12830.0,United Kingdom,Regular Customers,0,0.135
12831.0,United Kingdom,At-Risk Customers,1,1.0
12832.0,United Kingdom,Regular Customers,0,0.055
12833.0,United Kingdom,Regular Customers,1,0.89
12834.0,United Kingdom,At-Risk Customers,1,1.0
12835.0,United Kingdom,At-Risk Customers,1,0.815
12836.0,United Kingdom,Regular Customers,0,0.07
12837.0,United Kingdom,Regular Customers,1,0.785
12838.0,United Kingdom,Regular Customers,0,0.04
12839.0,United Kingdom,Regular Customers,0,0.015
12840.0,United Kingdom,Regular Customers,0,0.47
12841.0,United Kingdom,Regular Customers,0,0.025
12842.0,United Kingdom,Regular Customers,0,0.05
12843.0,United Kingdom,Regular Customers,0,0.06
12844.0,United Kingdom,Regular Customers,0,0.05
12845.0,United Kingdom,At-Risk Customers,1,0.955
12846.0,United Kingdom,At-Risk Customers,1,1.0
12847.0,United Kingdom,Regular Customers,0,0.035
12848.0,United Kingdom,At-Risk Customers,1,1.0
12849.0,United Kingdom,Regular Customers,0,0.04
12850.0,United Kingdom,At-Risk Customers,1,0.99
12851.0,United Kingdom,Regular Customers,1,0.64
12852.0,United Kingdom,At-Risk Customers,1,1.0
12853.0,United Kingdom,Regular Customers,1,0.69
12854.0,United Kingdom,Regular Customers,0,0.09
12855.0,United Kingdom,At-Risk Customers,1,0.995
12856.0,United Kingdom,Regular Customers,0,0.03
12857.0,United Kingdom,Regular Customers,1,0.795
12858.0,United Kingdom,At-Risk Customers,1,0.995
12859.0,United Kingdom,At-Risk Customers,1,1.0
12860.0,United Kingdom,At-Risk Customers,1,1.0
12861.0,United Kingdom,At-Risk Customers,1,1.0
12862.0,United Kingdom,At-Risk Customers,1,0.985
12863.0,United Kingdom,Regular Customers,0,0.2
12864.0,United Kingdom,Regular Customers,1,0.86
12865.0,Austria,Regular Customers,0,0.135
12866.0,Belgium,At-Risk Customers,1,1.0
12867.0,United Kingdom,Regular Customers,0,0.02
12868.0,United Kingdom,Regular Customers,1,0.81
12869.0,United Kingdom,At-Risk Customers,1,0.99
12870.0,United Kingdom,At-Risk Customers,1,0.99
12871.0,United Kingdom,Regular Customers,0,0.055
12872.0,United Kingdom,At-Risk Customers,1,0.86
12873.0,United Kingdom,At-Risk Customers,1,0.99
12874.0,Belgium,At-Risk Customers,1,1.0
12875.0,United Kingdom,Regular Customers,1,0.75
12876.0,Belgium,Regular Customers,0,0.045
12877.0,United Kingdom,Regular Customers,0,0.045
12878.0,United Kingdom,Regular Customers,1,0.94
12879.0,United Kingdom,Regular Customers,0,0.095
12880.0,United Kingdom,At-Risk Customers,1,0.995
12881.0,United Kingdom,At-Risk Customers,1,0.995
12882.0,United Kingdom,Regular Customers,0,0.09
12883.0,United Kingdom,Regular Customers,0,0.055
12884.0,United Kingdom,Regular Customers,0,0.045
12885.0,United Kingdom,Regular Customers,1,0.595
12886.0,United Kingdom,Regular Customers,0,0.235
12887.0,United Kingdom,At-Risk Customers,1,1.0
12888.0,United Kingdom,Regular Customers,1,0.885
12889.0,United Kingdom,At-Risk Customers,1,1.0
12890.0,United Kingdom,Regular Customers,0,0.03
12891.0,United Kingdom,Regular Customers,1,0.85
12892.0,United Kingdom,At-Risk Customers,1,0.99
12893.0,United Kingdom,Regular Customers,0,0.02
12894.0,United Kingdom,At-Risk Customers,1,1.0
12895.0,United Kingdom,Regular Customers,0,0.0775
12897.0,United Kingdom,Regular Customers,1,0.685
12898.0,United Kingdom,At-Risk Customers,1,1.0
12899.0,United Kingdom,At-Risk Customers,1,0.995
12900.0,United Kingdom,At-Risk Customers,1,0.995
12901.0,United Kingdom,Regular Customers,0,0.105
12902.0,United Kingdom,At-Risk Customers,1,1.0
12903.0,United Kingdom,At-Risk Customers,1,0.99
12904.0,United Kingdom,Regular Customers,0,0.05
12905.0,United Kingdom,At-Risk Customers,1,0.99
12906.0,United Kingdom,Regular Customers,0,0.025
12907.0,United Kingdom,At-Risk Customers,1,0.99
12908.0,United Kingdom,Regular Customers,1,0.55
12909.0,United Kingdom,Regular Customers,0,0.1
12910.0,United Kingdom,Regular Customers,0,0.125
12911.0,United Kingdom,At-Risk Customers,1,0.965
12912.0,United Kingdom,Regular Customers,0,0.015
12913.0,United Kingdom,Regular Customers,0,0.075
12914.0,United Kingdom,At-Risk Customers,1,0.995
12915.0,United Kingdom,Regular Customers,1,0.8
12916.0,United Kingdom,Regular Customers,1,0.72
12917.0,United Kingdom,Regular Customers,1,0.775
12918.0,United Kingdom,At-Risk Customers,1,0.995
12919.0,United Kingdom,Regular Customers,0,0.045
12920.0,United Kingdom,Regular Customers,0,0.025
12921.0,United Kingdom,Loyal Customers,0,0.0
12922.0,United Kingdom,Regular Customers,1,0.96
12923.0,United Kingdom,Regular Customers,0,0.055
12924.0,United Kingdom,Regular Customers,0,0.03
12925.0,United Kingdom,Regular Customers,0,0.155
12926.0,United Kingdom,At-Risk Customers,1,0.98
12927.0,United Kingdom,At-Risk Customers,1,0.99
12928.0,United Kingdom,Regular Customers,0,0.02
12929.0,United Kingdom,At-Risk Customers,1,1.0
12930.0,United Kingdom,Regular Customers,0,0.21
12931.0,United Kingdom,Loyal Customers,0,0.005
12932.0,United Kingdom,At-Risk Customers,1,0.96
12933.0,United Kingdom,Regular Customers,0,0.05
12934.0,United Kingdom,At-Risk Customers,1,1.0
12935.0,United Kingdom,Regular Customers,0,0.0
12936.0,United Kingdom,Regular Customers,0,0.06
12937.0,United Kingdom,Regular Customers,0,0.01
12938.0,United Kingdom,Regular Customers,0,0.005
12939.0,United Kingdom,Regular Customers,0,0.1
12940.0,United Kingdom,Regular Customers,0,0.05
12941.0,United Kingdom,At-Risk Customers,1,1.0
12942.0,United Kingdom,Regular Customers,1,0.85
12943.0,United Kingdom,At-Risk Customers,1,0.995
12944.0,United Kingdom,Regular Customers,0,0.04
12945.0,United Kingdom,At-Risk Customers,1,0.995
12946.0,United Kingdom,At-Risk Customers,1,1.0
12947.0,United Kingdom,Regular Customers,1,0.57
12948.0,United Kingdom,Regular Customers,0,0.06
12949.0,United Kingdom,Regular Customers,0,0.02
12950.0,United Kingdom,Regular Customers,0,0.165
12951.0,United Kingdom,Regular Customers,0,0.005
12952.0,United Kingdom,Regular Customers,0,0.09
12953.0,United Kingdom,Regular Customers,0,0.135
12954.0,United Kingdom,At-Risk Customers,1,1.0
12955.0,United Kingdom,Regular Customers,0,0.03
12956.0,United Kingdom,At-Risk Customers,1,1.0
12957.0,United Kingdom,Regular Customers,0,0.025
12958.0,United Kingdom,At-Risk Customers,1,0.99
12959.0,United Kingdom,At-Risk Customers,1,1.0
12960.0,United Kingdom,At-Risk Customers,1,1.0
12961.0,United Kingdom,At-Risk Customers,1,0.99
12962.0,United Kingdom,Regular Customers,0,0.155
12963.0,United Kingdom,Regular Customers,0,0.0
12964.0,United Kingdom,At-Risk Customers,1,0.995
12965.0,United Kingdom,Regular Customers,0,0.045
12966.0,United Kingdom,Regular Customers,0,0.035
12967.0,United Kingdom,At-Risk Customers,1,0.995
12968.0,United Kingdom,Regular Customers,1,0.98
12969.0,United Kingdom,At-Risk Customers,1,1.0
12970.0,United Kingdom,Regular Customers,0,0.105
12971.0,United Kingdom,Loyal Customers,0,0.02
12972.0,United Kingdom,At-Risk Customers,1,0.995
12973.0,United Kingdom,At-Risk Customers,1,0.995
12974.0,United Kingdom,Regular Customers,1,0.9
12975.0,United Kingdom,At-Risk Customers,1,0.96
12976.0,United Kingdom,Regular Customers,1,0.75
12977.0,United Kingdom,Regular Customers,1,0.885
12978.0,United Kingdom,At-Risk Customers,1,0.985
12979.0,United Arab Emirates,At-Risk Customers,1,0.995
12980.0,United Kingdom,Regular Customers,1,0.67
12981.0,United Kingdom,Regular Customers,0,0.245
12982.0,United Kingdom,Regular Customers,1,0.675
12983.0,United Kingdom,At-Risk Customers,1,1.0
12984.0,United Kingdom,Regular Customers,0,0.025
12985.0,United Kingdom,Regular Customers,0,0.055
12986.0,United Kingdom,At-Risk Customers,1,0.97
12987.0,United Kingdom,Regular Customers,0,0.11
12988.0,United Kingdom,At-Risk Customers,1,0.985
12989.0,United Kingdom,Regular Customers,0,0.02
12990.0,United Kingdom,Regular Customers,0,0.05
12991.0,United Kingdom,Regular Customers,0,0.01
12992.0,United Kingdom,At-Risk Customers,1,1.0
12993.0,United Kingdom,Regular Customers,0,0.045
12994.0,United Kingdom,Regular Customers,0,0.49
12995.0,United Kingdom,Regular Customers,0,0.02
12996.0,United Kingdom,At-Risk Customers,1,1.0
12997.0,United Kingdom,Regular Customers,0,0.195
12998.0,United Kingdom,At-Risk Customers,1,0.995
12999.0,United Kingdom,Regular Customers,1,0.83
13000.0,United Kingdom,Regular Customers,1,0.805
13001.0,United Kingdom,Regular Customers,0,0.01
13002.0,United Kingdom,At-Risk Customers,1,0.99
13003.0,United Kingdom,Regular Customers,1,0.73
13004.0,United Kingdom,Regular Customers,0,0.0
13005.0,United Kingdom,Regular Customers,1,0.65
13006.0,United Kingdom,Regular Customers,0,0.015
13007.0,United Kingdom,At-Risk Customers,1,1.0
13008.0,United Kingdom,At-Risk Customers,1,1.0
13009.0,United Kingdom,At-Risk Customers,1,1.0
13010.0,United Kingdom,At-Risk Customers,1,0.985
13011.0,United Kingdom,At-Risk Customers,1,1.0
13012.0,United Kingdom,Regular Customers,0,0.01
13013.0,United Kingdom,Regular Customers,0,0.02
13014.0,United Kingdom,Regular Customers,0,0.065
13015.0,United Kingdom,Regular Customers,0,0.015
13016.0,United Kingdom,Regular Customers,0,0.175
13017.0,United Kingdom,Regular Customers,0,0.07
13018.0,United Kingdom,Regular Customers,0,0.005
13019.0,United Kingdom,At-Risk Customers,1,0.99
13020.0,United Kingdom,At-Risk Customers,1,0.99
13021.0,United Kingdom,Regular Customers,0,0.01
13022.0,Belgium,At-Risk Customers,1,1.0
13023.0,United Kingdom,Regular Customers,0,0.2
13024.0,United Kingdom,At-Risk Customers,1,0.99
13025.0,United Kingdom,At-Risk Customers,1,1.0
13026.0,United Kingdom,Regular Customers,0,0.12
13027.0,United Kingdom,Regular Customers,1,0.705
13028.0,United Kingdom,Regular Customers,0,0.035
13029.0,United Kingdom,Regular Customers,0,0.18
13030.0,United Kingdom,Regular Customers,0,0.105
13031.0,United Kingdom,At-Risk Customers,1,0.985
13032.0,United Kingdom,Regular Customers,0,0.025
13033.0,United Kingdom,At-Risk Customers,1,1.0
13034.0,United Kingdom,Regular Customers,0,0.035
13035.0,United Kingdom,Regular Customers,0,0.165
13036.0,United Kingdom,At-Risk Customers,1,1.0
13037.0,United Kingdom,Regular Customers,0,0.25
13038.0,United Kingdom,Regular Customers,0,0.195
13039.0,United Kingdom,At-Risk Customers,1,0.985
13040.0,United Kingdom,Regular Customers,0,0.085
13041.0,United Kingdom,At-Risk Customers,1,0.985
13042.0,United Kingdom,At-Risk Customers,1,0.995
13043.0,United Kingdom,At-Risk Customers,1,1.0
13044.0,United Kingdom,At-Risk Customers,1,0.945
13045.0,United Kingdom,Regular Customers,0,0.125
13046.0,United Kingdom,Regular Customers,0,0.09
13047.0,United Kingdom,Regular Customers,0,0.02
13048.0,United Kingdom,Regular Customers,0,0.02
13049.0,United Kingdom,Regular Customers,0,0.065
13050.0,United Kingdom,Regular Customers,0,0.0
13051.0,United Kingdom,At-Risk Customers,1,0.995
13052.0,United Kingdom,Regular Customers,1,0.825
13053.0,United Kingdom,At-Risk Customers,1,1.0
13055.0,United Kingdom,Regular Customers,0,0.075
13056.0,United Kingdom,At-Risk Customers,1,1.0
13057.0,United Kingdom,At-Risk Customers,1,0.985
13058.0,United Kingdom,Regular Customers,0,0.05
13059.0,United Kingdom,Regular Customers,1,0.745
13060.0,United Kingdom,At-Risk Customers,1,1.0
13061.0,United Kingdom,Regular Customers,0,0.03
13062.0,United Kingdom,Regular Customers,1,0.98
13063.0,United Kingdom,At-Risk Customers,1,0.995
13064.0,United Kingdom,Regular Customers,0,0.18
13065.0,United Kingdom,At-Risk Customers,1,0.99
13066.0,United Kingdom,Regular Customers,0,0.05
13067.0,United Kingdom,Regular Customers,0,0.12
13068.0,United Kingdom,Regular Customers,0,0.43575
13069.0,United Kingdom,Regular Customers,0,0.105
13070.0,United Kingdom,Regular Customers,1,0.875
13071.0,United Kingdom,At-Risk Customers,1,1.0
13072.0,United Kingdom,At-Risk Customers,1,0.995
13073.0,United Kingdom,At-Risk Customers,1,1.0
13074.0,United Kingdom,At-Risk Customers,1,1.0
13075.0,United Kingdom,Regular Customers,1,0.94
13076.0,United Kingdom,At-Risk Customers,1,0.99
13077.0,United Kingdom,Regular Customers,0,0.035
13078.0,United Kingdom,Regular Customers,0,0.005
13079.0,United Kingdom,Regular Customers,0,0.135
13080.0,United Kingdom,Regular Customers,1,0.85
13081.0,United Kingdom,Regular Customers,0,0.02
13082.0,United Kingdom,Regular Customers,1,0.695
13083.0,United Kingdom,Regular Customers,0,0.085
13084.0,United Kingdom,At-Risk Customers,1,0.995
13085.0,United Kingdom,Regular Customers,0,0.35
13086.0,United Kingdom,At-Risk Customers,1,0.99
13087.0,United Kingdom,At-Risk Customers,1,1.0
13088.0,United Kingdom,At-Risk Customers,1,0.99
13089.0,United Kingdom,Loyal Customers,0,0.01
13090.0,United Kingdom,Regular Customers,0,0.085
13091.0,United Kingdom,Regular Customers,0,0.5
13092.0,United Kingdom,Regular Customers,0,0.125
13093.0,United Kingdom,Loyal Customers,0,0.02
13094.0,United Kingdom,Regular Customers,0,0.09
13095.0,United Kingdom,Regular Customers,0,0.04
13096.0,United Kingdom,At-Risk Customers,1,0.995
13097.0,United Kingdom,Regular Customers,0,0.04
13098.0,United Kingdom,Regular Customers,0,0.035
13099.0,United Kingdom,Regular Customers,0,0.1
13101.0,United Kingdom,Regular Customers,1,0.84
13102.0,United Kingdom,Regular Customers,0,0.0
13103.0,United Kingdom,Regular Customers,0,0.055
13104.0,United Kingdom,Regular Customers,0,0.055
13105.0,United Kingdom,At-Risk Customers,1,1.0
13106.0,United Kingdom,Regular Customers,1,0.72
13107.0,United Kingdom,Regular Customers,0,0.095
13108.0,United Kingdom,At-Risk Customers,1,1.0
13109.0,United Kingdom,Regular Customers,0,0.25
13110.0,United Kingdom,Regular Customers,0,0.065
13111.0,United Kingdom,At-Risk Customers,1,0.995
13112.0,United Kingdom,At-Risk Customers,1,0.995
13113.0,United Kingdom,Regular Customers,0,0.04
13114.0,United Kingdom,At-Risk Customers,1,1.0
13115.0,United Kingdom,Regular Customers,0,0.1
13116.0,United Kingdom,Regular Customers,1,0.975
13117.0,United Kingdom,Regular Customers,0,0.085
13118.0,United Kingdom,Regular Customers,0,0.04
13119.0,United Kingdom,At-Risk Customers,1,1.0
13120.0,United Kingdom,Regular Customers,1,0.855
13121.0,United Kingdom,At-Risk Customers,1,0.995
13122.0,United Kingdom,Regular Customers,1,0.915
13123.0,United Kingdom,At-Risk Customers,1,1.0
13124.0,United Kingdom,Regular Customers,0,0.045
13125.0,United Kingdom,At-Risk Customers,1,1.0
13126.0,United Kingdom,Regular Customers,0,0.01
13127.0,United Kingdom,Regular Customers,0,0.035
13128.0,United Kingdom,At-Risk Customers,1,1.0
13129.0,United Kingdom,At-Risk Customers,1,0.995
13130.0,United Kingdom,Regular Customers,1,0.675
13131.0,United Kingdom,Regular Customers,0,0.025
13132.0,United Kingdom,At-Risk Customers,1,1.0
13133.0,United Kingdom,At-Risk Customers,1,0.98
13134.0,United Kingdom,Regular Customers,0,0.13
13135.0,United Kingdom,Regular Customers,1,0.835
13136.0,United Kingdom,Regular Customers,0,0.01
13137.0,United Kingdom,Regular Customers,0,0.0
13138.0,United Kingdom,Regular Customers,0,0.05
13139.0,United Kingdom,Regular Customers,0,0.195
13140.0,United Kingdom,Regular Customers,1,0.845
13141.0,United Kingdom,Regular Customers,0,0.005
13142.0,United Kingdom,Regular Customers,0,0.005
13143.0,United Kingdom,At-Risk Customers,1,1.0
13144.0,United Kingdom,At-Risk Customers,1,0.98
13145.0,United Kingdom,Regular Customers,0,0.1
13146.0,United Kingdom,Regular Customers,0,0.005
13147.0,United Kingdom,Regular Customers,0,0.21166666666666667
13148.0,United Kingdom,Regular Customers,0,0.005
13149.0,United Kingdom,Regular Customers,0,0.155
13150.0,United Kingdom,At-Risk Customers,1,1.0
13151.0,United Kingdom,At-Risk Customers,1,0.985
13152.0,United Kingdom,At-Risk Customers,1,0.965
13153.0,United Kingdom,Regular Customers,0,0.08
13154.0,United Kingdom,At-Risk Customers,1,0.99
13155.0,United Kingdom,Regular Customers,0,0.42
13156.0,United Kingdom,At-Risk Customers,1,0.985
13157.0,United Kingdom,Regular Customers,0,0.05
13158.0,United Kingdom,Regular Customers,1,0.7
13159.0,United Kingdom,Regular Customers,0,0.185
13160.0,United Kingdom,Regular Customers,0,0.0
13161.0,United Kingdom,At-Risk Customers,1,1.0
13162.0,United Kingdom,Regular Customers,1,0.67
13163.0,United Kingdom,At-Risk Customers,1,0.98
13164.0,United Kingdom,At-Risk Customers,1,0.965
13165.0,United Kingdom,Regular Customers,0,0.055
13166.0,United Kingdom,At-Risk Customers,1,0.995
13167.0,United Kingdom,Regular Customers,0,0.33
13168.0,United Kingdom,Regular Customers,0,0.44
13169.0,United Kingdom,Regular Customers,0,0.275
13170.0,United Kingdom,Regular Customers,0,0.035
13171.0,United Kingdom,Regular Customers,0,0.055
13172.0,United Kingdom,At-Risk Customers,1,1.0
13173.0,United Kingdom,Regular Customers,0,0.085
13174.0,United Kingdom,Regular Customers,0,0.045
13175.0,United Kingdom,At-Risk Customers,1,1.0
13176.0,United Kingdom,Regular Customers,0,0.015
13177.0,United Kingdom,Regular Customers,0,0.03
13178.0,United Kingdom,Regular Customers,0,0.0
13179.0,United Kingdom,At-Risk Customers,1,1.0
13180.0,United Kingdom,At-Risk Customers,1,1.0
13181.0,United Kingdom,At-Risk Customers,1,1.0
13182.0,United Kingdom,Regular Customers,0,0.04
13183.0,United Kingdom,Regular Customers,0,0.06
13184.0,United Kingdom,Regular Customers,0,0.09
13185.0,United Kingdom,At-Risk Customers,1,1.0
13186.0,United Kingdom,Regular Customers,0,0.325
13187.0,United Kingdom,At-Risk Customers,1,0.985
13188.0,United Kingdom,Regular Customers,0,0.075
13189.0,United Kingdom,Regular Customers,0,0.235
13190.0,United Kingdom,At-Risk Customers,1,1.0
13191.0,United Kingdom,At-Risk Customers,1,0.995
13192.0,United Kingdom,Regular Customers,1,0.85
13193.0,United Kingdom,Regular Customers,0,0.095
13194.0,United Kingdom,Regular Customers,1,0.745
13195.0,United Kingdom,At-Risk Customers,1,1.0
13196.0,United Kingdom,Regular Customers,0,0.005
13197.0,United Kingdom,At-Risk Customers,1,0.995
13198.0,United Kingdom,Regular Customers,0,0.015
13199.0,United Kingdom,Regular Customers,0,0.04
13200.0,United Kingdom,Regular Customers,0,0.03
13201.0,United Kingdom,At-Risk Customers,1,0.985
13202.0,United Kingdom,At-Risk Customers,1,0.965
13203.0,United Kingdom,Regular Customers,0,0.015
13204.0,United Kingdom,At-Risk Customers,1,1.0
13205.0,United Kingdom,At-Risk Customers,1,0.995
13206.0,United Kingdom,At-Risk Customers,1,0.895
13207.0,United Kingdom,Regular Customers,0,0.225
13208.0,United Kingdom,Regular Customers,0,0.1
13209.0,United Kingdom,Regular Customers,0,0.07
13210.0,United Kingdom,Regular Customers,1,0.685
13211.0,United Kingdom,Regular Customers,0,0.015
13212.0,United Kingdom,Regular Customers,0,0.025
13213.0,United Kingdom,Regular Customers,0,0.005
13214.0,United Kingdom,At-Risk Customers,1,0.95
13215.0,United Kingdom,At-Risk Customers,1,0.995
13216.0,United Kingdom,At-Risk Customers,1,1.0
13217.0,United Kingdom,Regular Customers,1,0.9
13218.0,United Kingdom,Regular Customers,1,0.965
13219.0,United Kingdom,At-Risk Customers,1,1.0
13220.0,United Kingdom,Regular Customers,0,0.29
13221.0,United Kingdom,Regular Customers,1,0.765
13222.0,United Kingdom,At-Risk Customers,1,1.0
13223.0,United Kingdom,Regular Customers,1,0.94
13224.0,United Kingdom,Regular Customers,0,0.06
13225.0,United Kingdom,Regular Customers,0,0.115
13226.0,United Kingdom,At-Risk Customers,1,1.0
13227.0,United Kingdom,Regular Customers,1,0.985
13228.0,United Kingdom,Regular Customers,0,0.055
13229.0,United Kingdom,Regular Customers,1,0.975
13230.0,United Kingdom,Regular Customers,0,0.04
13232.0,United Kingdom,Regular Customers,0,0.215
13233.0,United Kingdom,Regular Customers,0,0.095
13234.0,United Kingdom,At-Risk Customers,1,0.995
13235.0,United Kingdom,Regular Customers,1,0.94
13236.0,United Kingdom,Regular Customers,1,0.705
13237.0,United Kingdom,At-Risk Customers,1,0.995
13238.0,United Kingdom,Regular Customers,0,0.04
13239.0,United Kingdom,Regular Customers,1,0.76
13240.0,United Kingdom,Regular Customers,1,0.705
13241.0,United Kingdom,At-Risk Customers,1,0.995
13242.0,United Kingdom,Regular Customers,1,0.79
13243.0,United Kingdom,Regular Customers,1,0.76
13244.0,United Kingdom,Regular Customers,1,0.735
13245.0,United Kingdom,Regular Customers,0,0.025
13246.0,United Kingdom,Regular Customers,0,0.02
13247.0,United Kingdom,Regular Customers,0,0.07
13248.0,United Kingdom,Regular Customers,1,0.91
13249.0,United Kingdom,Regular Customers,0,0.22
13250.0,United Kingdom,At-Risk Customers,1,0.98
13251.0,United Kingdom,At-Risk Customers,1,0.99
13252.0,United Kingdom,At-Risk Customers,1,0.99
13253.0,United Kingdom,Regular Customers,1,0.83
13254.0,United Kingdom,At-Risk Customers,1,1.0
13255.0,United Kingdom,Regular Customers,0,0.32
13257.0,United Kingdom,At-Risk Customers,1,0.995
13258.0,United Kingdom,Regular Customers,0,0.08
13259.0,United Kingdom,Regular Customers,0,0.175
13260.0,United Kingdom,Regular Customers,0,0.095
13261.0,United Kingdom,At-Risk Customers,1,0.99
13262.0,United Kingdom,At-Risk Customers,1,0.995
13263.0,United Kingdom,Regular Customers,0,0.045
13264.0,United Kingdom,At-Risk Customers,1,1.0
13265.0,United Kingdom,Regular Customers,0,0.06
13266.0,United Kingdom,Regular Customers,0,0.035
13267.0,United Kingdom,Regular Customers,0,0.005
13268.0,United Kingdom,Regular Customers,0,0.065
13269.0,United Kingdom,Regular Customers,0,0.01
13270.0,United Kingdom,At-Risk Customers,1,1.0
13271.0,United Kingdom,Regular Customers,0,0.015
13272.0,United Kingdom,Regular Customers,0,0.035
13273.0,United Kingdom,Regular Customers,1,0.995
13274.0,United Kingdom,At-Risk Customers,1,1.0
13275.0,United Kingdom,At-Risk Customers,1,0.995
13276.0,United Kingdom,Regular Customers,0,0.11
13277.0,United Kingdom,Regular Customers,0,0.205
13278.0,United Kingdom,Regular Customers,0,0.02
13279.0,United Kingdom,Regular Customers,0,0.015
13280.0,United Kingdom,Regular Customers,1,0.7
13281.0,United Kingdom,At-Risk Customers,1,0.985
13282.0,United Kingdom,Regular Customers,0,0.155
13283.0,United Kingdom,Regular Customers,1,0.52
13284.0,United Kingdom,At-Risk Customers,1,1.0
13285.0,United Kingdom,Regular Customers,0,0.195
13286.0,United Kingdom,At-Risk Customers,1,1.0
13287.0,United Kingdom,At-Risk Customers,1,1.0
13288.0,United Kingdom,At-Risk Customers,1,0.945
13289.0,United Kingdom,At-Risk Customers,1,1.0
13290.0,United Kingdom,At-Risk Customers,1,1.0
13291.0,United Kingdom,Regular Customers,1,0.73
13292.0,United Kingdom,Regular Customers,0,0.22
13293.0,United Kingdom,At-Risk Customers,1,0.985
13294.0,United Kingdom,Regular Customers,1,0.895
13295.0,United Kingdom,At-Risk Customers,1,1.0
13296.0,United Kingdom,Regular Customers,1,0.805
13297.0,United Kingdom,Regular Customers,0,0.035
13298.0,United Kingdom,Regular Customers,0,0.07791666666666668
13299.0,United Kingdom,At-Risk Customers,1,0.985
13300.0,United Kingdom,Regular Customers,1,0.935
13301.0,United Kingdom,Regular Customers,1,0.9
13302.0,United Kingdom,Regular Customers,1,0.85
13303.0,United Kingdom,At-Risk Customers,1,1.0
13304.0,United Kingdom,At-Risk Customers,1,1.0
13305.0,United Kingdom,Regular Customers,0,0.005
13306.0,United Kingdom,At-Risk Customers,1,1.0
13307.0,United Kingdom,Regular Customers,1,0.925
13308.0,United Kingdom,Regular Customers,0,0.32
13309.0,United Kingdom,Regular Customers,0,0.1
13310.0,United Kingdom,Regular Customers,0,0.065
13311.0,United Kingdom,Regular Customers,0,0.31
13312.0,United Kingdom,At-Risk Customers,1,0.995
13313.0,United Kingdom,Regular Customers,0,0.01
13314.0,United Kingdom,Regular Customers,0,0.05
13315.0,United Kingdom,At-Risk Customers,1,0.995
13316.0,United Kingdom,Regular Customers,0,0.07
13317.0,United Kingdom,Regular Customers,0,0.0
13318.0,United Kingdom,Regular Customers,0,0.13
13319.0,United Kingdom,Regular Customers,0,0.005
13320.0,United Kingdom,Regular Customers,0,0.04
13321.0,United Kingdom,Regular Customers,0,0.105
13322.0,United Kingdom,Regular Customers,0,0.05
13323.0,United Kingdom,Regular Customers,0,0.08
13324.0,United Kingdom,Regular Customers,0,0.05
13325.0,United Kingdom,Regular Customers,0,0.065
13326.0,United Kingdom,At-Risk Customers,1,1.0
13327.0,United Kingdom,Regular Customers,0,0.0
13328.0,United Kingdom,At-Risk Customers,1,1.0
13329.0,United Kingdom,Regular Customers,0,0.11
13330.0,United Kingdom,Regular Customers,1,0.635
13331.0,United Kingdom,At-Risk Customers,1,0.995
13332.0,United Kingdom,Regular Customers,0,0.0
13333.0,United Kingdom,At-Risk Customers,1,0.98
13334.0,United Kingdom,Regular Customers,0,0.45
13336.0,United Kingdom,Regular Customers,0,0.035
13337.0,United Kingdom,At-Risk Customers,1,0.98
13338.0,United Kingdom,Regular Customers,1,0.74
13339.0,United Kingdom,Regular Customers,1,0.815
13340.0,United Kingdom,Regular Customers,0,0.14
13341.0,United Kingdom,At-Risk Customers,1,1.0
13343.0,United Kingdom,Regular Customers,1,0.995
13344.0,United Kingdom,Regular Customers,1,0.75
13345.0,United Kingdom,At-Risk Customers,1,1.0
13346.0,United Kingdom,At-Risk Customers,1,0.975
13347.0,United Kingdom,Regular Customers,0,0.025
13348.0,United Kingdom,Regular Customers,0,0.045
13349.0,United Kingdom,Regular Customers,0,0.01
13350.0,United Kingdom,Regular Customers,0,0.045
13351.0,United Kingdom,Regular Customers,0,0.04
13352.0,United Kingdom,Regular Customers,0,0.065
13354.0,United Kingdom,Regular Customers,0,0.035
13355.0,United Kingdom,Regular Customers,1,0.98
13356.0,United Kingdom,Regular Customers,0,0.06
13357.0,United Kingdom,Regular Customers,1,0.86
13358.0,United Kingdom,At-Risk Customers,1,1.0
13359.0,United Kingdom,Regular Customers,0,0.03
13360.0,United Kingdom,At-Risk Customers,1,1.0
13361.0,United Kingdom,At-Risk Customers,1,0.99
13362.0,United Kingdom,Regular Customers,0,0.08
13363.0,United Kingdom,Regular Customers,0,0.045
13364.0,United Kingdom,Regular Customers,0,0.025
13365.0,United Kingdom,Regular Customers,0,0.085
13366.0,United Kingdom,Regular Customers,0,0.085
13367.0,United Kingdom,At-Risk Customers,1,1.0
13368.0,United Kingdom,Regular Customers,1,0.86
13369.0,United Kingdom,At-Risk Customers,1,1.0
13370.0,United Kingdom,At-Risk Customers,1,0.985
13371.0,United Kingdom,At-Risk Customers,1,0.995
13372.0,United Kingdom,Regular Customers,0,0.015
13373.0,United Kingdom,Regular Customers,0,0.04
13374.0,United Kingdom,At-Risk Customers,1,0.995
13375.0,United Kingdom,Regular Customers,0,0.045
13376.0,United Kingdom,Regular Customers,1,0.785
13377.0,United Kingdom,At-Risk Customers,1,0.99
13379.0,United Kingdom,Regular Customers,0,0.05
13380.0,United Kingdom,At-Risk Customers,1,0.995
13381.0,United Kingdom,Regular Customers,0,0.005
13382.0,United Kingdom,At-Risk Customers,1,0.965
13383.0,United Kingdom,At-Risk Customers,1,0.99
13384.0,United Kingdom,Regular Customers,0,0.04
13385.0,United Kingdom,At-Risk Customers,1,1.0
13386.0,United Kingdom,At-Risk Customers,1,1.0
13387.0,United Kingdom,At-Risk Customers,1,0.97
13388.0,United Kingdom,Regular Customers,1,0.8
13389.0,United Kingdom,Regular Customers,0,0.05
13390.0,United Kingdom,Regular Customers,0,0.275
13391.0,United Kingdom,Regular Customers,1,0.975
13392.0,United Kingdom,At-Risk Customers,1,1.0
13393.0,United Kingdom,At-Risk Customers,1,0.98
13394.0,United Kingdom,Regular Customers,0,0.0
13395.0,United Kingdom,Regular Customers,1,0.65
13396.0,United Kingdom,Regular Customers,0,0.05
13397.0,United Kingdom,Regular Customers,0,0.045
13398.0,United Kingdom,Regular Customers,1,0.925
13399.0,United Kingdom,At-Risk Customers,1,0.98
13400.0,United Kingdom,At-Risk Customers,1,1.0
13402.0,United Kingdom,Regular Customers,1,0.855
13403.0,United Kingdom,Regular Customers,0,0.08
13404.0,United Kingdom,Regular Customers,0,0.29
13405.0,United Kingdom,Regular Customers,0,0.26
13406.0,United Kingdom,At-Risk Customers,1,1.0
13407.0,United Kingdom,At-Risk Customers,1,0.985
13408.0,United Kingdom,Loyal Customers,0,0.0
13410.0,United Kingdom,Regular Customers,0,0.045
13411.0,United Kingdom,Regular Customers,1,0.94
13412.0,United Kingdom,At-Risk Customers,1,1.0
13413.0,United Kingdom,At-Risk Customers,1,0.99
13414.0,United Kingdom,Regular Customers,1,0.85
13415.0,United Kingdom,At-Risk Customers,1,0.99
13416.0,United Kingdom,Regular Customers,0,0.03
13417.0,United Kingdom,Regular Customers,0,0.16
13418.0,United Kingdom,Regular Customers,0,0.005
13419.0,United Kingdom,Regular Customers,0,0.01
13420.0,United Kingdom,Regular Customers,1,0.9
13421.0,United Kingdom,Regular Customers,0,0.225
13422.0,United Kingdom,Regular Customers,0,0.055
13423.0,United Kingdom,At-Risk Customers,1,0.995
13424.0,United Kingdom,At-Risk Customers,1,0.985
13425.0,United Kingdom,Regular Customers,1,0.805
13426.0,United Kingdom,Regular Customers,0,0.015
13427.0,United Kingdom,Regular Customers,0,0.49
13428.0,United Kingdom,Regular Customers,0,0.01
13429.0,United Kingdom,Regular Customers,0,0.055
13430.0,United Kingdom,Regular Customers,0,0.015
13431.0,United Kingdom,Regular Customers,0,0.01
13432.0,United Kingdom,At-Risk Customers,1,0.99
13433.0,United Kingdom,At-Risk Customers,1,0.99
13434.0,United Kingdom,Regular Customers,0,0.035
13435.0,United Kingdom,Regular Customers,0,0.09
13436.0,United Kingdom,Regular Customers,0,0.065
13437.0,United Kingdom,Regular Customers,0,0.12
13438.0,United Kingdom,At-Risk Customers,1,1.0
13439.0,United Kingdom,Regular Customers,1,0.68
13440.0,United Kingdom,At-Risk Customers,1,0.975
13441.0,United Kingdom,Regular Customers,1,0.655
13442.0,United Kingdom,At-Risk Customers,1,1.0
13443.0,United Kingdom,At-Risk Customers,1,0.97
13444.0,United Kingdom,At-Risk Customers,1,0.995
13445.0,United Kingdom,At-Risk Customers,1,1.0
13446.0,United Kingdom,At-Risk Customers,1,0.97
13447.0,United Kingdom,Regular Customers,0,0.115
13448.0,United Kingdom,Regular Customers,0,0.025
13449.0,United Kingdom,Regular Customers,0,0.005
13450.0,United Kingdom,Regular Customers,0,0.07
13451.0,United Kingdom,Regular Customers,0,0.1
13452.0,United Kingdom,At-Risk Customers,1,0.975
13453.0,United Kingdom,Regular Customers,1,0.685
13454.0,United Kingdom,At-Risk Customers,1,1.0
13455.0,United Kingdom,Regular Customers,0,0.105
13456.0,United Kingdom,Regular Customers,0,0.04
13457.0,United Kingdom,At-Risk Customers,1,1.0
13458.0,United Kingdom,Regular Customers,0,0.0
13459.0,United Kingdom,At-Risk Customers,1,1.0
13460.0,United Kingdom,Regular Customers,0,0.095
13461.0,United Kingdom,Regular Customers,0,0.17
13462.0,United Kingdom,Regular Customers,1,0.715
13464.0,United Kingdom,Regular Customers,0,0.04
13465.0,United Kingdom,At-Risk Customers,1,1.0
13466.0,United Kingdom,Regular Customers,1,0.86
13467.0,United Kingdom,Regular Customers,0,0.025
13468.0,United Kingdom,Loyal Customers,0,0.075
13469.0,United Kingdom,At-Risk Customers,1,0.995
13470.0,United Kingdom,Regular Customers,1,0.84
13471.0,United Kingdom,Regular Customers,1,0.59
13472.0,United Kingdom,At-Risk Customers,1,0.995
13473.0,United Kingdom,Regular Customers,0,0.2
13474.0,United Kingdom,Regular Customers,0,0.345
13475.0,United Kingdom,Regular Customers,1,0.81
13476.0,United Kingdom,Regular Customers,1,0.545
13477.0,United Kingdom,Regular Customers,0,0.005
13478.0,United Kingdom,At-Risk Customers,1,0.98
13479.0,United Kingdom,Regular Customers,1,0.67
13480.0,United Kingdom,At-Risk Customers,1,0.995
13481.0,United Kingdom,Regular Customers,0,0.165
13482.0,United Kingdom,Regular Customers,1,0.86
13483.0,United Kingdom,Regular Customers,0,0.015
13484.0,United Kingdom,Regular Customers,0,0.17
13485.0,United Kingdom,Regular Customers,0,0.155
13486.0,United Kingdom,Regular Customers,0,0.235
13487.0,United Kingdom,Regular Customers,0,0.135
13488.0,United Kingdom,Regular Customers,0,0.07
13489.0,United Kingdom,Regular Customers,1,0.81
13490.0,United Kingdom,At-Risk Customers,1,1.0
13491.0,United Kingdom,Regular Customers,0,0.02
13492.0,Switzerland,Regular Customers,1,0.925
13493.0,Switzerland,At-Risk Customers,1,0.975
13494.0,United Kingdom,At-Risk Customers,1,1.0
13495.0,United Kingdom,Regular Customers,0,0.065
13496.0,United Kingdom,Regular Customers,0,0.12
13497.0,United Kingdom,At-Risk Customers,1,0.975
13498.0,United Kingdom,At-Risk Customers,1,1.0
13499.0,United Kingdom,Regular Customers,0,0.08
13500.0,United Kingdom,Regular Customers,0,0.095
13501.0,Switzerland,At-Risk Customers,1,1.0
13502.0,United Kingdom,Regular Customers,0,0.075
13503.0,United Kingdom,Regular Customers,0,0.11
13504.0,United Kingdom,Regular Customers,0,0.0
13505.0,Switzerland,Regular Customers,0,0.245
13506.0,United Kingdom,At-Risk Customers,1,0.985
13507.0,United Kingdom,Regular Customers,0,0.08
13508.0,United Kingdom,Regular Customers,1,0.925
13509.0,United Kingdom,Regular Customers,0,0.4
13510.0,United Kingdom,Regular Customers,0,0.03
13511.0,United Kingdom,At-Risk Customers,1,0.995
13512.0,United Kingdom,Regular Customers,1,0.875
13513.0,United Kingdom,Regular Customers,1,0.64
13514.0,United Kingdom,Regular Customers,0,0.18
13515.0,United Kingdom,Regular Customers,0,0.035
13516.0,United Kingdom,Regular Customers,0,0.015
13517.0,United Kingdom,Regular Customers,0,0.155
13518.0,United Kingdom,Regular Customers,0,0.045
13519.0,United Kingdom,Regular Customers,0,0.04625
13520.0,Switzerland,Regular Customers,0,0.07
13521.0,United Kingdom,Regular Customers,0,0.075
13522.0,United Kingdom,Regular Customers,0,0.03
13523.0,United Kingdom,Regular Customers,0,0.04
13524.0,United Kingdom,Regular Customers,0,0.1
13525.0,United Kingdom,Regular Customers,0,0.125
13526.0,United Kingdom,At-Risk Customers,1,0.995
13527.0,United Kingdom,Regular Customers,0,0.005
13529.0,United Kingdom,Regular Customers,0,0.22
13530.0,United Kingdom,At-Risk Customers,1,1.0
13531.0,United Kingdom,Regular Customers,1,0.555
13532.0,United Kingdom,Regular Customers,0,0.015
13533.0,United Kingdom,Regular Customers,0,0.49
13534.0,United Kingdom,Regular Customers,0,0.01
13535.0,United Kingdom,At-Risk Customers,1,0.995
13536.0,United Kingdom,Regular Customers,0,0.025
13537.0,United Kingdom,At-Risk Customers,1,1.0
13538.0,United Kingdom,Regular Customers,0,0.025
13539.0,United Kingdom,Regular Customers,1,0.64
13540.0,United Kingdom,At-Risk Customers,1,0.98
13541.0,United Kingdom,At-Risk Customers,1,1.0
13542.0,United Kingdom,At-Risk Customers,1,0.95
13543.0,United Kingdom,At-Risk Customers,1,0.99
13544.0,United Kingdom,Regular Customers,0,0.09
13545.0,United Kingdom,At-Risk Customers,1,1.0
13546.0,United Kingdom,Regular Customers,0,0.03
13547.0,United Kingdom,At-Risk Customers,1,0.98
13548.0,United Kingdom,Regular Customers,1,0.705
13549.0,United Kingdom,Regular Customers,0,0.165
13550.0,United Kingdom,At-Risk Customers,1,0.995
13551.0,United Kingdom,At-Risk Customers,1,0.995
13552.0,United Kingdom,Regular Customers,0,0.015
13553.0,United Kingdom,At-Risk Customers,1,0.98
13554.0,United Kingdom,At-Risk Customers,1,0.995
13555.0,United Kingdom,Regular Customers,0,0.005
13556.0,United Kingdom,At-Risk Customers,1,0.99
13557.0,United Kingdom,Regular Customers,0,0.04
13558.0,United Kingdom,Regular Customers,0,0.05
13559.0,United Kingdom,At-Risk Customers,1,1.0
13560.0,United Kingdom,Regular Customers,0,0.105
13561.0,United Kingdom,Regular Customers,1,0.685
13562.0,United Kingdom,Regular Customers,0,0.075
13563.0,United Kingdom,Regular Customers,0,0.235
13564.0,United Kingdom,Regular Customers,1,0.67
13565.0,United Kingdom,Regular Customers,0,0.03
13566.0,United Kingdom,Regular Customers,0,0.04
13567.0,United Kingdom,At-Risk Customers,1,0.965
13568.0,United Kingdom,Regular Customers,1,0.98
13569.0,United Kingdom,Regular Customers,0,0.01
13570.0,United Kingdom,Regular Customers,1,0.87
13571.0,United Kingdom,Regular Customers,0,0.035
13572.0,United Kingdom,Regular Customers,1,0.87
13573.0,United Kingdom,Regular Customers,0,0.065
13574.0,United Kingdom,At-Risk Customers,1,1.0
13575.0,United Kingdom,Regular Customers,0,0.285
13576.0,United Kingdom,Regular Customers,0,0.025
13577.0,United Kingdom,Regular Customers,0,0.0
13578.0,United Kingdom,At-Risk Customers,1,1.0
13579.0,United Kingdom,Regular Customers,0,0.035
13580.0,United Kingdom,At-Risk Customers,1,1.0
13581.0,United Kingdom,At-Risk Customers,1,1.0
13582.0,United Kingdom,At-Risk Customers,1,0.985
13583.0,United Kingdom,Regular Customers,1,0.83
13584.0,United Kingdom,At-Risk Customers,1,0.99
13585.0,United Kingdom,At-Risk Customers,1,0.98
13586.0,United Kingdom,At-Risk Customers,1,1.0
13587.0,United Kingdom,Regular Customers,0,0.025
13588.0,United Kingdom,Regular Customers,0,0.015
13589.0,United Kingdom,Regular Customers,0,0.165
13590.0,United Kingdom,Regular Customers,0,0.015
13591.0,United Kingdom,Regular Customers,0,0.255
13592.0,United Kingdom,Regular Customers,1,0.685
13593.0,United Kingdom,Regular Customers,1,0.57
13594.0,United Kingdom,Regular Customers,0,0.05
13595.0,United Kingdom,At-Risk Customers,1,0.995
13596.0,United Kingdom,Regular Customers,0,0.075
13597.0,United Kingdom,At-Risk Customers,1,0.995
13598.0,United Kingdom,Regular Customers,0,0.19
13599.0,United Kingdom,Regular Customers,0,0.025
13600.0,United Kingdom,At-Risk Customers,1,1.0
13601.0,United Kingdom,Regular Customers,0,0.03
13602.0,United Kingdom,Regular Customers,0,0.13
13603.0,United Kingdom,Regular Customers,0,0.02
13604.0,United Kingdom,At-Risk Customers,1,1.0
13605.0,United Kingdom,At-Risk Customers,1,0.995
13606.0,United Kingdom,Regular Customers,0,0.5
13607.0,United Kingdom,Regular Customers,0,0.015
13608.0,United Kingdom,At-Risk Customers,1,1.0
13609.0,United Kingdom,At-Risk Customers,1,1.0
13610.0,United Kingdom,Regular Customers,0,0.43
13611.0,United Kingdom,Regular Customers,0,0.07
13612.0,United Kingdom,At-Risk Customers,1,0.995
13613.0,United Kingdom,At-Risk Customers,1,1.0
13614.0,United Kingdom,Regular Customers,0,0.04
13615.0,United Kingdom,At-Risk Customers,1,0.965
13616.0,United Kingdom,At-Risk Customers,1,1.0
13617.0,United Kingdom,Regular Customers,0,0.07
13618.0,United Kingdom,Regular Customers,1,0.965
13619.0,United Kingdom,At-Risk Customers,1,0.995
13620.0,United Kingdom,At-Risk Customers,1,1.0
13621.0,United Kingdom,Regular Customers,1,0.955
13622.0,United Kingdom,At-Risk Customers,1,1.0
13623.0,United Kingdom,Regular Customers,0,0.13
13624.0,United Kingdom,At-Risk Customers,1,0.995
13625.0,United Kingdom,At-Risk Customers,1,1.0
13626.0,United Kingdom,Regular Customers,1,0.69
13627.0,United Kingdom,Regular Customers,0,0.375
13628.0,United Kingdom,At-Risk Customers,1,1.0
13629.0,United Kingdom,Regular Customers,0,0.13
13630.0,United Kingdom,Regular Customers,0,0.2
13631.0,United Kingdom,Regular Customers,1,0.815
13632.0,United Kingdom,Regular Customers,0,0.16
13634.0,United Kingdom,Regular Customers,0,0.045
13635.0,United Kingdom,Regular Customers,0,0.06
13636.0,United Kingdom,Regular Customers,1,0.53
13637.0,United Kingdom,Regular Customers,0,0.165
13638.0,United Kingdom,Regular Customers,0,0.095
13639.0,United Kingdom,Regular Customers,0,0.015
13640.0,United Kingdom,At-Risk Customers,1,0.995
13641.0,United Kingdom,At-Risk Customers,1,0.98
13642.0,United Kingdom,Regular Customers,1,0.775
13643.0,United Kingdom,Regular Customers,0,0.075
13644.0,United Kingdom,Regular Customers,0,0.045
13645.0,United Kingdom,Regular Customers,1,0.995
13646.0,United Kingdom,At-Risk Customers,1,0.995
13647.0,United Kingdom,Regular Customers,0,0.145
13648.0,United Kingdom,At-Risk Customers,1,0.99
13649.0,United Kingdom,Regular Customers,1,0.805
13650.0,United Kingdom,Regular Customers,0,0.02
13651.0,United Kingdom,Regular Customers,0,0.11
13652.0,United Kingdom,Regular Customers,0,0.02
13653.0,United Kingdom,At-Risk Customers,1,1.0
13654.0,United Kingdom,Regular Customers,0,0.085
13655.0,United Kingdom,Regular Customers,1,0.86
13656.0,United Kingdom,Regular Customers,1,0.85
13657.0,United Kingdom,Regular Customers,0,0.245
13658.0,United Kingdom,Regular Customers,0,0.215
13659.0,United Kingdom,Regular Customers,1,0.66
13660.0,United Kingdom,At-Risk Customers,1,0.985
13661.0,United Kingdom,At-Risk Customers,1,0.995
13662.0,United Kingdom,Regular Customers,0,0.065
13663.0,United Kingdom,Regular Customers,1,0.69
13665.0,United Kingdom,At-Risk Customers,1,0.985
13666.0,United Kingdom,Regular Customers,0,0.17
13667.0,United Kingdom,Regular Customers,1,0.99
13668.0,United Kingdom,Regular Customers,0,0.0
13669.0,United Kingdom,Regular Customers,0,0.115
13670.0,United Kingdom,Regular Customers,0,0.04
13671.0,United Kingdom,At-Risk Customers,1,1.0
13672.0,United Kingdom,At-Risk Customers,1,1.0
13673.0,United Kingdom,Regular Customers,0,0.045
13674.0,United Kingdom,At-Risk Customers,1,1.0
13675.0,United Kingdom,Regular Customers,0,0.43
13676.0,United Kingdom,At-Risk Customers,1,0.995
13677.0,United Kingdom,At-Risk Customers,1,0.985
13678.0,United Kingdom,Regular Customers,1,0.94
13679.0,United Kingdom,At-Risk Customers,1,0.995
13680.0,United Kingdom,Regular Customers,0,0.065
13681.0,United Kingdom,Regular Customers,0,0.11
13682.0,United Kingdom,Regular Customers,1,0.95
13683.0,United Kingdom,At-Risk Customers,1,1.0
13684.0,United Kingdom,At-Risk Customers,1,0.975
13685.0,United Kingdom,Regular Customers,0,0.095
13686.0,United Kingdom,Regular Customers,1,0.71
13687.0,United Kingdom,At-Risk Customers,1,0.87
13688.0,United Kingdom,At-Risk Customers,1,1.0
13689.0,United Kingdom,Regular Customers,0,0.025
13690.0,United Kingdom,Regular Customers,0,0.035
13691.0,United Kingdom,At-Risk Customers,1,0.98
13692.0,United Kingdom,Regular Customers,0,0.06
13693.0,United Kingdom,At-Risk Customers,1,0.965
13694.0,United Kingdom,Loyal Customers,0,0.075
13695.0,United Kingdom,Regular Customers,0,0.01
13696.0,United Kingdom,At-Risk Customers,1,0.975
13697.0,United Kingdom,Regular Customers,0,0.005
13698.0,United Kingdom,At-Risk Customers,1,0.99
13699.0,United Kingdom,Regular Customers,1,0.905
13700.0,United Kingdom,Regular Customers,0,0.015
13701.0,United Kingdom,At-Risk Customers,1,0.995
13702.0,United Kingdom,At-Risk Customers,1,0.995
13703.0,United Kingdom,At-Risk Customers,1,0.99
13704.0,United Kingdom,Regular Customers,0,0.105
13705.0,United Kingdom,Regular Customers,0,0.135
13706.0,United Kingdom,At-Risk Customers,1,0.995
13707.0,United Kingdom,Regular Customers,1,0.72
13708.0,United Kingdom,At-Risk Customers,1,1.0
13709.0,United Kingdom,Regular Customers,0,0.01
13710.0,United Kingdom,Regular Customers,0,0.095
13711.0,United Kingdom,Regular Customers,0,0.25
13712.0,United Kingdom,Regular Customers,1,0.95
13713.0,United Kingdom,At-Risk Customers,1,0.985
13714.0,United Kingdom,At-Risk Customers,1,1.0
13715.0,United Kingdom,Regular Customers,1,0.57
13716.0,United Kingdom,At-Risk Customers,1,1.0
13717.0,United Kingdom,Regular Customers,0,0.16
13718.0,United Kingdom,Regular Customers,1,0.85
13719.0,United Kingdom,Regular Customers,0,0.22
13720.0,United Kingdom,Regular Customers,1,0.86
13721.0,United Kingdom,Regular Customers,0,0.165
13722.0,United Kingdom,Regular Customers,1,0.685
13723.0,United Kingdom,Regular Customers,0,0.15
13724.0,United Kingdom,At-Risk Customers,1,1.0
13725.0,United Kingdom,Regular Customers,0,0.15
13726.0,United Kingdom,Regular Customers,1,0.64
13727.0,United Kingdom,Regular Customers,0,0.35
13728.0,United Kingdom,Regular Customers,0,0.04
13729.0,United Kingdom,At-Risk Customers,1,1.0
13730.0,United Kingdom,Regular Customers,1,0.84
13731.0,United Kingdom,Regular Customers,1,0.53
13732.0,United Kingdom,Regular Customers,0,0.015
13733.0,United Kingdom,At-Risk Customers,1,0.995
13734.0,United Kingdom,At-Risk Customers,1,0.985
13735.0,United Kingdom,Regular Customers,0,0.01
13736.0,United Kingdom,Regular Customers,0,0.175
13737.0,United Kingdom,Regular Customers,1,0.95
13738.0,United Kingdom,At-Risk Customers,1,0.985
13739.0,United Kingdom,Regular Customers,0,0.12166666666666666
13740.0,United Kingdom,Regular Customers,0,0.385
13741.0,United Kingdom,Regular Customers,0,0.015
13742.0,United Kingdom,Regular Customers,0,0.02
13743.0,United Kingdom,Regular Customers,0,0.19
13744.0,United Kingdom,Regular Customers,1,0.805
13745.0,United Kingdom,Regular Customers,1,0.84
13746.0,United Kingdom,At-Risk Customers,1,0.995
13747.0,United Kingdom,At-Risk Customers,1,0.995
13748.0,United Kingdom,Regular Customers,1,0.67
13750.0,United Kingdom,Regular Customers,0,0.145
13751.0,United Kingdom,At-Risk Customers,1,1.0
13752.0,United Kingdom,Regular Customers,1,0.585
13753.0,United Kingdom,At-Risk Customers,1,0.995
13754.0,United Kingdom,Regular Customers,1,0.71
13755.0,United Kingdom,Regular Customers,0,0.04
13756.0,United Kingdom,Regular Customers,0,0.03
13757.0,United Kingdom,At-Risk Customers,1,0.995
13758.0,United Kingdom,Regular Customers,0,0.025
13759.0,United Kingdom,Regular Customers,0,0.04
13760.0,United Kingdom,Regular Customers,0,0.19
13761.0,United Kingdom,Regular Customers,0,0.385
13762.0,United Kingdom,Regular Customers,1,0.78
13763.0,United Kingdom,Regular Customers,0,0.085
13764.0,United Kingdom,Regular Customers,0,0.19
13765.0,United Kingdom,At-Risk Customers,1,0.99
13766.0,United Kingdom,At-Risk Customers,1,1.0
13767.0,United Kingdom,Loyal Customers,0,0.0
13768.0,United Kingdom,At-Risk Customers,1,0.99
13769.0,United Kingdom,Regular Customers,0,0.01
13770.0,United Kingdom,At-Risk Customers,1,0.995
13771.0,United Kingdom,Regular Customers,0,0.035
13772.0,United Kingdom,Regular Customers,0,0.045
13773.0,United Kingdom,At-Risk Customers,1,0.995
13774.0,United Kingdom,Regular Customers,0,0.005
13775.0,United Kingdom,At-Risk Customers,1,0.99
13776.0,United Kingdom,At-Risk Customers,1,0.995
13777.0,United Kingdom,Loyal Customers,0,0.0
13778.0,United Kingdom,Regular Customers,1,0.935
13779.0,United Kingdom,At-Risk Customers,1,1.0
13780.0,United Kingdom,Regular Customers,0,0.11
13781.0,United Kingdom,Regular Customers,1,0.91
13782.0,United Kingdom,Regular Customers,0,0.375
13783.0,United Kingdom,At-Risk Customers,1,0.99
13784.0,United Kingdom,Regular Customers,0,0.035
13785.0,United Kingdom,At-Risk Customers,1,0.995
13786.0,United Kingdom,At-Risk Customers,1,0.975
13787.0,United Kingdom,Regular Customers,0,0.085
13788.0,United Kingdom,At-Risk Customers,1,1.0
13789.0,United Kingdom,At-Risk Customers,1,0.995
13790.0,United Kingdom,Regular Customers,0,0.035
13791.0,United Kingdom,Regular Customers,1,0.65
13792.0,United Kingdom,Regular Customers,0,0.065
13793.0,United Kingdom,At-Risk Customers,1,0.995
13794.0,United Kingdom,At-Risk Customers,1,1.0
13795.0,United Kingdom,At-Risk Customers,1,0.995
13796.0,United Kingdom,At-Risk Customers,1,1.0
13797.0,United Kingdom,At-Risk Customers,1,0.99
13798.0,United Kingdom,Loyal Customers,0,0.0
13799.0,United Kingdom,Regular Customers,1,0.765
13800.0,United Kingdom,At-Risk Customers,1,0.995
13801.0,United Kingdom,Regular Customers,0,0.02
13802.0,United Kingdom,Regular Customers,1,0.67
13803.0,United Kingdom,Regular Customers,1,0.555
13804.0,United Kingdom,Regular Customers,0,0.015
13805.0,United Kingdom,Regular Customers,0,0.14
13806.0,United Kingdom,Regular Customers,0,0.005
13807.0,United Kingdom,At-Risk Customers,1,0.99
13808.0,United Kingdom,Regular Customers,0,0.035
13809.0,Cyprus,At-Risk Customers,1,0.985
13810.0,Germany,Regular Customers,0,0.14
13811.0,Germany,Regular Customers,0,0.43
13812.0,Germany,Regular Customers,0,0.235
13813.0,Germany,Regular Customers,0,0.02
13814.0,Germany,Regular Customers,1,0.645
13815.0,Germany,Regular Customers,0,0.08
13816.0,Germany,Regular Customers,0,0.055
13817.0,Germany,Regular Customers,0,0.045
13818.0,United Kingdom,At-Risk Customers,1,0.99
13819.0,United Kingdom,At-Risk Customers,1,0.905
13820.0,United Kingdom,At-Risk Customers,1,0.975
13821.0,United Kingdom,Regular Customers,1,0.79
13822.0,United Kingdom,Regular Customers,0,0.035
13823.0,United Kingdom,Regular Customers,0,0.035
13824.0,United Kingdom,Regular Customers,0,0.15
13825.0,United Kingdom,At-Risk Customers,1,1.0
13826.0,United Kingdom,Regular Customers,1,0.99
13827.0,United Kingdom,Regular Customers,0,0.265
13828.0,United Kingdom,Regular Customers,0,0.015
13829.0,United Kingdom,At-Risk Customers,1,1.0
13830.0,United Kingdom,At-Risk Customers,1,1.0
13831.0,United Kingdom,Regular Customers,0,0.02
13832.0,United Kingdom,Regular Customers,0,0.095
13833.0,United Kingdom,Regular Customers,1,0.855
13834.0,United Kingdom,At-Risk Customers,1,0.995
13835.0,United Kingdom,Regular Customers,0,0.28
13836.0,United Kingdom,At-Risk Customers,1,1.0
13837.0,United Kingdom,Regular Customers,1,0.94
13838.0,United Kingdom,Regular Customers,0,0.13
13839.0,United Kingdom,At-Risk Customers,1,1.0
13840.0,United Kingdom,At-Risk Customers,1,0.995
13841.0,United Kingdom,At-Risk Customers,1,1.0
13842.0,United Kingdom,Regular Customers,0,0.01
13843.0,United Kingdom,At-Risk Customers,1,0.985
13844.0,United Kingdom,Regular Customers,0,0.02
13845.0,United Kingdom,Regular Customers,0,0.01
13846.0,United Kingdom,Regular Customers,0,0.015
13847.0,United Kingdom,At-Risk Customers,1,0.995
13848.0,United Kingdom,Regular Customers,1,0.79
13849.0,United Kingdom,Regular Customers,0,0.04
13850.0,United Kingdom,Regular Customers,1,0.89
13851.0,United Kingdom,Regular Customers,1,0.675
13852.0,United Kingdom,At-Risk Customers,1,1.0
13853.0,United Kingdom,Regular Customers,0,0.13
13854.0,United Kingdom,Regular Customers,0,0.04
13855.0,United Kingdom,At-Risk Customers,1,1.0
13856.0,United Kingdom,Regular Customers,1,0.695
13857.0,United Kingdom,At-Risk Customers,1,0.99
13858.0,United Kingdom,Regular Customers,0,0.04
13859.0,United Kingdom,At-Risk Customers,1,1.0
13860.0,United Kingdom,Regular Customers,0,0.095
13861.0,United Kingdom,At-Risk Customers,1,0.995
13862.0,United Kingdom,Regular Customers,0,0.11
13863.0,United Kingdom,Regular Customers,1,0.855
13864.0,United Kingdom,At-Risk Customers,1,0.99
13865.0,United Kingdom,Regular Customers,0,0.12
13866.0,United Kingdom,Regular Customers,0,0.02
13867.0,United Kingdom,Regular Customers,0,0.12
13868.0,United Kingdom,Regular Customers,0,0.13
13869.0,United Kingdom,Regular Customers,1,0.665
13870.0,United Kingdom,Regular Customers,0,0.01
13871.0,United Kingdom,Regular Customers,0,0.025
13872.0,United Kingdom,At-Risk Customers,1,0.995
13873.0,United Kingdom,Regular Customers,1,0.685
13874.0,United Kingdom,At-Risk Customers,1,0.965
13875.0,United Kingdom,Regular Customers,0,0.0
13876.0,United Kingdom,Regular Customers,0,0.13
13877.0,United Kingdom,Regular Customers,1,0.57
13878.0,United Kingdom,Regular Customers,0,0.235
13879.0,United Kingdom,At-Risk Customers,1,1.0
13880.0,United Kingdom,Regular Customers,0,0.005
13881.0,United Kingdom,Regular Customers,0,0.01
13882.0,United Kingdom,Regular Customers,0,0.06
13883.0,United Kingdom,Regular Customers,0,0.01
13884.0,United Kingdom,Regular Customers,0,0.045
13885.0,United Kingdom,Regular Customers,1,0.715
13886.0,United Kingdom,Regular Customers,0,0.01
13887.0,United Kingdom,Regular Customers,1,0.95
13888.0,United Kingdom,Regular Customers,1,0.745
13889.0,United Kingdom,Regular Customers,1,0.75
13890.0,United Kingdom,Regular Customers,0,0.01
13891.0,United Kingdom,At-Risk Customers,1,0.995
13892.0,United Kingdom,Regular Customers,0,0.095
13893.0,United Kingdom,At-Risk Customers,1,1.0
13894.0,United Kingdom,Regular Customers,0,0.16
13895.0,United Kingdom,Regular Customers,0,0.005
13896.0,United Kingdom,At-Risk Customers,1,0.99
13897.0,United Kingdom,Regular Customers,0,0.015
13898.0,United Kingdom,At-Risk Customers,1,0.995
13899.0,United Kingdom,Regular Customers,1,0.735
13900.0,United Kingdom,Regular Customers,1,0.92
13901.0,United Kingdom,Regular Customers,0,0.005
13902.0,Denmark,At-Risk Customers,1,0.7
13903.0,United Kingdom,At-Risk Customers,1,0.985
13904.0,United Kingdom,Regular Customers,0,0.18
13905.0,United Kingdom,At-Risk Customers,1,1.0
13906.0,United Kingdom,At-Risk Customers,1,1.0
13907.0,United Kingdom,At-Risk Customers,1,0.99
13908.0,United Kingdom,Regular Customers,1,0.51
13909.0,United Kingdom,At-Risk Customers,1,0.98
13911.0,United Kingdom,Regular Customers,0,0.04
13912.0,United Kingdom,At-Risk Customers,1,0.995
13913.0,United Kingdom,At-Risk Customers,1,1.0
13914.0,United Kingdom,Regular Customers,0,0.15
13915.0,United Kingdom,At-Risk Customers,1,1.0
13916.0,United Kingdom,At-Risk Customers,1,0.99
13917.0,United Kingdom,Regular Customers,0,0.075
13918.0,United Kingdom,Regular Customers,0,0.075
13919.0,Denmark,Regular Customers,0,0.145
13920.0,United Kingdom,At-Risk Customers,1,0.98
13921.0,United Kingdom,At-Risk Customers,1,1.0
13922.0,United Kingdom,At-Risk Customers,1,0.99
13923.0,United Kingdom,Regular Customers,0,0.02
13924.0,United Kingdom,Regular Customers,0,0.04
13925.0,United Kingdom,Regular Customers,1,0.825
13926.0,United Kingdom,Regular Customers,0,0.015
13927.0,United Kingdom,Regular Customers,0,0.06
13928.0,United Kingdom,Regular Customers,0,0.23
13929.0,United Kingdom,Regular Customers,1,0.84
13930.0,United Kingdom,Regular Customers,0,0.305
13931.0,United Kingdom,Regular Customers,0,0.035
13932.0,United Kingdom,At-Risk Customers,1,1.0
13933.0,United Kingdom,Regular Customers,1,0.92
13934.0,United Kingdom,At-Risk Customers,1,0.995
13935.0,United Kingdom,At-Risk Customers,1,0.99
13936.0,United Kingdom,Regular Customers,1,0.66
13937.0,United Kingdom,Regular Customers,1,0.625
13938.0,United Kingdom,Regular Customers,0,0.085
13939.0,United Kingdom,Regular Customers,0,0.045
13940.0,United Kingdom,Regular Customers,0,0.215
13941.0,United Kingdom,Regular Customers,0,0.155
13942.0,United Kingdom,At-Risk Customers,1,0.99
13943.0,United Kingdom,At-Risk Customers,1,1.0
13944.0,United Kingdom,At-Risk Customers,1,0.995
13945.0,United Kingdom,At-Risk Customers,1,1.0
13946.0,United Kingdom,Regular Customers,0,0.15
13947.0,United Kingdom,Regular Customers,0,0.005
13948.0,United Kingdom,At-Risk Customers,1,0.985
13949.0,United Kingdom,Regular Customers,0,0.065
13950.0,United Kingdom,Regular Customers,0,0.07
13951.0,United Kingdom,Regular Customers,1,0.85
13952.0,United Kingdom,Regular Customers,1,0.67
13953.0,United Kingdom,Regular Customers,0,0.095
13954.0,United Kingdom,Regular Customers,0,0.015
13955.0,United Kingdom,Regular Customers,1,0.735
13956.0,United Kingdom,Regular Customers,0,0.48
13957.0,United Kingdom,At-Risk Customers,1,0.995
13958.0,United Kingdom,At-Risk Customers,1,0.97
13959.0,United Kingdom,Regular Customers,0,0.025
13960.0,United Kingdom,Regular Customers,0,0.01
13961.0,United Kingdom,At-Risk Customers,1,1.0
13962.0,United Kingdom,Regular Customers,0,0.045
13963.0,United Kingdom,At-Risk Customers,1,0.965
13964.0,United Kingdom,At-Risk Customers,1,1.0
13965.0,United Kingdom,At-Risk Customers,1,0.995
13966.0,United Kingdom,At-Risk Customers,1,0.995
13967.0,United Kingdom,Regular Customers,1,0.66
13968.0,United Kingdom,At-Risk Customers,1,0.995
13969.0,United Kingdom,Regular Customers,0,0.185
13970.0,United Kingdom,At-Risk Customers,1,0.985
13971.0,United Kingdom,Regular Customers,0,0.015
13972.0,United Kingdom,Regular Customers,1,0.72
13973.0,United Kingdom,At-Risk Customers,1,1.0
13974.0,United Kingdom,Regular Customers,0,0.045
13975.0,United Kingdom,Regular Customers,0,0.025
13976.0,United Kingdom,Regular Customers,1,0.905
13977.0,United Kingdom,At-Risk Customers,1,0.995
13978.0,United Kingdom,Regular Customers,0,0.06
13979.0,United Kingdom,Regular Customers,0,0.065
13980.0,United Kingdom,Regular Customers,0,0.12
13981.0,United Kingdom,At-Risk Customers,1,0.995
13982.0,United Kingdom,Regular Customers,0,0.035
13983.0,United Kingdom,Regular Customers,0,0.01
13984.0,United Kingdom,Regular Customers,0,0.045
13985.0,United Kingdom,Regular Customers,0,0.02
13986.0,United Kingdom,Regular Customers,0,0.02
13987.0,United Kingdom,At-Risk Customers,1,0.985
13988.0,United Kingdom,Regular Customers,0,0.025
13989.0,United Kingdom,Regular Customers,0,0.135
13990.0,United Kingdom,Regular Customers,1,0.985
13991.0,United Kingdom,Regular Customers,0,0.115
13992.0,United Kingdom,Regular Customers,0,0.06
13993.0,United Kingdom,Regular Customers,0,0.02
13994.0,United Kingdom,Regular Customers,0,0.055
13995.0,United Kingdom,Regular Customers,0,0.015
13996.0,United Kingdom,At-Risk Customers,1,0.99
13997.0,United Kingdom,At-Risk Customers,1,0.97
13998.0,United Kingdom,At-Risk Customers,1,1.0
13999.0,United Kingdom,Regular Customers,0,0.03
14000.0,United Kingdom,Regular Customers,0,0.215
14001.0,United Kingdom,Regular Customers,0,0.085
14002.0,United Kingdom,Regular Customers,1,0.74
14003.0,United Kingdom,At-Risk Customers,1,1.0
14004.0,United Kingdom,Regular Customers,0,0.035
14005.0,United Kingdom,Regular Customers,0,0.07
14006.0,United Kingdom,Regular Customers,1,0.77
14007.0,United Kingdom,At-Risk Customers,1,1.0
14008.0,United Kingdom,At-Risk Customers,1,0.995
14009.0,United Kingdom,Regular Customers,1,0.865
14010.0,United Kingdom,At-Risk Customers,1,0.995
14011.0,United Kingdom,At-Risk Customers,1,0.985
14012.0,United Kingdom,At-Risk Customers,1,1.0
14013.0,United Kingdom,Regular Customers,1,0.85
14014.0,United Kingdom,Regular Customers,0,0.075
14015.0,United Kingdom,Regular Customers,0,0.03
14016.0,EIRE,Regular Customers,1,0.715
14017.0,United Kingdom,At-Risk Customers,1,1.0
14018.0,United Kingdom,At-Risk Customers,1,1.0
14019.0,United Kingdom,Regular Customers,0,0.02
14020.0,United Kingdom,Regular Customers,0,0.04
14021.0,United Kingdom,Regular Customers,1,0.805
14022.0,United Kingdom,Regular Customers,1,0.94
14023.0,United Kingdom,Regular Customers,1,0.74
14024.0,United Kingdom,Regular Customers,0,0.095
14025.0,United Kingdom,At-Risk Customers,1,0.975
14026.0,United Kingdom,At-Risk Customers,1,0.99
14027.0,United Kingdom,Regular Customers,0,0.01
14028.0,United Kingdom,At-Risk Customers,1,0.955
14029.0,United Kingdom,Regular Customers,0,0.24666666666666665
14030.0,United Kingdom,Regular Customers,0,0.015
14031.0,United Kingdom,Regular Customers,0,0.035
14032.0,United Kingdom,Regular Customers,0,0.04
14033.0,United Kingdom,At-Risk Customers,1,1.0
14034.0,United Kingdom,Regular Customers,0,0.025
14035.0,United Kingdom,Regular Customers,0,0.025
14036.0,United Kingdom,At-Risk Customers,1,0.995
14037.0,United Kingdom,Regular Customers,1,0.815
14038.0,United Kingdom,Regular Customers,0,0.01
14039.0,United Kingdom,Regular Customers,0,0.09833333333333333
14040.0,United Kingdom,Regular Customers,0,0.005
14041.0,United Kingdom,At-Risk Customers,1,1.0
14042.0,United Kingdom,At-Risk Customers,1,1.0
14043.0,United Kingdom,At-Risk Customers,1,0.995
14044.0,United Kingdom,Regular Customers,0,0.045
14045.0,United Kingdom,Regular Customers,1,0.685
14046.0,United Kingdom,At-Risk Customers,1,0.99
14047.0,United Kingdom,Regular Customers,0,0.04
14048.0,United Kingdom,At-Risk Customers,1,0.955
14049.0,United Kingdom,Regular Customers,0,0.02
14050.0,United Kingdom,Regular Customers,1,0.64
14051.0,United Kingdom,Regular Customers,0,0.015
14052.0,United Kingdom,Regular Customers,0,0.04
14053.0,United Kingdom,Regular Customers,1,0.9
14054.0,United Kingdom,Regular Customers,0,0.01
14055.0,United Kingdom,Regular Customers,1,0.87
14056.0,United Kingdom,Regular Customers,0,0.025
14057.0,United Kingdom,Regular Customers,0,0.015
14058.0,United Kingdom,At-Risk Customers,1,1.0
14059.0,United Kingdom,At-Risk Customers,1,1.0
14060.0,United Kingdom,Regular Customers,0,0.015
14061.0,United Kingdom,At-Risk Customers,1,0.99
14062.0,United Kingdom,Regular Customers,0,0.01
14063.0,United Kingdom,At-Risk Customers,1,0.895
14064.0,United Kingdom,Regular Customers,0,0.02
14065.0,United Kingdom,At-Risk Customers,1,0.99
14066.0,United Kingdom,At-Risk Customers,1,1.0
14067.0,United Kingdom,Regular Customers,0,0.055
14068.0,United Kingdom,At-Risk Customers,1,0.99
14069.0,United Kingdom,At-Risk Customers,1,1.0
14070.0,United Kingdom,At-Risk Customers,1,0.99
14071.0,United Kingdom,Regular Customers,0,0.055
14072.0,United Kingdom,At-Risk Customers,1,1.0
14073.0,United Kingdom,Regular Customers,0,0.005
14074.0,United Kingdom,At-Risk Customers,1,1.0
14075.0,United Kingdom,Regular Customers,0,0.055
14076.0,United Kingdom,Regular Customers,1,0.93
14077.0,United Kingdom,Regular Customers,1,0.725
14078.0,United Kingdom,Regular Customers,1,0.77
14079.0,United Kingdom,Regular Customers,1,0.785
14080.0,United Kingdom,Regular Customers,0,0.31
14081.0,United Kingdom,At-Risk Customers,1,0.955
14082.0,United Kingdom,At-Risk Customers,1,1.0
14083.0,United Kingdom,Regular Customers,0,0.2
14084.0,United Kingdom,At-Risk Customers,1,0.995
14085.0,United Kingdom,Regular Customers,0,0.06
14086.0,United Kingdom,At-Risk Customers,1,1.0
14087.0,United Kingdom,Regular Customers,0,0.175
14088.0,United Kingdom,Regular Customers,0,0.03
14089.0,United Kingdom,Regular Customers,0,0.02
14090.0,United Kingdom,At-Risk Customers,1,1.0
14091.0,United Kingdom,At-Risk Customers,1,0.97
14092.0,United Kingdom,Regular Customers,0,0.03
14093.0,United Kingdom,Regular Customers,0,0.01
14094.0,United Kingdom,At-Risk Customers,1,1.0
14095.0,United Kingdom,At-Risk Customers,1,0.995
14096.0,United Kingdom,Regular Customers,0,0.055
14097.0,United Kingdom,At-Risk Customers,1,0.995
14098.0,United Kingdom,Regular Customers,0,0.15
14099.0,United Kingdom,Regular Customers,0,0.005
14100.0,United Kingdom,Regular Customers,1,0.98
14101.0,United Kingdom,Regular Customers,0,0.08
14102.0,United Kingdom,Regular Customers,0,0.125
14104.0,United Kingdom,Regular Customers,1,0.915
14105.0,United Kingdom,Regular Customers,1,0.795
14106.0,United Kingdom,At-Risk Customers,1,1.0
14107.0,United Kingdom,Regular Customers,0,0.055
14108.0,United Kingdom,Regular Customers,0,0.06
14109.0,United Kingdom,Regular Customers,0,0.01
14110.0,United Kingdom,Regular Customers,0,0.01
14111.0,United Kingdom,Regular Customers,0,0.055
14112.0,United Kingdom,Regular Customers,0,0.095
14113.0,United Kingdom,Regular Customers,0,0.125
14114.0,United Kingdom,At-Risk Customers,1,0.99
14115.0,United Kingdom,At-Risk Customers,1,1.0
14116.0,United Kingdom,Regular Customers,0,0.02
14117.0,United Kingdom,Regular Customers,1,0.97
14118.0,United Kingdom,At-Risk Customers,1,0.98
14119.0,United Kingdom,At-Risk Customers,1,0.995
14121.0,United Kingdom,Regular Customers,0,0.11
14122.0,United Kingdom,At-Risk Customers,1,0.98
14123.0,United Kingdom,At-Risk Customers,1,0.995
14124.0,United Kingdom,Regular Customers,0,0.045
14125.0,United Kingdom,Regular Customers,0,0.04
14126.0,United Kingdom,Regular Customers,0,0.01
14127.0,United Kingdom,Regular Customers,1,0.665
14128.0,United Kingdom,Regular Customers,0,0.175
14129.0,United Kingdom,Regular Customers,0,0.06
14130.0,United Kingdom,At-Risk Customers,1,0.98
14131.0,United Kingdom,At-Risk Customers,1,1.0
14132.0,United Kingdom,Regular Customers,0,0.04
14133.0,United Kingdom,Regular Customers,1,0.76
14134.0,United Kingdom,At-Risk Customers,1,0.91
14135.0,United Kingdom,Regular Customers,0,0.05
14136.0,United Kingdom,At-Risk Customers,1,0.985
14137.0,United Kingdom,At-Risk Customers,1,0.99
14138.0,United Kingdom,Regular Customers,0,0.21
14139.0,United Kingdom,Regular Customers,0,0.205
14140.0,United Kingdom,Regular Customers,0,0.045
14141.0,United Kingdom,Regular Customers,0,0.13
14142.0,United Kingdom,At-Risk Customers,1,0.985
14143.0,United Kingdom,Regular Customers,1,0.955
14144.0,United Kingdom,At-Risk Customers,1,1.0
14145.0,United Kingdom,Regular Customers,0,0.43
14146.0,United Kingdom,Regular Customers,0,0.015
14147.0,United Kingdom,Regular Customers,0,0.045
14148.0,United Kingdom,Regular Customers,1,0.78
14149.0,United Kingdom,Regular Customers,1,0.865
14150.0,United Kingdom,Regular Customers,0,0.035
14151.0,United Kingdom,At-Risk Customers,1,0.985
14152.0,United Kingdom,Regular Customers,0,0.09
14153.0,United Kingdom,At-Risk Customers,1,1.0
14154.0,United Kingdom,Regular Customers,1,0.61
14155.0,United Kingdom,At-Risk Customers,1,1.0
14156.0,EIRE,VIP Customers,0,0.025
14157.0,United Kingdom,Regular Customers,0,0.095
14158.0,United Kingdom,Regular Customers,0,0.05
14159.0,United Kingdom,Regular Customers,0,0.015
14160.0,United Kingdom,At-Risk Customers,1,0.96
14161.0,United Kingdom,Regular Customers,1,0.78
14162.0,United Kingdom,Regular Customers,0,0.41
14163.0,United Kingdom,Regular Customers,0,0.17
14164.0,United Kingdom,Regular Customers,0,0.09
14165.0,United Kingdom,At-Risk Customers,1,1.0
14166.0,United Kingdom,At-Risk Customers,1,0.985
14167.0,United Kingdom,Regular Customers,1,0.515
14168.0,United Kingdom,At-Risk Customers,1,0.99
14169.0,United Kingdom,At-Risk Customers,1,0.98
14170.0,United Kingdom,At-Risk Customers,1,0.985
14171.0,United Kingdom,Regular Customers,0,0.165
14172.0,United Kingdom,At-Risk Customers,1,0.975
14173.0,United Kingdom,Regular Customers,0,0.195
14174.0,United Kingdom,Regular Customers,0,0.02
14175.0,United Kingdom,Regular Customers,0,0.03
14176.0,United Kingdom,At-Risk Customers,1,0.965
14177.0,United Kingdom,Regular Customers,0,0.025
14178.0,United Kingdom,Regular Customers,0,0.01
14179.0,United Kingdom,Regular Customers,0,0.085
14180.0,United Kingdom,Regular Customers,0,0.09
14181.0,United Kingdom,At-Risk Customers,1,1.0
14182.0,United Kingdom,At-Risk Customers,1,0.995
14183.0,United Kingdom,At-Risk Customers,1,0.99
14184.0,United Kingdom,Regular Customers,0,0.02
14185.0,United Kingdom,At-Risk Customers,1,1.0
14186.0,United Kingdom,At-Risk Customers,1,0.96
14187.0,United Kingdom,At-Risk Customers,1,1.0
14188.0,United Kingdom,Regular Customers,0,0.095
14189.0,United Kingdom,Regular Customers,0,0.015
14190.0,United Kingdom,At-Risk Customers,1,0.995
14191.0,United Kingdom,Regular Customers,0,0.005
14192.0,United Kingdom,At-Risk Customers,1,1.0
14193.0,United Kingdom,Regular Customers,0,0.065
14194.0,United Kingdom,Regular Customers,0,0.005
14195.0,United Kingdom,Regular Customers,1,0.735
14196.0,United Kingdom,Regular Customers,1,0.98
14197.0,United Kingdom,At-Risk Customers,1,1.0
14198.0,United Kingdom,Regular Customers,0,0.055
14199.0,United Kingdom,Regular Customers,1,0.7375
14200.0,United Kingdom,At-Risk Customers,1,1.0
14201.0,United Kingdom,Regular Customers,0,0.175
14202.0,United Kingdom,At-Risk Customers,1,1.0
14203.0,United Kingdom,At-Risk Customers,1,0.99
14204.0,United Kingdom,Regular Customers,0,0.22
14205.0,United Kingdom,Regular Customers,0,0.015
14206.0,United Kingdom,Regular Customers,1,0.715
14207.0,United Kingdom,At-Risk Customers,1,0.995
14208.0,United Kingdom,Regular Customers,1,0.915
14209.0,United Kingdom,Regular Customers,0,0.01
14210.0,United Kingdom,Regular Customers,0,0.06
14211.0,United Kingdom,Regular Customers,0,0.0
14212.0,United Kingdom,Regular Customers,0,0.14
14213.0,United Kingdom,At-Risk Customers,1,0.975
14214.0,United Kingdom,Regular Customers,0,0.11
14215.0,United Kingdom,Regular Customers,0,0.05
14216.0,United Kingdom,Regular Customers,0,0.055
14217.0,United Kingdom,Regular Customers,0,0.035
14218.0,United Kingdom,Regular Customers,0,0.02
14219.0,United Kingdom,Regular Customers,0,0.14
14220.0,United Kingdom,Regular Customers,1,0.945
14221.0,United Kingdom,Regular Customers,0,0.01
14222.0,United Kingdom,Regular Customers,1,0.96
14223.0,United Kingdom,Regular Customers,0,0.285
14224.0,United Kingdom,Regular Customers,1,0.71
14225.0,United Kingdom,At-Risk Customers,1,0.91
14226.0,United Kingdom,Regular Customers,0,0.02
14227.0,United Kingdom,Regular Customers,0,0.015
14228.0,United Kingdom,At-Risk Customers,1,0.98
14229.0,United Kingdom,Regular Customers,0,0.01
14230.0,United Kingdom,At-Risk Customers,1,0.995
14231.0,United Kingdom,Regular Customers,1,0.7
14232.0,United Kingdom,Regular Customers,0,0.14
14233.0,United Kingdom,Regular Customers,0,0.15
14234.0,United Kingdom,Regular Customers,0,0.125
14235.0,United Kingdom,Regular Customers,0,0.065
14236.0,United Kingdom,Regular Customers,0,0.195
14237.0,United Kingdom,At-Risk Customers,1,0.995
14238.0,United Kingdom,At-Risk Customers,1,1.0
14239.0,United Kingdom,Regular Customers,0,0.03
14240.0,United Kingdom,Regular Customers,0,0.03
14241.0,United Kingdom,Regular Customers,1,0.76
14242.0,United Kingdom,Regular Customers,0,0.47
14243.0,United Kingdom,Regular Customers,0,0.005
14244.0,United Kingdom,At-Risk Customers,1,0.995
14245.0,United Kingdom,Regular Customers,1,0.905
14246.0,United Kingdom,Regular Customers,1,0.82
14247.0,United Kingdom,At-Risk Customers,1,0.965
14248.0,United Kingdom,At-Risk Customers,1,0.99
14249.0,United Kingdom,At-Risk Customers,1,0.89
14250.0,United Kingdom,Regular Customers,0,0.04
14251.0,United Kingdom,Regular Customers,0,0.025
14252.0,United Kingdom,At-Risk Customers,1,1.0
14253.0,United Kingdom,At-Risk Customers,1,0.995
14254.0,United Kingdom,At-Risk Customers,1,1.0
14255.0,United Kingdom,At-Risk Customers,1,1.0
14256.0,United Kingdom,Regular Customers,1,0.82
14257.0,United Kingdom,Regular Customers,0,0.08
14258.0,United Kingdom,Regular Customers,0,0.035
14259.0,United Kingdom,Regular Customers,1,0.975
14260.0,United Kingdom,At-Risk Customers,1,1.0
14261.0,United Kingdom,Regular Customers,0,0.045
14262.0,United Kingdom,Regular Customers,0,0.025
14263.0,United Kingdom,At-Risk Customers,1,1.0
14264.0,United Kingdom,Regular Customers,1,0.935
14265.0,Unspecified,Regular Customers,0,0.05
14266.0,United Kingdom,At-Risk Customers,1,1.0
14267.0,United Kingdom,Regular Customers,1,0.955
14268.0,United Kingdom,At-Risk Customers,1,1.0
14269.0,United Kingdom,At-Risk Customers,1,1.0
14270.0,United Kingdom,At-Risk Customers,1,1.0
14271.0,United Kingdom,Regular Customers,1,0.715
14272.0,United Kingdom,Regular Customers,0,0.145
14273.0,United Kingdom,Regular Customers,0,0.205
14274.0,United Kingdom,At-Risk Customers,1,1.0
14275.0,United Kingdom,At-Risk Customers,1,0.985
14276.0,United Kingdom,Regular Customers,0,0.495
14277.0,France,Regular Customers,0,0.04
14278.0,United Kingdom,At-Risk Customers,1,1.0
14279.0,United Kingdom,At-Risk Customers,1,1.0
14280.0,United Kingdom,Regular Customers,1,0.98
14281.0,United Kingdom,At-Risk Customers,1,0.995
14282.0,United Kingdom,Regular Customers,0,0.015
14283.0,United Kingdom,At-Risk Customers,1,0.995
14284.0,United Kingdom,Regular Customers,0,0.095
14285.0,United Kingdom,Regular Customers,0,0.04
14286.0,United Kingdom,Regular Customers,0,0.02
14287.0,United Kingdom,Regular Customers,0,0.205
14288.0,United Kingdom,Regular Customers,1,0.975
14289.0,United Kingdom,Regular Customers,0,0.13
14290.0,United Kingdom,Regular Customers,0,0.075
14291.0,United Kingdom,Regular Customers,0,0.03
14292.0,United Kingdom,Regular Customers,0,0.03
14293.0,United Kingdom,Regular Customers,0,0.045
14294.0,United Kingdom,At-Risk Customers,1,0.995
14295.0,United Kingdom,Regular Customers,0,0.49
14296.0,United Kingdom,At-Risk Customers,1,0.995
14297.0,United Kingdom,Regular Customers,0,0.06
14298.0,United Kingdom,Loyal Customers,0,0.135
14299.0,United Kingdom,Regular Customers,0,0.03
14300.0,United Kingdom,Regular Customers,0,0.285
14301.0,United Kingdom,Regular Customers,1,0.515
14302.0,United Kingdom,At-Risk Customers,1,1.0
14303.0,United Kingdom,At-Risk Customers,1,0.99
14304.0,United Kingdom,Regular Customers,1,0.7
14305.0,United Kingdom,Regular Customers,0,0.13
14306.0,United Kingdom,Regular Customers,0,0.135
14307.0,United Kingdom,Regular Customers,0,0.105
14308.0,United Kingdom,At-Risk Customers,1,0.985
14309.0,United Kingdom,Regular Customers,0,0.055
14310.0,United Kingdom,At-Risk Customers,1,0.99
14311.0,United Kingdom,Regular Customers,1,0.84
14312.0,United Kingdom,Regular Customers,0,0.01
14314.0,United Kingdom,Regular Customers,1,0.855
14315.0,United Kingdom,Regular Customers,0,0.115
14316.0,United Kingdom,At-Risk Customers,1,0.985
14317.0,United Kingdom,Regular Customers,0,0.085
14318.0,United Kingdom,At-Risk Customers,1,0.99
14319.0,United Kingdom,At-Risk Customers,1,1.0
14320.0,United Kingdom,Regular Customers,0,0.425
14321.0,United Kingdom,Regular Customers,0,0.19
14322.0,United Kingdom,At-Risk Customers,1,1.0
14323.0,United Kingdom,Regular Customers,1,0.65
14324.0,United Kingdom,At-Risk Customers,1,1.0
14325.0,United Kingdom,At-Risk Customers,1,1.0
14326.0,United Kingdom,Regular Customers,1,0.695
14327.0,United Kingdom,Regular Customers,1,0.65
14328.0,United Kingdom,At-Risk Customers,1,1.0
14329.0,United Kingdom,Regular Customers,0,0.035
14330.0,United Kingdom,At-Risk Customers,1,1.0
14331.0,United Kingdom,Regular Customers,1,0.805
14332.0,United Kingdom,Regular Customers,0,0.065
14333.0,United Kingdom,Regular Customers,0,0.025
14334.0,United Kingdom,Regular Customers,0,0.05
14335.0,Germany,Regular Customers,0,0.005
14336.0,United Kingdom,Regular Customers,1,0.58
14338.0,United Kingdom,Regular Customers,1,0.78
14339.0,United Kingdom,Regular Customers,0,0.5
14340.0,United Kingdom,Regular Customers,1,0.975
14341.0,United Kingdom,Regular Customers,0,0.015
14342.0,United Kingdom,Regular Customers,0,0.12
14343.0,United Kingdom,At-Risk Customers,1,0.985
14344.0,United Kingdom,Regular Customers,1,0.665
14345.0,United Kingdom,Regular Customers,0,0.02
14346.0,United Kingdom,Regular Customers,1,0.8
14347.0,United Kingdom,At-Risk Customers,1,0.995
14348.0,United Kingdom,At-Risk Customers,1,1.0
14349.0,United Kingdom,Regular Customers,0,0.04
14350.0,United Kingdom,At-Risk Customers,1,1.0
14351.0,United Kingdom,Regular Customers,1,1.0
14352.0,United Kingdom,Regular Customers,1,0.84
14353.0,United Kingdom,Regular Customers,1,0.685
14354.0,United Kingdom,Regular Customers,0,0.07
14355.0,United Kingdom,At-Risk Customers,1,1.0
14356.0,United Kingdom,Regular Customers,0,0.125
14357.0,United Kingdom,Regular Customers,0,0.045
14358.0,United Kingdom,At-Risk Customers,1,1.0
14359.0,United Kingdom,Regular Customers,0,0.105
14360.0,United Kingdom,Regular Customers,0,0.155
14361.0,United Kingdom,At-Risk Customers,1,1.0
14362.0,United Kingdom,Regular Customers,0,0.03
14363.0,United Kingdom,At-Risk Customers,1,0.99
14364.0,United Kingdom,Regular Customers,1,0.795
14365.0,United Kingdom,At-Risk Customers,1,0.985
14366.0,United Kingdom,At-Risk Customers,1,0.995
14367.0,United Kingdom,Regular Customers,0,0.01
14368.0,United Kingdom,At-Risk Customers,1,1.0
14369.0,United Kingdom,At-Risk Customers,1,0.98
14370.0,United Kingdom,At-Risk Customers,1,0.98
14371.0,United Kingdom,At-Risk Customers,1,1.0
14372.0,United Kingdom,At-Risk Customers,1,1.0
14373.0,United Kingdom,At-Risk Customers,1,1.0
14374.0,United Kingdom,At-Risk Customers,1,1.0
14375.0,United Kingdom,Regular Customers,1,0.81
14376.0,United Kingdom,At-Risk Customers,1,1.0
14377.0,United Kingdom,Regular Customers,1,0.935
14378.0,United Kingdom,At-Risk Customers,1,1.0
14379.0,United Kingdom,Regular Customers,0,0.015
14380.0,United Kingdom,At-Risk Customers,1,1.0
14381.0,United Kingdom,Regular Customers,0,0.055
14382.0,United Kingdom,Regular Customers,0,0.025
14383.0,United Kingdom,Regular Customers,0,0.01
14384.0,United Kingdom,At-Risk Customers,1,1.0
14385.0,United Kingdom,Regular Customers,0,0.14
14386.0,United Kingdom,At-Risk Customers,1,1.0
14387.0,United Kingdom,Regular Customers,0,0.015
14388.0,United Kingdom,Regular Customers,0,0.005
14389.0,United Kingdom,Regular Customers,0,0.14
14390.0,United Kingdom,Regular Customers,0,0.055
14391.0,United Kingdom,At-Risk Customers,1,1.0
14392.0,United Kingdom,At-Risk Customers,1,1.0
14393.0,United Kingdom,Regular Customers,1,0.965
14394.0,United Kingdom,At-Risk Customers,1,1.0
14395.0,United Kingdom,Regular Customers,0,0.12
14396.0,United Kingdom,Regular Customers,0,0.135
14397.0,United Kingdom,Regular Customers,0,0.035
14398.0,United Kingdom,At-Risk Customers,1,0.995
14399.0,United Kingdom,At-Risk Customers,1,0.97
14400.0,United Kingdom,Regular Customers,1,0.68
14401.0,United Kingdom,Regular Customers,0,0.03
14402.0,United Kingdom,At-Risk Customers,1,1.0
14403.0,United Kingdom,Regular Customers,1,0.845
14404.0,United Kingdom,Regular Customers,0,0.04
14405.0,United Kingdom,At-Risk Customers,1,0.995
14406.0,United Kingdom,Regular Customers,1,0.99
14407.0,United Kingdom,Regular Customers,1,0.75
14408.0,United Kingdom,Regular Customers,0,0.055
14409.0,United Kingdom,Regular Customers,0,0.125
14410.0,United Kingdom,Regular Customers,1,0.655
14411.0,United Kingdom,At-Risk Customers,1,0.985
14412.0,United Kingdom,Regular Customers,0,0.025
14413.0,United Kingdom,At-Risk Customers,1,0.98
14414.0,United Kingdom,Regular Customers,1,0.79
14415.0,United Kingdom,Regular Customers,0,0.025
14416.0,United Kingdom,Regular Customers,0,0.145
14417.0,United Kingdom,At-Risk Customers,1,0.99
14418.0,United Kingdom,Regular Customers,0,0.21
14419.0,United Kingdom,Regular Customers,0,0.035
14420.0,United Kingdom,Regular Customers,1,0.61
14421.0,United Kingdom,Regular Customers,0,0.145
14422.0,United Kingdom,Regular Customers,0,0.01
14423.0,United Kingdom,Regular Customers,1,0.645
14424.0,United Kingdom,Regular Customers,0,0.06833333333333334
14425.0,United Kingdom,At-Risk Customers,1,1.0
14426.0,United Kingdom,Regular Customers,0,0.03
14427.0,United Kingdom,Regular Customers,1,0.705
14428.0,United Kingdom,Regular Customers,0,0.07
14429.0,United Kingdom,At-Risk Customers,1,1.0
14430.0,United Kingdom,At-Risk Customers,1,1.0
14431.0,United Kingdom,At-Risk Customers,1,1.0
14432.0,United Kingdom,Regular Customers,0,0.065
14433.0,United Kingdom,At-Risk Customers,1,1.0
14434.0,United Kingdom,Regular Customers,0,0.055
14435.0,United Kingdom,At-Risk Customers,1,0.995
14436.0,United Kingdom,Regular Customers,1,0.595
14437.0,United Kingdom,At-Risk Customers,1,0.995
14438.0,United Kingdom,At-Risk Customers,1,1.0
14439.0,Greece,At-Risk Customers,1,0.935
14440.0,United Kingdom,Regular Customers,0,0.025
14441.0,United Kingdom,Regular Customers,0,0.025
14442.0,Channel Islands,Regular Customers,1,0.74
14443.0,United Kingdom,Regular Customers,0,0.03
14444.0,United Kingdom,At-Risk Customers,1,0.99
14445.0,United Kingdom,At-Risk Customers,1,1.0
14446.0,United Kingdom,Regular Customers,0,0.075
14447.0,United Kingdom,Regular Customers,0,0.09
14448.0,United Kingdom,Regular Customers,0,0.09
14449.0,United Kingdom,Regular Customers,0,0.04
14450.0,United Kingdom,Regular Customers,1,0.735
14451.0,United Kingdom,Regular Customers,0,0.015
14452.0,United Kingdom,Regular Customers,0,0.105
14453.0,United Kingdom,Regular Customers,1,0.97
14454.0,United Kingdom,At-Risk Customers,1,0.95
14455.0,United Kingdom,At-Risk Customers,1,0.98
14456.0,United Kingdom,Regular Customers,0,0.095
14457.0,United Kingdom,At-Risk Customers,1,0.995
14458.0,United Kingdom,At-Risk Customers,1,0.995
14459.0,United Kingdom,Regular Customers,1,0.76
14460.0,United Kingdom,Regular Customers,1,0.775
14461.0,United Kingdom,Regular Customers,0,0.13
14462.0,United Kingdom,Regular Customers,0,0.02
14463.0,United Kingdom,Regular Customers,1,0.72
14464.0,United Kingdom,At-Risk Customers,1,1.0
14465.0,United Kingdom,Regular Customers,1,0.8
14466.0,United Kingdom,Regular Customers,0,0.02
14467.0,United Kingdom,Regular Customers,0,0.015
14468.0,United Kingdom,At-Risk Customers,1,1.0
14469.0,United Kingdom,At-Risk Customers,1,0.985
14470.0,United Kingdom,Regular Customers,0,0.165
14471.0,United Kingdom,At-Risk Customers,1,0.99
14472.0,United Kingdom,Regular Customers,1,0.71
14473.0,United Kingdom,Regular Customers,0,0.05
14474.0,United Kingdom,Regular Customers,0,0.145
14475.0,United Kingdom,Regular Customers,0,0.21
14476.0,United Kingdom,At-Risk Customers,1,1.0
14477.0,United Kingdom,Regular Customers,0,0.145
14478.0,United Kingdom,At-Risk Customers,1,0.99
14479.0,United Kingdom,Regular Customers,1,0.7
14480.0,United Kingdom,Regular Customers,0,0.01
14481.0,United Kingdom,Regular Customers,1,0.775
14482.0,United Kingdom,Regular Customers,0,0.01
14483.0,United Kingdom,At-Risk Customers,1,0.985
14484.0,United Kingdom,Regular Customers,0,0.03
14485.0,United Kingdom,Regular Customers,0,0.02
14486.0,United Kingdom,At-Risk Customers,1,0.995
14487.0,United Kingdom,Regular Customers,0,0.03
14488.0,United Kingdom,Regular Customers,0,0.06
14489.0,United Kingdom,Regular Customers,1,0.77
14490.0,United Kingdom,At-Risk Customers,1,0.985
14491.0,United Kingdom,Regular Customers,1,0.83
14492.0,United Kingdom,At-Risk Customers,1,0.965
14493.0,United Kingdom,Regular Customers,0,0.03
14494.0,United Kingdom,Regular Customers,0,0.065
14495.0,United Kingdom,Regular Customers,0,0.415
14496.0,United Kingdom,At-Risk Customers,1,0.905
14497.0,United Kingdom,At-Risk Customers,1,0.93
14498.0,United Kingdom,Regular Customers,0,0.05
14499.0,United Kingdom,Regular Customers,0,0.03
14500.0,United Kingdom,Regular Customers,0,0.18
14501.0,United Kingdom,Regular Customers,1,0.82
14502.0,United Kingdom,Regular Customers,0,0.11
14503.0,United Kingdom,Regular Customers,0,0.005
14504.0,United Kingdom,Regular Customers,0,0.185
14505.0,United Kingdom,Regular Customers,0,0.13
14506.0,United Kingdom,Regular Customers,0,0.04
14507.0,United Kingdom,Regular Customers,0,0.04
14508.0,United Kingdom,Regular Customers,0,0.055
14509.0,United Kingdom,At-Risk Customers,1,1.0
14510.0,United Kingdom,At-Risk Customers,1,1.0
14511.0,United Kingdom,Regular Customers,0,0.035
14512.0,United Kingdom,Regular Customers,1,0.785
14513.0,United Kingdom,Regular Customers,1,0.87
14514.0,United Kingdom,Regular Customers,0,0.08
14515.0,United Kingdom,Regular Customers,0,0.015
14516.0,United Kingdom,At-Risk Customers,1,1.0
14517.0,United Kingdom,Regular Customers,0,0.175
14518.0,United Kingdom,Regular Customers,0,0.01
14519.0,United Kingdom,At-Risk Customers,1,1.0
14520.0,United Kingdom,Regular Customers,0,0.19
14521.0,United Kingdom,At-Risk Customers,1,1.0
14522.0,United Kingdom,Regular Customers,0,0.17
14523.0,United Kingdom,Regular Customers,1,0.96
14524.0,United Kingdom,Regular Customers,0,0.015
14525.0,United Kingdom,Regular Customers,0,0.035
14526.0,United Kingdom,At-Risk Customers,1,1.0
14527.0,United Kingdom,Loyal Customers,0,0.02
14528.0,United Kingdom,Regular Customers,0,0.02
14529.0,United Kingdom,Regular Customers,0,0.075
14530.0,United Kingdom,Regular Customers,0,0.01
14531.0,United Kingdom,At-Risk Customers,1,1.0
14532.0,United Kingdom,Regular Customers,1,0.83
14533.0,United Kingdom,Regular Customers,0,0.265
14534.0,United Kingdom,Regular Customers,0,0.04
14535.0,United Kingdom,Regular Customers,0,0.075
14536.0,United Kingdom,At-Risk Customers,1,1.0
14537.0,United Kingdom,Regular Customers,1,0.625
14538.0,United Kingdom,Regular Customers,0,0.305
14539.0,United Kingdom,Regular Customers,0,0.04
14540.0,United Kingdom,Regular Customers,0,0.035
14541.0,United Kingdom,Regular Customers,0,0.12
14542.0,United Kingdom,Regular Customers,1,0.98
14543.0,United Kingdom,Regular Customers,0,0.035
14544.0,United Kingdom,Regular Customers,0,0.125
14545.0,United Kingdom,At-Risk Customers,1,0.985
14546.0,United Kingdom,Regular Customers,0,0.04
14547.0,United Kingdom,Regular Customers,0,0.02
14548.0,United Kingdom,Regular Customers,1,0.625
14549.0,United Kingdom,At-Risk Customers,1,0.99
14550.0,United Kingdom,Regular Customers,0,0.05
14551.0,United Kingdom,Regular Customers,0,0.055
14552.0,United Kingdom,Regular Customers,0,0.48
14553.0,United Kingdom,Regular Customers,0,0.03
14554.0,United Kingdom,Regular Customers,0,0.13
14555.0,United Kingdom,Regular Customers,0,0.08
14556.0,United Kingdom,At-Risk Customers,1,1.0
14557.0,United Kingdom,Regular Customers,0,0.035
14558.0,United Kingdom,At-Risk Customers,1,1.0
14559.0,United Kingdom,At-Risk Customers,1,0.995
14560.0,United Kingdom,Regular Customers,0,0.025
14561.0,United Kingdom,Regular Customers,0,0.455
14562.0,United Kingdom,Regular Customers,0,0.13
14563.0,United Kingdom,At-Risk Customers,1,0.99
14564.0,Channel Islands,At-Risk Customers,1,0.98
14565.0,United Kingdom,Regular Customers,1,0.845
14566.0,Channel Islands,Regular Customers,1,0.895
14567.0,United Kingdom,Regular Customers,0,0.08
14568.0,Channel Islands,At-Risk Customers,1,0.995
14569.0,United Kingdom,Regular Customers,0,0.215
14570.0,United Kingdom,At-Risk Customers,1,1.0
14571.0,United Kingdom,At-Risk Customers,1,0.995
14572.0,United Kingdom,Regular Customers,0,0.04
14573.0,United Kingdom,Regular Customers,1,0.75
14574.0,United Kingdom,At-Risk Customers,1,1.0
14575.0,United Kingdom,At-Risk Customers,1,1.0
14576.0,United Kingdom,At-Risk Customers,1,1.0
14577.0,United Kingdom,Regular Customers,0,0.205
14578.0,United Kingdom,Regular Customers,0,0.045
14579.0,United Kingdom,At-Risk Customers,1,0.995
14580.0,United Kingdom,At-Risk Customers,1,0.995
14581.0,United Kingdom,Regular Customers,0,0.33
14582.0,United Kingdom,Regular Customers,0,0.025
14583.0,United Kingdom,Regular Customers,0,0.15
14584.0,United Kingdom,Regular Customers,1,0.81
14585.0,United Kingdom,Regular Customers,0,0.075
14586.0,United Kingdom,At-Risk Customers,1,0.995
14587.0,United Kingdom,Regular Customers,0,0.275
14588.0,United Kingdom,At-Risk Customers,1,1.0
14589.0,United Kingdom,At-Risk Customers,1,1.0
14590.0,United Kingdom,At-Risk Customers,1,0.955
14591.0,United Kingdom,Regular Customers,0,0.04
14592.0,United Kingdom,Regular Customers,0,0.06
14593.0,United Kingdom,Regular Customers,0,0.01
14594.0,United Kingdom,Regular Customers,0,0.145
14595.0,United Kingdom,Regular Customers,0,0.055
14596.0,United Kingdom,At-Risk Customers,1,1.0
14597.0,United Kingdom,Regular Customers,0,0.05
14598.0,United Kingdom,Regular Customers,0,0.03
14599.0,United Kingdom,At-Risk Customers,1,0.99
14600.0,United Kingdom,At-Risk Customers,1,1.0
14601.0,United Kingdom,Regular Customers,0,0.015
14602.0,United Kingdom,At-Risk Customers,1,0.995
14603.0,United Kingdom,At-Risk Customers,1,1.0
14604.0,United Kingdom,At-Risk Customers,1,1.0
14605.0,United Kingdom,At-Risk Customers,1,0.99
14606.0,United Kingdom,Loyal Customers,0,0.01
14607.0,United Kingdom,Regular Customers,0,0.02
14608.0,United Kingdom,Regular Customers,0,0.05
14609.0,United Kingdom,Regular Customers,0,0.17
14610.0,United Kingdom,At-Risk Customers,1,0.955
14611.0,United Kingdom,At-Risk Customers,1,0.995
14612.0,United Kingdom,At-Risk Customers,1,0.98
14613.0,United Kingdom,At-Risk Customers,1,0.995
14614.0,United Kingdom,At-Risk Customers,1,0.995
14615.0,United Kingdom,At-Risk Customers,1,0.945
14616.0,United Kingdom,Regular Customers,1,0.73375
14617.0,United Kingdom,At-Risk Customers,1,0.995
14618.0,United Kingdom,Regular Customers,0,0.065
14619.0,United Kingdom,Regular Customers,1,0.875
14620.0,United Kingdom,Regular Customers,1,0.895
14621.0,United Kingdom,Regular Customers,0,0.12
14622.0,United Kingdom,Regular Customers,1,0.985
14623.0,United Kingdom,Regular Customers,0,0.145
14624.0,United Kingdom,Regular Customers,0,0.09
14625.0,United Kingdom,Regular Customers,1,0.715
14626.0,United Kingdom,Regular Customers,0,0.04
14627.0,United Kingdom,At-Risk Customers,1,0.995
14628.0,United Kingdom,Regular Customers,1,0.615
14629.0,United Kingdom,Regular Customers,0,0.04
14630.0,United Kingdom,At-Risk Customers,1,0.99
14631.0,United Kingdom,Regular Customers,0,0.115
14632.0,United Kingdom,At-Risk Customers,1,0.995
14633.0,United Kingdom,At-Risk Customers,1,0.995
14634.0,United Kingdom,At-Risk Customers,1,0.995
14635.0,United Kingdom,At-Risk Customers,1,0.99
14636.0,United Kingdom,Regular Customers,0,0.24
14637.0,United Kingdom,At-Risk Customers,1,1.0
14638.0,United Kingdom,Regular Customers,0,0.04
14639.0,United Kingdom,Regular Customers,0,0.14
14640.0,United Kingdom,Regular Customers,0,0.245
14641.0,United Kingdom,Regular Customers,0,0.035
14642.0,United Kingdom,Regular Customers,0,0.03
14643.0,United Kingdom,Regular Customers,1,0.75
14644.0,United Kingdom,Regular Customers,0,0.075
14645.0,United Kingdom,Regular Customers,1,0.93
14646.0,Netherlands,VIP Customers,0,0.025
14647.0,United Kingdom,Regular Customers,1,0.94
14648.0,United Kingdom,At-Risk Customers,1,0.835
14649.0,United Kingdom,Regular Customers,0,0.03
14650.0,United Kingdom,At-Risk Customers,1,1.0
14651.0,United Kingdom,Regular Customers,0,0.085
14652.0,United Kingdom,Regular Customers,0,0.16
14653.0,United Kingdom,Regular Customers,0,0.005
14654.0,United Kingdom,At-Risk Customers,1,0.995
14655.0,United Kingdom,Regular Customers,0,0.03
14656.0,United Kingdom,Regular Customers,1,0.855
14657.0,United Kingdom,Regular Customers,0,0.02
14658.0,United Kingdom,Regular Customers,0,0.36
14659.0,United Kingdom,Regular Customers,0,0.075
14660.0,United Kingdom,Regular Customers,0,0.05
14661.0,United Kingdom,Regular Customers,0,0.095
14662.0,United Kingdom,Regular Customers,0,0.085
14663.0,United Kingdom,At-Risk Customers,1,0.99
14664.0,United Kingdom,Regular Customers,0,0.03
14665.0,United Kingdom,Regular Customers,0,0.025
14666.0,United Kingdom,Regular Customers,0,0.0
14667.0,United Kingdom,Regular Customers,0,0.01
14668.0,United Kingdom,At-Risk Customers,1,1.0
14669.0,United Kingdom,Regular Customers,1,0.69
14670.0,United Kingdom,At-Risk Customers,1,0.975
14671.0,United Kingdom,At-Risk Customers,1,0.995
14672.0,United Kingdom,Regular Customers,1,0.86
14673.0,United Kingdom,Regular Customers,0,0.005
14674.0,United Kingdom,At-Risk Customers,1,1.0
14675.0,United Kingdom,Regular Customers,0,0.09
14676.0,United Kingdom,Regular Customers,0,0.06
14677.0,United Kingdom,At-Risk Customers,1,0.995
14678.0,United Kingdom,At-Risk Customers,1,1.0
14679.0,United Kingdom,At-Risk Customers,1,0.99
14680.0,United Kingdom,Loyal Customers,0,0.0
14681.0,United Kingdom,Regular Customers,1,0.54
14682.0,United Kingdom,Regular Customers,1,0.76
14683.0,United Kingdom,At-Risk Customers,1,1.0
14684.0,United Kingdom,Regular Customers,0,0.035
14685.0,United Kingdom,At-Risk Customers,1,0.985
14686.0,United Kingdom,At-Risk Customers,1,0.985
14687.0,United Kingdom,Regular Customers,1,0.855
14688.0,United Kingdom,Regular Customers,0,0.045
14689.0,United Kingdom,Regular Customers,1,0.945
14690.0,United Kingdom,Regular Customers,0,0.15
14691.0,United Kingdom,Regular Customers,0,0.04
14692.0,United Kingdom,Regular Customers,0,0.265
14693.0,United Kingdom,Regular Customers,1,0.815
14694.0,United Kingdom,At-Risk Customers,1,1.0
14695.0,United Kingdom,At-Risk Customers,1,0.995
14696.0,United Kingdom,Regular Customers,0,0.035
14697.0,United Kingdom,Regular Customers,1,0.96
14698.0,United Kingdom,Regular Customers,0,0.025
14699.0,United Kingdom,Regular Customers,1,0.775
14700.0,United Kingdom,Regular Customers,0,0.15
14701.0,United Kingdom,Regular Customers,0,0.05
14702.0,United Kingdom,Regular Customers,0,0.285
14703.0,United Kingdom,Regular Customers,0,0.01
14704.0,United Kingdom,Regular Customers,0,0.165
14705.0,United Kingdom,Regular Customers,1,0.89
14706.0,United Kingdom,At-Risk Customers,1,1.0
14707.0,United Kingdom,At-Risk Customers,1,0.99
14708.0,United Kingdom,Regular Customers,0,0.165
14709.0,United Kingdom,Regular Customers,0,0.025
14710.0,United Kingdom,Regular Customers,0,0.145
14711.0,United Kingdom,Regular Customers,0,0.47
14712.0,United Kingdom,Regular Customers,0,0.23
14713.0,United Kingdom,Regular Customers,0,0.2
14714.0,United Kingdom,Regular Customers,0,0.145
14715.0,United Kingdom,Regular Customers,0,0.155
14716.0,United Kingdom,Regular Customers,0,0.055
14717.0,United Kingdom,At-Risk Customers,1,1.0
14718.0,United Kingdom,At-Risk Customers,1,0.995
14719.0,United Kingdom,Regular Customers,0,0.035
14720.0,United Kingdom,Regular Customers,0,0.14
14721.0,United Kingdom,At-Risk Customers,1,1.0
14722.0,United Kingdom,Regular Customers,1,0.885
14723.0,United Kingdom,Regular Customers,0,0.16
14724.0,United Kingdom,At-Risk Customers,1,1.0
14725.0,United Kingdom,Regular Customers,0,0.02
14726.0,United Kingdom,At-Risk Customers,1,1.0
14727.0,United Kingdom,At-Risk Customers,1,0.99
14728.0,United Kingdom,At-Risk Customers,1,0.99
14729.0,United Kingdom,At-Risk Customers,1,0.99
14730.0,United Kingdom,Regular Customers,0,0.045
14731.0,United Kingdom,Regular Customers,0,0.28
14732.0,United Kingdom,Regular Customers,0,0.025
14733.0,United Kingdom,Regular Customers,0,0.135
14734.0,United Kingdom,At-Risk Customers,1,0.995
14735.0,United Kingdom,Regular Customers,0,0.005
14736.0,United Kingdom,At-Risk Customers,1,0.995
14737.0,United Kingdom,Regular Customers,0,0.1
14738.0,United Kingdom,Regular Customers,0,0.09
14739.0,United Kingdom,Regular Customers,0,0.01
14740.0,United Kingdom,Regular Customers,1,0.61
14741.0,United Kingdom,Regular Customers,0,0.065
14742.0,United Kingdom,At-Risk Customers,1,1.0
14743.0,United Kingdom,At-Risk Customers,1,1.0
14744.0,United Kingdom,Regular Customers,0,0.05
14745.0,United Kingdom,Regular Customers,1,0.655
14746.0,United Kingdom,At-Risk Customers,1,0.995
14747.0,United Kingdom,Regular Customers,1,0.985
14748.0,United Kingdom,Regular Customers,0,0.07
14749.0,United Kingdom,At-Risk Customers,1,1.0
14750.0,United Kingdom,At-Risk Customers,1,0.995
14751.0,United Kingdom,At-Risk Customers,1,0.995
14752.0,United Kingdom,Regular Customers,0,0.04
14753.0,United Kingdom,Regular Customers,0,0.04
14754.0,United Kingdom,Regular Customers,0,0.225
14755.0,United Kingdom,Regular Customers,0,0.015
14756.0,United Kingdom,Regular Customers,0,0.13
14757.0,United Kingdom,Regular Customers,0,0.03
14758.0,United Kingdom,Regular Customers,1,0.76
14759.0,United Kingdom,Regular Customers,0,0.09
14760.0,United Kingdom,At-Risk Customers,1,0.995
14761.0,United Kingdom,Regular Customers,0,0.06
14762.0,United Kingdom,At-Risk Customers,1,0.99
14764.0,United Kingdom,Regular Customers,0,0.075
14765.0,United Kingdom,Regular Customers,0,0.29
14766.0,United Kingdom,Regular Customers,0,0.035
14767.0,United Kingdom,At-Risk Customers,1,1.0
14768.0,United Kingdom,Regular Customers,0,0.25
14769.0,United Kingdom,Regular Customers,0,0.055
14770.0,United Kingdom,Regular Customers,1,0.69
14771.0,United Kingdom,At-Risk Customers,1,0.98
14772.0,United Kingdom,Regular Customers,1,0.98
14773.0,United Kingdom,At-Risk Customers,1,1.0
14774.0,United Kingdom,At-Risk Customers,1,1.0
14775.0,United Kingdom,Regular Customers,0,0.06
14776.0,United Kingdom,Regular Customers,0,0.015
14777.0,United Kingdom,At-Risk Customers,1,1.0
14778.0,United Kingdom,Regular Customers,1,0.78
14779.0,United Kingdom,At-Risk Customers,1,0.995
14780.0,United Kingdom,Regular Customers,0,0.135
14782.0,United Kingdom,At-Risk Customers,1,1.0
14783.0,United Kingdom,At-Risk Customers,1,0.995
14784.0,United Kingdom,Regular Customers,0,0.165
14785.0,United Kingdom,Regular Customers,0,0.07
14786.0,United Kingdom,At-Risk Customers,1,1.0
14787.0,United Kingdom,At-Risk Customers,1,1.0
14788.0,United Kingdom,Regular Customers,0,0.18
14789.0,United Kingdom,Regular Customers,0,0.03
14790.0,United Kingdom,Regular Customers,0,0.02
14791.0,United Kingdom,At-Risk Customers,1,1.0
14792.0,United Kingdom,Regular Customers,0,0.1
14793.0,United Kingdom,Regular Customers,1,0.505
14794.0,United Kingdom,Regular Customers,0,0.08
14795.0,United Kingdom,Regular Customers,1,0.97
14796.0,United Kingdom,Regular Customers,0,0.01
14797.0,United Kingdom,At-Risk Customers,1,1.0
14798.0,United Kingdom,Regular Customers,0,0.235
14799.0,United Kingdom,Regular Customers,0,0.025
14800.0,United Kingdom,Regular Customers,0,0.015
14801.0,United Kingdom,Regular Customers,0,0.045
14802.0,United Kingdom,At-Risk Customers,1,0.99
14803.0,United Kingdom,Regular Customers,1,0.85
14804.0,United Kingdom,Regular Customers,0,0.055
14805.0,United Kingdom,Regular Customers,0,0.34
14806.0,United Kingdom,Regular Customers,0,0.065
14807.0,United Kingdom,At-Risk Customers,1,1.0
14808.0,United Kingdom,Regular Customers,0,0.125
14809.0,United Kingdom,At-Risk Customers,1,0.99
14810.0,United Kingdom,Regular Customers,0,0.135
14811.0,United Kingdom,At-Risk Customers,1,0.99
14812.0,United Kingdom,At-Risk Customers,1,1.0
14813.0,United Kingdom,At-Risk Customers,1,0.97
14814.0,United Kingdom,At-Risk Customers,1,1.0
14815.0,United Kingdom,Regular Customers,0,0.09
14816.0,United Kingdom,Regular Customers,1,0.965
14817.0,United Kingdom,Regular Customers,0,0.39
14818.0,United Kingdom,Regular Customers,0,0.235
14819.0,United Kingdom,Regular Customers,0,0.295
14820.0,United Kingdom,Regular Customers,0,0.175
14821.0,United Kingdom,At-Risk Customers,1,0.98
14822.0,United Kingdom,At-Risk Customers,1,1.0
14823.0,United Kingdom,Regular Customers,1,0.53
14824.0,United Kingdom,Regular Customers,0,0.06
14825.0,United Kingdom,Regular Customers,0,0.065
14826.0,United Kingdom,At-Risk Customers,1,1.0
14828.0,United Kingdom,Regular Customers,0,0.285
14829.0,United Kingdom,Regular Customers,0,0.135
14830.0,United Kingdom,Regular Customers,0,0.015
14831.0,United Kingdom,At-Risk Customers,1,0.985
14832.0,United Kingdom,At-Risk Customers,1,0.995
14833.0,United Kingdom,At-Risk Customers,1,1.0
14834.0,United Kingdom,Regular Customers,0,0.205
14835.0,United Kingdom,At-Risk Customers,1,0.995
14836.0,United Kingdom,Regular Customers,0,0.24
14837.0,United Kingdom,Regular Customers,0,0.135
14838.0,United Kingdom,At-Risk Customers,1,0.995
14839.0,United Kingdom,At-Risk Customers,1,0.99
14840.0,United Kingdom,At-Risk Customers,1,1.0
14841.0,United Kingdom,Regular Customers,0,0.01
14842.0,United Kingdom,Regular Customers,0,0.135
14843.0,United Kingdom,At-Risk Customers,1,1.0
14844.0,United Kingdom,Regular Customers,0,0.05
14845.0,United Kingdom,At-Risk Customers,1,1.0
14846.0,United Kingdom,At-Risk Customers,1,1.0
14847.0,United Kingdom,Regular Customers,1,0.645
14848.0,United Kingdom,At-Risk Customers,1,1.0
14849.0,United Kingdom,Regular Customers,0,0.02
14850.0,United Kingdom,At-Risk Customers,1,0.985
14851.0,United Kingdom,Regular Customers,0,0.36
14852.0,United Kingdom,Regular Customers,0,0.0
14853.0,United Kingdom,Regular Customers,0,0.265
14854.0,United Kingdom,Regular Customers,0,0.12
14855.0,United Kingdom,Regular Customers,1,0.685
14856.0,United Kingdom,Regular Customers,0,0.03
14857.0,United Kingdom,Regular Customers,0,0.01
14858.0,United Kingdom,At-Risk Customers,1,1.0
14859.0,United Kingdom,Regular Customers,0,0.035
14860.0,United Kingdom,Regular Customers,0,0.01
14861.0,United Kingdom,Regular Customers,0,0.145
14862.0,United Kingdom,Regular Customers,0,0.09
14863.0,United Kingdom,Regular Customers,0,0.01
14865.0,United Kingdom,Regular Customers,0,0.175
14866.0,United Kingdom,Regular Customers,0,0.03
14867.0,United Kingdom,Regular Customers,0,0.105
14868.0,United Kingdom,Regular Customers,0,0.01
14869.0,United Kingdom,Regular Customers,0,0.27
14870.0,United Kingdom,Regular Customers,1,0.86
14871.0,United Kingdom,Regular Customers,0,0.1
14872.0,United Kingdom,At-Risk Customers,1,0.995
14873.0,United Kingdom,Regular Customers,1,0.95
14874.0,United Kingdom,At-Risk Customers,1,0.995
14875.0,United Kingdom,Regular Customers,1,0.755
14876.0,United Kingdom,At-Risk Customers,1,0.995
14877.0,United Kingdom,At-Risk Customers,1,1.0
14878.0,United Kingdom,Regular Customers,0,0.015
14879.0,United Kingdom,At-Risk Customers,1,1.0
14880.0,United Kingdom,Regular Customers,0,0.115
14881.0,United Kingdom,Regular Customers,0,0.07
14882.0,United Kingdom,Regular Customers,0,0.035
14883.0,United Kingdom,Regular Customers,0,0.19
14884.0,United Kingdom,At-Risk Customers,1,1.0
14885.0,United Kingdom,Regular Customers,1,0.9
14886.0,United Kingdom,At-Risk Customers,1,0.995
14887.0,United Kingdom,Regular Customers,0,0.05
14888.0,United Kingdom,Regular Customers,1,0.94
14889.0,United Kingdom,At-Risk Customers,1,1.0
14890.0,United Kingdom,Regular Customers,1,0.805
14891.0,United Kingdom,Regular Customers,1,0.87
14892.0,United Kingdom,At-Risk Customers,1,1.0
14893.0,United Kingdom,Regular Customers,0,0.025
14894.0,United Kingdom,Regular Customers,0,0.045
14895.0,United Kingdom,Regular Customers,0,0.035
14896.0,United Kingdom,Regular Customers,1,0.81
14897.0,United Kingdom,Regular Customers,0,0.02
14898.0,United Kingdom,Regular Customers,0,0.025
14899.0,United Kingdom,At-Risk Customers,1,0.975
14900.0,United Kingdom,At-Risk Customers,1,0.99
14901.0,United Kingdom,Regular Customers,0,0.1
14902.0,United Kingdom,Regular Customers,0,0.04
14903.0,United Kingdom,Regular Customers,0,0.185
14904.0,United Kingdom,Regular Customers,0,0.105
14905.0,United Kingdom,Regular Customers,1,0.75
14906.0,United Kingdom,At-Risk Customers,1,1.0
14907.0,United Kingdom,Regular Customers,0,0.005
14908.0,United Kingdom,Regular Customers,0,0.085
14909.0,United Kingdom,At-Risk Customers,1,0.965
14910.0,United Kingdom,Regular Customers,0,0.145
14911.0,EIRE,VIP Customers,0,0.02
14912.0,Italy,Regular Customers,0,0.175
14913.0,United Kingdom,Regular Customers,0,0.035
14915.0,United Kingdom,Regular Customers,1,0.655
14916.0,United Kingdom,Regular Customers,0,0.01
14917.0,United Kingdom,At-Risk Customers,1,1.0
14918.0,United Kingdom,Regular Customers,1,0.7
14919.0,United Kingdom,At-Risk Customers,1,1.0
14920.0,United Kingdom,Regular Customers,1,0.915
14921.0,United Kingdom,Regular Customers,0,0.225
14922.0,United Kingdom,At-Risk Customers,1,0.99
14923.0,United Kingdom,Regular Customers,0,0.005
14924.0,United Kingdom,Regular Customers,1,0.9
14926.0,United Kingdom,At-Risk Customers,1,0.995
14927.0,United Kingdom,At-Risk Customers,1,0.995
14928.0,United Kingdom,At-Risk Customers,1,1.0
14929.0,United Kingdom,Regular Customers,0,0.03
14930.0,Channel Islands,Regular Customers,1,0.825
14931.0,Channel Islands,Regular Customers,0,0.05
14932.0,Channel Islands,At-Risk Customers,1,0.995
14933.0,Channel Islands,At-Risk Customers,1,0.985
14934.0,Channel Islands,Regular Customers,0,0.095
14935.0,Channel Islands,At-Risk Customers,1,1.0
14936.0,Channel Islands,Regular Customers,0,0.02
14937.0,Channel Islands,Regular Customers,0,0.045
14938.0,Channel Islands,At-Risk Customers,1,0.99
14940.0,United Kingdom,At-Risk Customers,1,1.0
14941.0,United Kingdom,At-Risk Customers,1,1.0
14942.0,United Kingdom,At-Risk Customers,1,0.985
14943.0,United Kingdom,At-Risk Customers,1,1.0
14944.0,United Kingdom,Regular Customers,0,0.075
14945.0,United Kingdom,At-Risk Customers,1,1.0
14946.0,United Kingdom,Regular Customers,0,0.07
14947.0,United Kingdom,Regular Customers,0,0.295
14948.0,United Kingdom,Regular Customers,0,0.11
14949.0,United Kingdom,At-Risk Customers,1,0.99
14950.0,United Kingdom,Regular Customers,0,0.01
14951.0,United Kingdom,Regular Customers,0,0.055
14952.0,United Kingdom,Regular Customers,0,0.095
14953.0,United Kingdom,Regular Customers,0,0.075
14954.0,United Kingdom,Regular Customers,0,0.02
14955.0,United Kingdom,At-Risk Customers,1,0.99
14956.0,United Kingdom,At-Risk Customers,1,1.0
14957.0,United Kingdom,Regular Customers,1,0.705
14958.0,United Kingdom,Regular Customers,1,0.78
14959.0,United Kingdom,Regular Customers,0,0.14
14960.0,United Kingdom,Regular Customers,0,0.175
14961.0,United Kingdom,Regular Customers,0,0.055
14962.0,United Kingdom,At-Risk Customers,1,0.96
14963.0,United Kingdom,Regular Customers,0,0.005
14964.0,United Kingdom,Regular Customers,1,0.96
14965.0,United Kingdom,Regular Customers,0,0.12
14966.0,United Kingdom,Regular Customers,0,0.12
14967.0,United Kingdom,Regular Customers,0,0.09
14968.0,United Kingdom,Regular Customers,0,0.04
14969.0,United Kingdom,At-Risk Customers,1,0.985
14970.0,United Kingdom,Regular Customers,0,0.065
14971.0,United Kingdom,Regular Customers,0,0.035
14972.0,United Kingdom,Regular Customers,1,0.785
14973.0,United Kingdom,Regular Customers,1,0.895
14974.0,United Kingdom,Regular Customers,0,0.19
14975.0,United Kingdom,Regular Customers,0,0.055
14976.0,United Kingdom,Regular Customers,0,0.225
14977.0,United Kingdom,At-Risk Customers,1,1.0
14978.0,United Kingdom,Regular Customers,0,0.05
14979.0,United Kingdom,At-Risk Customers,1,0.995
14980.0,United Kingdom,At-Risk Customers,1,1.0
14981.0,United Kingdom,Regular Customers,0,0.075
14982.0,United Kingdom,At-Risk Customers,1,1.0
14983.0,United Kingdom,At-Risk Customers,1,0.99
14984.0,United Kingdom,Regular Customers,0,0.39
14985.0,United Kingdom,Regular Customers,1,0.855
14986.0,United Kingdom,At-Risk Customers,1,0.99
14987.0,United Kingdom,Regular Customers,0,0.185
14988.0,United Kingdom,Regular Customers,1,0.645
14989.0,United Kingdom,At-Risk Customers,1,0.985
14990.0,United Kingdom,At-Risk Customers,1,1.0
14991.0,United Kingdom,At-Risk Customers,1,0.985
14992.0,United Kingdom,At-Risk Customers,1,0.99
14993.0,United Kingdom,At-Risk Customers,1,0.995
14994.0,United Kingdom,At-Risk Customers,1,0.955
14995.0,United Kingdom,Regular Customers,0,0.225
14996.0,United Kingdom,At-Risk Customers,1,0.99
14997.0,United Kingdom,Regular Customers,0,0.11
14998.0,United Kingdom,Regular Customers,0,0.35
14999.0,United Kingdom,At-Risk Customers,1,1.0
15000.0,United Kingdom,Regular Customers,0,0.07
15001.0,United Kingdom,At-Risk Customers,1,0.995
15002.0,United Kingdom,Regular Customers,1,0.7
15003.0,United Kingdom,At-Risk Customers,1,0.97
15004.0,United Kingdom,Regular Customers,1,0.895
15005.0,United Kingdom,Regular Customers,0,0.13
15006.0,United Kingdom,Regular Customers,0,0.065
15007.0,United Kingdom,Regular Customers,1,0.98
15008.0,United Kingdom,At-Risk Customers,1,0.985
15009.0,United Kingdom,Regular Customers,0,0.02
15010.0,United Kingdom,Regular Customers,0,0.015
15011.0,United Kingdom,At-Risk Customers,1,1.0
15012.0,United Kingdom,Regular Customers,0,0.05
15013.0,United Kingdom,At-Risk Customers,1,0.855
15014.0,United Kingdom,Regular Customers,0,0.235
15015.0,United Kingdom,At-Risk Customers,1,0.83
15016.0,United Kingdom,Regular Customers,1,0.705
15017.0,United Kingdom,Regular Customers,0,0.115
15018.0,United Kingdom,Regular Customers,0,0.025
15019.0,United Kingdom,At-Risk Customers,1,1.0
15020.0,United Kingdom,At-Risk Customers,1,1.0
15021.0,United Kingdom,Regular Customers,0,0.025
15022.0,United Kingdom,Regular Customers,0,0.03
15023.0,United Kingdom,Regular Customers,0,0.075
15024.0,United Kingdom,Regular Customers,0,0.005
15025.0,United Kingdom,Regular Customers,0,0.23
15026.0,United Kingdom,Regular Customers,0,0.035
15027.0,United Kingdom,Regular Customers,0,0.125
15028.0,United Kingdom,Regular Customers,0,0.075
15029.0,United Kingdom,At-Risk Customers,1,1.0
15030.0,United Kingdom,Regular Customers,1,0.54
15031.0,United Kingdom,Regular Customers,0,0.12
15032.0,United Kingdom,Regular Customers,1,0.745
15033.0,United Kingdom,Regular Customers,0,0.025
15034.0,United Kingdom,Regular Customers,0,0.015
15035.0,United Kingdom,Regular Customers,0,0.01
15036.0,United Kingdom,Regular Customers,0,0.085
15037.0,United Kingdom,At-Risk Customers,1,0.995
15038.0,United Kingdom,Regular Customers,0,0.065
15039.0,United Kingdom,Loyal Customers,0,0.0
15040.0,United Kingdom,At-Risk Customers,1,1.0
15041.0,United Kingdom,Regular Customers,1,0.95
15042.0,United Kingdom,Regular Customers,1,0.68
15043.0,United Kingdom,Regular Customers,0,0.185
15044.0,United Kingdom,Regular Customers,0,0.035
15045.0,United Kingdom,Regular Customers,0,0.5
15046.0,United Kingdom,Regular Customers,0,0.01
15047.0,United Kingdom,At-Risk Customers,1,0.99
15048.0,United Kingdom,Regular Customers,0,0.155
15049.0,United Kingdom,At-Risk Customers,1,1.0
15050.0,United Kingdom,Regular Customers,0,0.155
15051.0,United Kingdom,Regular Customers,0,0.02
15052.0,United Kingdom,At-Risk Customers,1,1.0
15053.0,United Kingdom,Regular Customers,0,0.2
15054.0,United Kingdom,Regular Customers,0,0.125
15055.0,United Kingdom,At-Risk Customers,1,0.995
15056.0,United Kingdom,At-Risk Customers,1,1.0
15057.0,United Kingdom,At-Risk Customers,1,0.995
15058.0,United Kingdom,Regular Customers,0,0.04
15059.0,United Kingdom,Regular Customers,0,0.05
15060.0,United Kingdom,Regular Customers,0,0.085
15061.0,United Kingdom,Loyal Customers,0,0.0
15062.0,United Kingdom,Regular Customers,0,0.175
15063.0,United Kingdom,Regular Customers,1,0.96
15064.0,United Kingdom,At-Risk Customers,1,1.0
15065.0,United Kingdom,Regular Customers,0,0.12
15066.0,United Kingdom,Regular Customers,0,0.065
15067.0,United Kingdom,Regular Customers,0,0.055
15068.0,United Kingdom,Regular Customers,0,0.045
15069.0,United Kingdom,Regular Customers,1,0.74
15070.0,United Kingdom,At-Risk Customers,1,0.995
15071.0,United Kingdom,Regular Customers,1,0.72
15072.0,United Kingdom,At-Risk Customers,1,1.0
15073.0,United Kingdom,Regular Customers,0,0.025
15074.0,United Kingdom,Regular Customers,1,0.845
15075.0,United Kingdom,Regular Customers,0,0.015
15076.0,United Kingdom,Regular Customers,1,0.735
15077.0,United Kingdom,At-Risk Customers,1,0.98
15078.0,United Kingdom,Regular Customers,0,0.03
15079.0,United Kingdom,Regular Customers,1,0.705
15080.0,United Kingdom,At-Risk Customers,1,0.99
15081.0,United Kingdom,Regular Customers,0,0.085
15082.0,United Kingdom,At-Risk Customers,1,1.0
15083.0,United Kingdom,At-Risk Customers,1,1.0
15084.0,United Kingdom,At-Risk Customers,1,0.995
15085.0,United Kingdom,At-Risk Customers,1,0.995
15086.0,United Kingdom,At-Risk Customers,1,1.0
15087.0,United Kingdom,At-Risk Customers,1,1.0
15088.0,United Kingdom,Regular Customers,0,0.015
15089.0,United Kingdom,Regular Customers,0,0.225
15090.0,United Kingdom,At-Risk Customers,1,1.0
15091.0,United Kingdom,Regular Customers,0,0.03
15092.0,United Kingdom,Regular Customers,1,0.95
15093.0,United Kingdom,Regular Customers,0,0.04
15094.0,United Kingdom,At-Risk Customers,1,0.995
15095.0,United Kingdom,Regular Customers,1,0.725
15096.0,United Kingdom,Regular Customers,0,0.005
15097.0,United Kingdom,Regular Customers,0,0.4
15098.0,United Kingdom,Regular Customers,1,0.83
15099.0,United Kingdom,Regular Customers,0,0.03
15100.0,United Kingdom,At-Risk Customers,1,0.975
15101.0,United Kingdom,Regular Customers,1,0.585
15102.0,United Kingdom,At-Risk Customers,1,0.995
15103.0,United Kingdom,Regular Customers,0,0.12
15104.0,United Kingdom,Regular Customers,1,0.845
15105.0,United Kingdom,Regular Customers,0,0.005
15106.0,United Kingdom,Regular Customers,0,0.14
15107.0,United Kingdom,At-Risk Customers,1,0.985
15108.0,European Community,Regular Customers,1,0.53
15109.0,United Kingdom,Regular Customers,1,0.905
15110.0,United Kingdom,Regular Customers,0,0.1
15111.0,United Kingdom,Regular Customers,0,0.105
15112.0,United Kingdom,At-Risk Customers,1,1.0
15113.0,United Kingdom,Regular Customers,0,0.18
15114.0,United Kingdom,Regular Customers,0,0.015
15115.0,United Kingdom,Regular Customers,0,0.03
15116.0,United Kingdom,Regular Customers,0,0.005
15117.0,United Kingdom,Regular Customers,0,0.055
15118.0,United Kingdom,Regular Customers,1,0.94
15119.0,United Kingdom,Regular Customers,1,0.95
15120.0,United Kingdom,Regular Customers,1,0.98
15121.0,United Kingdom,Regular Customers,0,0.07
15122.0,United Kingdom,Regular Customers,0,0.425
15123.0,United Kingdom,Regular Customers,0,0.29
15124.0,United Kingdom,Regular Customers,0,0.265
15125.0,United Kingdom,Regular Customers,0,0.045
15126.0,United Kingdom,At-Risk Customers,1,0.97
15127.0,United Kingdom,Regular Customers,0,0.065
15128.0,United Kingdom,Regular Customers,0,0.145
15129.0,United Kingdom,Regular Customers,0,0.01
15130.0,United Kingdom,Regular Customers,1,0.985
15131.0,United Kingdom,At-Risk Customers,1,1.0
15132.0,United Kingdom,Regular Customers,0,0.265
15133.0,United Kingdom,Regular Customers,1,0.735
15134.0,United Kingdom,Regular Customers,0,0.125
15135.0,United Kingdom,Regular Customers,1,0.785
15136.0,United Kingdom,Regular Customers,0,0.015
15137.0,United Kingdom,At-Risk Customers,1,1.0
15138.0,United Kingdom,At-Risk Customers,1,1.0
15139.0,United Kingdom,Regular Customers,1,0.78
15140.0,United Kingdom,Regular Customers,0,0.125
15141.0,United Kingdom,At-Risk Customers,1,0.975
15142.0,United Kingdom,Regular Customers,0,0.125
15143.0,United Kingdom,Regular Customers,1,0.61
15144.0,United Kingdom,Regular Customers,0,0.01
15145.0,United Kingdom,Regular Customers,0,0.21
15146.0,United Kingdom,Regular Customers,1,0.83
15147.0,United Kingdom,Regular Customers,1,0.87
15148.0,United Kingdom,Regular Customers,0,0.01
15149.0,United Kingdom,Regular Customers,1,0.785
15150.0,United Kingdom,Regular Customers,0,0.055
15151.0,United Kingdom,At-Risk Customers,1,0.99
15152.0,United Kingdom,Regular Customers,0,0.025
15153.0,United Kingdom,Regular Customers,0,0.005
15154.0,United Kingdom,Regular Customers,0,0.195
15155.0,United Kingdom,At-Risk Customers,1,0.995
15156.0,United Kingdom,Regular Customers,0,0.145
15157.0,United Kingdom,Regular Customers,0,0.165
15158.0,United Kingdom,Regular Customers,0,0.12
15159.0,United Kingdom,Regular Customers,0,0.0
15160.0,United Kingdom,At-Risk Customers,1,0.985
15161.0,United Kingdom,At-Risk Customers,1,0.965
15162.0,United Kingdom,At-Risk Customers,1,1.0
15163.0,United Kingdom,Regular Customers,0,0.0475
15164.0,United Kingdom,Regular Customers,0,0.05
15165.0,United Kingdom,At-Risk Customers,1,1.0
15166.0,United Kingdom,At-Risk Customers,1,1.0
15167.0,United Kingdom,At-Risk Customers,1,0.985
15168.0,United Kingdom,Regular Customers,0,0.02
15169.0,United Kingdom,At-Risk Customers,1,1.0
15170.0,United Kingdom,At-Risk Customers,1,1.0
15171.0,United Kingdom,At-Risk Customers,1,0.995
15172.0,United Kingdom,Regular Customers,0,0.195
15173.0,United Kingdom,At-Risk Customers,1,0.975
15174.0,United Kingdom,At-Risk Customers,1,0.99
15175.0,United Kingdom,Regular Customers,0,0.015
15176.0,United Kingdom,At-Risk Customers,1,1.0
15177.0,United Kingdom,At-Risk Customers,1,0.985
15178.0,United Kingdom,At-Risk Customers,1,1.0
15179.0,United Kingdom,Regular Customers,0,0.025
15180.0,United Kingdom,At-Risk Customers,1,0.985
15181.0,United Kingdom,Regular Customers,0,0.125
15182.0,United Kingdom,Regular Customers,1,0.675
15183.0,United Kingdom,At-Risk Customers,1,0.975
15184.0,United Kingdom,Regular Customers,0,0.06
15185.0,United Kingdom,Regular Customers,0,0.055
15186.0,United Kingdom,Regular Customers,0,0.175
15187.0,United Kingdom,Regular Customers,0,0.02
15188.0,United Kingdom,At-Risk Customers,1,1.0
15189.0,United Kingdom,Regular Customers,0,0.01
15190.0,United Kingdom,At-Risk Customers,1,0.99
15191.0,United Kingdom,At-Risk Customers,1,1.0
15192.0,United Kingdom,Regular Customers,1,0.76
15193.0,United Kingdom,Regular Customers,0,0.075
15194.0,United Kingdom,Regular Customers,0,0.005
15195.0,United Kingdom,Regular Customers,0,0.17
15196.0,United Kingdom,At-Risk Customers,1,1.0
15197.0,United Kingdom,Regular Customers,0,0.04
15198.0,United Kingdom,Regular Customers,1,0.88
15199.0,United Kingdom,Regular Customers,0,0.03
15200.0,United Kingdom,At-Risk Customers,1,1.0
15201.0,United Kingdom,Regular Customers,0,0.265
15202.0,United Kingdom,At-Risk Customers,1,0.975
15203.0,United Kingdom,Regular Customers,0,0.015
15204.0,United Kingdom,At-Risk Customers,1,1.0
15205.0,United Kingdom,Regular Customers,0,0.205
15206.0,United Kingdom,Regular Customers,0,0.065
15207.0,United Kingdom,At-Risk Customers,1,0.99
15208.0,United Kingdom,Regular Customers,0,0.065
15209.0,United Kingdom,At-Risk Customers,1,0.99
15210.0,United Kingdom,Regular Customers,1,0.8
15211.0,United Kingdom,Regular Customers,0,0.07
15212.0,United Kingdom,Regular Customers,0,0.13
15213.0,United Kingdom,At-Risk Customers,1,0.99
15214.0,United Kingdom,Regular Customers,0,0.1
15215.0,United Kingdom,Regular Customers,0,0.02
15216.0,United Kingdom,Regular Customers,0,0.285
15217.0,United Kingdom,At-Risk Customers,1,1.0
15218.0,United Kingdom,Regular Customers,0,0.05
15219.0,United Kingdom,Regular Customers,1,0.89
15220.0,United Kingdom,Regular Customers,1,0.615
15221.0,United Kingdom,At-Risk Customers,1,0.99
15222.0,United Kingdom,At-Risk Customers,1,0.94
15223.0,United Kingdom,Regular Customers,1,0.765
15224.0,United Kingdom,At-Risk Customers,1,0.985
15225.0,United Kingdom,Regular Customers,1,0.865
15226.0,United Kingdom,At-Risk Customers,1,1.0
15227.0,United Kingdom,Regular Customers,0,0.065
15228.0,United Kingdom,Regular Customers,0,0.17
15229.0,United Kingdom,At-Risk Customers,1,1.0
15230.0,United Kingdom,Regular Customers,1,0.74
15231.0,United Kingdom,At-Risk Customers,1,1.0
15232.0,United Kingdom,Regular Customers,1,0.96
15233.0,United Kingdom,At-Risk Customers,1,1.0
15234.0,United Kingdom,At-Risk Customers,1,0.995
15235.0,United Kingdom,Regular Customers,0,0.055
15236.0,United Kingdom,At-Risk Customers,1,1.0
15237.0,United Kingdom,Regular Customers,0,0.075
15238.0,United Kingdom,Regular Customers,0,0.025
15239.0,United Kingdom,Regular Customers,0,0.085
15240.0,United Kingdom,Regular Customers,0,0.035
15241.0,United Kingdom,Regular Customers,0,0.16
15242.0,United Kingdom,At-Risk Customers,1,0.98
15243.0,United Kingdom,Regular Customers,0,0.045
15244.0,United Kingdom,Regular Customers,0,0.065
15245.0,United Kingdom,Regular Customers,0,0.34
15246.0,United Kingdom,Regular Customers,1,0.83
15247.0,United Kingdom,Regular Customers,1,0.875
15248.0,United Kingdom,At-Risk Customers,1,0.99
15249.0,United Kingdom,Regular Customers,0,0.025
15250.0,United Kingdom,At-Risk Customers,1,0.995
15251.0,United Kingdom,Regular Customers,0,0.065
15252.0,United Kingdom,Regular Customers,0,0.145
15253.0,United Kingdom,Regular Customers,0,0.085
15254.0,United Kingdom,Regular Customers,0,0.495
15255.0,United Kingdom,Regular Customers,0,0.015
15256.0,United Kingdom,Regular Customers,1,0.9
15257.0,United Kingdom,At-Risk Customers,1,0.96
15258.0,United Kingdom,Regular Customers,1,0.895
15259.0,United Kingdom,At-Risk Customers,1,0.995
15260.0,United Kingdom,Regular Customers,0,0.04
15261.0,United Kingdom,Regular Customers,0,0.15
15262.0,United Kingdom,At-Risk Customers,1,0.99
15263.0,United Kingdom,Regular Customers,1,0.93
15264.0,United Kingdom,Regular Customers,0,0.15
15265.0,United Kingdom,Regular Customers,1,0.81
15266.0,United Kingdom,At-Risk Customers,1,0.98
15267.0,United Kingdom,Regular Customers,0,0.2
15268.0,United Kingdom,At-Risk Customers,1,1.0
15269.0,United Kingdom,Regular Customers,0,0.03
15270.0,United Kingdom,Regular Customers,0,0.02
15271.0,United Kingdom,Regular Customers,0,0.045
15272.0,United Kingdom,Regular Customers,0,0.205
15273.0,United Kingdom,At-Risk Customers,1,1.0
15274.0,United Kingdom,Regular Customers,0,0.06
15275.0,United Kingdom,Regular Customers,0,0.025
15276.0,United Kingdom,Regular Customers,0,0.03
15277.0,United Kingdom,Regular Customers,0,0.07
15278.0,United Kingdom,At-Risk Customers,1,1.0
15279.0,United Kingdom,At-Risk Customers,1,0.985
15280.0,United Kingdom,Regular Customers,1,0.855
15281.0,United Kingdom,Regular Customers,0,0.04
15282.0,United Kingdom,At-Risk Customers,1,1.0
15283.0,United Kingdom,At-Risk Customers,1,0.95
15284.0,United Kingdom,At-Risk Customers,1,0.985
15285.0,United Kingdom,At-Risk Customers,1,0.98
15286.0,United Kingdom,Regular Customers,0,0.025
15287.0,United Kingdom,Regular Customers,0,0.07
15288.0,United Kingdom,Regular Customers,0,0.125
15289.0,United Kingdom,Regular Customers,0,0.275
15290.0,United Kingdom,Regular Customers,0,0.01
15291.0,United Kingdom,Regular Customers,0,0.085
15292.0,United Kingdom,Regular Customers,1,0.955
15293.0,United Kingdom,At-Risk Customers,1,1.0
15294.0,United Kingdom,At-Risk Customers,1,1.0
15295.0,United Kingdom,At-Risk Customers,1,0.995
15296.0,United Kingdom,Regular Customers,0,0.03
15297.0,United Kingdom,Regular Customers,0,0.095
15298.0,United Kingdom,Regular Customers,0,0.07
15299.0,United Kingdom,Regular Customers,0,0.14
15300.0,United Kingdom,Regular Customers,0,0.265
15301.0,United Kingdom,Regular Customers,0,0.025
15302.0,United Kingdom,At-Risk Customers,1,1.0
15303.0,United Kingdom,At-Risk Customers,1,0.995
15304.0,United Kingdom,Regular Customers,0,0.12
15305.0,United Kingdom,At-Risk Customers,1,1.0
15306.0,United Kingdom,Regular Customers,0,0.06
15307.0,United Kingdom,Regular Customers,1,0.68
15308.0,United Kingdom,At-Risk Customers,1,1.0
15309.0,United Kingdom,At-Risk Customers,1,1.0
15310.0,United Kingdom,At-Risk Customers,1,0.995
15311.0,United Kingdom,Loyal Customers,0,0.005
15312.0,United Kingdom,Regular Customers,0,0.0
15313.0,United Kingdom,Regular Customers,1,0.975
15314.0,United Kingdom,Regular Customers,1,0.65
15315.0,United Kingdom,Regular Customers,0,0.025
15316.0,United Kingdom,At-Risk Customers,1,0.975
15317.0,United Kingdom,At-Risk Customers,1,1.0
15318.0,United Kingdom,Regular Customers,0,0.045
15319.0,United Kingdom,At-Risk Customers,1,1.0
15320.0,United Kingdom,Regular Customers,0,0.04
15321.0,United Kingdom,Regular Customers,0,0.02
15322.0,United Kingdom,Regular Customers,0,0.04
15323.0,United Kingdom,At-Risk Customers,1,0.99
15324.0,United Kingdom,At-Risk Customers,1,1.0
15325.0,United Kingdom,Regular Customers,1,0.745
15326.0,United Kingdom,At-Risk Customers,1,0.98
15327.0,United Kingdom,Regular Customers,0,0.01
15328.0,United Kingdom,At-Risk Customers,1,0.98
15329.0,United Kingdom,Regular Customers,0,0.165
15330.0,United Kingdom,Regular Customers,0,0.065
15331.0,United Kingdom,At-Risk Customers,1,0.995
15332.0,Lithuania,At-Risk Customers,1,0.98
15333.0,United Kingdom,Regular Customers,1,0.955
15334.0,United Kingdom,Regular Customers,1,0.835
15335.0,United Kingdom,Regular Customers,0,0.03
15336.0,United Kingdom,At-Risk Customers,1,1.0
15337.0,United Kingdom,At-Risk Customers,1,0.99
15338.0,United Kingdom,At-Risk Customers,1,0.99
15339.0,United Kingdom,Regular Customers,0,0.045
15340.0,United Kingdom,At-Risk Customers,1,1.0
15341.0,United Kingdom,Regular Customers,0,0.11
15342.0,United Kingdom,Regular Customers,1,0.985
15343.0,United Kingdom,Regular Customers,0,0.025
15344.0,United Kingdom,Regular Customers,0,0.07
15345.0,United Kingdom,Regular Customers,0,0.025
15346.0,United Kingdom,At-Risk Customers,1,1.0
15347.0,United Kingdom,At-Risk Customers,1,0.985
15348.0,United Kingdom,Regular Customers,0,0.02
15349.0,United Kingdom,Regular Customers,1,0.94
15350.0,United Kingdom,At-Risk Customers,1,1.0
15351.0,United Kingdom,Regular Customers,0,0.005
15352.0,United Kingdom,At-Risk Customers,1,1.0
15353.0,United Kingdom,Regular Customers,0,0.325
15354.0,United Kingdom,At-Risk Customers,1,0.985
15355.0,United Kingdom,Regular Customers,0,0.09
15356.0,United Kingdom,Regular Customers,0,0.0
15358.0,United Kingdom,Regular Customers,0,0.01
15359.0,United Kingdom,At-Risk Customers,1,0.93
15360.0,United Kingdom,Regular Customers,0,0.1
15361.0,United Kingdom,At-Risk Customers,1,0.98
15362.0,United Kingdom,At-Risk Customers,1,1.0
15363.0,United Kingdom,At-Risk Customers,1,0.94
15364.0,United Kingdom,Regular Customers,1,0.755
15365.0,United Kingdom,Regular Customers,0,0.02
15366.0,United Kingdom,Regular Customers,0,0.065
15367.0,United Kingdom,Regular Customers,0,0.11
15368.0,United Kingdom,Regular Customers,0,0.09
15369.0,United Kingdom,At-Risk Customers,1,0.875
15370.0,United Kingdom,Regular Customers,0,0.095
15371.0,United Kingdom,At-Risk Customers,1,0.995
15372.0,United Kingdom,Regular Customers,1,0.725
15373.0,United Kingdom,Regular Customers,0,0.11
15374.0,United Kingdom,Regular Customers,1,0.83
15375.0,United Kingdom,At-Risk Customers,1,1.0
15376.0,United Kingdom,Regular Customers,0,0.155
15377.0,United Kingdom,At-Risk Customers,1,0.98
15378.0,United Kingdom,At-Risk Customers,1,0.98
15379.0,United Kingdom,Regular Customers,1,0.645
15380.0,United Kingdom,Regular Customers,0,0.44
15381.0,United Kingdom,Regular Customers,1,0.795
15382.0,United Kingdom,Regular Customers,0,0.04
15384.0,United Kingdom,Regular Customers,1,0.695
15385.0,United Kingdom,Regular Customers,0,0.055
15386.0,United Kingdom,Regular Customers,1,0.965
15387.0,United Kingdom,At-Risk Customers,1,0.975
15388.0,Canada,At-Risk Customers,1,1.0
15389.0,United Kingdom,Regular Customers,1,0.555
15390.0,Canada,At-Risk Customers,1,0.985
15391.0,United Kingdom,At-Risk Customers,1,0.995
15392.0,United Kingdom,Regular Customers,0,0.025
15393.0,United Kingdom,Regular Customers,0,0.265
15394.0,United Kingdom,Regular Customers,0,0.005
15395.0,United Kingdom,At-Risk Customers,1,0.995
15396.0,United Kingdom,Regular Customers,1,0.88
15397.0,United Kingdom,At-Risk Customers,1,1.0
15398.0,United Kingdom,Regular Customers,0,0.035
15399.0,United Kingdom,Regular Customers,0,0.265
15400.0,United Kingdom,Regular Customers,1,0.765
15401.0,United Kingdom,At-Risk Customers,1,1.0
15402.0,United Kingdom,Regular Customers,1,0.8
15403.0,United Kingdom,At-Risk Customers,1,0.98
15404.0,United Kingdom,At-Risk Customers,1,1.0
15405.0,United Kingdom,Regular Customers,1,0.955
15406.0,United Kingdom,Regular Customers,0,0.04
15407.0,United Kingdom,Regular Customers,0,0.075
15408.0,United Kingdom,At-Risk Customers,1,1.0
15409.0,United Kingdom,At-Risk Customers,1,1.0
15410.0,United Kingdom,Regular Customers,0,0.05
15411.0,United Kingdom,Regular Customers,0,0.045
15412.0,United Kingdom,Regular Customers,1,0.965
15413.0,United Kingdom,At-Risk Customers,1,0.96
15414.0,United Kingdom,Regular Customers,0,0.04
15415.0,United Kingdom,At-Risk Customers,1,1.0
15416.0,United Kingdom,Regular Customers,0,0.19
15417.0,United Kingdom,Regular Customers,0,0.25
15418.0,United Kingdom,At-Risk Customers,1,0.99
15419.0,United Kingdom,Regular Customers,0,0.015
15420.0,United Kingdom,At-Risk Customers,1,0.97
15421.0,United Kingdom,Regular Customers,0,0.035
15422.0,United Kingdom,At-Risk Customers,1,0.99
15423.0,United Kingdom,Regular Customers,1,0.75
15424.0,United Kingdom,Regular Customers,1,0.87
15425.0,United Kingdom,At-Risk Customers,1,0.985
15426.0,United Kingdom,Regular Customers,0,0.11
15427.0,United Kingdom,Regular Customers,0,0.055
15428.0,United Kingdom,Regular Customers,0,0.095
15429.0,United Kingdom,Regular Customers,0,0.05
15430.0,United Kingdom,At-Risk Customers,1,0.985
15431.0,United Kingdom,At-Risk Customers,1,1.0
15432.0,United Kingdom,Regular Customers,0,0.15
15433.0,United Kingdom,Regular Customers,1,0.91
15434.0,United Kingdom,Regular Customers,0,0.025
15435.0,United Kingdom,Regular Customers,0,0.045
15436.0,United Kingdom,Regular Customers,0,0.06
15437.0,United Kingdom,At-Risk Customers,1,1.0
15438.0,United Kingdom,Regular Customers,1,0.925
15439.0,United Kingdom,At-Risk Customers,1,1.0
15440.0,United Kingdom,Regular Customers,0,0.05
15441.0,United Kingdom,At-Risk Customers,1,1.0
15442.0,United Kingdom,Regular Customers,1,0.93
15443.0,United Kingdom,Regular Customers,0,0.03
15444.0,United Kingdom,Regular Customers,0,0.005
15445.0,United Kingdom,At-Risk Customers,1,0.985
15446.0,United Kingdom,At-Risk Customers,1,0.99
15447.0,United Kingdom,At-Risk Customers,1,0.99
15448.0,United Kingdom,At-Risk Customers,1,0.99
15449.0,United Kingdom,Regular Customers,0,0.215
15450.0,United Kingdom,Regular Customers,0,0.01
15451.0,United Kingdom,At-Risk Customers,1,0.995
15452.0,United Kingdom,Regular Customers,0,0.12
15453.0,United Kingdom,Regular Customers,0,0.04
15454.0,United Kingdom,At-Risk Customers,1,0.995
15455.0,United Kingdom,At-Risk Customers,1,1.0
15456.0,United Kingdom,At-Risk Customers,1,0.945
15457.0,United Kingdom,At-Risk Customers,1,1.0
15458.0,United Kingdom,Regular Customers,0,0.14
15459.0,United Kingdom,At-Risk Customers,1,0.98
15460.0,United Kingdom,At-Risk Customers,1,0.995
15461.0,United Kingdom,At-Risk Customers,1,0.99
15462.0,United Kingdom,Regular Customers,0,0.16
15463.0,United Kingdom,Regular Customers,0,0.02
15464.0,United Kingdom,At-Risk Customers,1,0.965
15465.0,United Kingdom,Regular Customers,0,0.01
15466.0,United Kingdom,Regular Customers,0,0.035
15467.0,United Kingdom,Regular Customers,1,0.58
15468.0,United Kingdom,Regular Customers,0,0.06
15469.0,United Kingdom,Regular Customers,0,0.095
15470.0,United Kingdom,At-Risk Customers,1,0.995
15471.0,United Kingdom,Regular Customers,0,0.145
15472.0,United Kingdom,Regular Customers,1,0.945
15473.0,United Kingdom,Regular Customers,0,0.25
15474.0,United Kingdom,At-Risk Customers,1,1.0
15475.0,United Kingdom,Regular Customers,0,0.075
15476.0,United Kingdom,At-Risk Customers,1,0.985
15477.0,United Kingdom,At-Risk Customers,1,0.99
15478.0,United Kingdom,Regular Customers,0,0.065
15479.0,United Kingdom,At-Risk Customers,1,0.995
15480.0,Malta,Regular Customers,1,0.77
15481.0,Norway,At-Risk Customers,1,0.995
15482.0,United Kingdom,Regular Customers,0,0.07
15483.0,United Kingdom,Regular Customers,1,0.725
15484.0,United Kingdom,Regular Customers,0,0.03
15485.0,United Kingdom,Regular Customers,0,0.2
15486.0,United Kingdom,At-Risk Customers,1,1.0
15487.0,United Kingdom,At-Risk Customers,1,1.0
15488.0,United Kingdom,Regular Customers,0,0.245
15489.0,United Kingdom,Regular Customers,0,0.075
15490.0,United Kingdom,At-Risk Customers,1,1.0
15491.0,United Kingdom,Regular Customers,1,0.785
15492.0,United Kingdom,Regular Customers,0,0.015
15493.0,United Kingdom,Regular Customers,0,0.16
15494.0,United Kingdom,Regular Customers,0,0.46
15495.0,United Kingdom,At-Risk Customers,1,1.0
15496.0,United Kingdom,At-Risk Customers,1,1.0
15497.0,United Kingdom,Regular Customers,0,0.345
15498.0,United Kingdom,Regular Customers,0,0.005
15499.0,United Kingdom,At-Risk Customers,1,1.0
15500.0,United Kingdom,Regular Customers,0,0.395
15501.0,United Kingdom,At-Risk Customers,1,0.98
15502.0,United Kingdom,Regular Customers,0,0.08
15503.0,United Kingdom,At-Risk Customers,1,0.965
15504.0,United Kingdom,Regular Customers,0,0.21
15505.0,United Kingdom,Regular Customers,0,0.29
15506.0,United Kingdom,Regular Customers,0,0.06
15507.0,United Kingdom,Regular Customers,1,0.945
15508.0,United Kingdom,Regular Customers,1,0.66
15509.0,United Kingdom,At-Risk Customers,1,1.0
15510.0,United Kingdom,At-Risk Customers,1,1.0
15511.0,United Kingdom,Regular Customers,0,0.105
15512.0,United Kingdom,Regular Customers,1,0.68
15513.0,United Kingdom,Regular Customers,0,0.035
15514.0,United Kingdom,Regular Customers,0,0.01
15515.0,United Kingdom,At-Risk Customers,1,0.99
15516.0,United Kingdom,Regular Customers,0,0.11
15517.0,United Kingdom,Regular Customers,1,0.965
15518.0,United Kingdom,Regular Customers,0,0.22
15519.0,United Kingdom,At-Risk Customers,1,1.0
15520.0,United Kingdom,Regular Customers,0,0.07
15521.0,United Kingdom,Regular Customers,0,0.015
15522.0,United Kingdom,Regular Customers,0,0.02
15523.0,United Kingdom,Regular Customers,0,0.05
15524.0,United Kingdom,Regular Customers,0,0.245
15525.0,United Kingdom,Regular Customers,0,0.195
15526.0,United Kingdom,Regular Customers,0,0.1
15527.0,United Kingdom,Regular Customers,0,0.065
15528.0,United Kingdom,At-Risk Customers,1,1.0
15529.0,United Kingdom,Regular Customers,0,0.005
15530.0,United Kingdom,Regular Customers,0,0.175
15531.0,United Kingdom,Regular Customers,0,0.06
15532.0,United Kingdom,Regular Customers,0,0.11
15533.0,United Kingdom,Regular Customers,0,0.04
15534.0,United Kingdom,At-Risk Customers,1,1.0
15535.0,United Kingdom,Regular Customers,1,0.68
15536.0,United Kingdom,At-Risk Customers,1,1.0
15537.0,United Kingdom,Regular Customers,1,0.935
15538.0,United Kingdom,At-Risk Customers,1,0.98
15539.0,United Kingdom,Regular Customers,0,0.06
15540.0,United Kingdom,Regular Customers,0,0.025
15541.0,United Kingdom,Regular Customers,1,0.98
15542.0,United Kingdom,At-Risk Customers,1,0.985
15543.0,United Kingdom,At-Risk Customers,1,0.99
15544.0,United Kingdom,Regular Customers,0,0.02
15545.0,United Kingdom,Regular Customers,0,0.13
15546.0,United Kingdom,At-Risk Customers,1,0.97
15547.0,United Kingdom,Regular Customers,0,0.0
15548.0,United Kingdom,At-Risk Customers,1,1.0
15549.0,United Kingdom,Regular Customers,0,0.09
15550.0,United Kingdom,Regular Customers,0,0.065
15551.0,United Kingdom,Regular Customers,0,0.025
15552.0,United Kingdom,Regular Customers,1,0.91
15553.0,United Kingdom,Regular Customers,0,0.01
15554.0,United Kingdom,At-Risk Customers,1,1.0
15555.0,United Kingdom,Regular Customers,0,0.045
15556.0,United Kingdom,Regular Customers,0,0.01
15557.0,United Kingdom,Regular Customers,0,0.075
15558.0,United Kingdom,At-Risk Customers,1,1.0
15559.0,United Kingdom,At-Risk Customers,1,1.0
15560.0,United Kingdom,At-Risk Customers,1,1.0
15561.0,United Kingdom,Regular Customers,0,0.145
15562.0,United Kingdom,At-Risk Customers,1,1.0
15563.0,United Kingdom,Regular Customers,0,0.155
15564.0,United Kingdom,At-Risk Customers,1,1.0
15565.0,United Kingdom,Regular Customers,0,0.44
15566.0,United Kingdom,At-Risk Customers,1,0.99
15567.0,United Kingdom,Regular Customers,0,0.02
15568.0,United Kingdom,Regular Customers,0,0.09
15569.0,United Kingdom,Regular Customers,1,0.675
15570.0,United Kingdom,Regular Customers,0,0.02
15571.0,United Kingdom,Regular Customers,0,0.02
15572.0,United Kingdom,Regular Customers,0,0.045
15573.0,United Kingdom,Regular Customers,0,0.025
15574.0,United Kingdom,Regular Customers,0,0.455
15575.0,United Kingdom,At-Risk Customers,1,0.995
15576.0,United Kingdom,Regular Customers,0,0.005
15577.0,United Kingdom,Regular Customers,1,0.86
15578.0,United Kingdom,Regular Customers,1,0.97
15579.0,United Kingdom,Regular Customers,0,0.025
15580.0,United Kingdom,At-Risk Customers,1,0.955
15581.0,United Kingdom,Regular Customers,1,0.685
15582.0,United Kingdom,Regular Customers,0,0.225
15583.0,United Kingdom,At-Risk Customers,1,0.96
15584.0,United Kingdom,Regular Customers,0,0.035
15585.0,United Kingdom,Regular Customers,1,0.91
15586.0,United Kingdom,At-Risk Customers,1,0.995
15587.0,United Kingdom,Regular Customers,0,0.25
15588.0,United Kingdom,At-Risk Customers,1,1.0
15589.0,United Kingdom,Regular Customers,1,0.945
15590.0,United Kingdom,At-Risk Customers,1,1.0
15591.0,United Kingdom,At-Risk Customers,1,0.985
15592.0,United Kingdom,Regular Customers,0,0.13
15593.0,United Kingdom,Regular Customers,0,0.025
15594.0,United Kingdom,Regular Customers,0,0.05
15595.0,United Kingdom,At-Risk Customers,1,0.995
15596.0,United Kingdom,Regular Customers,0,0.015
15597.0,United Kingdom,Regular Customers,0,0.04
15598.0,United Kingdom,Regular Customers,0,0.045
15599.0,United Kingdom,Regular Customers,0,0.16
15600.0,United Kingdom,At-Risk Customers,1,1.0
15601.0,United Kingdom,Regular Customers,0,0.005
15602.0,United Kingdom,Regular Customers,0,0.01
15603.0,United Kingdom,Regular Customers,0,0.04
15604.0,United Kingdom,Regular Customers,0,0.035
15605.0,United Kingdom,Regular Customers,0,0.115
15606.0,United Kingdom,Regular Customers,0,0.04
15607.0,United Kingdom,At-Risk Customers,1,0.98
15608.0,United Kingdom,Regular Customers,0,0.045
15609.0,United Kingdom,Regular Customers,1,0.985
15610.0,United Kingdom,Regular Customers,0,0.01
15611.0,United Kingdom,Regular Customers,0,0.095
15612.0,United Kingdom,Regular Customers,0,0.27
15613.0,United Kingdom,At-Risk Customers,1,1.0
15614.0,United Kingdom,At-Risk Customers,1,0.99
15615.0,United Kingdom,Regular Customers,0,0.01
15616.0,United Kingdom,At-Risk Customers,1,1.0
15617.0,United Kingdom,At-Risk Customers,1,0.995
15618.0,United Kingdom,Regular Customers,0,0.14
15619.0,United Kingdom,Regular Customers,0,0.06
15620.0,United Kingdom,Regular Customers,0,0.045
15621.0,United Kingdom,Regular Customers,0,0.195
15622.0,United Kingdom,Regular Customers,0,0.065
15623.0,United Kingdom,Regular Customers,1,0.725
15624.0,United Kingdom,Regular Customers,1,0.6
15625.0,United Kingdom,Regular Customers,1,0.66
15626.0,United Kingdom,Regular Customers,0,0.075
15627.0,United Kingdom,At-Risk Customers,1,0.995
15628.0,United Kingdom,Regular Customers,0,0.055
15629.0,United Kingdom,At-Risk Customers,1,0.99
15630.0,United Kingdom,Regular Customers,0,0.32
15631.0,United Kingdom,At-Risk Customers,1,0.995
15632.0,United Kingdom,Regular Customers,0,0.12
15633.0,United Kingdom,At-Risk Customers,1,0.93
15634.0,United Kingdom,Regular Customers,0,0.035
15635.0,United Kingdom,At-Risk Customers,1,0.995
15636.0,United Kingdom,Regular Customers,0,0.075
15637.0,United Kingdom,Regular Customers,0,0.06
15638.0,United Kingdom,At-Risk Customers,1,0.985
15639.0,United Kingdom,Regular Customers,1,0.765
15640.0,United Kingdom,Regular Customers,0,0.005
15641.0,United Kingdom,Regular Customers,1,0.68
15642.0,United Kingdom,At-Risk Customers,1,0.995
15643.0,United Kingdom,Regular Customers,1,0.76
15644.0,United Kingdom,Regular Customers,1,0.905
15645.0,United Kingdom,Regular Customers,0,0.04
15646.0,United Kingdom,Regular Customers,1,0.715
15647.0,United Kingdom,At-Risk Customers,1,0.995
15648.0,United Kingdom,Regular Customers,1,0.66
15649.0,United Kingdom,At-Risk Customers,1,0.99
15650.0,United Kingdom,At-Risk Customers,1,0.99
15651.0,United Kingdom,Regular Customers,0,0.14
15652.0,United Kingdom,Regular Customers,1,0.65
15653.0,United Kingdom,Regular Customers,1,0.825
15654.0,United Kingdom,Regular Customers,0,0.045
15655.0,United Kingdom,Regular Customers,1,0.95
15656.0,United Kingdom,Regular Customers,0,0.245
15657.0,United Kingdom,Regular Customers,0,0.09
15658.0,United Kingdom,Regular Customers,1,0.82
15659.0,United Kingdom,Regular Customers,0,0.035
15660.0,United Kingdom,Regular Customers,0,0.005
15661.0,United Kingdom,At-Risk Customers,1,0.97
15662.0,United Kingdom,At-Risk Customers,1,1.0
15663.0,United Kingdom,Regular Customers,1,0.985
15664.0,United Kingdom,Regular Customers,0,0.11
15665.0,United Kingdom,Regular Customers,1,0.815
15666.0,United Kingdom,At-Risk Customers,1,1.0
15667.0,United Kingdom,Regular Customers,0,0.035
15668.0,United Kingdom,Regular Customers,1,0.965
15669.0,United Kingdom,Regular Customers,0,0.13
15670.0,United Kingdom,At-Risk Customers,1,1.0
15671.0,United Kingdom,Regular Customers,0,0.105
15672.0,United Kingdom,At-Risk Customers,1,1.0
15673.0,United Kingdom,Regular Customers,0,0.04
15674.0,United Kingdom,Regular Customers,0,0.03
15675.0,United Kingdom,Regular Customers,0,0.015
15676.0,United Kingdom,Regular Customers,0,0.03
15677.0,United Kingdom,Regular Customers,0,0.055
15678.0,United Kingdom,Regular Customers,0,0.015
15679.0,United Kingdom,Regular Customers,0,0.085
15680.0,United Kingdom,Regular Customers,0,0.04
15681.0,United Kingdom,Regular Customers,0,0.01
15682.0,United Kingdom,At-Risk Customers,1,0.975
15683.0,United Kingdom,Regular Customers,1,0.905
15684.0,United Kingdom,At-Risk Customers,1,0.98
15685.0,United Kingdom,At-Risk Customers,1,0.975
15686.0,United Kingdom,At-Risk Customers,1,0.995
15687.0,United Kingdom,Regular Customers,0,0.08
15688.0,United Kingdom,At-Risk Customers,1,1.0
15689.0,United Kingdom,Regular Customers,1,0.89
15690.0,United Kingdom,Regular Customers,0,0.35
15691.0,United Kingdom,Regular Customers,1,0.515
15692.0,United Kingdom,Regular Customers,0,0.025
15693.0,United Kingdom,At-Risk Customers,1,0.995
15694.0,United Kingdom,Regular Customers,0,0.045
15695.0,United Kingdom,At-Risk Customers,1,0.99
15696.0,United Kingdom,Regular Customers,0,0.015
15697.0,United Kingdom,At-Risk Customers,1,1.0
15698.0,United Kingdom,At-Risk Customers,1,1.0
15699.0,United Kingdom,Regular Customers,0,0.055
15700.0,United Kingdom,Regular Customers,1,0.88
15701.0,United Kingdom,Regular Customers,1,0.6
15702.0,Nigeria,At-Risk Customers,1,1.0
15703.0,United Kingdom,At-Risk Customers,1,1.0
15704.0,United Kingdom,Regular Customers,1,0.66
15705.0,United Kingdom,Regular Customers,1,0.995
15706.0,United Kingdom,Regular Customers,0,0.23
15707.0,United Kingdom,Regular Customers,0,0.185
15708.0,United Kingdom,Regular Customers,0,0.12
15709.0,United Kingdom,At-Risk Customers,1,0.995
15710.0,United Kingdom,At-Risk Customers,1,0.99
15711.0,United Kingdom,At-Risk Customers,1,0.995
15712.0,United Kingdom,Regular Customers,0,0.005
15713.0,United Kingdom,Regular Customers,1,0.85
15714.0,United Kingdom,Regular Customers,0,0.13
15715.0,United Kingdom,At-Risk Customers,1,1.0
15716.0,United Kingdom,Regular Customers,1,0.75
15717.0,United Kingdom,Regular Customers,1,0.8
15718.0,United Kingdom,At-Risk Customers,1,1.0
15719.0,United Kingdom,Regular Customers,0,0.01
15720.0,United Kingdom,Regular Customers,0,0.07
15721.0,United Kingdom,Regular Customers,0,0.025
15722.0,United Kingdom,Regular Customers,0,0.09
15723.0,United Kingdom,At-Risk Customers,1,0.995
15724.0,United Kingdom,Regular Customers,1,0.68
15725.0,United Kingdom,Regular Customers,0,0.015
15726.0,United Kingdom,At-Risk Customers,1,0.985
15727.0,United Kingdom,Regular Customers,0,0.04
15728.0,United Kingdom,At-Risk Customers,1,1.0
15729.0,United Kingdom,Regular Customers,1,0.725
15730.0,United Kingdom,Regular Customers,0,0.14
15731.0,United Kingdom,At-Risk Customers,1,1.0
15732.0,United Kingdom,Regular Customers,1,0.675
15733.0,United Kingdom,At-Risk Customers,1,1.0
15734.0,United Kingdom,Regular Customers,1,0.85
15735.0,United Kingdom,At-Risk Customers,1,0.99
15736.0,United Kingdom,At-Risk Customers,1,0.99
15737.0,United Kingdom,Regular Customers,0,0.5
15738.0,United Kingdom,Regular Customers,0,0.005
15739.0,United Kingdom,Regular Customers,0,0.04
15740.0,United Kingdom,Regular Customers,0,0.02
15741.0,United Kingdom,At-Risk Customers,1,1.0
15742.0,United Kingdom,At-Risk Customers,1,1.0
15743.0,United Kingdom,Regular Customers,0,0.105
15744.0,United Kingdom,Regular Customers,0,0.065
15745.0,United Kingdom,Regular Customers,0,0.175
15746.0,United Kingdom,Regular Customers,1,0.95
15747.0,United Kingdom,Regular Customers,0,0.0
15748.0,United Kingdom,Regular Customers,0,0.035
15749.0,United Kingdom,Regular Customers,1,0.895
15750.0,United Kingdom,Regular Customers,0,0.005
15751.0,United Kingdom,At-Risk Customers,1,0.9
15752.0,United Kingdom,Regular Customers,0,0.01
15753.0,United Kingdom,At-Risk Customers,1,0.99
15754.0,United Kingdom,Regular Customers,0,0.04
15755.0,United Kingdom,Regular Customers,0,0.02
15756.0,United Kingdom,Regular Customers,0,0.24
15757.0,United Kingdom,Regular Customers,0,0.02
15758.0,United Kingdom,Regular Customers,0,0.115
15759.0,United Kingdom,Regular Customers,1,0.795
15760.0,Norway,At-Risk Customers,1,0.98
15761.0,United Kingdom,At-Risk Customers,1,0.99
15762.0,United Kingdom,Regular Customers,0,0.015
15763.0,United Kingdom,Regular Customers,0,0.055
15764.0,United Kingdom,Regular Customers,0,0.075
15765.0,United Kingdom,At-Risk Customers,1,0.995
15766.0,United Kingdom,Regular Customers,0,0.115
15768.0,United Kingdom,Regular Customers,1,0.6
15769.0,United Kingdom,Loyal Customers,0,0.095
15770.0,United Kingdom,At-Risk Customers,1,1.0
15771.0,United Kingdom,At-Risk Customers,1,0.995
15772.0,United Kingdom,At-Risk Customers,1,1.0
15773.0,United Kingdom,Regular Customers,0,0.055
15774.0,United Kingdom,Regular Customers,0,0.065
15775.0,United Kingdom,Regular Customers,1,0.645
15776.0,United Kingdom,Regular Customers,1,0.98
15777.0,United Kingdom,Regular Customers,1,0.685
15778.0,United Kingdom,At-Risk Customers,1,1.0
15779.0,United Kingdom,At-Risk Customers,1,0.99
15780.0,United Kingdom,Regular Customers,1,0.945
15781.0,United Kingdom,Regular Customers,0,0.05
15782.0,United Kingdom,Regular Customers,0,0.03
15783.0,United Kingdom,Regular Customers,0,0.01
15784.0,United Kingdom,At-Risk Customers,1,0.995
15785.0,United Kingdom,Regular Customers,0,0.005
15786.0,United Kingdom,Regular Customers,0,0.48
15787.0,United Kingdom,Regular Customers,0,0.12
15788.0,United Kingdom,At-Risk Customers,1,1.0
15789.0,United Kingdom,At-Risk Customers,1,0.955
15790.0,United Kingdom,Regular Customers,0,0.04
15791.0,United Kingdom,Regular Customers,1,0.575
15792.0,United Kingdom,At-Risk Customers,1,1.0
15793.0,United Kingdom,Regular Customers,0,0.26
15794.0,United Kingdom,At-Risk Customers,1,0.99
15795.0,United Kingdom,Regular Customers,1,0.675
15796.0,United Kingdom,Regular Customers,0,0.015
15797.0,United Kingdom,Regular Customers,1,0.795
15798.0,United Kingdom,At-Risk Customers,1,1.0
15799.0,United Kingdom,Regular Customers,0,0.04
15800.0,United Kingdom,Regular Customers,1,0.8
15801.0,United Kingdom,Regular Customers,0,0.255
15802.0,United Kingdom,Regular Customers,1,0.925
15803.0,United Kingdom,Regular Customers,0,0.04
15804.0,United Kingdom,Regular Customers,0,0.005
15805.0,United Kingdom,Regular Customers,0,0.015
15806.0,United Kingdom,Regular Customers,1,0.73
15807.0,United Kingdom,Regular Customers,0,0.06
15808.0,United Kingdom,Regular Customers,1,0.61
15809.0,United Kingdom,Regular Customers,0,0.045
15810.0,United Kingdom,Regular Customers,0,0.095
15811.0,United Kingdom,Regular Customers,0,0.03
15812.0,United Kingdom,Regular Customers,1,0.65
15813.0,United Kingdom,Regular Customers,1,0.895
15814.0,United Kingdom,Regular Customers,0,0.08
15815.0,United Kingdom,Regular Customers,1,0.555
15816.0,United Kingdom,At-Risk Customers,1,0.98
15817.0,United Kingdom,At-Risk Customers,1,0.975
15818.0,United Kingdom,At-Risk Customers,1,1.0
15819.0,United Kingdom,Regular Customers,0,0.065
15820.0,United Kingdom,At-Risk Customers,1,1.0
15821.0,United Kingdom,Regular Customers,0,0.07
15822.0,United Kingdom,Regular Customers,0,0.455
15823.0,United Kingdom,At-Risk Customers,1,0.98
15824.0,United Kingdom,At-Risk Customers,1,0.99
15825.0,United Kingdom,Regular Customers,1,0.89
15826.0,United Kingdom,Regular Customers,0,0.27
15827.0,United Kingdom,Regular Customers,0,0.115
15828.0,United Kingdom,At-Risk Customers,1,0.98
15829.0,United Kingdom,Regular Customers,1,0.9
15830.0,United Kingdom,Regular Customers,0,0.025
15831.0,United Kingdom,Regular Customers,0,0.045
15832.0,United Kingdom,At-Risk Customers,1,1.0
15833.0,United Kingdom,At-Risk Customers,1,1.0
15834.0,United Kingdom,Regular Customers,0,0.08
15835.0,United Kingdom,Regular Customers,0,0.065
15836.0,United Kingdom,Regular Customers,0,0.09
15837.0,United Kingdom,Regular Customers,1,0.51
15838.0,United Kingdom,Loyal Customers,0,0.345
15839.0,United Kingdom,Regular Customers,0,0.015
15840.0,United Kingdom,Regular Customers,1,0.685
15841.0,United Kingdom,Regular Customers,0,0.025
15842.0,United Kingdom,At-Risk Customers,1,0.995
15843.0,United Kingdom,At-Risk Customers,1,1.0
15844.0,United Kingdom,Regular Customers,0,0.015
15845.0,United Kingdom,Regular Customers,0,0.13
15846.0,United Kingdom,At-Risk Customers,1,0.995
15847.0,United Kingdom,Regular Customers,0,0.08
15848.0,United Kingdom,At-Risk Customers,1,1.0
15850.0,United Kingdom,Regular Customers,0,0.045
15851.0,United Kingdom,At-Risk Customers,1,1.0
15852.0,United Kingdom,Regular Customers,1,0.83
15853.0,United Kingdom,Regular Customers,0,0.075
15854.0,United Kingdom,Regular Customers,0,0.045
15855.0,United Kingdom,Regular Customers,1,0.805
15856.0,United Kingdom,Regular Customers,0,0.075
15857.0,United Kingdom,Regular Customers,0,0.04
15858.0,United Kingdom,Regular Customers,0,0.005
15859.0,United Kingdom,At-Risk Customers,1,0.995
15860.0,United Kingdom,Regular Customers,0,0.03
15861.0,United Kingdom,Regular Customers,0,0.095
15862.0,United Kingdom,Regular Customers,0,0.045
15863.0,United Kingdom,Regular Customers,0,0.115
15864.0,United Kingdom,Regular Customers,0,0.375
15865.0,United Kingdom,Regular Customers,0,0.22
15866.0,United Kingdom,Regular Customers,1,0.92
15867.0,United Kingdom,Regular Customers,0,0.025
15868.0,United Kingdom,At-Risk Customers,1,1.0
15869.0,United Kingdom,At-Risk Customers,1,0.985
15870.0,United Kingdom,Regular Customers,0,0.055
15871.0,United Kingdom,At-Risk Customers,1,0.98
15872.0,United Kingdom,Regular Customers,0,0.05
15873.0,United Kingdom,At-Risk Customers,1,0.98
15874.0,United Kingdom,Regular Customers,0,0.045
15875.0,United Kingdom,At-Risk Customers,1,0.995
15876.0,United Kingdom,At-Risk Customers,1,0.99
15877.0,United Kingdom,Regular Customers,0,0.02
15878.0,United Kingdom,At-Risk Customers,1,0.985
15879.0,United Kingdom,At-Risk Customers,1,0.99
15880.0,United Kingdom,At-Risk Customers,1,0.975
15881.0,United Kingdom,At-Risk Customers,1,0.985
15882.0,United Kingdom,Regular Customers,1,0.785
15883.0,United Kingdom,Regular Customers,0,0.075
15884.0,United Kingdom,At-Risk Customers,1,0.985
15885.0,United Kingdom,Regular Customers,1,0.74
15886.0,United Kingdom,Regular Customers,0,0.035
15887.0,United Kingdom,At-Risk Customers,1,0.98
15888.0,United Kingdom,Regular Customers,0,0.04
15889.0,United Kingdom,Regular Customers,1,0.78
15890.0,United Kingdom,At-Risk Customers,1,0.995
15891.0,United Kingdom,Regular Customers,1,0.925
15892.0,United Kingdom,At-Risk Customers,1,1.0
15893.0,United Kingdom,At-Risk Customers,1,0.99
15894.0,United Kingdom,Regular Customers,1,0.765
15895.0,United Kingdom,Regular Customers,1,0.975
15897.0,United Kingdom,Regular Customers,1,0.73
15898.0,United Kingdom,Regular Customers,0,0.07
15899.0,United Kingdom,At-Risk Customers,1,1.0
15900.0,United Kingdom,Regular Customers,0,0.115
15901.0,United Kingdom,Regular Customers,0,0.485
15902.0,United Kingdom,At-Risk Customers,1,1.0
15903.0,United Kingdom,Regular Customers,0,0.045
15904.0,United Kingdom,Regular Customers,0,0.08
15905.0,United Kingdom,At-Risk Customers,1,1.0
15906.0,United Kingdom,Regular Customers,0,0.05
15907.0,United Kingdom,Regular Customers,0,0.105
15908.0,United Kingdom,At-Risk Customers,1,0.995
15909.0,United Kingdom,Regular Customers,1,0.98
15910.0,United Kingdom,Regular Customers,0,0.005
15911.0,United Kingdom,At-Risk Customers,1,0.96
15912.0,United Kingdom,Regular Customers,1,0.78
15913.0,United Kingdom,At-Risk Customers,1,1.0
15914.0,United Kingdom,At-Risk Customers,1,0.995
15915.0,United Kingdom,At-Risk Customers,1,0.985
15916.0,United Kingdom,Regular Customers,0,0.01
15917.0,United Kingdom,Regular Customers,1,0.755
15918.0,United Kingdom,Regular Customers,1,0.815
15919.0,United Kingdom,Regular Customers,0,0.09
15920.0,United Kingdom,Regular Customers,1,0.775
15921.0,United Kingdom,Regular Customers,1,0.665
15922.0,United Kingdom,At-Risk Customers,1,0.985
15923.0,United Kingdom,At-Risk Customers,1,1.0
15924.0,United Kingdom,At-Risk Customers,1,1.0
15925.0,United Kingdom,Regular Customers,1,0.97
15926.0,United Kingdom,At-Risk Customers,1,0.995
15927.0,United Kingdom,At-Risk Customers,1,1.0
15928.0,United Kingdom,At-Risk Customers,1,1.0
15929.0,United Kingdom,At-Risk Customers,1,1.0
15930.0,United Kingdom,Regular Customers,0,0.005
15931.0,United Kingdom,At-Risk Customers,1,1.0
15932.0,United Kingdom,Regular Customers,0,0.085
15933.0,United Kingdom,Regular Customers,0,0.035
15934.0,United Kingdom,At-Risk Customers,1,0.995
15935.0,United Kingdom,Regular Customers,1,0.895
15936.0,United Kingdom,At-Risk Customers,1,0.975
15937.0,United Kingdom,Regular Customers,0,0.005
15938.0,United Kingdom,Regular Customers,0,0.465
15939.0,United Kingdom,Regular Customers,0,0.075
15940.0,United Kingdom,At-Risk Customers,1,1.0
15941.0,United Kingdom,At-Risk Customers,1,1.0
15942.0,United Kingdom,Regular Customers,1,0.96
15943.0,United Kingdom,At-Risk Customers,1,1.0
15944.0,United Kingdom,At-Risk Customers,1,0.985
15945.0,United Kingdom,At-Risk Customers,1,0.98
15946.0,United Kingdom,At-Risk Customers,1,0.985
15947.0,United Kingdom,Regular Customers,0,0.045
15948.0,United Kingdom,Regular Customers,0,0.075
15949.0,United Kingdom,Regular Customers,0,0.075
15950.0,United Kingdom,Regular Customers,0,0.02
15951.0,United Kingdom,Regular Customers,0,0.4
15952.0,United Kingdom,Regular Customers,0,0.045
15953.0,United Kingdom,Regular Customers,0,0.005
15954.0,United Kingdom,At-Risk Customers,1,1.0
15955.0,United Kingdom,Regular Customers,0,0.005
15956.0,United Kingdom,At-Risk Customers,1,1.0
15957.0,United Kingdom,Regular Customers,0,0.02
15958.0,United Kingdom,Regular Customers,0,0.07
15959.0,United Kingdom,At-Risk Customers,1,0.99
15960.0,United Kingdom,At-Risk Customers,1,1.0
15961.0,United Kingdom,At-Risk Customers,1,0.98
15962.0,United Kingdom,At-Risk Customers,1,1.0
15963.0,United Kingdom,Regular Customers,0,0.245
15964.0,United Kingdom,At-Risk Customers,1,1.0
15965.0,United Kingdom,Regular Customers,0,0.005
15966.0,United Kingdom,At-Risk Customers,1,1.0
15967.0,United Kingdom,Regular Customers,0,0.02
15968.0,United Kingdom,At-Risk Customers,1,0.995
15969.0,United Kingdom,Regular Customers,0,0.06
15970.0,United Kingdom,At-Risk Customers,1,1.0
15971.0,United Kingdom,Regular Customers,0,0.08
15972.0,United Kingdom,At-Risk Customers,1,0.97
15973.0,United Kingdom,At-Risk Customers,1,0.975
15974.0,United Kingdom,Regular Customers,0,0.02
15975.0,United Kingdom,Regular Customers,0,0.005
15976.0,United Kingdom,Regular Customers,1,0.765
15977.0,United Kingdom,Regular Customers,0,0.055
15978.0,United Kingdom,Regular Customers,0,0.05
15979.0,United Kingdom,At-Risk Customers,1,1.0
15980.0,United Kingdom,Regular Customers,0,0.17
15981.0,United Kingdom,Regular Customers,0,0.025
15982.0,United Kingdom,At-Risk Customers,1,0.995
15983.0,United Kingdom,Regular Customers,0,0.11
15984.0,United Kingdom,Regular Customers,0,0.025
15985.0,United Kingdom,Regular Customers,1,0.72
15986.0,United Kingdom,Regular Customers,0,0.08
15987.0,United Kingdom,Regular Customers,0,0.055
15988.0,United Kingdom,Regular Customers,0,0.285
15989.0,United Kingdom,At-Risk Customers,1,0.995
15990.0,United Kingdom,Regular Customers,0,0.33
15991.0,United Kingdom,At-Risk Customers,1,1.0
15992.0,United Kingdom,Regular Customers,0,0.09
15993.0,United Kingdom,Regular Customers,0,0.04
15994.0,United Kingdom,Regular Customers,0,0.05
15995.0,United Kingdom,At-Risk Customers,1,0.99
15996.0,United Kingdom,Regular Customers,0,0.045
15998.0,United Kingdom,Regular Customers,0,0.03
15999.0,United Kingdom,At-Risk Customers,1,0.97
16000.0,United Kingdom,Regular Customers,0,0.17
16001.0,United Kingdom,At-Risk Customers,1,0.995
16002.0,United Kingdom,At-Risk Customers,1,1.0
16003.0,United Kingdom,Regular Customers,0,0.07
16004.0,United Kingdom,At-Risk Customers,1,0.92
16005.0,United Kingdom,Regular Customers,0,0.055
16006.0,United Kingdom,Regular Customers,0,0.12
16007.0,United Kingdom,Regular Customers,0,0.05
16008.0,United Kingdom,Regular Customers,0,0.015
16009.0,United Kingdom,Regular Customers,0,0.2
16010.0,United Kingdom,Regular Customers,1,0.745
16011.0,United Kingdom,Regular Customers,0,0.045
16012.0,United Kingdom,Regular Customers,0,0.015
16013.0,United Kingdom,Loyal Customers,0,0.02
16014.0,United Kingdom,Regular Customers,0,0.175
16015.0,United Kingdom,Regular Customers,0,0.035
16016.0,United Kingdom,Regular Customers,0,0.12
16017.0,United Kingdom,Regular Customers,0,0.035
16018.0,United Kingdom,Regular Customers,0,0.055
16019.0,United Kingdom,Regular Customers,0,0.02
16020.0,United Kingdom,Regular Customers,0,0.065
16021.0,United Kingdom,At-Risk Customers,1,0.975
16022.0,United Kingdom,At-Risk Customers,1,0.995
16023.0,United Kingdom,Regular Customers,0,0.195
16024.0,United Kingdom,Regular Customers,0,0.1
16025.0,United Kingdom,Regular Customers,0,0.025
16026.0,United Kingdom,Regular Customers,0,0.01
16027.0,United Kingdom,Regular Customers,0,0.255
16028.0,United Kingdom,At-Risk Customers,1,1.0
16029.0,United Kingdom,Loyal Customers,0,0.01
16030.0,United Kingdom,At-Risk Customers,1,0.995
16031.0,United Kingdom,Regular Customers,1,0.665
16032.0,United Kingdom,At-Risk Customers,1,0.94
16033.0,United Kingdom,Regular Customers,0,0.03
16034.0,United Kingdom,Regular Customers,1,0.725
16035.0,United Kingdom,At-Risk Customers,1,1.0
16036.0,United Kingdom,Regular Customers,0,0.045
16037.0,United Kingdom,At-Risk Customers,1,0.98
16038.0,United Kingdom,Regular Customers,1,0.77
16039.0,United Kingdom,At-Risk Customers,1,0.985
16040.0,United Kingdom,Regular Customers,0,0.04
16041.0,United Kingdom,Regular Customers,0,0.265
16042.0,United Kingdom,Regular Customers,0,0.065
16043.0,United Kingdom,Regular Customers,0,0.17
16044.0,United Kingdom,At-Risk Customers,1,0.99
16045.0,United Kingdom,Regular Customers,0,0.29
16046.0,United Kingdom,At-Risk Customers,1,1.0
16047.0,EIRE,At-Risk Customers,1,1.0
16048.0,United Kingdom,At-Risk Customers,1,0.985
16049.0,United Kingdom,Regular Customers,0,0.03
16050.0,United Kingdom,Regular Customers,1,0.735
16051.0,United Kingdom,At-Risk Customers,1,1.0
16052.0,United Kingdom,Regular Customers,0,0.025
16053.0,United Kingdom,Regular Customers,0,0.04
16054.0,United Kingdom,Regular Customers,1,0.82
16055.0,United Kingdom,Regular Customers,1,0.915
16056.0,United Kingdom,Regular Customers,0,0.075
16057.0,United Kingdom,Regular Customers,0,0.06
16058.0,United Kingdom,At-Risk Customers,1,1.0
16059.0,United Kingdom,Regular Customers,0,0.065
16060.0,United Kingdom,At-Risk Customers,1,1.0
16061.0,United Kingdom,At-Risk Customers,1,0.985
16062.0,United Kingdom,Regular Customers,0,0.015
16063.0,United Kingdom,At-Risk Customers,1,1.0
16064.0,United Kingdom,At-Risk Customers,1,1.0
16065.0,United Kingdom,At-Risk Customers,1,0.965
16066.0,United Kingdom,Regular Customers,0,0.12
16067.0,United Kingdom,At-Risk Customers,1,0.995
16068.0,United Kingdom,At-Risk Customers,1,0.995
16069.0,United Kingdom,At-Risk Customers,1,1.0
16070.0,United Kingdom,Regular Customers,0,0.005
16071.0,United Kingdom,Regular Customers,0,0.24
16072.0,United Kingdom,At-Risk Customers,1,0.97
16073.0,United Kingdom,At-Risk Customers,1,0.995
16074.0,United Kingdom,At-Risk Customers,1,0.99
16075.0,United Kingdom,At-Risk Customers,1,1.0
16076.0,United Kingdom,Regular Customers,0,0.03
16077.0,United Kingdom,At-Risk Customers,1,0.995
16078.0,United Kingdom,At-Risk Customers,1,0.995
16079.0,United Kingdom,Regular Customers,0,0.005
16080.0,United Kingdom,Regular Customers,0,0.155
16081.0,United Kingdom,Regular Customers,0,0.03
16082.0,United Kingdom,At-Risk Customers,1,1.0
16083.0,United Kingdom,Regular Customers,1,0.67
16084.0,United Kingdom,At-Risk Customers,1,1.0
16085.0,United Kingdom,Regular Customers,0,0.07
16086.0,United Kingdom,Regular Customers,0,0.005
16087.0,United Kingdom,At-Risk Customers,1,0.965
16088.0,United Kingdom,At-Risk Customers,1,0.995
16089.0,United Kingdom,At-Risk Customers,1,0.995
16090.0,United Kingdom,At-Risk Customers,1,1.0
16091.0,United Kingdom,Regular Customers,1,0.885
16092.0,United Kingdom,Regular Customers,1,0.84
16093.0,United Kingdom,Regular Customers,1,0.925
16094.0,United Kingdom,Regular Customers,0,0.04
16095.0,United Kingdom,At-Risk Customers,1,0.98
16096.0,United Kingdom,At-Risk Customers,1,0.985
16097.0,United Kingdom,Regular Customers,1,0.98
16098.0,United Kingdom,Regular Customers,0,0.025
16099.0,United Kingdom,Regular Customers,0,0.2
16100.0,United Kingdom,At-Risk Customers,1,0.995
16101.0,United Kingdom,Regular Customers,0,0.02
16102.0,United Kingdom,Regular Customers,1,0.715
16103.0,United Kingdom,Regular Customers,0,0.025
16104.0,United Kingdom,Regular Customers,0,0.11
16105.0,United Kingdom,Regular Customers,1,0.85
16106.0,United Kingdom,Regular Customers,0,0.03
16107.0,United Kingdom,Regular Customers,0,0.23
16108.0,United Kingdom,Regular Customers,0,0.095
16109.0,United Kingdom,Regular Customers,1,0.785
16110.0,United Kingdom,Regular Customers,0,0.04
16111.0,United Kingdom,At-Risk Customers,1,1.0
16112.0,United Kingdom,Regular Customers,1,0.585
16113.0,United Kingdom,Regular Customers,1,0.98
16114.0,United Kingdom,Regular Customers,1,0.93
16115.0,United Kingdom,Regular Customers,0,0.11
16116.0,United Kingdom,Regular Customers,1,0.795
16117.0,United Kingdom,Regular Customers,0,0.06
16118.0,United Kingdom,At-Risk Customers,1,0.99
16119.0,United Kingdom,Regular Customers,0,0.095
16120.0,United Kingdom,Regular Customers,0,0.015
16121.0,United Kingdom,Regular Customers,0,0.045
16122.0,United Kingdom,Regular Customers,0,0.155
16123.0,United Kingdom,Regular Customers,0,0.015
16124.0,United Kingdom,At-Risk Customers,1,0.99
16125.0,United Kingdom,At-Risk Customers,1,0.945
16126.0,United Kingdom,Regular Customers,0,0.015
16127.0,United Kingdom,Regular Customers,0,0.07
16128.0,United Kingdom,Regular Customers,0,0.01
16129.0,United Kingdom,At-Risk Customers,1,0.985
16130.0,United Kingdom,At-Risk Customers,1,0.995
16131.0,United Kingdom,Regular Customers,0,0.285
16132.0,United Kingdom,At-Risk Customers,1,1.0
16133.0,United Kingdom,Regular Customers,0,0.01
16134.0,United Kingdom,Regular Customers,0,0.075
16135.0,United Kingdom,At-Risk Customers,1,1.0
16136.0,United Kingdom,Regular Customers,0,0.04
16137.0,United Kingdom,At-Risk Customers,1,1.0
16138.0,United Kingdom,At-Risk Customers,1,0.99
16139.0,United Kingdom,Regular Customers,0,0.205
16140.0,United Kingdom,Regular Customers,0,0.05
16141.0,United Kingdom,Regular Customers,0,0.02
16142.0,United Kingdom,Regular Customers,1,0.89
16143.0,United Kingdom,Regular Customers,0,0.02
16144.0,United Kingdom,Regular Customers,1,0.94
16145.0,United Kingdom,Regular Customers,0,0.015
16146.0,United Kingdom,Regular Customers,1,0.925
16147.0,United Kingdom,Regular Customers,1,0.845
16148.0,United Kingdom,At-Risk Customers,1,1.0
16149.0,United Kingdom,Regular Customers,0,0.06
16150.0,United Kingdom,Regular Customers,0,0.25
16152.0,United Kingdom,At-Risk Customers,1,0.995
16153.0,United Kingdom,Regular Customers,0,0.065
16155.0,United Kingdom,At-Risk Customers,1,0.985
16156.0,United Kingdom,Regular Customers,0,0.0
16157.0,United Kingdom,Regular Customers,0,0.165
16158.0,United Kingdom,At-Risk Customers,1,0.95
16159.0,United Kingdom,At-Risk Customers,1,0.985
16160.0,United Kingdom,Regular Customers,0,0.065
16161.0,United Kingdom,Regular Customers,0,0.01
16162.0,United Kingdom,At-Risk Customers,1,1.0
16163.0,United Kingdom,Regular Customers,1,0.73
16164.0,United Kingdom,Regular Customers,0,0.06
16165.0,United Kingdom,At-Risk Customers,1,1.0
16166.0,United Kingdom,At-Risk Customers,1,1.0
16167.0,United Kingdom,At-Risk Customers,1,0.995
16168.0,United Kingdom,Regular Customers,0,0.01
16169.0,United Kingdom,Regular Customers,0,0.035
16170.0,United Kingdom,Regular Customers,0,0.015
16171.0,United Kingdom,Regular Customers,0,0.16
16172.0,United Kingdom,Regular Customers,1,0.73
16173.0,United Kingdom,Regular Customers,0,0.055
16174.0,United Kingdom,Regular Customers,1,0.835
16175.0,United Kingdom,Regular Customers,1,0.825
16176.0,United Kingdom,At-Risk Customers,1,0.985
16177.0,United Kingdom,Regular Customers,0,0.06
16178.0,United Kingdom,Regular Customers,0,0.265
16179.0,United Kingdom,Regular Customers,0,0.03
16180.0,United Kingdom,Regular Customers,1,0.69
16181.0,United Kingdom,Regular Customers,0,0.03
16182.0,United Kingdom,Regular Customers,0,0.19
16183.0,United Kingdom,Regular Customers,0,0.065
16184.0,United Kingdom,Regular Customers,0,0.115
16185.0,United Kingdom,Regular Customers,0,0.19
16186.0,United Kingdom,Regular Customers,0,0.005
16187.0,United Kingdom,Regular Customers,0,0.005
16188.0,United Kingdom,Regular Customers,0,0.085
16189.0,United Kingdom,Regular Customers,0,0.025
16190.0,United Kingdom,Regular Customers,0,0.11
16191.0,United Kingdom,Regular Customers,0,0.055
16192.0,United Kingdom,At-Risk Customers,1,0.985
16193.0,United Kingdom,Regular Customers,1,0.625
16194.0,United Kingdom,At-Risk Customers,1,0.995
16195.0,United Kingdom,At-Risk Customers,1,1.0
16196.0,United Kingdom,At-Risk Customers,1,0.995
16197.0,United Kingdom,At-Risk Customers,1,0.92
16198.0,United Kingdom,Regular Customers,0,0.045
16199.0,United Kingdom,At-Risk Customers,1,0.93
16200.0,United Kingdom,Regular Customers,0,0.055
16201.0,United Kingdom,Regular Customers,0,0.05
16202.0,United Kingdom,At-Risk Customers,1,0.98
16203.0,United Kingdom,Regular Customers,0,0.24
16204.0,United Kingdom,Regular Customers,0,0.06
16205.0,United Kingdom,Regular Customers,0,0.07
16206.0,United Kingdom,Regular Customers,0,0.035
16207.0,United Kingdom,Regular Customers,0,0.0
16208.0,United Kingdom,Regular Customers,0,0.01
16209.0,United Kingdom,Regular Customers,0,0.185
16210.0,United Kingdom,Regular Customers,0,0.025
16211.0,United Kingdom,Regular Customers,0,0.055
16212.0,United Kingdom,Regular Customers,1,0.54
16213.0,United Kingdom,Regular Customers,0,0.03
16214.0,United Kingdom,Regular Customers,1,0.785
16215.0,United Kingdom,Regular Customers,0,0.055
16216.0,United Kingdom,At-Risk Customers,1,1.0
16217.0,United Kingdom,Regular Customers,1,0.875
16218.0,United Kingdom,Regular Customers,0,0.02
16219.0,United Kingdom,At-Risk Customers,1,1.0
16221.0,United Kingdom,Regular Customers,0,0.07
16222.0,United Kingdom,At-Risk Customers,1,0.98
16223.0,United Kingdom,At-Risk Customers,1,0.98
16224.0,United Kingdom,Regular Customers,0,0.24
16225.0,United Kingdom,Regular Customers,0,0.04
16226.0,United Kingdom,Regular Customers,0,0.225
16227.0,United Kingdom,Regular Customers,1,0.885
16228.0,United Kingdom,At-Risk Customers,1,0.995
16229.0,United Kingdom,Regular Customers,0,0.03
16230.0,United Kingdom,Regular Customers,1,0.87
16231.0,United Kingdom,At-Risk Customers,1,1.0
16232.0,United Kingdom,Regular Customers,0,0.19
16233.0,United Kingdom,Regular Customers,0,0.44
16234.0,United Kingdom,At-Risk Customers,1,0.99
16235.0,United Kingdom,Regular Customers,0,0.155
16236.0,United Kingdom,Regular Customers,0,0.02
16237.0,United Kingdom,At-Risk Customers,1,0.995
16238.0,United Kingdom,At-Risk Customers,1,0.995
16239.0,United Kingdom,Regular Customers,0,0.055
16240.0,United Kingdom,Regular Customers,0,0.225
16241.0,United Kingdom,Regular Customers,0,0.0
16242.0,United Kingdom,Regular Customers,0,0.01
16243.0,United Kingdom,Regular Customers,0,0.105
16244.0,United Kingdom,Regular Customers,1,0.525
16245.0,United Kingdom,Regular Customers,0,0.03
16246.0,United Kingdom,At-Risk Customers,1,0.99
16247.0,United Kingdom,Regular Customers,1,0.965
16248.0,United Kingdom,Regular Customers,0,0.015
16249.0,United Kingdom,Regular Customers,0,0.15
16250.0,United Kingdom,At-Risk Customers,1,0.99
16251.0,United Kingdom,At-Risk Customers,1,1.0
16252.0,United Kingdom,At-Risk Customers,1,1.0
16253.0,United Kingdom,Regular Customers,0,0.025
16254.0,United Kingdom,At-Risk Customers,1,0.985
16255.0,United Kingdom,Regular Customers,0,0.01
16256.0,United Kingdom,At-Risk Customers,1,0.995
16257.0,United Kingdom,Regular Customers,1,0.915
16258.0,United Kingdom,Regular Customers,0,0.025
16259.0,United Kingdom,At-Risk Customers,1,0.98
16260.0,United Kingdom,Regular Customers,0,0.085
16261.0,United Kingdom,Regular Customers,0,0.085
16262.0,United Kingdom,At-Risk Customers,1,0.995
16263.0,United Kingdom,At-Risk Customers,1,0.995
16264.0,United Kingdom,At-Risk Customers,1,1.0
16265.0,United Kingdom,Regular Customers,0,0.0
16266.0,United Kingdom,Regular Customers,0,0.125
16267.0,United Kingdom,At-Risk Customers,1,1.0
16268.0,United Kingdom,Regular Customers,0,0.055
16269.0,United Kingdom,At-Risk Customers,1,0.985
16270.0,United Kingdom,At-Risk Customers,1,0.995
16271.0,United Kingdom,Regular Customers,0,0.045
16272.0,United Kingdom,Regular Customers,1,0.92
16273.0,United Kingdom,At-Risk Customers,1,0.985
16274.0,United Kingdom,At-Risk Customers,1,0.97
16275.0,United Kingdom,Regular Customers,1,0.87
16276.0,United Kingdom,Regular Customers,1,0.53
16277.0,United Kingdom,At-Risk Customers,1,1.0
16278.0,United Kingdom,Regular Customers,1,0.8
16279.0,United Kingdom,Regular Customers,0,0.045
16280.0,United Kingdom,At-Risk Customers,1,0.995
16281.0,United Kingdom,Regular Customers,0,0.06
16282.0,United Kingdom,At-Risk Customers,1,0.995
16283.0,United Kingdom,Regular Customers,0,0.015
16284.0,United Kingdom,Regular Customers,0,0.015
16285.0,United Kingdom,At-Risk Customers,1,1.0
16286.0,United Kingdom,At-Risk Customers,1,0.995
16287.0,United Kingdom,Regular Customers,1,0.73
16288.0,United Kingdom,At-Risk Customers,1,1.0
16289.0,United Kingdom,At-Risk Customers,1,0.995
16290.0,United Kingdom,At-Risk Customers,1,0.97
16291.0,Portugal,At-Risk Customers,1,1.0
16292.0,United Kingdom,Regular Customers,1,0.825
16293.0,United Kingdom,Regular Customers,0,0.015
16294.0,United Kingdom,At-Risk Customers,1,1.0
16295.0,United Kingdom,Regular Customers,0,0.015
16296.0,United Kingdom,At-Risk Customers,1,0.985
16297.0,United Kingdom,At-Risk Customers,1,0.995
16298.0,United Kingdom,Regular Customers,0,0.095
16299.0,United Kingdom,At-Risk Customers,1,0.995
16300.0,United Kingdom,At-Risk Customers,1,0.985
16301.0,United Kingdom,At-Risk Customers,1,1.0
16302.0,United Kingdom,Regular Customers,1,0.975
16303.0,United Kingdom,Regular Customers,0,0.03
16304.0,United Kingdom,At-Risk Customers,1,1.0
16305.0,United Kingdom,Regular Customers,1,0.965
16306.0,United Kingdom,Regular Customers,1,0.795
16307.0,United Kingdom,At-Risk Customers,1,0.985
16308.0,United Kingdom,Regular Customers,0,0.175
16309.0,United Kingdom,Regular Customers,1,0.7
16310.0,United Kingdom,At-Risk Customers,1,1.0
16311.0,United Kingdom,Regular Customers,0,0.055
16312.0,United Kingdom,At-Risk Customers,1,0.99
16313.0,United Kingdom,Regular Customers,0,0.03
16314.0,United Kingdom,At-Risk Customers,1,0.985
16315.0,United Kingdom,At-Risk Customers,1,1.0
16316.0,United Kingdom,Regular Customers,0,0.015
16317.0,United Kingdom,Regular Customers,1,0.755
16318.0,United Kingdom,Regular Customers,0,0.025
16319.0,United Kingdom,Regular Customers,1,0.965
16320.0,Unspecified,Regular Customers,1,0.66
16321.0,Australia,Regular Customers,0,0.16
16322.0,United Kingdom,Regular Customers,0,0.045
16323.0,United Kingdom,Regular Customers,1,0.865
16324.0,United Kingdom,Regular Customers,1,0.87
16325.0,United Kingdom,Regular Customers,0,0.05
16326.0,United Kingdom,Regular Customers,0,0.09
16327.0,United Kingdom,Regular Customers,0,0.015
16328.0,United Kingdom,At-Risk Customers,1,1.0
16329.0,United Kingdom,At-Risk Customers,1,0.975
16330.0,United Kingdom,Regular Customers,0,0.115
16331.0,United Kingdom,At-Risk Customers,1,0.99
16332.0,United Kingdom,Regular Customers,0,0.085
16333.0,United Kingdom,Regular Customers,0,0.145
16334.0,United Kingdom,At-Risk Customers,1,1.0
16335.0,United Kingdom,At-Risk Customers,1,0.955
16336.0,United Kingdom,At-Risk Customers,1,0.95
16337.0,United Kingdom,Regular Customers,0,0.005
16338.0,United Kingdom,Regular Customers,1,0.97
16339.0,United Kingdom,At-Risk Customers,1,1.0
16340.0,United Kingdom,Regular Customers,1,0.8
16341.0,United Kingdom,Regular Customers,0,0.015
16342.0,United Kingdom,Regular Customers,0,0.12
16343.0,United Kingdom,Regular Customers,0,0.08
16344.0,United Kingdom,Regular Customers,1,0.865
16345.0,United Kingdom,Regular Customers,0,0.215
16346.0,United Kingdom,At-Risk Customers,1,0.995
16347.0,United Kingdom,Regular Customers,0,0.015
16348.0,United Kingdom,Regular Customers,0,0.01
16349.0,United Kingdom,At-Risk Customers,1,1.0
16350.0,United Kingdom,Regular Customers,0,0.025
16351.0,United Kingdom,At-Risk Customers,1,0.955
16352.0,United Kingdom,Regular Customers,0,0.08
16353.0,United Kingdom,Regular Customers,0,0.015
16354.0,United Kingdom,Regular Customers,0,0.035
16355.0,United Kingdom,At-Risk Customers,1,0.985
16356.0,United Kingdom,Regular Customers,1,0.83
16357.0,United Kingdom,Regular Customers,0,0.09
16358.0,United Kingdom,Regular Customers,0,0.01
16359.0,United Kingdom,Regular Customers,0,0.0
16360.0,United Kingdom,Regular Customers,0,0.025
16361.0,United Kingdom,Regular Customers,0,0.15
16362.0,United Kingdom,Regular Customers,0,0.1
16363.0,United Kingdom,Regular Customers,0,0.015
16364.0,United Kingdom,Regular Customers,1,0.59
16365.0,United Kingdom,Regular Customers,0,0.29
16366.0,United Kingdom,Regular Customers,0,0.165
16367.0,United Kingdom,Regular Customers,0,0.02
16368.0,United Kingdom,Regular Customers,0,0.035
16369.0,United Kingdom,Regular Customers,0,0.03
16370.0,United Kingdom,Regular Customers,0,0.28
16371.0,United Kingdom,At-Risk Customers,1,0.985
16372.0,United Kingdom,Regular Customers,0,0.03
16373.0,United Kingdom,At-Risk Customers,1,0.99
16374.0,United Kingdom,Regular Customers,0,0.02
16375.0,United Kingdom,At-Risk Customers,1,0.995
16376.0,United Kingdom,Regular Customers,0,0.02
16377.0,United Kingdom,At-Risk Customers,1,0.99
16378.0,United Kingdom,Regular Customers,1,0.745
16379.0,United Kingdom,Regular Customers,0,0.025
16380.0,United Kingdom,Regular Customers,0,0.075
16381.0,United Kingdom,At-Risk Customers,1,0.995
16382.0,United Kingdom,At-Risk Customers,1,0.99
16383.0,United Kingdom,Regular Customers,0,0.205
16384.0,United Kingdom,Regular Customers,0,0.11
16385.0,United Kingdom,Regular Customers,0,0.09
16386.0,United Kingdom,Regular Customers,0,0.025
16387.0,United Kingdom,At-Risk Customers,1,0.99
16388.0,United Kingdom,At-Risk Customers,1,1.0
16389.0,United Kingdom,Regular Customers,0,0.065
16390.0,United Kingdom,At-Risk Customers,1,0.985
16391.0,United Kingdom,At-Risk Customers,1,0.99
16392.0,United Kingdom,At-Risk Customers,1,0.995
16393.0,United Kingdom,Regular Customers,0,0.035
16394.0,United Kingdom,Regular Customers,0,0.235
16395.0,United Kingdom,Regular Customers,0,0.0
16396.0,United Kingdom,At-Risk Customers,1,1.0
16397.0,United Kingdom,At-Risk Customers,1,1.0
16398.0,United Kingdom,Regular Customers,1,0.93
16399.0,United Kingdom,Regular Customers,0,0.02
16400.0,United Kingdom,Regular Customers,0,0.345
16401.0,United Kingdom,Regular Customers,0,0.025
16402.0,United Kingdom,At-Risk Customers,1,0.98
16403.0,United Kingdom,At-Risk Customers,1,1.0
16404.0,United Kingdom,Regular Customers,0,0.01
16405.0,United Kingdom,At-Risk Customers,1,0.98
16406.0,United Kingdom,Regular Customers,0,0.065
16407.0,United Kingdom,Regular Customers,0,0.01
16408.0,United Kingdom,At-Risk Customers,1,1.0
16409.0,United Kingdom,Regular Customers,0,0.01
16410.0,United Kingdom,At-Risk Customers,1,0.995
16411.0,United Kingdom,Regular Customers,0,0.035
16412.0,United Kingdom,Regular Customers,0,0.095
16413.0,United Kingdom,Regular Customers,0,0.075
16414.0,United Kingdom,Regular Customers,0,0.175
16415.0,United Kingdom,Regular Customers,0,0.145
16416.0,United Kingdom,Regular Customers,0,0.005
16417.0,United Kingdom,At-Risk Customers,1,1.0
16418.0,United Kingdom,Regular Customers,0,0.03
16419.0,United Kingdom,Regular Customers,1,0.645
16420.0,United Kingdom,At-Risk Customers,1,0.985
16421.0,United Kingdom,At-Risk Customers,1,1.0
16422.0,United Kingdom,Loyal Customers,0,0.0
16423.0,United Kingdom,Regular Customers,0,0.015
16424.0,United Kingdom,Regular Customers,0,0.215
16425.0,United Kingdom,At-Risk Customers,1,1.0
16426.0,United Kingdom,Regular Customers,0,0.025
16427.0,United Kingdom,At-Risk Customers,1,0.975
16428.0,United Kingdom,At-Risk Customers,1,0.99
16429.0,United Kingdom,Regular Customers,1,0.93
16430.0,United Kingdom,Regular Customers,0,0.07
16431.0,United Kingdom,Regular Customers,1,0.695
16432.0,United Kingdom,Regular Customers,0,0.02
16433.0,United Kingdom,Regular Customers,0,0.115
16434.0,United Kingdom,Regular Customers,0,0.005
16435.0,United Kingdom,At-Risk Customers,1,1.0
16436.0,United Kingdom,At-Risk Customers,1,0.995
16437.0,United Kingdom,At-Risk Customers,1,0.99
16438.0,United Kingdom,Regular Customers,0,0.39
16439.0,United Kingdom,At-Risk Customers,1,1.0
16440.0,United Kingdom,Regular Customers,0,0.01
16441.0,United Kingdom,Regular Customers,0,0.075
16442.0,United Kingdom,Regular Customers,0,0.21
16443.0,United Kingdom,At-Risk Customers,1,1.0
16444.0,United Kingdom,Regular Customers,0,0.005
16445.0,United Kingdom,Regular Customers,0,0.035
16446.0,United Kingdom,Loyal Customers,0,0.34
16447.0,United Kingdom,Regular Customers,1,0.82
16448.0,United Kingdom,Regular Customers,1,0.91
16449.0,United Kingdom,Regular Customers,1,0.94
16450.0,United Kingdom,Regular Customers,1,0.91
16451.0,United Kingdom,Regular Customers,0,0.235
16452.0,United Kingdom,At-Risk Customers,1,0.995
16453.0,United Kingdom,At-Risk Customers,1,0.99
16454.0,United Kingdom,Regular Customers,0,0.225
16455.0,United Kingdom,Regular Customers,0,0.01
16456.0,United Kingdom,Regular Customers,1,0.7
16457.0,United Kingdom,Regular Customers,1,0.96
16458.0,United Kingdom,Regular Customers,0,0.01
16459.0,United Kingdom,At-Risk Customers,1,1.0
16460.0,United Kingdom,Regular Customers,0,0.02
16461.0,United Kingdom,Regular Customers,1,0.805
16462.0,United Kingdom,Regular Customers,0,0.12333333333333332
16463.0,United Kingdom,Regular Customers,0,0.02
16464.0,United Kingdom,Regular Customers,0,0.015
16465.0,United Kingdom,At-Risk Customers,1,1.0
16466.0,United Kingdom,Regular Customers,0,0.14
16467.0,United Kingdom,At-Risk Customers,1,0.965
16468.0,United Kingdom,Regular Customers,0,0.11
16469.0,United Kingdom,Regular Customers,0,0.07
16470.0,United Kingdom,Regular Customers,0,0.055
16471.0,United Kingdom,At-Risk Customers,1,0.98
16472.0,United Kingdom,At-Risk Customers,1,0.995
16473.0,United Kingdom,Regular Customers,1,0.75
16474.0,United Kingdom,Regular Customers,0,0.015
16475.0,United Kingdom,Regular Customers,0,0.225
16476.0,United Kingdom,At-Risk Customers,1,0.995
16477.0,United Kingdom,Regular Customers,0,0.025
16478.0,United Kingdom,Regular Customers,0,0.18
16479.0,United Kingdom,Regular Customers,0,0.06
16480.0,United Kingdom,Regular Customers,0,0.0
16481.0,United Kingdom,At-Risk Customers,1,1.0
16482.0,United Kingdom,Regular Customers,0,0.025
16483.0,United Kingdom,Regular Customers,1,0.985
16484.0,United Kingdom,Regular Customers,1,0.84
16485.0,United Kingdom,Regular Customers,0,0.07
16486.0,United Kingdom,At-Risk Customers,1,1.0
16487.0,United Kingdom,At-Risk Customers,1,0.99
16488.0,United Kingdom,Regular Customers,0,0.22
16489.0,United Kingdom,At-Risk Customers,1,0.995
16490.0,United Kingdom,At-Risk Customers,1,1.0
16491.0,United Kingdom,Regular Customers,0,0.03
16492.0,United Kingdom,At-Risk Customers,1,1.0
16493.0,United Kingdom,Regular Customers,0,0.415
16494.0,United Kingdom,At-Risk Customers,1,0.995
16495.0,United Kingdom,Regular Customers,0,0.085
16496.0,United Kingdom,Regular Customers,0,0.145
16497.0,United Kingdom,Regular Customers,0,0.025
16498.0,United Kingdom,Regular Customers,1,0.92
16499.0,United Kingdom,At-Risk Customers,1,0.955
16500.0,United Kingdom,Regular Customers,0,0.13
16501.0,United Kingdom,At-Risk Customers,1,0.99
16502.0,United Kingdom,At-Risk Customers,1,1.0
16503.0,United Kingdom,Regular Customers,1,0.635
16504.0,United Kingdom,Regular Customers,0,0.015
16505.0,United Kingdom,Regular Customers,0,0.03
16506.0,United Kingdom,Regular Customers,0,0.075
16507.0,United Kingdom,At-Risk Customers,1,1.0
16508.0,United Kingdom,At-Risk Customers,1,1.0
16509.0,United Kingdom,At-Risk Customers,1,0.98
16510.0,United Kingdom,At-Risk Customers,1,0.98
16511.0,United Kingdom,Regular Customers,0,0.055
16513.0,United Kingdom,Regular Customers,0,0.055
16515.0,United Kingdom,Regular Customers,0,0.015
16516.0,United Kingdom,Regular Customers,0,0.015
16517.0,United Kingdom,At-Risk Customers,1,1.0
16518.0,United Kingdom,Regular Customers,0,0.075
16519.0,United Kingdom,Regular Customers,0,0.265
16520.0,United Kingdom,Regular Customers,1,0.755
16521.0,United Kingdom,At-Risk Customers,1,0.99
16522.0,United Kingdom,At-Risk Customers,1,0.995
16523.0,United Kingdom,Regular Customers,0,0.03
16524.0,United Kingdom,At-Risk Customers,1,0.995
16525.0,United Kingdom,Regular Customers,0,0.035
16526.0,United Kingdom,Regular Customers,1,0.76
16527.0,United Kingdom,Regular Customers,0,0.05
16528.0,United Kingdom,Regular Customers,0,0.055
16529.0,United Kingdom,Regular Customers,1,0.85
16530.0,United Kingdom,At-Risk Customers,1,1.0
16531.0,United Kingdom,Regular Customers,0,0.04
16532.0,United Kingdom,Regular Customers,0,0.155
16533.0,United Kingdom,Regular Customers,0,0.06
16534.0,United Kingdom,At-Risk Customers,1,1.0
16535.0,United Kingdom,Regular Customers,0,0.025
16536.0,United Kingdom,Regular Customers,1,0.93
16537.0,United Kingdom,At-Risk Customers,1,1.0
16538.0,United Kingdom,At-Risk Customers,1,0.975
16539.0,United Kingdom,Regular Customers,0,0.355
16540.0,United Kingdom,At-Risk Customers,1,1.0
16541.0,United Kingdom,At-Risk Customers,1,1.0
16542.0,United Kingdom,Regular Customers,0,0.015
16543.0,United Kingdom,At-Risk Customers,1,1.0
16544.0,United Kingdom,At-Risk Customers,1,0.99
16545.0,United Kingdom,Regular Customers,1,0.665
16546.0,United Kingdom,At-Risk Customers,1,0.94
16547.0,United Kingdom,At-Risk Customers,1,0.995
16548.0,United Kingdom,At-Risk Customers,1,0.995
16549.0,United Kingdom,Regular Customers,0,0.01
16550.0,United Kingdom,Regular Customers,0,0.105
16551.0,United Kingdom,Regular Customers,1,0.735
16552.0,United Kingdom,Regular Customers,1,0.79
16553.0,United Kingdom,Regular Customers,1,0.625
16554.0,United Kingdom,Regular Customers,0,0.01
16555.0,United Kingdom,Regular Customers,0,0.26
16556.0,United Kingdom,Regular Customers,0,0.02
16557.0,United Kingdom,Regular Customers,0,0.21
16558.0,United Kingdom,Regular Customers,0,0.015
16559.0,United Kingdom,At-Risk Customers,1,0.995
16560.0,United Kingdom,Regular Customers,0,0.03
16561.0,United Kingdom,Regular Customers,0,0.045
16562.0,United Kingdom,At-Risk Customers,1,1.0
16563.0,United Kingdom,Regular Customers,0,0.075
16564.0,United Kingdom,At-Risk Customers,1,1.0
16565.0,United Kingdom,At-Risk Customers,1,0.995
16566.0,United Kingdom,Regular Customers,0,0.105
16567.0,United Kingdom,Regular Customers,1,0.755
16568.0,United Kingdom,At-Risk Customers,1,0.985
16569.0,United Kingdom,Regular Customers,0,0.44
16570.0,United Kingdom,Regular Customers,0,0.065
16571.0,United Kingdom,Regular Customers,0,0.015
16572.0,United Kingdom,Regular Customers,1,0.88
16573.0,United Kingdom,Regular Customers,0,0.065
16574.0,United Kingdom,Regular Customers,0,0.07
16576.0,United Kingdom,At-Risk Customers,1,0.99
16577.0,United Kingdom,At-Risk Customers,1,1.0
16578.0,United Kingdom,At-Risk Customers,1,1.0
16579.0,United Kingdom,At-Risk Customers,1,1.0
16581.0,United Kingdom,Regular Customers,1,0.965
16582.0,United Kingdom,Regular Customers,1,0.98
16583.0,United Kingdom,At-Risk Customers,1,1.0
16584.0,United Kingdom,Regular Customers,0,0.025
16585.0,United Kingdom,At-Risk Customers,1,0.995
16586.0,United Kingdom,Regular Customers,1,0.69
16587.0,United Kingdom,Regular Customers,1,0.975
16588.0,United Kingdom,At-Risk Customers,1,0.98
16589.0,United Kingdom,Regular Customers,0,0.07
16590.0,United Kingdom,At-Risk Customers,1,1.0
16591.0,United Kingdom,Regular Customers,0,0.14
16592.0,United Kingdom,Regular Customers,0,0.02
16593.0,United Kingdom,Regular Customers,0,0.38
16594.0,United Kingdom,Regular Customers,0,0.01
16595.0,United Kingdom,Regular Customers,0,0.03
16596.0,United Kingdom,Regular Customers,0,0.115
16597.0,United Kingdom,Regular Customers,0,0.125
16598.0,United Kingdom,At-Risk Customers,1,1.0
16599.0,United Kingdom,At-Risk Customers,1,1.0
16600.0,United Kingdom,Regular Customers,0,0.035
16601.0,United Kingdom,Regular Customers,0,0.06
16602.0,United Kingdom,Regular Customers,0,0.015
16603.0,United Kingdom,Regular Customers,0,0.015
16604.0,United Kingdom,At-Risk Customers,1,0.995
16605.0,United Kingdom,At-Risk Customers,1,0.995
16606.0,United Kingdom,At-Risk Customers,1,1.0
16607.0,United Kingdom,Regular Customers,0,0.0
16608.0,United Kingdom,At-Risk Customers,1,0.98
16609.0,United Kingdom,Regular Customers,0,0.035
16610.0,United Kingdom,Regular Customers,1,0.925
16611.0,United Kingdom,Regular Customers,1,0.86
16612.0,United Kingdom,Regular Customers,0,0.015
16613.0,United Kingdom,Regular Customers,0,0.12
16614.0,United Kingdom,Regular Customers,1,0.905
16615.0,United Kingdom,At-Risk Customers,1,1.0
16616.0,United Kingdom,Regular Customers,0,0.02
16617.0,United Kingdom,Regular Customers,1,0.965
16618.0,United Kingdom,Regular Customers,0,0.035
16619.0,United Kingdom,At-Risk Customers,1,0.985
16620.0,United Kingdom,Regular Customers,0,0.32
16621.0,United Kingdom,Regular Customers,0,0.245
16622.0,United Kingdom,At-Risk Customers,1,1.0
16623.0,United Kingdom,Regular Customers,1,0.91
16624.0,United Kingdom,Regular Customers,0,0.04
16625.0,United Kingdom,At-Risk Customers,1,1.0
16626.0,United Kingdom,Regular Customers,0,0.085
16627.0,United Kingdom,Regular Customers,0,0.005
16628.0,United Kingdom,Regular Customers,0,0.085
16629.0,United Kingdom,Regular Customers,0,0.045
16630.0,United Kingdom,At-Risk Customers,1,0.99
16631.0,United Kingdom,At-Risk Customers,1,0.97
16632.0,United Kingdom,At-Risk Customers,1,0.97
16633.0,United Kingdom,Regular Customers,0,0.04
16634.0,United Kingdom,Regular Customers,1,0.69
16635.0,United Kingdom,At-Risk Customers,1,0.995
16636.0,United Kingdom,At-Risk Customers,1,0.99
16637.0,United Kingdom,Regular Customers,0,0.085
16638.0,United Kingdom,Regular Customers,0,0.035
16639.0,United Kingdom,Regular Customers,0,0.1
16640.0,United Kingdom,At-Risk Customers,1,0.99
16641.0,United Kingdom,Regular Customers,0,0.265
16642.0,United Kingdom,Regular Customers,0,0.025
16643.0,United Kingdom,Regular Customers,1,0.705
16644.0,United Kingdom,Regular Customers,1,0.895
16645.0,United Kingdom,At-Risk Customers,1,1.0
16646.0,United Kingdom,At-Risk Customers,1,0.995
16647.0,United Kingdom,Regular Customers,1,0.785
16648.0,United Kingdom,Regular Customers,0,0.045
16649.0,United Kingdom,At-Risk Customers,1,1.0
16650.0,United Kingdom,Regular Customers,0,0.145
16651.0,United Kingdom,At-Risk Customers,1,1.0
16652.0,United Kingdom,Regular Customers,0,0.145
16653.0,United Kingdom,Regular Customers,0,0.015
16654.0,United Kingdom,Regular Customers,1,0.745
16655.0,United Kingdom,Regular Customers,0,0.0
16656.0,United Kingdom,Regular Customers,0,0.045
16657.0,United Kingdom,Regular Customers,0,0.03
16658.0,United Kingdom,At-Risk Customers,1,0.98
16659.0,United Kingdom,Regular Customers,1,0.98
16660.0,United Kingdom,Regular Customers,0,0.085
16661.0,United Kingdom,At-Risk Customers,1,0.985
16662.0,United Kingdom,At-Risk Customers,1,0.995
16663.0,United Kingdom,At-Risk Customers,1,0.975
16664.0,United Kingdom,At-Risk Customers,1,1.0
16665.0,United Kingdom,At-Risk Customers,1,1.0
16666.0,United Kingdom,Regular Customers,0,0.045
16667.0,United Kingdom,Regular Customers,0,0.01
16668.0,United Kingdom,Regular Customers,0,0.15
16669.0,United Kingdom,Regular Customers,0,0.02
16670.0,United Kingdom,Regular Customers,0,0.105
16671.0,United Kingdom,Regular Customers,0,0.105
16672.0,United Kingdom,Regular Customers,0,0.065
16673.0,United Kingdom,At-Risk Customers,1,1.0
16674.0,United Kingdom,Regular Customers,0,0.09
16675.0,United Kingdom,At-Risk Customers,1,1.0
16676.0,United Kingdom,Regular Customers,0,0.055
16677.0,United Kingdom,At-Risk Customers,1,0.995
16678.0,United Kingdom,Regular Customers,0,0.065
16679.0,United Kingdom,At-Risk Customers,1,1.0
16680.0,United Kingdom,Regular Customers,0,0.185
16681.0,United Kingdom,Regular Customers,0,0.125
16682.0,United Kingdom,Regular Customers,0,0.21
16683.0,United Kingdom,At-Risk Customers,1,1.0
16684.0,United Kingdom,Loyal Customers,0,0.005
16685.0,United Kingdom,Regular Customers,0,0.065
16686.0,United Kingdom,Regular Customers,0,0.005
16687.0,United Kingdom,At-Risk Customers,1,1.0
16688.0,United Kingdom,Regular Customers,0,0.01
16689.0,United Kingdom,Regular Customers,0,0.165
16690.0,United Kingdom,Regular Customers,0,0.06
16691.0,United Kingdom,At-Risk Customers,1,1.0
16692.0,United Kingdom,Regular Customers,1,0.71
16693.0,United Kingdom,Regular Customers,0,0.075
16694.0,United Kingdom,At-Risk Customers,1,1.0
16695.0,United Kingdom,At-Risk Customers,1,0.985
16696.0,United Kingdom,Regular Customers,1,0.81
16697.0,United Kingdom,Regular Customers,1,0.94
16698.0,United Kingdom,Regular Customers,1,0.925
16699.0,United Kingdom,At-Risk Customers,1,0.975
16700.0,United Kingdom,Regular Customers,0,0.0
16701.0,United Kingdom,Regular Customers,0,0.02
16702.0,United Kingdom,At-Risk Customers,1,0.98
16704.0,United Kingdom,At-Risk Customers,1,1.0
16705.0,United Kingdom,Regular Customers,0,0.03
16706.0,United Kingdom,Regular Customers,0,0.31
16707.0,United Kingdom,At-Risk Customers,1,0.995
16708.0,United Kingdom,Regular Customers,0,0.05
16709.0,United Kingdom,Regular Customers,0,0.025
16710.0,United Kingdom,Regular Customers,0,0.005
16711.0,United Kingdom,Regular Customers,0,0.065
16712.0,United Kingdom,Regular Customers,0,0.015
16713.0,United Kingdom,Regular Customers,0,0.005
16714.0,United Kingdom,Regular Customers,1,0.895
16715.0,United Kingdom,Regular Customers,0,0.19
16716.0,United Kingdom,At-Risk Customers,1,0.98
16717.0,United Kingdom,Regular Customers,0,0.0
16718.0,United Kingdom,At-Risk Customers,1,0.99
16719.0,United Kingdom,Regular Customers,0,0.015
16720.0,United Kingdom,Regular Customers,0,0.025
16721.0,United Kingdom,At-Risk Customers,1,1.0
16722.0,United Kingdom,Regular Customers,0,0.06
16723.0,United Kingdom,Regular Customers,1,0.81
16724.0,United Kingdom,At-Risk Customers,1,0.985
16725.0,United Kingdom,At-Risk Customers,1,0.915
16726.0,United Kingdom,Regular Customers,0,0.075
16727.0,United Kingdom,At-Risk Customers,1,1.0
16728.0,United Kingdom,Regular Customers,0,0.045
16729.0,United Kingdom,Regular Customers,0,0.005
16730.0,United Kingdom,Regular Customers,0,0.12
16731.0,United Kingdom,At-Risk Customers,1,1.0
16732.0,United Kingdom,Regular Customers,0,0.04
16733.0,United Kingdom,At-Risk Customers,1,1.0
16734.0,United Kingdom,Regular Customers,0,0.185
16735.0,United Kingdom,Regular Customers,0,0.005
16736.0,United Kingdom,At-Risk Customers,1,0.995
16737.0,United Kingdom,Regular Customers,0,0.125
16738.0,United Kingdom,At-Risk Customers,1,0.995
16739.0,United Kingdom,Regular Customers,1,0.81
16740.0,United Kingdom,At-Risk Customers,1,1.0
16741.0,United Kingdom,At-Risk Customers,1,1.0
16742.0,United Kingdom,Regular Customers,0,0.05
16743.0,United Kingdom,Regular Customers,0,0.0
16744.0,United Kingdom,Regular Customers,0,0.025
16745.0,United Kingdom,Regular Customers,0,0.015
16746.0,United Kingdom,Regular Customers,0,0.005
16747.0,United Kingdom,Regular Customers,0,0.045
16748.0,United Kingdom,Regular Customers,0,0.01
16749.0,United Kingdom,At-Risk Customers,1,1.0
16750.0,United Kingdom,Regular Customers,0,0.165
16751.0,United Kingdom,Regular Customers,0,0.075
16752.0,United Kingdom,At-Risk Customers,1,0.995
16753.0,United Kingdom,Regular Customers,0,0.005
16754.0,United Kingdom,Regular Customers,1,0.68
16755.0,United Kingdom,Regular Customers,1,0.745
16756.0,United Kingdom,Regular Customers,1,0.795
16757.0,United Kingdom,At-Risk Customers,1,1.0
16758.0,United Kingdom,Regular Customers,0,0.025
16759.0,United Kingdom,Regular Customers,0,0.05
16760.0,United Kingdom,At-Risk Customers,1,0.99
16761.0,United Kingdom,Regular Customers,0,0.07
16762.0,United Kingdom,Regular Customers,0,0.295
16763.0,United Kingdom,Regular Customers,1,0.895
16764.0,United Kingdom,Regular Customers,0,0.015
16765.0,United Kingdom,At-Risk Customers,1,0.995
16766.0,United Kingdom,At-Risk Customers,1,0.99
16767.0,United Kingdom,Regular Customers,0,0.04
16768.0,United Kingdom,Regular Customers,0,0.105
16769.0,United Kingdom,Regular Customers,1,0.83
16770.0,United Kingdom,Regular Customers,0,0.015
16771.0,United Kingdom,Regular Customers,0,0.055
16772.0,United Kingdom,At-Risk Customers,1,0.975
16773.0,United Kingdom,Regular Customers,0,0.03
16774.0,United Kingdom,Regular Customers,0,0.1
16775.0,United Kingdom,Regular Customers,0,0.045
16776.0,United Kingdom,Regular Customers,0,0.16
16777.0,United Kingdom,Regular Customers,0,0.185
16778.0,United Kingdom,Regular Customers,0,0.03
16779.0,United Kingdom,Regular Customers,0,0.0
16780.0,United Kingdom,Regular Customers,1,0.525
16781.0,United Kingdom,At-Risk Customers,1,1.0
16782.0,United Kingdom,Regular Customers,0,0.035
16783.0,United Kingdom,At-Risk Customers,1,1.0
16784.0,United Kingdom,Regular Customers,0,0.055
16785.0,United Kingdom,At-Risk Customers,1,0.995
16786.0,United Kingdom,At-Risk Customers,1,0.995
16787.0,United Kingdom,At-Risk Customers,1,0.99
16788.0,United Kingdom,Regular Customers,1,0.855
16789.0,United Kingdom,Regular Customers,0,0.095
16790.0,United Kingdom,Regular Customers,0,0.07
16791.0,United Kingdom,Regular Customers,0,0.005
16792.0,United Kingdom,At-Risk Customers,1,0.995
16793.0,United Kingdom,Regular Customers,0,0.01
16794.0,United Kingdom,Regular Customers,0,0.035
16795.0,United Kingdom,At-Risk Customers,1,0.99
16796.0,United Kingdom,Regular Customers,0,0.015
16797.0,United Kingdom,At-Risk Customers,1,0.96
16798.0,United Kingdom,At-Risk Customers,1,0.97
16799.0,United Kingdom,At-Risk Customers,1,1.0
16800.0,United Kingdom,Regular Customers,0,0.05
16801.0,United Kingdom,Regular Customers,1,0.91
16802.0,United Kingdom,At-Risk Customers,1,1.0
16803.0,United Kingdom,Regular Customers,0,0.025
16804.0,United Kingdom,Regular Customers,0,0.055
16805.0,United Kingdom,Regular Customers,1,0.75
16806.0,United Kingdom,Regular Customers,1,0.835
16807.0,United Kingdom,Regular Customers,1,0.82
16808.0,United Kingdom,Regular Customers,1,0.885
16809.0,United Kingdom,Regular Customers,0,0.14
16810.0,United Kingdom,Regular Customers,0,0.105
16811.0,United Kingdom,Regular Customers,0,0.04
16812.0,United Kingdom,At-Risk Customers,1,0.99
16813.0,United Kingdom,Regular Customers,0,0.165
16814.0,United Kingdom,Regular Customers,0,0.02
16815.0,United Kingdom,At-Risk Customers,1,0.99
16816.0,United Kingdom,Regular Customers,1,0.515
16817.0,United Kingdom,Regular Customers,0,0.005
16818.0,United Kingdom,Regular Customers,0,0.06
16819.0,United Kingdom,At-Risk Customers,1,0.97
16820.0,United Kingdom,Regular Customers,1,0.635
16821.0,United Kingdom,At-Risk Customers,1,0.98
16822.0,United Kingdom,At-Risk Customers,1,0.99
16823.0,United Kingdom,Regular Customers,0,0.085
16824.0,United Kingdom,Regular Customers,0,0.04
16825.0,United Kingdom,Regular Customers,0,0.195
16826.0,United Kingdom,Regular Customers,0,0.01
16827.0,United Kingdom,At-Risk Customers,1,0.99
16828.0,United Kingdom,Regular Customers,1,0.835
16829.0,United Kingdom,Regular Customers,1,0.705
16830.0,United Kingdom,Regular Customers,0,0.075
16831.0,United Kingdom,At-Risk Customers,1,1.0
16832.0,United Kingdom,Regular Customers,1,0.625
16833.0,United Kingdom,Regular Customers,0,0.15
16834.0,United Kingdom,Regular Customers,1,0.945
16835.0,United Kingdom,Regular Customers,1,0.77
16836.0,United Kingdom,Regular Customers,0,0.055
16837.0,United Kingdom,Regular Customers,0,0.14
16838.0,United Kingdom,Regular Customers,1,0.795
16839.0,United Kingdom,Regular Customers,0,0.02
16840.0,United Kingdom,At-Risk Customers,1,0.995
16841.0,United Kingdom,Regular Customers,0,0.115
16842.0,United Kingdom,Regular Customers,1,0.855
16843.0,United Kingdom,Regular Customers,0,0.07
16844.0,United Kingdom,At-Risk Customers,1,0.985
16845.0,United Kingdom,At-Risk Customers,1,1.0
16846.0,United Kingdom,Regular Customers,1,0.795
16847.0,United Kingdom,Regular Customers,0,0.27
16848.0,United Kingdom,Regular Customers,0,0.015
16849.0,United Kingdom,Regular Customers,1,0.975
16850.0,United Kingdom,At-Risk Customers,1,0.995
16851.0,United Kingdom,Regular Customers,0,0.12
16852.0,United Kingdom,Regular Customers,0,0.415
16854.0,United Kingdom,At-Risk Customers,1,0.975
16855.0,United Kingdom,Regular Customers,0,0.0975
16856.0,United Kingdom,Regular Customers,0,0.08
16857.0,United Kingdom,At-Risk Customers,1,1.0
16858.0,United Kingdom,At-Risk Customers,1,0.955
16859.0,United Kingdom,Regular Customers,0,0.295
16860.0,United Kingdom,At-Risk Customers,1,0.99
16861.0,United Kingdom,Regular Customers,0,0.22
16862.0,United Kingdom,At-Risk Customers,1,0.98
16863.0,United Kingdom,Regular Customers,0,0.035
16864.0,United Kingdom,At-Risk Customers,1,0.995
16865.0,United Kingdom,At-Risk Customers,1,0.985
16866.0,United Kingdom,Regular Customers,0,0.415
16867.0,United Kingdom,At-Risk Customers,1,1.0
16868.0,United Kingdom,At-Risk Customers,1,1.0
16869.0,United Kingdom,Regular Customers,0,0.05
16870.0,United Kingdom,At-Risk Customers,1,0.99
16871.0,United Kingdom,Regular Customers,0,0.195
16872.0,United Kingdom,Regular Customers,0,0.055
16873.0,United Kingdom,Regular Customers,0,0.04
16874.0,United Kingdom,At-Risk Customers,1,1.0
16875.0,United Kingdom,Regular Customers,0,0.09
16876.0,United Kingdom,At-Risk Customers,1,0.99
16877.0,United Kingdom,Regular Customers,0,0.15
16878.0,United Kingdom,Regular Customers,0,0.06
16880.0,United Kingdom,Regular Customers,0,0.145
16881.0,United Kingdom,Regular Customers,0,0.19333333333333336
16882.0,United Kingdom,Regular Customers,0,0.03
16883.0,United Kingdom,Regular Customers,1,0.735
16884.0,United Kingdom,Regular Customers,0,0.255
16885.0,United Kingdom,Regular Customers,0,0.04
16886.0,United Kingdom,At-Risk Customers,1,1.0
16887.0,United Kingdom,Regular Customers,0,0.01
16888.0,United Kingdom,At-Risk Customers,1,1.0
16889.0,United Kingdom,Regular Customers,1,0.815
16890.0,United Kingdom,At-Risk Customers,1,0.98
16891.0,United Kingdom,Regular Customers,0,0.155
16892.0,United Kingdom,Regular Customers,0,0.085
16893.0,United Kingdom,At-Risk Customers,1,1.0
16894.0,United Kingdom,At-Risk Customers,1,0.97
16895.0,United Kingdom,Regular Customers,0,0.15
16896.0,United Kingdom,At-Risk Customers,1,0.995
16897.0,United Kingdom,At-Risk Customers,1,0.995
16898.0,United Kingdom,Regular Customers,0,0.065
16899.0,United Kingdom,Regular Customers,0,0.02
16900.0,United Kingdom,Regular Customers,0,0.08
16901.0,United Kingdom,At-Risk Customers,1,0.995
16902.0,United Kingdom,Regular Customers,1,0.81
16903.0,United Kingdom,Regular Customers,0,0.035
16904.0,United Kingdom,Regular Customers,0,0.01
16905.0,United Kingdom,Regular Customers,0,0.01
16906.0,United Kingdom,Regular Customers,0,0.065
16907.0,United Kingdom,Regular Customers,0,0.085
16908.0,United Kingdom,At-Risk Customers,1,1.0
16909.0,United Kingdom,Regular Customers,0,0.015
16910.0,United Kingdom,Regular Customers,0,0.09
16911.0,United Kingdom,At-Risk Customers,1,0.995
16912.0,United Kingdom,Regular Customers,0,0.015
16913.0,United Kingdom,At-Risk Customers,1,0.975
16914.0,United Kingdom,Regular Customers,0,0.02
16915.0,United Kingdom,Regular Customers,0,0.33
16916.0,United Kingdom,Regular Customers,0,0.075
16917.0,United Kingdom,At-Risk Customers,1,0.995
16918.0,United Kingdom,Regular Customers,0,0.125
16919.0,United Kingdom,Regular Customers,1,0.72
16920.0,United Kingdom,At-Risk Customers,1,1.0
16921.0,United Kingdom,Regular Customers,0,0.04
16922.0,United Kingdom,At-Risk Customers,1,0.995
16923.0,United Kingdom,Regular Customers,0,0.005
16924.0,United Kingdom,Regular Customers,0,0.015
16925.0,United Kingdom,At-Risk Customers,1,1.0
16926.0,United Kingdom,At-Risk Customers,1,0.995
16927.0,United Kingdom,Regular Customers,1,0.925
16928.0,United Kingdom,Regular Customers,0,0.03
16929.0,United Kingdom,Regular Customers,0,0.035
16930.0,United Kingdom,Regular Customers,0,0.045
16931.0,United Kingdom,Regular Customers,0,0.01
16932.0,United Kingdom,Regular Customers,0,0.055
16933.0,United Kingdom,Regular Customers,0,0.045
16934.0,United Kingdom,Regular Customers,0,0.06
16935.0,United Kingdom,At-Risk Customers,1,0.975
16936.0,United Kingdom,Regular Customers,0,0.06
16937.0,United Kingdom,At-Risk Customers,1,1.0
16938.0,United Kingdom,Regular Customers,0,0.09
16939.0,United Kingdom,At-Risk Customers,1,0.995
16940.0,United Kingdom,Regular Customers,0,0.055
16941.0,United Kingdom,At-Risk Customers,1,1.0
16942.0,United Kingdom,Regular Customers,1,0.615
16943.0,United Kingdom,Regular Customers,1,0.755
16944.0,United Kingdom,At-Risk Customers,1,1.0
16945.0,United Kingdom,Regular Customers,0,0.01
16946.0,United Kingdom,At-Risk Customers,1,0.98
16947.0,United Kingdom,Regular Customers,1,0.75
16948.0,United Kingdom,Regular Customers,1,0.825
16949.0,United Kingdom,Regular Customers,0,0.055
16950.0,United Kingdom,Regular Customers,0,0.12
16951.0,United Kingdom,Regular Customers,1,0.83
16952.0,United Kingdom,Regular Customers,1,0.63
16953.0,United Kingdom,Regular Customers,0,0.055
16954.0,United Kingdom,Regular Customers,0,0.015
16955.0,United Kingdom,Regular Customers,1,0.69
16956.0,United Kingdom,Regular Customers,0,0.025
16957.0,United Kingdom,Regular Customers,1,0.89
16958.0,United Kingdom,At-Risk Customers,1,0.99
16959.0,United Kingdom,Regular Customers,0,0.035
16960.0,United Kingdom,Regular Customers,0,0.04
16961.0,United Kingdom,Regular Customers,0,0.16
16962.0,United Kingdom,At-Risk Customers,1,0.995
16963.0,United Kingdom,Regular Customers,1,0.96
16964.0,United Kingdom,At-Risk Customers,1,0.995
16965.0,United Kingdom,Regular Customers,1,0.86
16966.0,United Kingdom,Regular Customers,0,0.21
16967.0,United Kingdom,Regular Customers,1,0.98
16968.0,United Kingdom,Regular Customers,0,0.2
16969.0,United Kingdom,Regular Customers,1,0.615
16970.0,United Kingdom,At-Risk Customers,1,1.0
16971.0,United Kingdom,Regular Customers,0,0.11
16972.0,United Kingdom,At-Risk Customers,1,0.99
16973.0,United Kingdom,At-Risk Customers,1,0.995
16974.0,United Kingdom,At-Risk Customers,1,0.98
16975.0,United Kingdom,At-Risk Customers,1,0.99
16976.0,United Kingdom,At-Risk Customers,1,1.0
16977.0,United Kingdom,At-Risk Customers,1,0.935
16978.0,United Kingdom,Regular Customers,0,0.045
16979.0,United Kingdom,Regular Customers,0,0.02
16980.0,United Kingdom,Regular Customers,0,0.495
16982.0,United Kingdom,Regular Customers,0,0.01
16983.0,United Kingdom,Regular Customers,0,0.0
16984.0,United Kingdom,Regular Customers,0,0.1
16985.0,United Kingdom,Regular Customers,0,0.04
16986.0,United Kingdom,Regular Customers,0,0.06
16987.0,United Kingdom,Regular Customers,0,0.08
16988.0,United Kingdom,Regular Customers,0,0.01
16989.0,United Kingdom,Regular Customers,0,0.14
16990.0,United Kingdom,Regular Customers,0,0.43575
16991.0,United Kingdom,At-Risk Customers,1,0.99
16992.0,United Kingdom,Regular Customers,0,0.04
16993.0,United Kingdom,At-Risk Customers,1,1.0
16996.0,United Kingdom,Regular Customers,0,0.19
16997.0,United Kingdom,At-Risk Customers,1,0.97
16998.0,United Kingdom,Regular Customers,1,0.745
16999.0,United Kingdom,Regular Customers,0,0.225
17000.0,United Kingdom,At-Risk Customers,1,0.985
17001.0,United Kingdom,Regular Customers,0,0.015
17002.0,United Kingdom,Regular Customers,0,0.04
17003.0,United Kingdom,At-Risk Customers,1,0.99
17004.0,United Kingdom,Regular Customers,0,0.1
17005.0,United Kingdom,At-Risk Customers,1,1.0
17006.0,United Kingdom,Regular Customers,0,0.055
17007.0,United Kingdom,Regular Customers,0,0.115
17008.0,United Kingdom,At-Risk Customers,1,1.0
17009.0,United Kingdom,At-Risk Customers,1,0.995
17010.0,United Kingdom,Regular Customers,0,0.01
17011.0,United Kingdom,Regular Customers,0,0.01
17012.0,United Kingdom,At-Risk Customers,1,0.955
17014.0,United Kingdom,Regular Customers,0,0.06
17015.0,United Kingdom,Regular Customers,0,0.145
17016.0,United Kingdom,At-Risk Customers,1,0.995
17017.0,United Kingdom,Regular Customers,0,0.0
17018.0,United Kingdom,Regular Customers,0,0.155
17019.0,United Kingdom,Regular Customers,0,0.035
17020.0,United Kingdom,At-Risk Customers,1,0.96
17021.0,United Kingdom,At-Risk Customers,1,0.93
17022.0,United Kingdom,Regular Customers,0,0.03
17023.0,United Kingdom,At-Risk Customers,1,0.995
17024.0,United Kingdom,Regular Customers,0,0.085
17025.0,United Kingdom,Regular Customers,0,0.155
17026.0,United Kingdom,Regular Customers,1,0.725
17027.0,United Kingdom,Regular Customers,0,0.365
17028.0,United Kingdom,At-Risk Customers,1,0.995
17029.0,United Kingdom,Regular Customers,1,0.69
17030.0,United Kingdom,Regular Customers,0,0.01
17031.0,United Kingdom,Regular Customers,0,0.14
17032.0,United Kingdom,At-Risk Customers,1,0.97
17033.0,United Kingdom,Regular Customers,0,0.005
17034.0,United Kingdom,Regular Customers,0,0.015
17035.0,United Kingdom,Regular Customers,1,0.79
17036.0,United Kingdom,At-Risk Customers,1,0.995
17037.0,United Kingdom,Regular Customers,0,0.05
17038.0,United Kingdom,Regular Customers,0,0.09
17039.0,United Kingdom,At-Risk Customers,1,0.995
17040.0,United Kingdom,Regular Customers,1,0.815
17041.0,United Kingdom,Regular Customers,0,0.16
17042.0,United Kingdom,Regular Customers,0,0.14
17043.0,United Kingdom,Regular Customers,0,0.03
17044.0,United Kingdom,Regular Customers,0,0.1
17045.0,United Kingdom,Regular Customers,1,0.695
17046.0,United Kingdom,Regular Customers,1,0.77
17047.0,United Kingdom,Regular Customers,1,0.685
17048.0,United Kingdom,Regular Customers,1,0.825
17049.0,United Kingdom,Regular Customers,0,0.025
17050.0,United Kingdom,Regular Customers,1,0.72
17051.0,United Kingdom,Regular Customers,1,0.675
17052.0,United Kingdom,Regular Customers,0,0.05
17053.0,United Kingdom,Regular Customers,1,0.96
17054.0,United Kingdom,Regular Customers,0,0.105
17055.0,United Kingdom,At-Risk Customers,1,1.0
17056.0,United Kingdom,At-Risk Customers,1,1.0
17057.0,United Kingdom,At-Risk Customers,1,0.99
17058.0,United Kingdom,Regular Customers,0,0.28
17059.0,United Kingdom,Regular Customers,0,0.065
17060.0,United Kingdom,At-Risk Customers,1,1.0
17061.0,United Kingdom,Regular Customers,0,0.245
17062.0,United Kingdom,At-Risk Customers,1,0.965
17063.0,United Kingdom,Regular Customers,0,0.005
17064.0,United Kingdom,Regular Customers,0,0.2
17065.0,United Kingdom,At-Risk Customers,1,0.99
17066.0,United Kingdom,At-Risk Customers,1,1.0
17067.0,United Kingdom,At-Risk Customers,1,1.0
17068.0,United Kingdom,Regular Customers,0,0.005
17069.0,United Kingdom,Regular Customers,0,0.005
17070.0,United Kingdom,Regular Customers,1,0.855
17071.0,United Kingdom,Regular Customers,0,0.0
17072.0,United Kingdom,At-Risk Customers,1,0.995
17073.0,United Kingdom,Regular Customers,0,0.07
17074.0,United Kingdom,At-Risk Customers,1,1.0
17075.0,United Kingdom,Regular Customers,0,0.115
17076.0,United Kingdom,Regular Customers,0,0.075
17077.0,United Kingdom,At-Risk Customers,1,1.0
17078.0,United Kingdom,Regular Customers,0,0.065
17079.0,United Kingdom,Regular Customers,0,0.07
17080.0,United Kingdom,Regular Customers,0,0.13
17081.0,United Kingdom,Regular Customers,0,0.06
17082.0,United Kingdom,Regular Customers,0,0.12
17083.0,United Kingdom,Regular Customers,1,0.705
17084.0,United Kingdom,Regular Customers,0,0.04
17085.0,United Kingdom,Regular Customers,1,0.64
17086.0,United Kingdom,Regular Customers,0,0.195
17087.0,United Kingdom,At-Risk Customers,1,1.0
17088.0,United Kingdom,Regular Customers,1,0.645
17089.0,United Kingdom,At-Risk Customers,1,0.995
17090.0,United Kingdom,Regular Customers,0,0.015
17091.0,United Kingdom,Regular Customers,0,0.03
17092.0,United Kingdom,Regular Customers,0,0.055
17093.0,United Kingdom,At-Risk Customers,1,1.0
17094.0,United Kingdom,At-Risk Customers,1,0.995
17095.0,United Kingdom,Regular Customers,0,0.02
17096.0,United Kingdom,Regular Customers,0,0.14
17097.0,Spain,Regular Customers,0,0.12
17098.0,United Kingdom,At-Risk Customers,1,0.995
17099.0,United Kingdom,At-Risk Customers,1,1.0
17100.0,United Kingdom,Regular Customers,0,0.03
17101.0,United Kingdom,Regular Customers,0,0.03
17102.0,United Kingdom,At-Risk Customers,1,0.995
17103.0,United Kingdom,At-Risk Customers,1,1.0
17104.0,United Kingdom,At-Risk Customers,1,0.98
17105.0,United Kingdom,Regular Customers,1,0.89
17106.0,United Kingdom,At-Risk Customers,1,0.985
17107.0,United Kingdom,Regular Customers,0,0.05
17108.0,United Kingdom,At-Risk Customers,1,1.0
17109.0,United Kingdom,Regular Customers,0,0.045
17110.0,United Kingdom,Regular Customers,1,0.84
17111.0,United Kingdom,Regular Customers,0,0.01
17112.0,United Kingdom,At-Risk Customers,1,1.0
17113.0,United Kingdom,At-Risk Customers,1,0.985
17114.0,United Kingdom,Regular Customers,0,0.105
17115.0,United Kingdom,Regular Customers,0,0.04
17116.0,United Kingdom,At-Risk Customers,1,1.0
17117.0,United Kingdom,At-Risk Customers,1,1.0
17118.0,United Kingdom,At-Risk Customers,1,0.995
17119.0,United Kingdom,Regular Customers,0,0.055
17120.0,United Kingdom,Regular Customers,1,0.975
17121.0,United Kingdom,At-Risk Customers,1,1.0
17122.0,United Kingdom,Regular Customers,0,0.18
17123.0,United Kingdom,Regular Customers,1,0.86
17124.0,United Kingdom,Regular Customers,1,0.975
17125.0,United Kingdom,Regular Customers,0,0.0
17126.0,United Kingdom,Regular Customers,1,0.765
17127.0,United Kingdom,At-Risk Customers,1,0.96
17128.0,United Kingdom,At-Risk Customers,1,1.0
17129.0,United Kingdom,At-Risk Customers,1,0.995
17131.0,United Kingdom,Regular Customers,0,0.175
17132.0,United Kingdom,At-Risk Customers,1,0.99
17133.0,United Kingdom,Regular Customers,0,0.17
17134.0,United Kingdom,Regular Customers,1,0.855
17135.0,United Kingdom,Regular Customers,0,0.025
17136.0,United Kingdom,At-Risk Customers,1,0.995
17137.0,United Kingdom,At-Risk Customers,1,0.965
17138.0,United Kingdom,At-Risk Customers,1,0.925
17139.0,United Kingdom,Regular Customers,0,0.015
17140.0,United Kingdom,Regular Customers,1,0.95
17141.0,United Kingdom,At-Risk Customers,1,0.99
17142.0,United Kingdom,Regular Customers,0,0.285
17143.0,United Kingdom,At-Risk Customers,1,0.995
17144.0,United Kingdom,Regular Customers,0,0.11
17145.0,United Kingdom,At-Risk Customers,1,0.925
17146.0,United Kingdom,Regular Customers,1,0.765
17147.0,United Kingdom,Regular Customers,0,0.005
17148.0,United Kingdom,Regular Customers,0,0.06
17149.0,United Kingdom,At-Risk Customers,1,0.995
17150.0,United Kingdom,At-Risk Customers,1,0.98
17151.0,United Kingdom,At-Risk Customers,1,1.0
17152.0,United Kingdom,Regular Customers,1,0.89
17153.0,United Kingdom,Regular Customers,0,0.025
17154.0,United Kingdom,Regular Customers,0,0.02
17155.0,United Kingdom,Regular Customers,1,0.52
17156.0,United Kingdom,At-Risk Customers,1,0.995
17157.0,United Kingdom,Regular Customers,0,0.025
17158.0,United Kingdom,Regular Customers,0,0.17
17159.0,United Kingdom,Regular Customers,0,0.015
17160.0,United Kingdom,Regular Customers,0,0.035
17161.0,United Kingdom,At-Risk Customers,1,0.99
17162.0,United Kingdom,Regular Customers,0,0.105
17163.0,United Kingdom,Regular Customers,0,0.04
17164.0,United Kingdom,Regular Customers,0,0.03
17165.0,United Kingdom,At-Risk Customers,1,0.98
17166.0,United Kingdom,Regular Customers,0,0.26
17167.0,United Kingdom,At-Risk Customers,1,1.0
17168.0,United Kingdom,At-Risk Customers,1,0.995
17169.0,United Kingdom,Regular Customers,0,0.085
17170.0,United Kingdom,At-Risk Customers,1,0.99
17171.0,United Kingdom,At-Risk Customers,1,0.995
17172.0,United Kingdom,Regular Customers,0,0.08
17173.0,United Kingdom,Regular Customers,0,0.085
17174.0,United Kingdom,Regular Customers,1,0.93
17175.0,United Kingdom,Regular Customers,0,0.29
17176.0,United Kingdom,Regular Customers,1,0.92
17177.0,United Kingdom,At-Risk Customers,1,1.0
17178.0,United Kingdom,At-Risk Customers,1,0.99
17179.0,United Kingdom,Regular Customers,1,0.885
17180.0,United Kingdom,Regular Customers,0,0.14
17181.0,United Kingdom,Regular Customers,0,0.125
17182.0,United Kingdom,At-Risk Customers,1,0.995
17183.0,United Kingdom,Regular Customers,0,0.055
17184.0,United Kingdom,At-Risk Customers,1,0.995
17185.0,United Kingdom,At-Risk Customers,1,0.985
17186.0,United Kingdom,Regular Customers,0,0.2880833333333333
17187.0,United Kingdom,Regular Customers,1,0.875
17188.0,United Kingdom,Regular Customers,0,0.01
17189.0,United Kingdom,Regular Customers,1,0.755
17190.0,United Kingdom,Regular Customers,0,0.12
17191.0,United Kingdom,Regular Customers,0,0.015
17192.0,United Kingdom,At-Risk Customers,1,0.995
17193.0,United Kingdom,Regular Customers,0,0.135
17194.0,United Kingdom,At-Risk Customers,1,0.99
17195.0,United Kingdom,At-Risk Customers,1,1.0
17196.0,United Kingdom,At-Risk Customers,1,0.99
17197.0,United Kingdom,Regular Customers,0,0.045
17198.0,United Kingdom,Regular Customers,0,0.11
17199.0,United Kingdom,At-Risk Customers,1,1.0
17200.0,United Kingdom,At-Risk Customers,1,1.0
17201.0,United Kingdom,Regular Customers,0,0.195
17202.0,United Kingdom,At-Risk Customers,1,0.99
17203.0,United Kingdom,Regular Customers,0,0.025
17204.0,United Kingdom,Regular Customers,1,0.695
17205.0,United Kingdom,Regular Customers,0,0.09
17206.0,United Kingdom,Regular Customers,0,0.035
17207.0,United Kingdom,At-Risk Customers,1,1.0
17208.0,United Kingdom,At-Risk Customers,1,0.995
17209.0,United Kingdom,At-Risk Customers,1,0.965
17210.0,United Kingdom,At-Risk Customers,1,0.985
17211.0,United Kingdom,Regular Customers,0,0.055
17212.0,United Kingdom,Regular Customers,1,0.77
17213.0,United Kingdom,Regular Customers,0,0.02
17214.0,United Kingdom,Regular Customers,0,0.13
17215.0,United Kingdom,At-Risk Customers,1,0.995
17216.0,United Kingdom,At-Risk Customers,1,1.0
17217.0,United Kingdom,Regular Customers,1,0.92
17218.0,United Kingdom,Regular Customers,0,0.01
17219.0,United Kingdom,Regular Customers,0,0.11
17220.0,United Kingdom,Regular Customers,0,0.015
17221.0,United Kingdom,Regular Customers,0,0.325
17222.0,United Kingdom,Regular Customers,0,0.325
17223.0,United Kingdom,At-Risk Customers,1,0.99
17224.0,United Kingdom,At-Risk Customers,1,1.0
17225.0,United Kingdom,At-Risk Customers,1,1.0
17226.0,United Kingdom,At-Risk Customers,1,0.99
17227.0,United Kingdom,Regular Customers,0,0.05
17228.0,United Kingdom,Regular Customers,0,0.015
17229.0,United Kingdom,Regular Customers,1,0.955
17230.0,United Kingdom,Regular Customers,1,0.705
17231.0,United Kingdom,Regular Customers,0,0.05
17232.0,United Kingdom,Regular Customers,0,0.08
17233.0,United Kingdom,Regular Customers,0,0.14
17234.0,United Kingdom,Regular Customers,1,0.98
17235.0,United Kingdom,Regular Customers,0,0.155
17236.0,United Kingdom,Regular Customers,0,0.2
17237.0,United Kingdom,Regular Customers,0,0.045
17238.0,United Kingdom,Regular Customers,0,0.07
17239.0,United Kingdom,At-Risk Customers,1,1.0
17240.0,United Kingdom,At-Risk Customers,1,0.995
17241.0,United Kingdom,At-Risk Customers,1,0.935
17242.0,United Kingdom,Regular Customers,1,0.765
17243.0,United Kingdom,Loyal Customers,0,0.025
17244.0,United Kingdom,Regular Customers,0,0.045
17245.0,United Kingdom,Regular Customers,1,0.78
17246.0,United Kingdom,At-Risk Customers,1,1.0
17247.0,United Kingdom,Regular Customers,0,0.05
17248.0,United Kingdom,Regular Customers,1,0.89
17249.0,United Kingdom,At-Risk Customers,1,0.96
17250.0,United Kingdom,Regular Customers,0,0.06
17251.0,United Kingdom,At-Risk Customers,1,0.98
17252.0,United Kingdom,Regular Customers,1,0.975
17253.0,United Kingdom,Regular Customers,0,0.05
17254.0,United Kingdom,Regular Customers,0,0.01
17255.0,United Kingdom,Regular Customers,0,0.055
17256.0,United Kingdom,Regular Customers,1,0.895
17257.0,United Kingdom,At-Risk Customers,1,1.0
17258.0,United Kingdom,At-Risk Customers,1,0.99
17259.0,United Kingdom,Regular Customers,1,0.535
17260.0,United Kingdom,At-Risk Customers,1,0.99
17261.0,United Kingdom,At-Risk Customers,1,1.0
17262.0,United Kingdom,Regular Customers,0,0.185
17263.0,United Kingdom,Regular Customers,1,0.9
17264.0,United Kingdom,At-Risk Customers,1,0.985
17265.0,United Kingdom,Regular Customers,1,0.88
17266.0,United Kingdom,Regular Customers,0,0.225
17267.0,United Kingdom,Regular Customers,1,0.895
17268.0,United Kingdom,Regular Customers,0,0.37
17269.0,United Kingdom,At-Risk Customers,1,0.985
17270.0,United Kingdom,At-Risk Customers,1,0.99
17271.0,United Kingdom,At-Risk Customers,1,1.0
17272.0,United Kingdom,Regular Customers,1,0.58
17273.0,United Kingdom,At-Risk Customers,1,0.995
17274.0,United Kingdom,Regular Customers,0,0.02
17275.0,United Kingdom,At-Risk Customers,1,1.0
17276.0,United Kingdom,At-Risk Customers,1,0.985
17277.0,United Kingdom,Regular Customers,1,0.715
17278.0,United Kingdom,Regular Customers,1,0.9
17279.0,United Kingdom,Regular Customers,0,0.045
17280.0,United Kingdom,At-Risk Customers,1,1.0
17281.0,United Kingdom,At-Risk Customers,1,0.98
17282.0,United Kingdom,Regular Customers,1,0.79
17283.0,United Kingdom,At-Risk Customers,1,0.98
17284.0,United Kingdom,Regular Customers,0,0.145
17285.0,United Kingdom,At-Risk Customers,1,1.0
17286.0,United Kingdom,Regular Customers,0,0.04
17287.0,United Kingdom,Regular Customers,0,0.025
17288.0,United Kingdom,Regular Customers,0,0.03
17289.0,United Kingdom,Regular Customers,0,0.05
17290.0,United Kingdom,Regular Customers,0,0.07
17291.0,United Kingdom,At-Risk Customers,1,0.995
17292.0,United Kingdom,At-Risk Customers,1,0.99
17293.0,United Kingdom,Regular Customers,0,0.0
17294.0,United Kingdom,At-Risk Customers,1,0.995
17295.0,United Kingdom,Regular Customers,0,0.045
17296.0,United Kingdom,At-Risk Customers,1,0.99
17297.0,United Kingdom,Regular Customers,0,0.055
17298.0,United Kingdom,Regular Customers,1,0.84
17299.0,United Kingdom,Regular Customers,1,0.74
17300.0,United Kingdom,At-Risk Customers,1,0.95
17301.0,United Kingdom,Regular Customers,0,0.07
17302.0,United Kingdom,Regular Customers,0,0.13
17303.0,United Kingdom,At-Risk Customers,1,1.0
17304.0,United Kingdom,At-Risk Customers,1,1.0
17305.0,United Kingdom,At-Risk Customers,1,1.0
17306.0,United Kingdom,Regular Customers,0,0.065
17307.0,United Kingdom,At-Risk Customers,1,0.965
17308.0,United Kingdom,At-Risk Customers,1,0.96
17309.0,United Kingdom,Regular Customers,1,0.79
17310.0,United Kingdom,At-Risk Customers,1,0.985
17311.0,United Kingdom,Regular Customers,0,0.02
17312.0,United Kingdom,Regular Customers,1,0.745
17313.0,United Kingdom,Regular Customers,0,0.125
17314.0,United Kingdom,Regular Customers,0,0.02
17315.0,United Kingdom,Regular Customers,0,0.01
17316.0,United Kingdom,At-Risk Customers,1,0.995
17317.0,United Kingdom,Regular Customers,0,0.07
17318.0,United Kingdom,At-Risk Customers,1,1.0
17319.0,United Kingdom,At-Risk Customers,1,1.0
17320.0,United Kingdom,Regular Customers,0,0.425
17321.0,United Kingdom,Regular Customers,0,0.015
17322.0,United Kingdom,At-Risk Customers,1,0.99
17323.0,United Kingdom,Regular Customers,0,0.16
17324.0,United Kingdom,Regular Customers,0,0.025
17325.0,United Kingdom,At-Risk Customers,1,0.99
17326.0,United Kingdom,At-Risk Customers,1,0.995
17327.0,United Kingdom,At-Risk Customers,1,0.995
17328.0,United Kingdom,At-Risk Customers,1,1.0
17329.0,United Kingdom,Regular Customers,0,0.235
17330.0,United Kingdom,Regular Customers,0,0.205
17331.0,United Kingdom,Regular Customers,1,0.965
17332.0,United Kingdom,At-Risk Customers,1,0.94
17333.0,United Kingdom,Regular Customers,0,0.03
17334.0,United Kingdom,At-Risk Customers,1,0.985
17335.0,United Kingdom,At-Risk Customers,1,1.0
17336.0,United Kingdom,At-Risk Customers,1,1.0
17337.0,United Kingdom,Regular Customers,0,0.43
17338.0,United Kingdom,Regular Customers,0,0.025
17339.0,United Kingdom,Regular Customers,1,0.6516666666666667
17340.0,United Kingdom,Regular Customers,0,0.07
17341.0,United Kingdom,Regular Customers,1,0.71
17342.0,United Kingdom,At-Risk Customers,1,0.995
17343.0,United Kingdom,At-Risk Customers,1,0.975
17344.0,United Kingdom,Regular Customers,0,0.07
17345.0,United Kingdom,Regular Customers,0,0.18
17346.0,United Kingdom,Regular Customers,0,0.06
17347.0,United Kingdom,Regular Customers,0,0.05
17348.0,United Kingdom,Regular Customers,0,0.04
17349.0,United Kingdom,Regular Customers,1,0.695
17350.0,United Kingdom,Regular Customers,0,0.07
17351.0,United Kingdom,Regular Customers,0,0.135
17352.0,United Kingdom,At-Risk Customers,1,1.0
17353.0,United Kingdom,Regular Customers,1,0.91
17354.0,United Kingdom,Regular Customers,0,0.065
17355.0,United Kingdom,At-Risk Customers,1,0.985
17356.0,United Kingdom,At-Risk Customers,1,0.975
17357.0,United Kingdom,Regular Customers,0,0.055
17358.0,United Kingdom,At-Risk Customers,1,0.99
17359.0,United Kingdom,Regular Customers,0,0.245
17360.0,United Kingdom,Regular Customers,0,0.025
17361.0,United Kingdom,Regular Customers,0,0.165
17362.0,United Kingdom,Regular Customers,1,0.755
17363.0,United Kingdom,At-Risk Customers,1,0.995
17364.0,United Kingdom,Regular Customers,0,0.015
17365.0,United Kingdom,Regular Customers,0,0.01
17366.0,United Kingdom,At-Risk Customers,1,0.99
17367.0,United Kingdom,Regular Customers,1,0.915
17368.0,United Kingdom,Regular Customers,0,0.015
17369.0,United Kingdom,At-Risk Customers,1,0.985
17370.0,United Kingdom,Regular Customers,0,0.25
17371.0,United Kingdom,Regular Customers,0,0.26
17372.0,United Kingdom,Regular Customers,0,0.05
17373.0,United Kingdom,Regular Customers,0,0.065
17374.0,United Kingdom,Regular Customers,1,0.72
17375.0,United Kingdom,Regular Customers,1,0.825
17376.0,United Kingdom,Regular Customers,0,0.2
17377.0,United Kingdom,Loyal Customers,0,0.035
17378.0,United Kingdom,At-Risk Customers,1,0.98
17379.0,United Kingdom,Regular Customers,0,0.055
17380.0,United Kingdom,At-Risk Customers,1,0.975
17381.0,United Kingdom,Regular Customers,0,0.1
17382.0,United Kingdom,Regular Customers,0,0.38
17383.0,United Kingdom,Regular Customers,0,0.215
17384.0,United Kingdom,Regular Customers,0,0.17
17385.0,United Kingdom,Regular Customers,0,0.015
17386.0,United Kingdom,Regular Customers,0,0.145
17387.0,United Kingdom,Regular Customers,0,0.035
17388.0,United Kingdom,Regular Customers,0,0.17
17389.0,United Kingdom,Loyal Customers,0,0.015
17390.0,United Kingdom,At-Risk Customers,1,0.995
17391.0,United Kingdom,Regular Customers,1,0.93
17392.0,United Kingdom,At-Risk Customers,1,0.98
17393.0,United Kingdom,At-Risk Customers,1,1.0
17394.0,United Kingdom,Regular Customers,1,0.865
17395.0,United Kingdom,At-Risk Customers,1,0.995
17396.0,United Kingdom,Regular Customers,0,0.07
17397.0,United Kingdom,Regular Customers,0,0.03
17398.0,United Kingdom,Regular Customers,1,0.845
17400.0,United Kingdom,Regular Customers,1,0.725
17401.0,United Kingdom,At-Risk Customers,1,1.0
17402.0,United Kingdom,Regular Customers,0,0.01
17403.0,United Kingdom,Regular Customers,0,0.02
17404.0,Sweden,Regular Customers,0,0.08
17405.0,United Kingdom,Regular Customers,0,0.205
17406.0,United Kingdom,At-Risk Customers,1,0.945
17407.0,United Kingdom,At-Risk Customers,1,1.0
17408.0,United Kingdom,Regular Customers,1,0.75625
17409.0,United Kingdom,Regular Customers,1,0.68
17410.0,United Kingdom,Regular Customers,0,0.035
17411.0,United Kingdom,Regular Customers,0,0.07
17412.0,United Kingdom,Regular Customers,0,0.005
17413.0,United Kingdom,At-Risk Customers,1,0.99
17414.0,United Kingdom,Regular Customers,0,0.45
17415.0,United Kingdom,Regular Customers,0,0.285
17416.0,United Kingdom,Regular Customers,0,0.095
17417.0,United Kingdom,At-Risk Customers,1,1.0
17418.0,United Kingdom,Regular Customers,0,0.085
17419.0,United Kingdom,Regular Customers,0,0.01
17420.0,United Kingdom,Regular Customers,0,0.04
17421.0,United Kingdom,At-Risk Customers,1,1.0
17422.0,United Kingdom,Regular Customers,0,0.015
17423.0,United Kingdom,Regular Customers,0,0.015
17425.0,United Kingdom,Regular Customers,0,0.045
17426.0,United Kingdom,Regular Customers,0,0.005
17427.0,United Kingdom,Regular Customers,0,0.085
17428.0,United Kingdom,Regular Customers,0,0.04
17429.0,United Kingdom,Regular Customers,1,0.63
17430.0,United Kingdom,Regular Customers,0,0.13
17431.0,United Kingdom,At-Risk Customers,1,0.995
17432.0,United Kingdom,Regular Customers,0,0.03
17433.0,United Kingdom,Regular Customers,0,0.03
17434.0,United Kingdom,Regular Customers,0,0.105
17435.0,United Kingdom,At-Risk Customers,1,1.0
17436.0,United Kingdom,Regular Customers,0,0.245
17437.0,United Kingdom,At-Risk Customers,1,1.0
17438.0,United Kingdom,Regular Customers,1,0.9
17439.0,United Kingdom,At-Risk Customers,1,1.0
17440.0,United Kingdom,Regular Customers,1,0.865
17441.0,United Kingdom,At-Risk Customers,1,1.0
17442.0,United Kingdom,Regular Customers,0,0.0
17443.0,Canada,Regular Customers,1,0.95
17444.0,Canada,Regular Customers,1,0.785
17446.0,United Kingdom,Regular Customers,1,0.755
17447.0,United Kingdom,Regular Customers,0,0.03
17448.0,United Kingdom,At-Risk Customers,0,0.38
17449.0,United Kingdom,Regular Customers,0,0.125
17450.0,United Kingdom,Loyal Customers,0,0.03
17451.0,United Kingdom,Regular Customers,0,0.02
17453.0,United Kingdom,Regular Customers,0,0.035
17454.0,United Kingdom,Regular Customers,1,0.77
17455.0,United Kingdom,Regular Customers,1,0.985
17456.0,United Kingdom,At-Risk Customers,1,1.0
17457.0,United Kingdom,Regular Customers,0,0.23
17458.0,United Kingdom,Regular Customers,0,0.03
17459.0,United Kingdom,Regular Customers,0,0.04
17460.0,United Kingdom,Regular Customers,1,0.63
17461.0,United Kingdom,Regular Customers,0,0.075
17462.0,United Kingdom,Regular Customers,0,0.145
17463.0,United Kingdom,Regular Customers,0,0.175
17464.0,United Kingdom,Regular Customers,1,0.59
17465.0,United Kingdom,At-Risk Customers,1,0.97
17466.0,United Kingdom,Regular Customers,0,0.085
17467.0,United Kingdom,At-Risk Customers,1,0.985
17468.0,United Kingdom,Regular Customers,0,0.095
17469.0,United Kingdom,Regular Customers,0,0.04
17470.0,United Kingdom,Regular Customers,0,0.025
17471.0,United Kingdom,At-Risk Customers,1,1.0
17472.0,United Kingdom,Regular Customers,1,0.745
17473.0,United Kingdom,At-Risk Customers,1,1.0
17474.0,United Kingdom,At-Risk Customers,1,0.995
17475.0,United Kingdom,Regular Customers,0,0.005
17476.0,United Kingdom,At-Risk Customers,1,0.995
17477.0,United Kingdom,At-Risk Customers,1,0.995
17478.0,United Kingdom,At-Risk Customers,1,0.985
17479.0,United Kingdom,At-Risk Customers,1,1.0
17480.0,United Kingdom,Regular Customers,0,0.15
17481.0,United Kingdom,Regular Customers,0,0.05
17482.0,United Kingdom,At-Risk Customers,1,0.99
17483.0,United Kingdom,Regular Customers,0,0.05
17484.0,United Kingdom,At-Risk Customers,1,0.985
17486.0,United Kingdom,At-Risk Customers,1,1.0
17487.0,United Kingdom,At-Risk Customers,1,1.0
17488.0,United Kingdom,At-Risk Customers,1,1.0
17489.0,United Kingdom,Regular Customers,0,0.305
17490.0,United Kingdom,Regular Customers,0,0.055
17491.0,United Kingdom,Regular Customers,0,0.04
17492.0,United Kingdom,Regular Customers,1,0.9
17493.0,United Kingdom,At-Risk Customers,1,1.0
17494.0,United Kingdom,At-Risk Customers,1,1.0
17495.0,United Kingdom,Regular Customers,0,0.085
17496.0,United Kingdom,At-Risk Customers,1,0.97
17497.0,United Kingdom,At-Risk Customers,1,1.0
17498.0,United Kingdom,Regular Customers,0,0.01
17499.0,United Kingdom,At-Risk Customers,1,0.995
17500.0,United Kingdom,Regular Customers,0,0.1225
17501.0,United Kingdom,Regular Customers,1,0.935
17502.0,United Kingdom,Regular Customers,0,0.025
17503.0,United Kingdom,Regular Customers,0,0.015
17504.0,United Kingdom,Regular Customers,0,0.015
17505.0,United Kingdom,Regular Customers,1,0.695
17506.0,United Kingdom,Regular Customers,0,0.045
17507.0,United Kingdom,At-Risk Customers,1,0.995
17508.0,Greece,At-Risk Customers,1,0.965
17509.0,United Kingdom,Regular Customers,0,0.03
17510.0,United Kingdom,Regular Customers,0,0.09
17511.0,United Kingdom,Loyal Customers,0,0.005
17512.0,United Kingdom,Regular Customers,0,0.07
17513.0,United Kingdom,Regular Customers,0,0.06
17514.0,United Kingdom,Regular Customers,1,0.755
17515.0,United Kingdom,Regular Customers,0,0.145
17516.0,United Kingdom,Regular Customers,0,0.045
17517.0,United Kingdom,At-Risk Customers,1,1.0
17518.0,United Kingdom,At-Risk Customers,1,0.995
17519.0,United Kingdom,Regular Customers,0,0.015
17520.0,United Kingdom,Regular Customers,0,0.015
17521.0,United Kingdom,Regular Customers,0,0.07
17522.0,United Kingdom,Regular Customers,0,0.195
17523.0,United Kingdom,Regular Customers,0,0.085
17524.0,United Kingdom,At-Risk Customers,1,0.975
17525.0,United Kingdom,At-Risk Customers,1,0.995
17526.0,United Kingdom,Regular Customers,0,0.08
17527.0,United Kingdom,Regular Customers,0,0.125
17528.0,United Kingdom,Regular Customers,0,0.015
17529.0,United Kingdom,At-Risk Customers,1,0.97
17530.0,United Kingdom,Regular Customers,0,0.01
17531.0,United Kingdom,Regular Customers,1,0.92
17532.0,United Kingdom,At-Risk Customers,1,1.0
17533.0,United Kingdom,At-Risk Customers,1,0.98
17534.0,United Kingdom,Regular Customers,0,0.055
17535.0,United Kingdom,At-Risk Customers,1,1.0
17536.0,United Kingdom,Regular Customers,1,0.62
17537.0,United Kingdom,Regular Customers,0,0.175
17538.0,United Kingdom,Regular Customers,0,0.03
17539.0,United Kingdom,At-Risk Customers,1,0.98
17540.0,United Kingdom,Regular Customers,0,0.07
17541.0,United Kingdom,At-Risk Customers,1,1.0
17542.0,United Kingdom,At-Risk Customers,1,0.955
17543.0,United Kingdom,At-Risk Customers,1,1.0
17544.0,United Kingdom,At-Risk Customers,1,0.99
17545.0,United Kingdom,Regular Customers,0,0.06
17547.0,United Kingdom,At-Risk Customers,1,1.0
17548.0,United Kingdom,Regular Customers,0,0.085
17549.0,United Kingdom,Regular Customers,0,0.135
17550.0,United Kingdom,Regular Customers,0,0.325
17551.0,United Kingdom,At-Risk Customers,1,1.0
17552.0,United Kingdom,Regular Customers,0,0.06
17553.0,United Kingdom,Regular Customers,1,0.93
17554.0,United Kingdom,Regular Customers,0,0.28
17555.0,United Kingdom,Regular Customers,0,0.035
17556.0,United Kingdom,Regular Customers,1,0.705
17557.0,United Kingdom,Regular Customers,0,0.175
17558.0,United Kingdom,At-Risk Customers,1,0.995
17559.0,United Kingdom,At-Risk Customers,1,1.0
17560.0,United Kingdom,Regular Customers,1,0.765
17561.0,United Kingdom,Regular Customers,0,0.04
17562.0,United Kingdom,Regular Customers,0,0.245
17563.0,United Kingdom,At-Risk Customers,1,1.0
17564.0,United Kingdom,Regular Customers,0,0.02
17565.0,United Kingdom,At-Risk Customers,1,1.0
17566.0,United Kingdom,Regular Customers,0,0.095
17567.0,United Kingdom,Regular Customers,0,0.01
17568.0,United Kingdom,At-Risk Customers,1,1.0
17569.0,United Kingdom,At-Risk Customers,1,1.0
17570.0,United Kingdom,At-Risk Customers,1,1.0
17571.0,United Kingdom,Regular Customers,0,0.025
17572.0,United Kingdom,Regular Customers,0,0.145
17573.0,United Kingdom,Regular Customers,0,0.125
17574.0,United Kingdom,Regular Customers,1,0.955
17575.0,United Kingdom,At-Risk Customers,1,1.0
17576.0,United Kingdom,Regular Customers,0,0.03
17577.0,United Kingdom,At-Risk Customers,1,0.99
17578.0,United Kingdom,Regular Customers,1,0.78
17579.0,United Kingdom,Regular Customers,0,0.17
17580.0,United Kingdom,Regular Customers,1,0.77
17581.0,United Kingdom,Regular Customers,0,0.01
17582.0,United Kingdom,Regular Customers,1,0.855
17583.0,United Kingdom,At-Risk Customers,1,1.0
17584.0,United Kingdom,Regular Customers,0,0.375
17585.0,United Kingdom,Regular Customers,1,0.785
17586.0,United Kingdom,At-Risk Customers,1,1.0
17587.0,United Kingdom,At-Risk Customers,1,1.0
17588.0,United Kingdom,Regular Customers,1,0.785
17589.0,United Kingdom,Regular Customers,0,0.13
17590.0,United Kingdom,Regular Customers,0,0.075
17591.0,United Kingdom,Regular Customers,0,0.145
17592.0,United Kingdom,At-Risk Customers,1,1.0
17593.0,United Kingdom,Regular Customers,0,0.08
17594.0,United Kingdom,Regular Customers,0,0.075
17595.0,United Kingdom,Regular Customers,0,0.04
17596.0,United Kingdom,Regular Customers,0,0.04
17597.0,United Kingdom,Regular Customers,1,0.87
17598.0,United Kingdom,At-Risk Customers,1,0.99
17599.0,United Kingdom,At-Risk Customers,1,1.0
17600.0,United Kingdom,Regular Customers,0,0.0
17601.0,United Kingdom,Regular Customers,1,0.7
17602.0,United Kingdom,Regular Customers,0,0.065
17603.0,United Kingdom,Regular Customers,0,0.14
17604.0,United Kingdom,Regular Customers,1,0.83
17605.0,United Kingdom,At-Risk Customers,1,1.0
17606.0,United Kingdom,At-Risk Customers,1,1.0
17607.0,United Kingdom,At-Risk Customers,1,0.995
17608.0,United Kingdom,Regular Customers,0,0.02
17609.0,United Kingdom,Regular Customers,0,0.135
17610.0,United Kingdom,At-Risk Customers,1,0.975
17611.0,United Kingdom,Regular Customers,0,0.01
17612.0,United Kingdom,Regular Customers,0,0.01
17613.0,United Kingdom,Regular Customers,0,0.19
17614.0,United Kingdom,Regular Customers,0,0.05
17615.0,United Kingdom,Regular Customers,1,0.74
17616.0,United Kingdom,Regular Customers,1,0.6804166666666666
17617.0,United Kingdom,At-Risk Customers,1,1.0
17618.0,United Kingdom,Regular Customers,0,0.185
17619.0,United Kingdom,At-Risk Customers,1,0.995
17620.0,United Kingdom,Regular Customers,0,0.01
17621.0,United Kingdom,Regular Customers,0,0.05
17622.0,United Kingdom,At-Risk Customers,1,1.0
17623.0,United Kingdom,Regular Customers,0,0.145
17624.0,United Kingdom,Regular Customers,0,0.06
17625.0,United Kingdom,Regular Customers,0,0.03
17626.0,United Kingdom,At-Risk Customers,1,0.995
17627.0,United Kingdom,At-Risk Customers,1,0.985
17628.0,United Kingdom,Regular Customers,0,0.115
17629.0,United Kingdom,Regular Customers,0,0.005
17630.0,United Kingdom,Regular Customers,1,0.955
17631.0,United Kingdom,Regular Customers,0,0.185
17633.0,United Kingdom,Regular Customers,0,0.105
17634.0,United Kingdom,Regular Customers,0,0.03
17635.0,United Kingdom,At-Risk Customers,1,0.94
17636.0,United Kingdom,Regular Customers,0,0.0
17637.0,United Kingdom,Regular Customers,0,0.23
17638.0,United Kingdom,At-Risk Customers,1,0.99
17639.0,United Kingdom,At-Risk Customers,1,0.955
17640.0,United Kingdom,Regular Customers,0,0.025
17642.0,United Kingdom,Regular Customers,1,0.71
17643.0,United Kingdom,At-Risk Customers,1,1.0
17644.0,United Kingdom,Regular Customers,0,0.08
17646.0,United Kingdom,Regular Customers,0,0.135
17647.0,United Kingdom,Regular Customers,0,0.15166666666666667
17648.0,United Kingdom,Regular Customers,0,0.155
17649.0,United Kingdom,Regular Customers,1,0.815
17650.0,United Kingdom,Regular Customers,0,0.02
17651.0,United Kingdom,Regular Customers,0,0.025
17652.0,United Kingdom,Regular Customers,0,0.06
17653.0,United Kingdom,Regular Customers,0,0.08
17654.0,United Kingdom,At-Risk Customers,1,1.0
17655.0,United Kingdom,Regular Customers,0,0.02
17656.0,United Kingdom,Regular Customers,0,0.14
17657.0,United Kingdom,At-Risk Customers,1,0.995
17658.0,United Kingdom,Regular Customers,0,0.04
17659.0,United Kingdom,Regular Customers,0,0.01
17660.0,United Kingdom,Regular Customers,1,0.8
17662.0,United Kingdom,At-Risk Customers,1,0.99
17663.0,United Kingdom,Regular Customers,0,0.05
17664.0,United Kingdom,Regular Customers,0,0.125
17665.0,United Kingdom,At-Risk Customers,1,1.0
17666.0,United Kingdom,Regular Customers,0,0.27
17667.0,United Kingdom,Regular Customers,0,0.035
17668.0,United Kingdom,Regular Customers,0,0.035
17669.0,United Kingdom,Regular Customers,0,0.14
17670.0,United Kingdom,Regular Customers,1,0.85
17671.0,United Kingdom,Regular Customers,0,0.265
17672.0,United Kingdom,Regular Customers,0,0.035
17673.0,United Kingdom,Regular Customers,0,0.02
17674.0,United Kingdom,Regular Customers,0,0.03
17675.0,United Kingdom,Loyal Customers,0,0.0
17676.0,United Kingdom,Regular Customers,0,0.32
17677.0,United Kingdom,Regular Customers,0,0.035
17678.0,United Kingdom,At-Risk Customers,1,0.995
17679.0,United Kingdom,Regular Customers,0,0.03
17680.0,United Kingdom,Regular Customers,0,0.085
17681.0,United Kingdom,At-Risk Customers,1,0.97
17682.0,United Kingdom,Regular Customers,0,0.1
17683.0,United Kingdom,At-Risk Customers,1,0.99
17684.0,United Kingdom,Regular Customers,0,0.01
17685.0,United Kingdom,Regular Customers,0,0.03
17686.0,United Kingdom,Regular Customers,0,0.12
17687.0,United Kingdom,At-Risk Customers,1,0.995
17688.0,United Kingdom,At-Risk Customers,1,1.0
17689.0,United Kingdom,At-Risk Customers,1,0.99
17690.0,United Kingdom,Regular Customers,0,0.0
17691.0,United Kingdom,At-Risk Customers,1,1.0
17692.0,United Kingdom,Regular Customers,0,0.25
17693.0,United Kingdom,Regular Customers,1,0.98
17694.0,United Kingdom,Regular Customers,1,0.775
17695.0,United Kingdom,Regular Customers,1,0.845
17696.0,United Kingdom,Regular Customers,0,0.0
17697.0,United Kingdom,Regular Customers,1,0.99
17698.0,United Kingdom,At-Risk Customers,1,1.0
17699.0,United Kingdom,At-Risk Customers,1,0.995
17700.0,United Kingdom,Regular Customers,0,0.045
17701.0,United Kingdom,At-Risk Customers,1,1.0
17702.0,United Kingdom,Regular Customers,0,0.05
17703.0,United Kingdom,Regular Customers,0,0.04
17704.0,United Kingdom,Regular Customers,1,0.75
17705.0,United Kingdom,Regular Customers,0,0.06
17706.0,United Kingdom,Regular Customers,0,0.03
17707.0,United Kingdom,Regular Customers,1,0.765
17708.0,United Kingdom,Regular Customers,1,0.655
17709.0,United Kingdom,Regular Customers,1,0.875
17710.0,United Kingdom,At-Risk Customers,1,0.985
17711.0,United Kingdom,Regular Customers,0,0.165
17712.0,United Kingdom,Regular Customers,0,0.245
17713.0,United Kingdom,At-Risk Customers,1,1.0
17714.0,United Kingdom,At-Risk Customers,1,0.97
17715.0,United Kingdom,Regular Customers,1,0.885
17716.0,United Kingdom,Regular Customers,0,0.06
17717.0,United Kingdom,At-Risk Customers,1,0.98
17718.0,United Kingdom,Regular Customers,1,0.885
17719.0,United Kingdom,Regular Customers,0,0.02
17720.0,United Kingdom,Regular Customers,0,0.155
17721.0,United Kingdom,At-Risk Customers,1,1.0
17722.0,United Kingdom,Regular Customers,1,0.735
17723.0,United Kingdom,Regular Customers,1,0.805
17724.0,United Kingdom,Regular Customers,0,0.075
17725.0,United Kingdom,Regular Customers,0,0.1
17726.0,United Kingdom,At-Risk Customers,1,0.995
17727.0,United Kingdom,Regular Customers,0,0.125
17728.0,United Kingdom,Regular Customers,0,0.035
17729.0,United Kingdom,At-Risk Customers,1,1.0
17730.0,United Kingdom,Regular Customers,0,0.01
17731.0,United Kingdom,Regular Customers,0,0.23
17732.0,United Kingdom,At-Risk Customers,1,0.995
17733.0,United Kingdom,Regular Customers,0,0.05
17734.0,United Kingdom,Regular Customers,0,0.22
17735.0,United Kingdom,Regular Customers,0,0.015
17736.0,United Kingdom,Regular Customers,0,0.28
17737.0,United Kingdom,Regular Customers,0,0.1
17738.0,United Kingdom,Regular Customers,0,0.12
17739.0,United Kingdom,Regular Customers,0,0.04
17740.0,United Kingdom,At-Risk Customers,1,0.975
17741.0,United Kingdom,At-Risk Customers,1,0.98
17742.0,United Kingdom,Regular Customers,0,0.475
17743.0,United Kingdom,At-Risk Customers,1,0.995
17744.0,United Kingdom,Regular Customers,0,0.07
17745.0,United Kingdom,At-Risk Customers,1,0.99
17746.0,United Kingdom,Regular Customers,1,0.66
17747.0,United Kingdom,Regular Customers,1,0.995
17748.0,United Kingdom,At-Risk Customers,1,1.0
17749.0,United Kingdom,Regular Customers,1,0.87
17750.0,United Kingdom,Regular Customers,0,0.055
17751.0,United Kingdom,At-Risk Customers,1,0.975
17752.0,United Kingdom,At-Risk Customers,1,0.995
17753.0,United Kingdom,At-Risk Customers,1,0.985
17754.0,United Kingdom,Regular Customers,0,0.025
17756.0,United Kingdom,At-Risk Customers,1,0.995
17757.0,United Kingdom,Regular Customers,0,0.005
17758.0,United Kingdom,Regular Customers,0,0.005
17759.0,United Kingdom,Regular Customers,0,0.05
17760.0,United Kingdom,Regular Customers,0,0.18
17761.0,United Kingdom,Regular Customers,0,0.045
17762.0,United Kingdom,At-Risk Customers,1,0.99
17763.0,United Kingdom,At-Risk Customers,1,0.97
17764.0,United Kingdom,Regular Customers,0,0.04
17765.0,United Kingdom,Regular Customers,1,0.755
17766.0,United Kingdom,At-Risk Customers,1,0.995
17767.0,United Kingdom,Regular Customers,0,0.03
17768.0,United Kingdom,Regular Customers,0,0.0
17769.0,United Kingdom,Regular Customers,0,0.02
17770.0,United Kingdom,Regular Customers,1,0.86
17771.0,United Kingdom,Regular Customers,0,0.07
17772.0,United Kingdom,Regular Customers,0,0.075
17773.0,United Kingdom,At-Risk Customers,1,1.0
17774.0,United Kingdom,Regular Customers,1,0.705
17775.0,United Kingdom,At-Risk Customers,1,1.0
17776.0,United Kingdom,At-Risk Customers,1,0.995
17777.0,United Kingdom,Regular Customers,0,0.025
17778.0,United Kingdom,At-Risk Customers,1,1.0
17779.0,United Kingdom,Regular Customers,0,0.025
17780.0,United Kingdom,At-Risk Customers,1,0.995
17781.0,United Kingdom,Regular Customers,1,0.855
17782.0,United Kingdom,At-Risk Customers,1,0.995
17783.0,United Kingdom,Regular Customers,0,0.055
17784.0,United Kingdom,At-Risk Customers,1,1.0
17785.0,United Kingdom,Regular Customers,0,0.035
17786.0,United Kingdom,Regular Customers,0,0.27
17787.0,United Kingdom,Regular Customers,1,0.77
17788.0,United Kingdom,Regular Customers,0,0.285
17789.0,United Kingdom,At-Risk Customers,1,0.99
17790.0,United Kingdom,Regular Customers,0,0.175
17791.0,United Kingdom,Regular Customers,0,0.03
17792.0,United Kingdom,At-Risk Customers,1,0.995
17793.0,United Kingdom,Regular Customers,0,0.02
17794.0,United Kingdom,At-Risk Customers,1,1.0
17795.0,United Kingdom,Regular Customers,1,0.89
17796.0,United Kingdom,Regular Customers,0,0.055
17797.0,United Kingdom,Regular Customers,0,0.04
17798.0,United Kingdom,At-Risk Customers,1,1.0
17799.0,United Kingdom,Regular Customers,0,0.025
17800.0,United Kingdom,Regular Customers,0,0.13
17801.0,United Kingdom,At-Risk Customers,1,0.995
17802.0,United Kingdom,Regular Customers,0,0.065
17803.0,United Kingdom,At-Risk Customers,1,1.0
17804.0,United Kingdom,At-Risk Customers,1,0.97
17805.0,United Kingdom,Regular Customers,0,0.075
17806.0,United Kingdom,Regular Customers,0,0.08
17807.0,United Kingdom,At-Risk Customers,1,1.0
17808.0,United Kingdom,At-Risk Customers,1,0.985
17809.0,United Kingdom,Regular Customers,0,0.02
17810.0,United Kingdom,At-Risk Customers,1,0.985
17811.0,United Kingdom,Regular Customers,0,0.015
17812.0,United Kingdom,Regular Customers,0,0.11
17813.0,United Kingdom,Regular Customers,0,0.055
17814.0,United Kingdom,At-Risk Customers,1,0.995
17815.0,United Kingdom,At-Risk Customers,1,0.99
17816.0,United Kingdom,Regular Customers,0,0.11
17817.0,United Kingdom,Regular Customers,0,0.32
17818.0,United Kingdom,At-Risk Customers,1,1.0
17819.0,United Kingdom,Regular Customers,0,0.045
17820.0,United Kingdom,At-Risk Customers,1,0.985
17821.0,United Kingdom,At-Risk Customers,1,0.99
17822.0,United Kingdom,At-Risk Customers,1,0.98
17823.0,United Kingdom,At-Risk Customers,1,0.98
17824.0,United Kingdom,Regular Customers,0,0.015
17825.0,United Kingdom,At-Risk Customers,1,0.99
17826.0,United Kingdom,At-Risk Customers,1,1.0
17827.0,United Kingdom,Regular Customers,0,0.425
17828.0,Malta,Regular Customers,1,0.525
17829.0,United Arab Emirates,At-Risk Customers,1,0.99
17830.0,United Kingdom,Regular Customers,0,0.115
17831.0,United Kingdom,Regular Customers,0,0.055
17832.0,United Kingdom,Regular Customers,0,0.035
17833.0,United Kingdom,At-Risk Customers,1,0.99
17834.0,United Kingdom,At-Risk Customers,1,1.0
17835.0,United Kingdom,Regular Customers,0,0.125
17836.0,United Kingdom,Regular Customers,0,0.055
17837.0,United Kingdom,Regular Customers,0,0.065
17838.0,United Kingdom,Regular Customers,0,0.015
17839.0,United Kingdom,Regular Customers,0,0.015
17840.0,United Kingdom,At-Risk Customers,1,0.995
17841.0,United Kingdom,Loyal Customers,0,0.01
17842.0,United Kingdom,At-Risk Customers,1,1.0
17843.0,United Kingdom,At-Risk Customers,1,0.995
17844.0,Canada,Regular Customers,1,0.965
17845.0,United Kingdom,At-Risk Customers,1,0.995
17846.0,United Kingdom,Regular Customers,0,0.18
17847.0,United Kingdom,At-Risk Customers,1,1.0
17848.0,United Kingdom,Regular Customers,0,0.055
17849.0,United Kingdom,Regular Customers,0,0.2
17850.0,United Kingdom,Loyal Customers,0,0.005
17851.0,United Kingdom,At-Risk Customers,1,0.995
17852.0,United Kingdom,Regular Customers,0,0.39
17853.0,United Kingdom,At-Risk Customers,1,0.985
17854.0,United Kingdom,Regular Customers,0,0.11
17855.0,United Kingdom,At-Risk Customers,1,0.99
17856.0,United Kingdom,Regular Customers,0,0.275
17857.0,United Kingdom,Regular Customers,0,0.09
17858.0,United Kingdom,Regular Customers,0,0.005
17859.0,United Kingdom,At-Risk Customers,1,1.0
17860.0,United Kingdom,At-Risk Customers,1,0.94
17861.0,United Kingdom,Regular Customers,0,0.04
17862.0,United Kingdom,At-Risk Customers,1,1.0
17863.0,United Kingdom,Regular Customers,0,0.11
17864.0,United Kingdom,Regular Customers,0,0.31
17865.0,United Kingdom,Regular Customers,0,0.005
17866.0,United Kingdom,Regular Customers,1,0.87
17867.0,United Kingdom,Regular Customers,0,0.165
17868.0,United Kingdom,At-Risk Customers,1,0.99
17869.0,United Kingdom,Regular Customers,1,0.925
17870.0,United Kingdom,Regular Customers,0,0.0
17871.0,United Kingdom,Regular Customers,0,0.14
17872.0,United Kingdom,At-Risk Customers,1,1.0
17873.0,United Kingdom,Regular Customers,0,0.075
17874.0,United Kingdom,Regular Customers,1,0.9
17875.0,United Kingdom,At-Risk Customers,1,1.0
17876.0,United Kingdom,At-Risk Customers,1,0.98
17877.0,United Kingdom,Regular Customers,1,0.97
17878.0,United Kingdom,Regular Customers,0,0.05
17879.0,United Kingdom,Regular Customers,1,0.95
17880.0,United Kingdom,At-Risk Customers,1,1.0
17881.0,United Kingdom,At-Risk Customers,1,1.0
17882.0,United Kingdom,At-Risk Customers,1,1.0
17883.0,United Kingdom,Regular Customers,0,0.045
17884.0,United Kingdom,Regular Customers,0,0.08
17885.0,United Kingdom,Regular Customers,0,0.02
17886.0,United Kingdom,Regular Customers,0,0.045
17887.0,United Kingdom,Regular Customers,1,0.96
17888.0,United Kingdom,Regular Customers,0,0.145
17889.0,United Kingdom,Regular Customers,1,0.73
17890.0,United Kingdom,At-Risk Customers,1,0.99
17891.0,United Kingdom,Regular Customers,1,0.89
17892.0,United Kingdom,Regular Customers,0,0.28
17893.0,United Kingdom,Regular Customers,1,0.92
17894.0,United Kingdom,Regular Customers,0,0.21
17895.0,United Kingdom,Regular Customers,0,0.02
17896.0,United Kingdom,Regular Customers,0,0.02
17897.0,United Kingdom,Regular Customers,1,0.815
17898.0,United Kingdom,Regular Customers,0,0.17
17899.0,United Kingdom,Regular Customers,1,0.985
17900.0,United Kingdom,Regular Customers,1,0.855
17901.0,United Kingdom,Regular Customers,0,0.15
17902.0,United Kingdom,At-Risk Customers,1,1.0
17903.0,United Kingdom,At-Risk Customers,1,0.985
17904.0,United Kingdom,Regular Customers,0,0.02
17905.0,United Kingdom,Regular Customers,0,0.195
17906.0,United Kingdom,Regular Customers,1,0.965
17907.0,United Kingdom,At-Risk Customers,1,1.0
17908.0,United Kingdom,At-Risk Customers,1,0.99
17909.0,United Kingdom,At-Risk Customers,1,1.0
17910.0,United Kingdom,At-Risk Customers,1,1.0
17911.0,United Kingdom,Regular Customers,0,0.0
17912.0,United Kingdom,At-Risk Customers,1,0.92
17913.0,United Kingdom,Regular Customers,0,0.005
17914.0,United Kingdom,Regular Customers,0,0.065
17915.0,United Kingdom,At-Risk Customers,1,1.0
17916.0,United Kingdom,At-Risk Customers,1,0.95
17917.0,United Kingdom,Regular Customers,0,0.2
17918.0,United Kingdom,At-Risk Customers,1,0.99
17919.0,United Kingdom,Regular Customers,0,0.045
17920.0,United Kingdom,Regular Customers,0,0.015
17921.0,United Kingdom,Regular Customers,0,0.155
17922.0,United Kingdom,At-Risk Customers,1,1.0
17923.0,United Kingdom,At-Risk Customers,1,0.995
17924.0,United Kingdom,Regular Customers,0,0.125
17925.0,United Kingdom,At-Risk Customers,1,0.995
17926.0,United Kingdom,Regular Customers,1,0.74
17927.0,United Kingdom,At-Risk Customers,1,1.0
17928.0,United Kingdom,Regular Customers,0,0.24
17929.0,United Kingdom,Regular Customers,0,0.33
17930.0,United Kingdom,Regular Customers,0,0.23
17931.0,United Kingdom,Regular Customers,1,0.645
17932.0,United Kingdom,Regular Customers,0,0.305
17933.0,United Kingdom,At-Risk Customers,1,1.0
17934.0,United Kingdom,Regular Customers,0,0.02
17935.0,United Kingdom,Regular Customers,1,0.855
17936.0,United Kingdom,Regular Customers,0,0.105
17937.0,United Kingdom,Regular Customers,0,0.125
17938.0,United Kingdom,At-Risk Customers,1,0.995
17939.0,United Kingdom,Regular Customers,1,0.99
17940.0,United Kingdom,Regular Customers,0,0.145
17941.0,United Kingdom,Regular Customers,1,0.76
17942.0,United Kingdom,Regular Customers,0,0.29
17944.0,United Kingdom,At-Risk Customers,1,0.995
17945.0,United Kingdom,At-Risk Customers,1,0.99
17946.0,United Kingdom,Regular Customers,1,0.9
17947.0,United Kingdom,Regular Customers,0,0.015
17948.0,United Kingdom,Regular Customers,1,0.935
17949.0,United Kingdom,Loyal Customers,0,0.01
17950.0,United Kingdom,Regular Customers,0,0.05
17951.0,United Kingdom,Regular Customers,0,0.015
17952.0,United Kingdom,At-Risk Customers,1,0.995
17953.0,United Kingdom,At-Risk Customers,1,1.0
17954.0,United Kingdom,Regular Customers,0,0.015
17955.0,United Kingdom,Regular Customers,1,0.885
17956.0,United Kingdom,Regular Customers,1,0.93
17957.0,United Kingdom,Regular Customers,0,0.065
17958.0,United Kingdom,Regular Customers,1,0.775
17959.0,United Kingdom,At-Risk Customers,1,1.0
17960.0,United Kingdom,Regular Customers,1,0.645
17961.0,United Kingdom,Loyal Customers,0,0.16
17962.0,United Kingdom,Regular Customers,1,0.88
17963.0,United Kingdom,At-Risk Customers,1,0.985
17964.0,United Kingdom,Regular Customers,0,0.11
17965.0,United Kingdom,Regular Customers,0,0.025
17966.0,United Kingdom,Regular Customers,0,0.075
17967.0,United Kingdom,At-Risk Customers,1,1.0
17968.0,United Kingdom,At-Risk Customers,1,0.99
17969.0,United Kingdom,Regular Customers,1,0.725
17970.0,United Kingdom,Regular Customers,1,0.94
17971.0,United Kingdom,At-Risk Customers,1,1.0
17972.0,United Kingdom,Regular Customers,1,0.955
17973.0,United Kingdom,Regular Customers,0,0.025
17974.0,United Kingdom,Regular Customers,0,0.005
17975.0,United Kingdom,Regular Customers,0,0.18
17976.0,United Kingdom,At-Risk Customers,1,1.0
17977.0,United Kingdom,Regular Customers,0,0.015
17978.0,United Kingdom,At-Risk Customers,1,0.985
17979.0,United Kingdom,Regular Customers,0,0.34
17980.0,United Kingdom,Regular Customers,1,0.71
17981.0,United Kingdom,At-Risk Customers,1,0.98
17982.0,United Kingdom,At-Risk Customers,1,1.0
17983.0,United Kingdom,At-Risk Customers,1,1.0
17984.0,United Kingdom,Regular Customers,1,0.9
17985.0,United Kingdom,Regular Customers,0,0.055
17986.0,United Kingdom,Regular Customers,0,0.055
17987.0,United Kingdom,Regular Customers,1,0.695
17988.0,United Kingdom,Regular Customers,0,0.15
17989.0,United Kingdom,At-Risk Customers,1,0.995
17990.0,United Kingdom,Regular Customers,1,0.795
17991.0,United Kingdom,Regular Customers,1,0.845
17992.0,United Kingdom,At-Risk Customers,1,1.0
17993.0,United Kingdom,At-Risk Customers,1,0.995
17994.0,United Kingdom,Regular Customers,1,0.715
17995.0,United Kingdom,At-Risk Customers,1,0.995
17996.0,United Kingdom,At-Risk Customers,1,0.965
17997.0,United Kingdom,Regular Customers,0,0.165
17998.0,United Kingdom,At-Risk Customers,1,0.995
17999.0,United Kingdom,Regular Customers,0,0.075
18000.0,United Kingdom,At-Risk Customers,1,1.0
18001.0,United Kingdom,Regular Customers,0,0.13
18002.0,United Kingdom,At-Risk Customers,1,0.935
18003.0,United Kingdom,At-Risk Customers,1,0.995
18004.0,United Kingdom,At-Risk Customers,1,1.0
18005.0,United Kingdom,Regular Customers,0,0.355
18006.0,United Kingdom,Regular Customers,0,0.12
18007.0,United Kingdom,At-Risk Customers,1,0.97
18008.0,United Kingdom,Regular Customers,0,0.065
18009.0,United Kingdom,Regular Customers,1,0.805
18010.0,United Kingdom,At-Risk Customers,1,1.0
18011.0,United Kingdom,At-Risk Customers,1,0.99
18012.0,United Kingdom,At-Risk Customers,1,1.0
18013.0,United Kingdom,Regular Customers,1,0.94
18014.0,United Kingdom,Regular Customers,0,0.05
18015.0,United Kingdom,Regular Customers,0,0.045
18016.0,United Kingdom,Regular Customers,0,0.13
18017.0,United Kingdom,Regular Customers,0,0.16375
18018.0,United Kingdom,Regular Customers,1,0.825
18019.0,United Kingdom,Regular Customers,0,0.075
18020.0,United Kingdom,At-Risk Customers,1,1.0
18021.0,United Kingdom,At-Risk Customers,1,1.0
18022.0,United Kingdom,Regular Customers,0,0.045
18024.0,United Kingdom,Regular Customers,1,0.925
18025.0,United Kingdom,At-Risk Customers,1,0.995
18026.0,United Kingdom,At-Risk Customers,1,0.995
18027.0,United Kingdom,Regular Customers,1,0.67
18028.0,United Kingdom,At-Risk Customers,1,1.0
18029.0,United Kingdom,At-Risk Customers,1,1.0
18030.0,United Kingdom,Regular Customers,0,0.165
18031.0,United Kingdom,At-Risk Customers,1,0.995
18032.0,United Kingdom,At-Risk Customers,1,0.995
18033.0,United Kingdom,Regular Customers,0,0.06
18034.0,United Kingdom,Regular Customers,0,0.14
18035.0,United Kingdom,Regular Customers,0,0.04
18036.0,United Kingdom,Regular Customers,0,0.45
18037.0,United Kingdom,Regular Customers,1,0.77
18038.0,United Kingdom,At-Risk Customers,1,1.0
18039.0,United Kingdom,At-Risk Customers,1,0.95
18040.0,United Kingdom,Regular Customers,0,0.27
18041.0,United Kingdom,Regular Customers,0,0.07
18042.0,United Kingdom,Regular Customers,0,0.24
18043.0,United Kingdom,Regular Customers,0,0.115
18044.0,United Kingdom,Regular Customers,0,0.015
18045.0,United Kingdom,Regular Customers,0,0.025
18046.0,United Kingdom,At-Risk Customers,1,1.0
18047.0,United Kingdom,At-Risk Customers,1,0.985
18048.0,United Kingdom,Regular Customers,1,0.855
18049.0,United Kingdom,At-Risk Customers,1,0.99
18050.0,United Kingdom,At-Risk Customers,1,1.0
18051.0,United Kingdom,At-Risk Customers,1,0.965
18052.0,United Kingdom,At-Risk Customers,1,0.965
18053.0,United Kingdom,Regular Customers,0,0.025
18054.0,United Kingdom,At-Risk Customers,1,0.99
18055.0,United Kingdom,Regular Customers,0,0.045
18056.0,United Kingdom,At-Risk Customers,1,0.99
18057.0,United Kingdom,At-Risk Customers,1,0.95
18058.0,United Kingdom,Regular Customers,0,0.14
18059.0,United Kingdom,Regular Customers,0,0.11
18060.0,United Kingdom,At-Risk Customers,1,0.995
18061.0,United Kingdom,Regular Customers,0,0.04
18062.0,United Kingdom,Regular Customers,0,0.375
18063.0,United Kingdom,At-Risk Customers,1,0.985
18064.0,United Kingdom,Regular Customers,1,0.715
18065.0,United Kingdom,Regular Customers,0,0.025
18066.0,United Kingdom,Regular Customers,0,0.06
18067.0,United Kingdom,Regular Customers,0,0.015
18068.0,United Kingdom,At-Risk Customers,1,1.0
18069.0,United Kingdom,Regular Customers,0,0.05
18070.0,United Kingdom,At-Risk Customers,1,1.0
18071.0,United Kingdom,Regular Customers,1,0.815
18072.0,United Kingdom,Regular Customers,1,0.945
18073.0,United Kingdom,Regular Customers,1,0.715
18074.0,United Kingdom,At-Risk Customers,1,0.985
18075.0,United Kingdom,Regular Customers,0,0.005
18076.0,United Kingdom,At-Risk Customers,1,0.995
18077.0,United Kingdom,Regular Customers,0,0.02
18078.0,United Kingdom,Regular Customers,1,0.83
18079.0,United Kingdom,Regular Customers,0,0.045
18080.0,United Kingdom,Regular Customers,0,0.08
18081.0,United Kingdom,Regular Customers,0,0.105
18082.0,United Kingdom,Regular Customers,0,0.04
18083.0,United Kingdom,At-Risk Customers,1,0.995
18084.0,United Kingdom,Regular Customers,0,0.185
18085.0,United Kingdom,At-Risk Customers,1,0.99
18086.0,United Kingdom,At-Risk Customers,1,0.995
18087.0,United Kingdom,Regular Customers,1,0.72
18088.0,United Kingdom,Regular Customers,0,0.025
18089.0,United Kingdom,At-Risk Customers,1,1.0
18090.0,United Kingdom,At-Risk Customers,1,1.0
18091.0,United Kingdom,At-Risk Customers,1,0.995
18092.0,United Kingdom,Regular Customers,0,0.06
18093.0,United Kingdom,Regular Customers,1,0.77
18094.0,United Kingdom,Regular Customers,0,0.035
18095.0,United Kingdom,At-Risk Customers,1,0.995
18096.0,United Kingdom,Regular Customers,0,0.02
18097.0,United Kingdom,Regular Customers,0,0.04
18098.0,United Kingdom,At-Risk Customers,1,1.0
18099.0,United Kingdom,Regular Customers,1,0.99
18100.0,United Kingdom,At-Risk Customers,1,0.99
18101.0,United Kingdom,Regular Customers,0,0.17
18102.0,United Kingdom,VIP Customers,0,0.015
18103.0,United Kingdom,At-Risk Customers,1,1.0
18104.0,United Kingdom,Regular Customers,0,0.035
18105.0,United Kingdom,Regular Customers,0,0.035
18106.0,United Kingdom,At-Risk Customers,1,1.0
18107.0,United Kingdom,At-Risk Customers,1,0.985
18108.0,United Kingdom,Regular Customers,1,0.735
18109.0,United Kingdom,Regular Customers,0,0.01
18110.0,United Kingdom,Regular Customers,0,0.03
18111.0,United Kingdom,At-Risk Customers,1,1.0
18112.0,United Kingdom,Regular Customers,0,0.08
18113.0,United Kingdom,At-Risk Customers,1,1.0
18114.0,United Kingdom,At-Risk Customers,1,0.995
18115.0,United Kingdom,At-Risk Customers,1,0.99
18116.0,United Kingdom,Regular Customers,0,0.09
18117.0,United Kingdom,Regular Customers,0,0.01
18118.0,United Kingdom,Regular Customers,0,0.14
18119.0,United Kingdom,At-Risk Customers,1,1.0
18120.0,United Kingdom,Regular Customers,1,0.99
18121.0,United Kingdom,Regular Customers,1,0.87
18122.0,United Kingdom,Regular Customers,0,0.005
18123.0,United Kingdom,Regular Customers,0,0.155
18124.0,United Kingdom,At-Risk Customers,1,0.995
18125.0,United Kingdom,Regular Customers,0,0.145
18126.0,United Kingdom,Regular Customers,0,0.02
18127.0,United Kingdom,Regular Customers,0,0.16
18128.0,United Kingdom,At-Risk Customers,1,0.995
18129.0,United Kingdom,Regular Customers,1,0.945
18130.0,United Kingdom,Regular Customers,0,0.055
18131.0,United Kingdom,At-Risk Customers,1,1.0
18132.0,United Kingdom,At-Risk Customers,1,1.0
18133.0,United Kingdom,Regular Customers,1,0.96
18134.0,United Kingdom,At-Risk Customers,1,1.0
18135.0,United Kingdom,Regular Customers,0,0.17
18136.0,United Kingdom,Regular Customers,0,0.14
18137.0,United Kingdom,At-Risk Customers,1,0.985
18138.0,United Kingdom,At-Risk Customers,1,1.0
18139.0,United Kingdom,Regular Customers,0,0.035
18140.0,West Indies,At-Risk Customers,1,1.0
18141.0,United Kingdom,At-Risk Customers,1,1.0
18142.0,United Kingdom,Regular Customers,1,0.94
18143.0,United Kingdom,Regular Customers,1,0.775
18144.0,United Kingdom,Regular Customers,0,0.045
18145.0,United Kingdom,Regular Customers,0,0.05
18146.0,United Kingdom,Regular Customers,1,0.905
18147.0,United Kingdom,Regular Customers,0,0.29
18148.0,United Kingdom,At-Risk Customers,1,1.0
18149.0,United Kingdom,Regular Customers,0,0.16
18150.0,United Kingdom,Regular Customers,0,0.26
18151.0,United Kingdom,Regular Customers,1,0.555
18152.0,United Kingdom,At-Risk Customers,1,1.0
18153.0,United Kingdom,At-Risk Customers,1,1.0
18154.0,United Kingdom,Regular Customers,0,0.11
18155.0,United Kingdom,Regular Customers,0,0.15
18156.0,United Kingdom,Regular Customers,0,0.045
18157.0,United Kingdom,At-Risk Customers,1,1.0
18158.0,United Kingdom,Regular Customers,0,0.04
18159.0,United Kingdom,At-Risk Customers,1,0.995
18160.0,United Kingdom,Regular Customers,0,0.165
18161.0,United Kingdom,Regular Customers,0,0.085
18162.0,United Kingdom,At-Risk Customers,1,0.99
18163.0,United Kingdom,At-Risk Customers,1,1.0
18164.0,United Kingdom,Regular Customers,0,0.02
18165.0,United Kingdom,Regular Customers,1,0.985
18166.0,United Kingdom,At-Risk Customers,1,1.0
18167.0,United Kingdom,Regular Customers,0,0.09
18168.0,United Kingdom,Regular Customers,1,0.675
18169.0,United Kingdom,Regular Customers,0,0.035
18170.0,United Kingdom,Regular Customers,0,0.025
18171.0,United Kingdom,Regular Customers,0,0.14
18172.0,United Kingdom,Regular Customers,0,0.02
18173.0,United Kingdom,Regular Customers,0,0.15
18174.0,United Kingdom,Regular Customers,0,0.275
18175.0,United Kingdom,At-Risk Customers,1,1.0
18176.0,United Kingdom,At-Risk Customers,1,0.995
18177.0,United Kingdom,Regular Customers,0,0.24
18178.0,United Kingdom,Regular Customers,1,0.685
18179.0,United Kingdom,Regular Customers,0,0.045
18180.0,United Kingdom,Regular Customers,0,0.23
18181.0,United Kingdom,Regular Customers,0,0.05
18182.0,United Kingdom,At-Risk Customers,1,0.995
18183.0,United Kingdom,Regular Customers,1,0.865
18184.0,United Kingdom,Regular Customers,0,0.31
18185.0,United Kingdom,Regular Customers,1,0.985
18186.0,United Kingdom,At-Risk Customers,1,1.0
18187.0,United Kingdom,At-Risk Customers,1,0.99
18188.0,United Kingdom,Regular Customers,0,0.02
18189.0,United Kingdom,Regular Customers,0,0.24
18190.0,United Kingdom,Regular Customers,1,0.73
18191.0,United Kingdom,At-Risk Customers,1,0.995
18192.0,United Kingdom,Regular Customers,0,0.02
18193.0,United Kingdom,Regular Customers,1,0.675
18194.0,United Kingdom,Regular Customers,0,0.065
18195.0,United Kingdom,At-Risk Customers,1,1.0
18196.0,United Kingdom,Regular Customers,1,0.8
18197.0,United Kingdom,At-Risk Customers,1,1.0
18198.0,United Kingdom,Regular Customers,0,0.025
18199.0,United Kingdom,At-Risk Customers,1,0.99
18200.0,United Kingdom,Regular Customers,1,0.965
18201.0,United Kingdom,At-Risk Customers,1,1.0
18202.0,United Kingdom,Regular Customers,1,0.87
18203.0,United Kingdom,Regular Customers,1,0.85
18204.0,United Kingdom,Regular Customers,0,0.26
18205.0,United Kingdom,Regular Customers,0,0.07
18206.0,United Kingdom,At-Risk Customers,1,1.0
18207.0,United Kingdom,At-Risk Customers,1,0.985
18208.0,United Kingdom,At-Risk Customers,1,1.0
18209.0,United Kingdom,Regular Customers,0,0.07
18210.0,United Kingdom,Regular Customers,0,0.03
18211.0,United Kingdom,Regular Customers,0,0.08
18212.0,United Kingdom,At-Risk Customers,1,1.0
18213.0,United Kingdom,Regular Customers,1,0.945
18214.0,United Kingdom,At-Risk Customers,1,0.98
18215.0,United Kingdom,Regular Customers,0,0.045
18216.0,United Kingdom,Regular Customers,0,0.04
18217.0,United Kingdom,Regular Customers,0,0.065
18218.0,United Kingdom,Regular Customers,1,0.825
18219.0,United Kingdom,Regular Customers,0,0.045
18220.0,United Kingdom,Regular Customers,1,0.735
18221.0,United Kingdom,Regular Customers,0,0.015
18222.0,United Kingdom,Regular Customers,0,0.085
18223.0,United Kingdom,Regular Customers,0,0.045
18224.0,United Kingdom,At-Risk Customers,1,1.0
18225.0,United Kingdom,Regular Customers,0,0.0
18226.0,United Kingdom,Regular Customers,0,0.0
18227.0,United Kingdom,Regular Customers,1,0.845
18228.0,United Kingdom,Regular Customers,0,0.07
18229.0,United Kingdom,Regular Customers,0,0.025
18230.0,United Kingdom,Regular Customers,0,0.065
18231.0,United Kingdom,Regular Customers,0,0.06
18232.0,United Kingdom,Regular Customers,0,0.185
18233.0,United Kingdom,At-Risk Customers,1,0.985
18234.0,United Kingdom,At-Risk Customers,1,0.995
18235.0,United Kingdom,Regular Customers,0,0.09
18236.0,United Kingdom,Regular Customers,0,0.12
18237.0,United Kingdom,Regular Customers,0,0.5
18238.0,United Kingdom,At-Risk Customers,1,1.0
18239.0,United Kingdom,Regular Customers,0,0.29
18240.0,United Kingdom,Regular Customers,0,0.025
18241.0,United Kingdom,Regular Customers,0,0.07
18242.0,United Kingdom,Regular Customers,0,0.045
18243.0,United Kingdom,At-Risk Customers,1,0.995
18244.0,United Kingdom,At-Risk Customers,1,0.99
18245.0,United Kingdom,Regular Customers,0,0.03
18246.0,United Kingdom,Regular Customers,0,0.33
18247.0,United Kingdom,At-Risk Customers,1,0.99
18248.0,United Kingdom,Regular Customers,1,0.77
18249.0,United Kingdom,Regular Customers,0,0.015
18250.0,United Kingdom,At-Risk Customers,1,0.99
18251.0,United Kingdom,Regular Customers,0,0.12
18252.0,United Kingdom,Regular Customers,0,0.1
18253.0,United Kingdom,At-Risk Customers,1,1.0
18254.0,United Kingdom,At-Risk Customers,1,1.0
18255.0,United Kingdom,Regular Customers,0,0.0575
18256.0,United Kingdom,At-Risk Customers,1,0.98
18257.0,United Kingdom,Regular Customers,0,0.015
18258.0,United Kingdom,At-Risk Customers,1,0.985
18259.0,United Kingdom,Regular Customers,0,0.035
18260.0,United Kingdom,Regular Customers,1,0.615
18261.0,United Kingdom,Regular Customers,0,0.035
18262.0,United Kingdom,Regular Customers,1,0.605
18263.0,United Kingdom,Regular Customers,0,0.28
18264.0,United Kingdom,At-Risk Customers,1,0.995
18265.0,United Kingdom,Regular Customers,0,0.16
18266.0,United Kingdom,At-Risk Customers,1,0.995
18267.0,United Kingdom,At-Risk Customers,1,1.0
18268.0,United Kingdom,Regular Customers,1,0.76
18269.0,United Kingdom,At-Risk Customers,1,1.0
18270.0,United Kingdom,Regular Customers,0,0.0975
18271.0,United Kingdom,At-Risk Customers,1,0.98
18272.0,United Kingdom,Regular Customers,0,0.035
18273.0,United Kingdom,Regular Customers,1,0.565
18274.0,United Kingdom,Regular Customers,0,0.01
18275.0,United Kingdom,At-Risk Customers,1,0.99
18276.0,United Kingdom,Regular Customers,0,0.11
18277.0,United Kingdom,Regular Customers,0,0.105
18278.0,United Kingdom,Regular Customers,0,0.01
18279.0,United Kingdom,At-Risk Customers,1,1.0
18280.0,United Kingdom,At-Risk Customers,1,0.995
18281.0,United Kingdom,Regular Customers,1,0.885
18282.0,United Kingdom,Regular Customers,0,0.305
18283.0,United Kingdom,Regular Customers,0,0.05
18284.0,United Kingdom,At-Risk Customers,1,0.995
18285.0,United Kingdom,At-Risk Customers,1,0.995
18286.0,United Kingdom,At-Risk Customers,1,0.98
18287.0,United Kingdom,Regular Customers,0,0.17
