ds,trend,yhat_lower,yhat_upper,trend_lower,trend_upper,additive_terms,additive_terms_lower,additive_terms_upper,weekly,weekly_lower,weekly_upper,yearly,yearly_lower,yearly_upper,multiplicative_terms,multiplicative_terms_lower,multiplicative_terms_upper,yhat
2009-12-01,23366.3461134432,33638.9527660015,64561.30557942489,23366.3461134432,23366.3461134432,25945.697892237124,25945.697892237124,25945.697892237124,8263.26856421497,8263.26856421497,8263.26856421497,17682.429328022157,17682.429328022157,17682.429328022157,0.0,0.0,0.0,49312.04400568032
2009-12-02,23362.918624578782,30005.539146529733,60933.86911250904,23362.918624578782,23362.918624578782,22892.261037644686,22892.261037644686,22892.261037644686,5364.460058906355,5364.460058906355,5364.460058906355,17527.800978738334,17527.800978738334,17527.800978738334,0.0,0.0,0.0,46255.17966222347
2009-12-03,23359.491135714357,37436.25477045509,68646.1831902421,23359.491135714357,23359.491135714357,29838.081809735522,29838.081809735522,29838.081809735522,12589.557408846355,12589.557408846355,12589.557408846355,17248.524400889168,17248.524400889168,17248.524400889168,0.0,0.0,0.0,53197.57294544988
2009-12-04,23356.063646849936,28083.73740431402,59258.772997861866,23356.063646849936,23356.063646849936,20397.31556837361,20397.31556837361,20397.31556837361,3563.2497467984667,3563.2497467984667,3563.2497467984667,16834.065821575146,16834.065821575146,16834.065821575146,0.0,0.0,0.0,43753.37921522355
2009-12-05,23352.636157985515,-5399.435828156214,26238.148589745164,23352.636157985515,23352.636157985515,-13190.71387411374,-13190.71387411374,-13190.71387411374,-29467.13737935143,-29467.13737935143,-29467.13737935143,16276.423505237686,16276.423505237686,16276.423505237686,0.0,0.0,0.0,10161.922283871774
2009-12-06,23349.208669121093,17453.650994865322,49015.39227598238,23349.208669121093,23349.208669121093,9619.741176575866,9619.741176575866,9619.741176575866,-5950.7344821070865,-5950.7344821070865,-5950.7344821070865,15570.475658682952,15570.475658682952,15570.475658682952,0.0,0.0,0.0,32968.94984569696
2009-12-07,23345.78118025667,27600.389705073114,58268.21697578741,23345.78118025667,23345.78118025667,20351.59468092474,20351.59468092474,20351.59468092474,5637.336082798419,5637.336082798419,5637.336082798419,14714.258598126322,14714.258598126322,14714.258598126322,0.0,0.0,0.0,43697.37586118141
2009-12-08,23342.35369139225,29397.60208700948,60466.35830796157,23342.35369139225,23342.35369139225,21972.434170864177,21972.434170864177,21972.434170864177,8263.268564236403,8263.268564236403,8263.268564236403,13709.165606627774,13709.165606627774,13709.165606627774,0.0,0.0,0.0,45314.78786225643
2009-12-09,23338.92620252783,24944.548390377604,56575.575389572834,23338.92620252783,23338.92620252783,17924.519097441163,17924.519097441163,17924.519097441163,5364.460058922751,5364.460058922751,5364.460058922751,12560.059038518411,12560.059038518411,12560.059038518411,0.0,0.0,0.0,41263.445299969
2009-12-10,23335.498713663408,32167.247760007915,63348.920389955536,23335.498713663408,23335.498713663408,23864.84800416623,23864.84800416623,23864.84800416623,12589.557408800532,12589.557408800532,12589.557408800532,11275.290595365701,11275.290595365701,11275.290595365701,0.0,0.0,0.0,47200.34671782964
2009-12-11,23332.071224798983,21372.074115331543,52288.15011815156,23332.071224798983,23332.071224798983,13429.876986479003,13429.876986479003,13429.876986479003,3563.2497467827766,3563.2497467827766,3563.2497467827766,9866.627239696225,9866.627239696225,9866.627239696225,0.0,0.0,0.0,36761.94821127799
2009-12-13,23325.216247070144,7554.154460202658,39251.512306146506,23325.216247070144,23325.216247070144,789.9239559196418,789.9239559196418,789.9239559196418,-5950.734482089489,-5950.734482089489,-5950.734482089489,6740.658438009131,6740.658438009131,6740.658438009131,0.0,0.0,0.0,24115.140202989787
2009-12-14,23321.788758205723,18727.175077081127,49825.044467422806,23321.788758205723,23321.788758205723,10699.332285753282,10699.332285753282,10699.332285753282,5637.336082784832,5637.336082784832,5637.336082784832,5061.996202968452,5061.996202968452,5061.996202968452,0.0,0.0,0.0,34021.12104395901
2009-12-15,23318.361269341298,18664.059800190622,49198.33717235207,23318.361269341298,23318.361269341298,11599.224088753142,11599.224088753142,11599.224088753142,8263.26856424002,8263.26856424002,8263.26856424002,3335.9555245131246,3335.9555245131246,3335.9555245131246,0.0,0.0,0.0,34917.58535809444
2009-12-16,23314.933780476877,15131.59911125103,45377.59398589354,23314.933780476877,23314.933780476877,6951.5809360861385,6951.5809360861385,6951.5809360861385,5364.460058919313,5364.460058919313,5364.460058919313,1587.120877166826,1587.120877166826,1587.120877166826,0.0,0.0,0.0,30266.514716563015
2009-12-17,23311.506291612455,20512.037021449734,50952.72862060394,23311.506291612455,23311.506291612455,12430.811422191233,12430.811422191233,12430.811422191233,12589.557408790923,12589.557408790923,12589.557408790923,-158.745986599692,-158.745986599692,-158.745986599692,0.0,0.0,0.0,35742.317713803684
2009-12-18,23308.078802748038,10382.366253588247,39897.20117981661,23308.078802748038,23308.078802748038,1687.95404973415,1687.95404973415,1687.95404973415,3563.2497467670864,3563.2497467670864,3563.2497467670864,-1875.295697032936,-1875.295697032936,-1875.295697032936,0.0,0.0,0.0,24996.03285248219
2009-12-20,23301.22382501919,-2815.0314990956936,27684.027080670912,23301.22382501919,23301.22382501919,-11066.550407906894,-11066.550407906894,-11066.550407906894,-5950.734482071892,-5950.734482071892,-5950.734482071892,-5115.815925835004,-5115.815925835004,-5115.815925835004,0.0,0.0,0.0,12234.673417112297
2009-12-21,23297.79633615477,6694.735326173852,37647.92758789117,23297.79633615477,23297.79633615477,-952.3950533753145,-952.3950533753145,-952.3950533753145,5637.336082805424,5637.336082805424,5637.336082805424,-6589.731136180738,-6589.731136180738,-6589.731136180738,0.0,0.0,0.0,22345.401282779454
2009-12-22,23294.368847290352,7860.3348651005135,39347.1138666225,23294.368847290352,23294.368847290352,327.83207558593415,327.83207558593415,327.83207558593415,8263.268564224889,8263.268564224889,8263.268564224889,-7935.436488638955,-7935.436488638955,-7935.436488638955,0.0,0.0,0.0,23622.200922876287
2009-12-23,23290.941359417106,4992.827431168379,34409.959766305954,23290.941359417106,23290.941359417106,-3768.386876236252,-3768.386876236252,-3768.386876236252,5364.460058895322,5364.460058895322,5364.460058895322,-9132.846935131574,-9132.846935131574,-9132.846935131574,0.0,0.0,0.0,19522.554483180855
2010-01-04,23249.811504938207,4102.230251836363,34957.065426193854,23249.811504938207,23249.811504938207,-3850.57294714023,-3850.57294714023,-3850.57294714023,5637.33608280375,5637.33608280375,5637.33608280375,-9487.90902994398,-9487.90902994398,-9487.90902994398,0.0,0.0,0.0,19399.238557797977
2010-01-05,23246.384017064964,8093.605317694742,37895.40241225214,23246.384017064964,23246.384017064964,-321.1338437847637,-321.1338437847637,-321.1338437847637,8263.268564231186,8263.268564231186,8263.268564231186,-8584.402408015949,-8584.402408015949,-8584.402408015949,0.0,0.0,0.0,22925.2501732802
2010-01-06,23242.956529191717,4303.742474877945,36637.33695679868,23242.956529191717,23242.956529191717,-2266.1530792248996,-2266.1530792248996,-2266.1530792248996,5364.460058867892,5364.460058867892,5364.460058867892,-7630.613138092792,-7630.613138092792,-7630.613138092792,0.0,0.0,0.0,20976.803449966817
2010-01-07,23239.52904131848,13812.823773932307,46246.80876237173,23239.52904131848,23239.52904131848,5935.9178929867085,5935.9178929867085,5935.9178929867085,12589.557408802597,12589.557408802597,12589.557408802597,-6653.6395158158875,-6653.6395158158875,-6653.6395158158875,0.0,0.0,0.0,29175.44693430519
2010-01-08,23236.101553445238,6023.558048439034,36294.27918551652,23236.101553445238,23236.101553445238,-2117.312121525903,-2117.312121525903,-2117.312121525903,3563.249746753943,3563.249746753943,3563.249746753943,-5680.561868279846,-5680.561868279846,-5680.561868279846,0.0,0.0,0.0,21118.789431919336
2010-01-10,23229.246577698756,-1487.7775221215704,28409.55422464967,23229.246577698756,23229.246577698756,-9801.100258868664,-9801.100258868664,-9801.100258868664,-5950.734482127778,-5950.734482127778,-5950.734482127778,-3850.3657767408854,-3850.3657767408854,-3850.3657767408854,0.0,0.0,0.0,13428.146318830091
2010-01-11,23225.819089825512,9849.222091403231,41962.03971708925,23225.819089825512,23225.819089825512,2595.87052096451,2595.87052096451,2595.87052096451,5637.336082773347,5637.336082773347,5637.336082773347,-3041.465561808836,-3041.465561808836,-3041.465561808836,0.0,0.0,0.0,25821.68961079002
2010-01-12,23222.39160195227,12946.616596398575,44009.50461173912,23222.39160195227,23222.39160195227,5931.529962251227,5931.529962251227,5931.529962251227,8263.268564198239,8263.268564198239,8263.268564198239,-2331.738601947012,-2331.738601947012,-2331.738601947012,0.0,0.0,0.0,29153.921564203498
2010-01-13,23218.964114079026,11541.727400180267,41034.49549169765,23218.964114079026,23218.964114079026,3625.584542967497,3625.584542967497,3625.584542967497,5364.46005888429,5364.46005888429,5364.46005888429,-1738.8755159167933,-1738.8755159167933,-1738.8755159167933,0.0,0.0,0.0,26844.548657046522
2010-01-14,23215.536626205787,19096.541427722324,50060.22491402905,23215.536626205787,23215.536626205787,11312.365816385036,11312.365816385036,11312.365816385036,12589.557408795134,12589.557408795134,12589.557408795134,-1277.1915924100988,-1277.1915924100988,-1277.1915924100988,0.0,0.0,0.0,34527.90244259082
2010-01-15,23212.109138332544,9085.946365318297,40267.08486366287,23212.109138332544,23212.109138332544,2605.938526987645,2605.938526987645,2605.938526987645,3563.2497467382514,3563.2497467382514,3563.2497467382514,-957.3112197506061,-957.3112197506061,-957.3112197506061,0.0,0.0,0.0,25818.047665320188
2010-01-17,23205.25416258606,1263.3381390612165,31054.68734772738,23205.25416258606,23205.25416258606,-6716.537763908247,-6716.537763908247,-6716.537763908247,-5950.7344821551405,-5950.7344821551405,-5950.7344821551405,-765.8032817531063,-765.8032817531063,-765.8032817531063,0.0,0.0,0.0,16488.716398677814
2010-01-18,23201.82667471282,13586.36334925346,42532.19552289165,23201.82667471282,23201.82667471282,4741.803099212545,4741.803099212545,4741.803099212545,5637.3360827852575,5637.3360827852575,5637.3360827852575,-895.5329835727123,-895.5329835727123,-895.5329835727123,0.0,0.0,0.0,27943.629773925364
2010-01-19,23198.399186839575,14930.3788855984,43726.79139381023,23198.399186839575,23198.399186839575,7093.398775264023,7093.398775264023,7093.398775264023,8263.26856421967,8263.26856421967,8263.26856421967,-1169.8697889556474,-1169.8697889556474,-1169.8697889556474,0.0,0.0,0.0,30291.7979621036
2010-01-20,23194.971698966336,12285.747402655645,42358.51705264393,23194.971698966336,23194.971698966336,3784.6502311491568,3784.6502311491568,3784.6502311491568,5364.460058921239,5364.460058921239,5364.460058921239,-1579.8098277720821,-1579.8098277720821,-1579.8098277720821,0.0,0.0,0.0,26979.621930115492
2010-01-21,23191.544211093093,19292.242380103424,48715.412522905164,23191.544211093093,23191.544211093093,10476.647118927092,10476.647118927092,10476.647118927092,12589.557408787668,12589.557408787668,12589.557408787668,-2112.9102898605765,-2112.9102898605765,-2112.9102898605765,0.0,0.0,0.0,33668.191330020185
2010-01-22,23188.11672321985,7115.11564531172,38178.23425375043,23188.11672321985,23188.11672321985,809.5779528870813,809.5779528870813,809.5779528870813,3563.24974675649,3563.24974675649,3563.24974675649,-2753.671793869408,-2753.671793869408,-2753.671793869408,0.0,0.0,0.0,23997.69467610693
2010-01-24,23181.261747473367,-899.3366660296273,28720.507239264745,23181.261747473367,23181.261747473367,-10234.447054712826,-10234.447054712826,-10234.447054712826,-5950.734482146923,-5950.734482146923,-5950.734482146923,-4283.712572565901,-4283.712572565901,-4283.712572565901,0.0,0.0,0.0,12946.814692760541
2010-01-25,23177.834259600128,8153.645407857464,38100.65992339208,23177.834259600128,23177.834259600128,506.1966063842619,506.1966063842619,506.1966063842619,5637.33608279717,5637.33608279717,5637.33608279717,-5131.139476412908,-5131.139476412908,-5131.139476412908,0.0,0.0,0.0,23684.03086598439
2010-01-26,23174.406777750777,10852.532265546977,42112.37712906106,23174.406777750777,23174.406777750777,2259.57225856871,2259.57225856871,2259.57225856871,8263.268564204536,8263.268564204536,8263.268564204536,-6003.696305635827,-6003.696305635827,-6003.696305635827,0.0,0.0,0.0,25433.979036319488
2010-01-27,23170.979295901427,6976.712028260783,37249.31550583058,23170.979295901427,23170.979295901427,-1514.0583117888661,-1514.0583117888661,-1514.0583117888661,5364.460058877415,5364.460058877415,5364.460058877415,-6878.518370666281,-6878.518370666281,-6878.518370666281,0.0,0.0,0.0,21656.92098411256
2010-01-28,23167.551814052076,12386.999171016238,42680.563394654084,23167.551814052076,23167.551814052076,4856.48151028443,4856.48151028443,4856.48151028443,12589.557408814271,12589.557408814271,12589.557408814271,-7733.075898529842,-7733.075898529842,-7733.075898529842,0.0,0.0,0.0,28024.033324336506
2010-01-29,23164.124332202726,2135.3554377390865,33661.276088631836,23164.124332202726,23164.124332202726,-4982.524635162699,-4982.524635162699,-4982.524635162699,3563.2497467407993,3563.2497467407993,3563.2497467407993,-8545.774381903499,-8545.774381903499,-8545.774381903499,0.0,0.0,0.0,18181.599697040027
2010-01-31,23157.269368504018,-8308.596122803892,21611.122002973494,23157.269368504018,23157.269368504018,-15917.975542822296,-15917.975542822296,-15917.975542822296,-5950.734482119943,-5950.734482119943,-5950.734482119943,-9967.241060702354,-9967.241060702354,-9967.241060702354,0.0,0.0,0.0,7239.2938256817215
2010-02-01,23153.841886654667,2997.7851627206064,34074.77981439349,23153.841886654667,23153.841886654667,-4904.997419879244,-4904.997419879244,-4904.997419879244,5637.336082809081,5637.336082809081,5637.336082809081,-10542.333502688325,-10542.333502688325,-10542.333502688325,0.0,0.0,0.0,18248.844466775423
2010-02-02,23150.414404805317,5747.025573363157,36053.571768533366,23150.414404805317,23150.414404805317,-2745.7805925982866,-2745.7805925982866,-2745.7805925982866,8263.26856424472,8263.26856424472,8263.26856424472,-11009.049156843006,-11009.049156843006,-11009.049156843006,0.0,0.0,0.0,20404.63381220703
2010-02-03,23146.986922955966,1331.6712481474617,31305.19707653822,23146.986922955966,23146.986922955966,-5993.326588806634,-5993.326588806634,-5993.326588806634,5364.460058893811,5364.460058893811,5364.460058893811,-11357.786647700445,-11357.786647700445,-11357.786647700445,0.0,0.0,0.0,17153.660334149332
2010-02-04,23143.559441106616,8918.472146418782,39749.50261220293,23143.559441106616,23143.559441106616,1007.261358468912,1007.261358468912,1007.261358468912,12589.557408770595,12589.557408770595,12589.557408770595,-11582.296050301684,-11582.296050301684,-11582.296050301684,0.0,0.0,0.0,24150.82079957553
2010-02-05,23140.131959257265,-1150.751470017262,30545.02064636307,23140.131959257265,23140.131959257265,-8116.536892621029,-8116.536892621029,-8116.536892621029,3563.249746725108,3563.249746725108,3563.249746725108,-11679.786639346137,-11679.786639346137,-11679.786639346137,0.0,0.0,0.0,15023.595066636237
2010-02-07,23133.27699555856,-9232.621916278204,21801.476209178032,23133.27699555856,23133.27699555856,-17450.541305065915,-17450.541305065915,-17450.541305065915,-5950.734482147307,-5950.734482147307,-5950.734482147307,-11499.806822918608,-11499.806822918608,-11499.806822918608,0.0,0.0,0.0,5682.7356904926455
2010-02-08,23129.84951370921,840.7954900246108,32129.958440598006,23129.84951370921,23129.84951370921,-5596.322777206603,-5596.322777206603,-5596.322777206603,5637.336082778677,5637.336082778677,5637.336082778677,-11233.65885998528,-11233.65885998528,-11233.65885998528,0.0,0.0,0.0,17533.52673650261
2010-02-09,23126.42203185986,4677.343395602203,36762.594987831035,23126.42203185986,23126.42203185986,-2599.4206744065873,-2599.4206744065873,-2599.4206744065873,8263.268564229587,8263.268564229587,8263.268564229587,-10862.689238636174,-10862.689238636174,-10862.689238636174,0.0,0.0,0.0,20527.00135745327
2010-02-10,23122.99455001051,1817.4867808063304,32607.55423855469,23122.99455001051,23122.99455001051,-5035.222763337344,-5035.222763337344,-5035.222763337344,5364.460058869818,5364.460058869818,5364.460058869818,-10399.682822207162,-10399.682822207162,-10399.682822207162,0.0,0.0,0.0,18087.771786673165
2010-02-11,23119.56706816116,10439.108447342891,41128.303478406204,23119.56706816116,23119.56706816116,2729.9578429645544,2729.9578429645544,2729.9578429645544,12589.557408799343,12589.557408799343,12589.557408799343,-9859.599565834787,-9859.599565834787,-9859.599565834787,0.0,0.0,0.0,25849.524911125714
2010-02-12,23116.13958631181,2744.276967562071,32586.4424233227,23116.13958631181,23116.13958631181,-5695.856319894575,-5695.856319894575,-5695.856319894575,3563.2497467094163,3563.2497467094163,3563.2497467094163,-9259.10606660399,-9259.10606660399,-9259.10606660399,0.0,0.0,0.0,17420.283266417235
2010-02-14,23109.284622613108,-7023.589539884526,23713.525557636913,23109.284622613108,23109.284622613108,-13899.739740262994,-13899.739740262994,-13899.739740262994,-5950.734482129707,-5950.734482129707,-5950.734482129707,-7949.005258133285,-7949.005258133285,-7949.005258133285,0.0,0.0,0.0,9209.544882350114
2010-02-15,23105.857140763757,5850.018254652028,35996.98404116622,23105.857140763757,23105.857140763757,-1639.2290889897781,-1639.2290889897781,-1639.2290889897781,5637.336082816084,5637.336082816084,5637.336082816084,-7276.5651718058625,-7276.5651718058625,-7276.5651718058625,0.0,0.0,0.0,21466.62805177398
2010-02-16,23102.4296589144,9100.246852768736,40153.102070440815,23102.4296589144,23102.4296589144,1646.3051775347935,1646.3051775347935,1646.3051775347935,8263.268564196642,8263.268564196642,8263.268564196642,-6616.963386661847,-6616.963386661847,-6616.963386661847,0.0,0.0,0.0,24748.73483644919
2010-02-17,23099.002180520336,7662.926167901243,37706.02158325413,23099.002180520336,23099.002180520336,-623.0140288153989,-623.0140288153989,-623.0140288153989,5364.460058926604,5364.460058926604,5364.460058926604,-5987.474087742003,-5987.474087742003,-5987.474087742003,0.0,0.0,0.0,22475.988151704936
2010-02-18,23095.57470212627,14755.966953902973,45547.92473044196,23095.57470212627,23095.57470212627,7185.61284895184,7185.61284895184,7185.61284895184,12589.557408825947,12589.557408825947,12589.557408825947,-5403.944559874106,-5403.944559874106,-5403.944559874106,0.0,0.0,0.0,30281.18755107811
2010-02-19,23092.1472237322,6826.852327908591,36936.32577120477,23092.1472237322,23092.1472237322,-1317.111126764887,-1317.111126764887,-1317.111126764887,3563.2497467276557,3563.2497467276557,3563.2497467276557,-4880.360873492543,-4880.360873492543,-4880.360873492543,0.0,0.0,0.0,21775.036096967313
2010-02-21,23085.29226694407,-2278.3575177886005,27970.320785925756,23085.29226694407,23085.29226694407,-10008.236513520165,-10008.236513520165,-10008.236513520165,-5950.734482102728,-5950.734482102728,-5950.734482102728,-4057.5020314174367,-4057.5020314174367,-4057.5020314174367,0.0,0.0,0.0,13077.055753423905
2010-02-22,23081.864788550003,9705.11031346586,40321.94410942509,23081.864788550003,23081.864788550003,1863.436350109172,1863.436350109172,1863.436350109172,5637.3360828025025,5637.3360828025025,5637.3360828025025,-3773.8997326933295,-3773.8997326933295,-3773.8997326933295,0.0,0.0,0.0,24945.301138659175
2010-02-23,23078.437310155936,13015.971763835067,42143.97553104288,23078.437310155936,23078.437310155936,4682.039723040777,4682.039723040777,4682.039723040777,8263.268564200256,8263.268564200256,8263.268564200256,-3581.2288411594795,-3581.2288411594795,-3581.2288411594795,0.0,0.0,0.0,27760.477033196712
2010-02-24,23075.00983176187,10762.749198849235,39850.52446644791,23075.00983176187,23075.00983176187,1884.3557559698052,1884.3557559698052,1884.3557559698052,5364.460058882779,5364.460058882779,5364.460058882779,-3480.1043029129737,-3480.1043029129737,-3480.1043029129737,0.0,0.0,0.0,24959.365587731674
2010-02-25,23071.582353367805,16268.588713041965,46568.525034215534,23071.582353367805,23071.582353367805,9121.323798569005,9121.323798569005,9121.323798569005,12589.557408818482,12589.557408818482,12589.557408818482,-3468.233610249477,-3468.233610249477,-3468.233610249477,0.0,0.0,0.0,32192.90615193681
2010-02-26,23068.154874973734,8350.400173981057,38522.837046667024,23068.154874973734,23068.154874973734,22.708207037846762,22.708207037846762,22.708207037846762,3563.249746736832,3563.249746736832,3563.249746736832,-3540.541539698985,-3540.541539698985,-3540.541539698985,0.0,0.0,0.0,23090.86308201158
2010-02-28,23061.299918185603,-1510.8370882192658,28230.336647297307,23061.299918185603,23061.299918185603,-9855.525676872607,-9855.525676872607,-9855.525676872607,-5950.734482094512,-5950.734482094512,-5950.734482094512,-3904.7911947780967,-3904.7911947780967,-3904.7911947780967,0.0,0.0,0.0,13205.774241312996
2010-03-01,23057.87243979154,9094.040526437342,39014.45392459316,23057.87243979154,23057.87243979154,1462.4466430798818,1462.4466430798818,1462.4466430798818,5637.336082772095,5637.336082772095,5637.336082772095,-4174.889439692213,-4174.889439692213,-4174.889439692213,0.0,0.0,0.0,24520.31908287142
2010-03-02,23054.44496139747,11499.109190903184,41605.134327388114,23054.44496139747,23054.44496139747,3777.041961597734,3777.041961597734,3777.041961597734,8263.26856422169,8263.26856422169,8263.26856422169,-4486.226602623955,-4486.226602623955,-4486.226602623955,0.0,0.0,0.0,26831.486922995202
2010-03-03,23051.017483003405,7149.609876339689,37967.68668805258,23051.017483003405,23051.017483003405,540.2072801882709,540.2072801882709,540.2072801882709,5364.460058899175,5364.460058899175,5364.460058899175,-4824.252778710905,-4824.252778710905,-4824.252778710905,0.0,0.0,0.0,23591.224763191676
2010-03-04,23047.59000460934,14607.80907285843,45282.86902710765,23047.59000460934,23047.59000460934,7415.77325946277,7415.77325946277,7415.77325946277,12589.55740884723,12589.55740884723,12589.55740884723,-5173.784149384461,-5173.784149384461,-5173.784149384461,0.0,0.0,0.0,30463.36326407211
2010-03-05,23044.16252621527,6475.105323073884,36677.58448947052,23044.16252621527,23044.16252621527,-1956.2387590091544,-1956.2387590091544,-1956.2387590091544,3563.2497467550697,3563.2497467550697,3563.2497467550697,-5519.488505764224,-5519.488505764224,-5519.488505764224,0.0,0.0,0.0,21087.923767206117
2010-03-07,23037.30756942714,-3015.8951352088907,27835.3489500228,23037.30756942714,23037.30756942714,-12090.974841023582,-12090.974841023582,-12090.974841023582,-5950.734482121871,-5950.734482121871,-5950.734482121871,-6140.240358901709,-6140.240358901709,-6140.240358901709,0.0,0.0,0.0,10946.332728403557
2010-03-08,23033.880091033072,6646.942893187507,38109.3048134698,23033.880091033072,23033.880091033072,-750.8212631279274,-750.8212631279274,-750.8212631279274,5637.336082784011,5637.336082784011,5637.336082784011,-6388.157345911938,-6388.157345911938,-6388.157345911938,0.0,0.0,0.0,22283.058827905144
2010-03-09,23030.45261263901,9585.116148255853,40783.087150691965,23030.45261263901,23030.45261263901,1684.4423488754016,1684.4423488754016,1684.4423488754016,8263.268564206559,8263.268564206559,8263.268564206559,-6578.826215331157,-6578.826215331157,-6578.826215331157,0.0,0.0,0.0,24714.89496151441
2010-03-10,23027.025134244937,5523.383124784387,37499.65572156829,23027.025134244937,23027.025134244937,-1338.4836799278078,-1338.4836799278078,-1338.4836799278078,5364.4600589155725,5364.4600589155725,5364.4600589155725,-6702.94373884338,-6702.94373884338,-6702.94373884338,0.0,0.0,0.0,21688.54145431713
2010-03-11,23023.597660444768,13375.923193326747,44466.551660056655,23023.597660444768,23023.597660444768,5836.07735406925,5836.07735406925,5836.07735406925,12589.557408803554,12589.557408803554,12589.557408803554,-6753.480054734304,-6753.480054734304,-6753.480054734304,0.0,0.0,0.0,28859.675014514018
2010-03-12,23020.1701866446,4148.98209477651,35126.04495508616,23020.1701866446,23020.1701866446,-3162.638799507321,-3162.638799507321,-3162.638799507321,3563.249746823041,3563.249746823041,3563.249746823041,-6725.888546330362,-6725.888546330362,-6725.888546330362,0.0,0.0,0.0,19857.53138713728
2010-03-14,23013.31523904426,-4510.898979551077,25529.976821023112,23013.31523904426,23013.31523904426,-12381.998970717892,-12381.998970717892,-12381.998970717892,-5950.734482104275,-5950.734482104275,-5950.734482104275,-6431.264488613618,-6431.264488613618,-6431.264488613618,0.0,0.0,0.0,10631.316268326367
2010-03-15,23009.88776524409,8793.659286645383,36804.11484587624,23009.88776524409,23009.88776524409,-531.0029169845106,-531.0029169845106,-531.0029169845106,5637.336082779101,5637.336082779101,5637.336082779101,-6168.338999763612,-6168.338999763612,-6168.338999763612,0.0,0.0,0.0,22478.88484825958
2010-03-16,23006.46029144392,8199.75347369906,40140.469317485986,23006.46029144392,23006.46029144392,2427.9115627436936,2427.9115627436936,2427.9115627436936,8263.268564227988,8263.268564227988,8263.268564227988,-5835.357001484296,-5835.357001484296,-5835.357001484296,0.0,0.0,0.0,25434.371854187615
2010-03-17,23003.032817643754,6924.847948134361,38232.97794570761,23003.032817643754,23003.032817643754,-76.08882853253684,-76.08882853253684,-76.08882853253684,5364.460058912134,5364.460058912134,5364.460058912134,-5440.548887444671,-5440.548887444671,-5440.548887444671,0.0,0.0,0.0,22926.943989111216
2010-03-18,22999.60534384358,16075.51765067549,45408.88756244914,22999.60534384358,22999.60534384358,7595.337168242733,7595.337168242733,7595.337168242733,12589.557408830158,12589.557408830158,12589.557408830158,-4994.220240587423,-4994.220240587423,-4994.220240587423,0.0,0.0,0.0,30594.942512086316
2010-03-19,22996.17787004341,6653.039563398974,37629.51956967119,22996.17787004341,22996.17787004341,-945.1793339882485,-945.1793339882485,-945.1793339882485,3563.2497467824824,3563.2497467824824,3563.2497467824824,-4508.429080770731,-4508.429080770731,-4508.429080770731,0.0,0.0,0.0,22050.998536055162
2010-03-21,22989.322922443072,-1532.1667142955391,28365.208216188894,22989.322922443072,22989.322922443072,-9423.892577256309,-9423.892577256309,-9423.892577256309,-5950.734482086676,-5950.734482086676,-5950.734482086676,-3473.1580951696333,-3473.1580951696333,-3473.1580951696333,0.0,0.0,0.0,13565.430345186764
2010-03-22,22985.895448642907,9611.531937448362,40568.581957427305,22985.895448642907,22985.895448642907,2684.3549264751678,2684.3549264751678,2684.3549264751678,5637.336082799693,5637.336082799693,5637.336082799693,-2952.9811563245253,-2952.9811563245253,-2952.9811563245253,0.0,0.0,0.0,25670.250375118074
2010-03-23,22982.467974842733,13821.219326137618,43389.581999141126,22982.467974842733,22982.467974842733,5812.227913636634,5812.227913636634,5812.227913636634,8263.268564195043,8263.268564195043,8263.268564195043,-2451.040650558409,-2451.040650558409,-2451.040650558409,0.0,0.0,0.0,28794.695888479368
2010-03-24,22979.040501042567,11050.490336478628,41564.145875448565,22979.040501042567,22979.040501042567,3382.5717094045876,3382.5717094045876,3382.5717094045876,5364.460058888143,5364.460058888143,5364.460058888143,-1981.8883494835557,-1981.8883494835557,-1981.8883494835557,0.0,0.0,0.0,26361.612210447154
2010-03-25,22975.613027242394,18099.669737698438,49517.83112798808,22975.613027242394,22975.613027242394,11030.34069389943,11030.34069389943,11030.34069389943,12589.55740882269,12589.55740882269,12589.55740882269,-1559.2167149232603,-1559.2167149232603,-1559.2167149232603,0.0,0.0,0.0,34005.95372114182
2010-03-26,22972.185553442225,10290.221734350092,39546.90678128777,22972.185553442225,22972.185553442225,2367.8146477884084,2367.8146477884084,2367.8146477884084,3563.249746741927,3563.249746741927,3563.249746741927,-1195.4350989535185,-1195.4350989535185,-1195.4350989535185,0.0,0.0,0.0,25340.000201230632
2010-03-28,22965.330605841886,1748.990948527595,31825.990116344154,22965.330605841886,22965.330605841886,-6636.237574065534,-6636.237574065534,-6636.237574065534,-5950.734482123419,-5950.734482123419,-5950.734482123419,-685.5030919421154,-685.5030919421154,-685.5030919421154,0.0,0.0,0.0,16329.093031776352
2010-03-29,22961.90313204172,11808.159314376988,43522.92634418878,22961.90313204172,22961.90313204172,5082.785889670868,5082.785889670868,5082.785889670868,5637.336082786108,5637.336082786108,5637.336082786108,-554.5501931152402,-554.5501931152402,-554.5501931152402,0.0,0.0,0.0,28044.689021712587
2010-03-30,22958.475658241547,15764.605384412665,46347.68694362822,22958.475658241547,22958.475658241547,7750.867979491222,7750.867979491222,7750.867979491222,8263.268564216474,8263.268564216474,8263.268564216474,-512.4005847252536,-512.4005847252536,-512.4005847252536,0.0,0.0,0.0,30709.343637732767
2010-03-31,22955.048184441377,11975.834141520774,43918.09914588824,22955.048184441377,22955.048184441377,4804.048583825053,4804.048583825053,4804.048583825053,5364.46005890454,5364.46005890454,5364.46005890454,-560.4114750794871,-560.4114750794871,-560.4114750794871,0.0,0.0,0.0,27759.09676826643
2010-04-01,22951.62071064121,19328.057044803805,50876.13018558888,22951.62071064121,22951.62071064121,11892.289167124662,11892.289167124662,11892.289167124662,12589.557408813082,12589.557408813082,12589.557408813082,-697.2682416884178,-697.2682416884178,-697.2682416884178,0.0,0.0,0.0,34843.90987776587
2010-04-06,22934.483354423635,14466.76013548177,45619.79260815495,22934.483354423635,22934.483354423635,5772.391641252289,5772.391641252289,5772.391641252289,8263.268564237907,8263.268564237907,8263.268564237907,-2490.8769229856175,-2490.8769229856175,-2490.8769229856175,0.0,0.0,0.0,28706.874995675924
2010-04-07,22931.05588318012,9317.881695648692,40767.15145996704,22931.05588318012,22931.05588318012,2368.1032583987403,2368.1032583987403,2368.1032583987403,5364.460058880549,5364.460058880549,5364.460058880549,-2996.3568004818085,-2996.3568004818085,-2996.3568004818085,0.0,0.0,0.0,25299.15914157886
2010-04-08,22927.62841193661,16712.514070029814,47961.999307921076,22927.62841193661,22927.62841193661,9071.408388827585,9071.408388827585,9071.408388827585,12589.557408803472,12589.557408803472,12589.557408803472,-3518.1490199758846,-3518.1490199758846,-3518.1490199758846,0.0,0.0,0.0,31999.036800764196
2010-04-09,22924.200940693092,6974.721605151264,37727.22532500675,22924.200940693092,22924.200940693092,-477.18485000486,-477.18485000486,-477.18485000486,3563.24974676934,3563.24974676934,3563.24974676934,-4040.4345967742,-4040.4345967742,-4040.4345967742,0.0,0.0,0.0,22447.01609068823
2010-04-11,22917.345998206067,-3735.423261059076,26954.91100851642,22917.345998206067,22917.345998206067,-10973.772896125725,-10973.772896125725,-10973.772896125725,-5950.734482078839,-5950.734482078839,-5950.734482078839,-5023.038414046886,-5023.038414046886,-5023.038414046886,0.0,0.0,0.0,11943.573102080341
2010-04-12,22913.91852696255,8391.42841215979,39429.77141577822,22913.91852696255,22913.91852696255,184.41339063285474,184.41339063285474,184.41339063285474,5637.3360827844335,5637.3360827844335,5637.3360827844335,-5452.922692151579,-5452.922692151579,-5452.922692151579,0.0,0.0,0.0,23098.331917595402
2010-04-13,22910.491055719034,10450.02530101481,40240.54371685278,22910.491055719034,22910.491055719034,2439.954266129088,2439.954266129088,2439.954266129088,8263.268564204958,8263.268564204958,8263.268564204958,-5823.314298075871,-5823.314298075871,-5823.314298075871,0.0,0.0,0.0,25350.44532184812
2010-04-14,22907.06358447552,7188.204470545264,36606.917679000886,22907.06358447552,22907.06358447552,-757.7580900565091,-757.7580900565091,-757.7580900565091,5364.4600589175,5364.4600589175,5364.4600589175,-6122.218148974009,-6122.218148974009,-6122.218148974009,0.0,0.0,0.0,22149.30549441901
2010-04-15,22903.636113232005,13656.755512223022,44192.77539583695,22903.636113232005,22903.636113232005,6249.959013571374,6249.959013571374,6249.959013571374,12589.557408796009,12589.557408796009,12589.557408796009,-6339.598395224633,-6339.598395224633,-6339.598395224633,0.0,0.0,0.0,29153.59512680338
2010-04-16,22900.20864198849,3076.5017089054454,35860.206154428226,22900.20864198849,22900.20864198849,-2904.419790998673,-2904.419790998673,-2904.419790998673,3563.249746753649,3563.249746753649,3563.249746753649,-6467.669537752322,-6467.669537752322,-6467.669537752322,0.0,0.0,0.0,19995.78885098982
2010-04-18,22893.353699501462,-6125.280031440289,24606.008403970067,22893.353699501462,22893.353699501462,-12388.013022943094,-12388.013022943094,-12388.013022943094,-5950.734482169924,-5950.734482169924,-5950.734482169924,-6437.278540773169,-6437.278540773169,-6437.278540773169,0.0,0.0,0.0,10505.340676558368
2010-04-19,22889.926228257948,7117.696823676866,38583.64599407245,22889.926228257948,22889.926228257948,-638.8324832020302,-638.8324832020302,-638.8324832020302,5637.336082779526,5637.336082779526,5637.336082779526,-6276.168565981556,-6276.168565981556,-6276.168565981556,0.0,0.0,0.0,22251.093745055918
2010-04-20,22886.498757014433,8169.937712525552,40463.8165665114,22886.498757014433,22886.498757014433,2242.7360479170356,2242.7360479170356,2242.7360479170356,8263.268564226391,8263.268564226391,8263.268564226391,-6020.532516309356,-6020.532516309356,-6020.532516309356,0.0,0.0,0.0,25129.234804931468
2010-04-21,22883.07128577092,6833.096049021205,37445.30092608381,22883.07128577092,22883.07128577092,-311.2821344256971,-311.2821344256971,-311.2821344256971,5364.460058893506,5364.460058893506,5364.460058893506,-5675.742193319204,-5675.742193319204,-5675.742193319204,0.0,0.0,0.0,22571.789151345223
2010-04-22,22879.643814527404,13868.859158400686,45192.285078392124,22879.643814527404,22879.643814527404,7339.909360358262,7339.909360358262,7339.909360358262,12589.557408788543,12589.557408788543,12589.557408788543,-5249.64804843028,-5249.64804843028,-5249.64804843028,0.0,0.0,0.0,30219.553174885667
2010-04-23,22876.21634328389,7145.58719100642,36312.54318190431,22876.21634328389,22876.21634328389,-1189.1054693870012,-1189.1054693870012,-1189.1054693870012,3563.249746713092,3563.249746713092,3563.249746713092,-4752.3552161000935,-4752.3552161000935,-4752.3552161000935,0.0,0.0,0.0,21687.110873896887
2010-04-25,22869.36140079686,-1509.5742449576217,28252.87083848679,22869.36140079686,22869.36140079686,-9544.817621419164,-9544.817621419164,-9544.817621419164,-5950.73448216171,-5950.73448216171,-5950.73448216171,-3594.083139257454,-3594.083139257454,-3594.083139257454,0.0,0.0,0.0,13324.543779377696
2010-04-26,22865.933929553346,10471.164361765288,41119.22397679931,22865.933929553346,22865.933929553346,2675.6094192954247,2675.6094192954247,2675.6094192954247,5637.336082791438,5637.336082791438,5637.336082791438,-2961.7266634960124,-2961.7266634960124,-2961.7266634960124,0.0,0.0,0.0,25541.543348848772
2010-04-27,22862.506458309832,12205.853380049992,43373.686573564795,22862.506458309832,22862.506458309832,5948.66390147931,5948.66390147931,5948.66390147931,8263.26856421126,8263.26856421126,8263.26856421126,-2314.6046627319483,-2314.6046627319483,-2314.6046627319483,0.0,0.0,0.0,28811.170359789143
2010-04-28,22859.07898706632,10488.983907131773,40197.82109249565,22859.07898706632,22859.07898706632,3695.638591409667,3695.638591409667,3695.638591409667,5364.460058930456,5364.460058930456,5364.460058930456,-1668.8214675207898,-1668.8214675207898,-1668.8214675207898,0.0,0.0,0.0,26554.71757847599
2010-04-29,22855.6515110094,19268.09205608424,49349.41087497821,22855.6515110094,22855.6515110094,11549.163863397902,11549.163863397902,11549.163863397902,12589.557408815146,12589.557408815146,12589.557408815146,-1040.3935454172442,-1040.3935454172442,-1040.3935454172442,0.0,0.0,0.0,34404.815374407306
2010-04-30,22852.224034952476,10570.58254666916,42146.16213887945,22852.224034952476,22852.224034952476,3118.44923726369,3118.44923726369,3118.44923726369,3563.249746756196,3563.249746756196,3563.249746756196,-444.80050949250636,-444.80050949250636,-444.80050949250636,0.0,0.0,0.0,25970.673272216165
2010-05-02,22845.369082838635,1892.767695841216,33774.90333214173,22845.369082838635,22845.369082838635,-5359.528723305901,-5359.528723305901,-5359.528723305901,-5950.73448213473,-5950.73448213473,-5950.73448213473,591.2057588288282,591.2057588288282,591.2057588288282,0.0,0.0,0.0,17485.840359532733
2010-05-04,22838.514130724794,17120.408469810285,47628.825908303275,22838.514130724794,22838.514130724794,9604.92400450273,9604.92400450273,9604.92400450273,8263.268564232694,8263.268564232694,8263.268564232694,1341.6554402700376,1341.6554402700376,1341.6554402700376,0.0,0.0,0.0,32443.438135227523
2010-05-05,22835.08665466787,13660.706433192223,44801.74017333987,22835.08665466787,22835.08665466787,6952.347017549235,6952.347017549235,6952.347017549235,5364.4600588866315,5364.4600588866315,5364.4600588866315,1587.886958662603,1587.886958662603,1587.886958662603,0.0,0.0,0.0,29787.433672217107
2010-05-06,22831.65917861095,20949.272243501266,52905.338376264175,22831.65917861095,22831.65917861095,14330.699877102577,14330.699877102577,14330.699877102577,12589.55740877147,12589.55740877147,12589.55740877147,1741.1424683311084,1741.1424683311084,1741.1424683311084,0.0,0.0,0.0,37162.359055713525
2010-05-07,22828.23170255403,12711.698692266189,42910.789380441696,22828.23170255403,22828.23170255403,5362.629664246707,5362.629664246707,5362.629664246707,3563.2497467405065,3563.2497467405065,3563.2497467405065,1799.3799175061997,1799.3799175061997,1799.3799175061997,0.0,0.0,0.0,28190.861366800735
2010-05-09,22821.376750440188,2872.6287005900876,31847.44792009091,22821.376750440188,22821.376750440188,-4315.091975609847,-4315.091975609847,-4315.091975609847,-5950.73448211713,-5950.73448211713,-5950.73448211713,1635.6425065072829,1635.6425065072829,1635.6425065072829,0.0,0.0,0.0,18506.28477483034
2010-05-10,22817.949274383263,15080.539628818678,45824.27510316036,22817.949274383263,22817.949274383263,7059.731421075544,7059.731421075544,7059.731421075544,5637.336082772945,5637.336082772945,5637.336082772945,1422.3953383025992,1422.3953383025992,1422.3953383025992,0.0,0.0,0.0,29877.680695458806
2010-05-11,22814.521798326343,16533.264689654075,46529.008954582896,22814.521798326343,22814.521798326343,9394.553532429,9394.553532429,9394.553532429,8263.268564236309,8263.268564236309,8263.268564236309,1131.2849681926914,1131.2849681926914,1131.2849681926914,0.0,0.0,0.0,32209.075330755342
2010-05-12,22811.094322269422,14118.912709886303,43977.75469539897,22811.094322269422,22811.094322269422,6136.6492520803995,6136.6492520803995,6136.6492520803995,5364.46005886264,5364.46005886264,5364.46005886264,772.189193217759,772.189193217759,772.189193217759,0.0,0.0,0.0,28947.74357434982
2010-05-13,22807.6668462125,20023.592182887915,50769.7297185454,22807.6668462125,22807.6668462125,12946.256251199691,12946.256251199691,12946.256251199691,12589.557408800218,12589.557408800218,12589.557408800218,356.69884239947396,356.69884239947396,356.69884239947396,0.0,0.0,0.0,35753.92309741219
2010-05-14,22804.23937015558,11340.731197473828,40974.33821141608,22804.23937015558,22804.23937015558,3461.01447349295,3461.01447349295,3461.01447349295,3563.2497467248168,3563.2497467248168,3563.2497467248168,-102.2352732318669,-102.2352732318669,-102.2352732318669,0.0,0.0,0.0,26265.25384364853
2010-05-16,22797.384418041736,75.80747307694601,30669.981801537648,22797.384418041736,22797.384418041736,-7044.928815085382,-7044.928815085382,-7044.928815085382,-5950.734482144494,-5950.734482144494,-5950.734482144494,-1094.1943329408862,-1094.1943329408862,-1094.1943329408862,0.0,0.0,0.0,15752.455602956354
2010-05-17,22793.956941984816,10635.369834274603,43503.699051733165,22793.956941984816,22793.956941984816,4039.1992723534445,4039.1992723534445,4039.1992723534445,5637.336082810353,5637.336082810353,5637.336082810353,-1598.136810456909,-1598.136810456909,-1598.136810456909,0.0,0.0,0.0,26833.15621433826
2010-05-18,22790.529465927895,13957.900385837747,44225.9248084013,22790.529465927895,22790.529465927895,6175.055903534255,6175.055903534255,6175.055903534255,8263.268564221176,8263.268564221176,8263.268564221176,-2088.2126606869206,-2088.2126606869206,-2088.2126606869206,0.0,0.0,0.0,28965.58536946215
2010-05-19,22787.101989870975,10130.108919541557,40915.014575192545,22787.101989870975,22787.101989870975,2813.631306828277,2813.631306828277,2813.631306828277,5364.460058919426,5364.460058919426,5364.460058919426,-2550.828752091149,-2550.828752091149,-2550.828752091149,0.0,0.0,0.0,25600.73329669925
2010-05-20,22783.67451381405,15993.997509557103,47875.7357992377,22783.67451381405,22783.67451381405,9616.061470694658,9616.061470694658,9616.061470694658,12589.557408792754,12589.557408792754,12589.557408792754,-2973.495938098094,-2973.495938098094,-2973.495938098094,0.0,0.0,0.0,32399.73598450871
2010-05-21,22780.247037757126,6641.474105018585,37463.5608440049,22780.247037757126,22780.247037757126,218.06611392854524,218.06611392854524,218.06611392854524,3563.249746743054,3563.249746743054,3563.249746743054,-3345.1836328145087,-3345.1836328145087,-3345.1836328145087,0.0,0.0,0.0,22998.31315168567
2010-05-23,22773.39207740731,-1653.3435527959098,27871.52686778508,22773.39207740731,22773.39207740731,-9851.322639781247,-9851.322639781247,-9851.322639781247,-5950.734482117512,-5950.734482117512,-5950.734482117512,-3900.5881576637335,-3900.5881576637335,-3900.5881576637335,0.0,0.0,0.0,12922.069437626062
2010-05-24,22769.9645972324,9376.07013534252,39015.9458753262,22769.9645972324,22769.9645972324,1565.30217431359,1565.30217431359,1565.30217431359,5637.33608279677,5637.33608279677,5637.33608279677,-4072.0339084831794,-4072.0339084831794,-4072.0339084831794,0.0,0.0,0.0,24335.26677154599
2010-05-25,22766.53711705749,10805.363015684574,41733.89346163175,22766.53711705749,22766.53711705749,4094.9930772065827,4094.9930772065827,4094.9930772065827,8263.268564206046,8263.268564206046,8263.268564206046,-4168.275486999462,-4168.275486999462,-4168.275486999462,0.0,0.0,0.0,26861.530194264073
2010-05-26,22763.109636882582,9145.686211748576,38748.719241315266,22763.109636882582,22763.109636882582,1175.443631230892,1175.443631230892,1175.443631230892,5364.460058875601,5364.460058875601,5364.460058875601,-4189.0164276447085,-4189.0164276447085,-4189.0164276447085,0.0,0.0,0.0,23938.553268113475
2010-05-27,22759.682156707673,16121.218153475216,46235.81149819975,22759.682156707673,22759.682156707673,8453.219544771453,8453.219544771453,8453.219544771453,12589.557408819357,12589.557408819357,12589.557408819357,-4136.337864047905,-4136.337864047905,-4136.337864047905,0.0,0.0,0.0,31212.901701479124
2010-05-28,22756.254676532764,6991.468015351231,38038.7973329599,22756.254676532764,22756.254676532764,-451.3623764046343,-451.3623764046343,-451.3623764046343,3563.249746752228,3563.249746752228,3563.249746752228,-4014.6121231568623,-4014.6121231568623,-4014.6121231568623,0.0,0.0,0.0,22304.89230012813
2010-05-30,22749.399716182947,-1847.732726869296,28575.50917771885,22749.399716182947,22749.399716182947,-9542.715172193764,-9542.715172193764,-9542.715172193764,-5950.734482109297,-5950.734482109297,-5950.734482109297,-3591.9806900844687,-3591.9806900844687,-3591.9806900844687,0.0,0.0,0.0,13206.684543989182
2010-06-01,22742.54475583313,13409.159155009282,43526.055835281346,22742.54475583313,22742.54475583313,5268.677797075049,5268.677797075049,5268.677797075049,8263.268564228409,8263.268564228409,8263.268564228409,-2994.590767153359,-2994.590767153359,-2994.590767153359,0.0,0.0,0.0,28011.222552908177
2010-06-02,22739.11727565822,9127.526410869961,39993.96814549052,22739.11727565822,22739.11727565822,2705.08190701944,2705.08190701944,2705.08190701944,5364.460058891996,5364.460058891996,5364.460058891996,-2659.378151872556,-2659.378151872556,-2659.378151872556,0.0,0.0,0.0,25444.19918267766
2010-06-03,22735.68979548331,17797.162070133894,48986.12713884349,22735.68979548331,22735.68979548331,10272.61599730917,10272.61599730917,10272.61599730917,12589.557408848104,12589.557408848104,12589.557408848104,-2316.9414115389345,-2316.9414115389345,-2316.9414115389345,0.0,0.0,0.0,33008.30579279248
2010-06-04,22732.262315308402,9385.955774509206,40862.96238274961,22732.262315308402,22732.262315308402,1582.7790268673045,1582.7790268673045,1582.7790268673045,3563.2497467116723,3563.2497467116723,3563.2497467116723,-1980.4707198443675,-1980.4707198443675,-1980.4707198443675,0.0,0.0,0.0,24315.041342175708
2010-06-06,22725.407354958585,-861.7842669496602,30539.50156734851,22725.407354958585,22725.407354958585,-7327.538262583742,-7327.538262583742,-7327.538262583742,-5950.734482136658,-5950.734482136658,-5950.734482136658,-1376.8037804470846,-1376.8037804470846,-1376.8037804470846,0.0,0.0,0.0,15397.869092374844
2010-06-07,22721.979874783676,11887.44593856968,41545.81792177372,22721.979874783676,22721.979874783676,4503.882933364956,4503.882933364956,4503.882933364956,5637.336082778277,5637.336082778277,5637.336082778277,-1133.4531494133212,-1133.4531494133212,-1133.4531494133212,0.0,0.0,0.0,27225.86280814863
2010-06-08,22718.552394608767,14380.836537865009,44791.92006171048,22718.552394608767,22718.552394608767,7320.21720398089,7320.21720398089,7320.21720398089,8263.268564213278,8263.268564213278,8263.268564213278,-943.0513602323883,-943.0513602323883,-943.0513602323883,0.0,0.0,0.0,30038.769598589657
2010-06-09,22715.124914433858,11807.03450519137,41406.23663707515,22715.124914433858,22715.124914433858,4550.310883131975,4550.310883131975,4550.310883131975,5364.460058908392,5364.460058908392,5364.460058908392,-814.149175776418,-814.149175776418,-814.149175776418,0.0,0.0,0.0,27265.435797565835
2010-06-10,22711.69743425895,18000.239216908387,49931.9386717454,22711.69743425895,22711.69743425895,11836.103097077326,11836.103097077326,11836.103097077326,12589.557408804429,12589.557408804429,12589.557408804429,-753.4543117271013,-753.4543117271013,-753.4543117271013,0.0,0.0,0.0,34547.800531336274
2010-06-11,22708.26995408404,9642.566667577,41024.89942928397,22708.26995408404,22708.26995408404,2797.609730277792,2797.609730277792,2797.609730277792,3563.2497468384386,3563.2497468384386,3563.2497468384386,-765.6400165606465,-765.6400165606465,-765.6400165606465,0.0,0.0,0.0,25505.879684361833
2010-06-13,22701.414993734223,882.5045783637759,30484.61136129488,22701.414993734223,22701.414993734223,-6967.195739415513,-6967.195739415513,-6967.195739415513,-5950.734482119058,-5950.734482119058,-5950.734482119058,-1016.4612572964551,-1016.4612572964551,-1016.4612572964551,0.0,0.0,0.0,15734.219254318708
2010-06-14,22697.987513559314,11864.723090031905,42873.413900144624,22697.987513559314,22697.987513559314,4383.904454258368,4383.904454258368,4383.904454258368,5637.336082764694,5637.336082764694,5637.336082764694,-1253.4316285063255,-1253.4316285063255,-1253.4316285063255,0.0,0.0,0.0,27081.891967817683
2010-06-15,22694.560029068773,14093.867059114144,44584.76616015355,22694.560029068773,22694.560029068773,6703.246156423733,6703.246156423733,6703.246156423733,8263.268564234711,8263.268564234711,8263.268564234711,-1560.0224078109777,-1560.0224078109777,-1560.0224078109777,0.0,0.0,0.0,29397.806185492504
2010-06-16,22691.132544578235,10729.393009037332,40478.369110038075,22691.132544578235,22691.132544578235,3434.3575518838556,3434.3575518838556,3434.3575518838556,5364.460058924788,5364.460058924788,5364.460058924788,-1930.1025070409332,-1930.1025070409332,-1930.1025070409332,0.0,0.0,0.0,26125.49009646209
2010-06-17,22687.705060087697,18572.29824662098,49509.915789090934,22687.705060087697,22687.705060087697,10233.853132865646,10233.853132865646,10233.853132865646,12589.55740883103,12589.55740883103,12589.55740883103,-2355.7042759653864,-2355.7042759653864,-2355.7042759653864,0.0,0.0,0.0,32921.558192953344
2010-06-18,22684.277575597156,9006.003488608258,38453.433948683196,22684.277575597156,22684.277575597156,735.9831322662619,735.9831322662619,735.9831322662619,3563.2497467978806,3563.2497467978806,3563.2497467978806,-2827.2666145316184,-2827.2666145316184,-2827.2666145316184,0.0,0.0,0.0,23420.260707863417
2010-06-20,22677.422606616077,-3505.439832210381,28651.90287436783,22677.422606616077,22677.422606616077,-9814.560743862005,-9814.560743862005,-9814.560743862005,-5950.734482101462,-5950.734482101462,-5950.734482101462,-3863.826261760542,-3863.826261760542,-3863.826261760542,0.0,0.0,0.0,12862.861862754073
2010-06-21,22673.995122125536,8709.615831559078,38190.18852417277,22673.995122125536,22673.995122125536,1232.8384953773268,1232.8384953773268,1232.8384953773268,5637.336082802101,5637.336082802101,5637.336082802101,-4404.497587424774,-4404.497587424774,-4404.497587424774,0.0,0.0,0.0,23906.833617502863
2010-06-22,22670.567637635,10214.995558834518,40906.2198403651,22670.567637635,22670.567637635,3320.0753412634103,3320.0753412634103,3320.0753412634103,8263.268564201764,8263.268564201764,8263.268564201764,-4943.193222938352,-4943.193222938352,-4943.193222938352,0.0,0.0,0.0,25990.64297889841
2010-06-23,22667.14015314446,6332.756020575958,38023.0376417029,22667.14015314446,22667.14015314446,-102.8135488672143,-102.8135488672143,-102.8135488672143,5364.460058880964,5364.460058880964,5364.460058880964,-5467.273607748179,-5467.273607748179,-5467.273607748179,0.0,0.0,0.0,22564.326604277245
2010-06-24,22663.71266865392,12210.075066194382,44145.18088638082,22663.71266865392,22663.71266865392,6624.991077855934,6624.991077855934,6624.991077855934,12589.557408823564,12589.557408823564,12589.557408823564,-5964.566330967631,-5964.566330967631,-5964.566330967631,0.0,0.0,0.0,29288.703746509855
2010-06-25,22660.28518416338,4882.308146480719,35869.5215860785,22660.28518416338,22660.28518416338,-2860.4615099708467,-2860.4615099708467,-2860.4615099708467,3563.249746782191,3563.249746782191,3563.249746782191,-6423.7112567530385,-6423.7112567530385,-6423.7112567530385,0.0,0.0,0.0,19799.823674192532
2010-06-27,22653.4302151823,-5969.642430366679,24886.12121665476,22653.4302151823,22653.4302151823,-13138.779218362919,-13138.779218362919,-13138.779218362919,-5950.734482083862,-5950.734482083862,-5950.734482083862,-7188.044736279057,-7188.044736279057,-7188.044736279057,0.0,0.0,0.0,9514.65099681938
2010-06-28,22650.002730691762,5257.115816369791,36558.69580860738,22650.002730691762,22650.002730691762,-1839.8994890557487,-1839.8994890557487,-1839.8994890557487,5637.336082805871,5637.336082805871,5637.336082805871,-7477.23557186162,-7477.23557186162,-7477.23557186162,0.0,0.0,0.0,20810.103241636014
2010-06-29,22646.575246201224,7307.83364151625,38145.88758995636,22646.575246201224,22646.575246201224,566.5674921622059,566.5674921622059,566.5674921622059,8263.268564223197,8263.268564223197,8263.268564223197,-7696.701072060991,-7696.701072060991,-7696.701072060991,0.0,0.0,0.0,23213.14273836343
2010-06-30,22643.147761710683,4536.576915541537,35799.77162034462,22643.147761710683,22643.147761710683,-2478.585709459738,-2478.585709459738,-2478.585709459738,5364.460058897362,5364.460058897362,5364.460058897362,-7843.0457683571,-7843.0457683571,-7843.0457683571,0.0,0.0,0.0,20164.562052250945
2010-07-01,22639.72027722014,11189.367493894559,42509.017071304515,22639.72027722014,22639.72027722014,4674.663240372368,4674.663240372368,4674.663240372368,12589.557408816103,12589.557408816103,12589.557408816103,-7914.894168443734,-7914.894168443734,-7914.894168443734,0.0,0.0,0.0,27314.38351759251
2010-07-02,22636.2927927296,3295.852374566587,34377.03642801958,22636.2927927296,22636.2927927296,-4349.64594137073,-4349.64594137073,-4349.64594137073,3563.2497467665,3563.2497467665,3563.2497467665,-7912.89568813723,-7912.89568813723,-7912.89568813723,0.0,0.0,0.0,18286.64685135887
2010-07-04,22629.437823748525,-6845.563481637848,24881.538469955896,22629.437823748525,22629.437823748525,-13650.421297747818,-13650.421297747818,-13650.421297747818,-5950.734482111223,-5950.734482111223,-5950.734482111223,-7699.686815636595,-7699.686815636595,-7699.686815636595,0.0,0.0,0.0,8979.016526000707
2010-07-05,22626.010339257984,4305.211966983283,36634.415273863575,22626.010339257984,22626.010339257984,-1861.7733613095793,-1861.7733613095793,-1861.7733613095793,5637.336082792287,5637.336082792287,5637.336082792287,-7499.109444101867,-7499.109444101867,-7499.109444101867,0.0,0.0,0.0,20764.236977948403
2010-07-06,22622.582854767446,7465.277168629168,39591.31636868643,22622.582854767446,22622.582854767446,1017.702572893641,1017.702572893641,1017.702572893641,8263.268564208063,8263.268564208063,8263.268564208063,-7245.565991314423,-7245.565991314423,-7245.565991314423,0.0,0.0,0.0,23640.28542766109
2010-07-07,22619.15537027691,5410.321721049332,35472.93426144345,22619.15537027691,22619.15537027691,-1583.437333153604,-1583.437333153604,-1583.437333153604,5364.46005887337,5364.46005887337,5364.46005887337,-6947.897392026974,-6947.897392026974,-6947.897392026974,0.0,0.0,0.0,21035.718037123304
2010-07-08,22615.727889688464,13268.672643813103,43616.88716767773,22615.727889688464,22615.727889688464,5973.691843304923,5973.691843304923,5973.691843304923,12589.557408808638,12589.557408808638,12589.557408808638,-6615.865565503713,-6615.865565503713,-6615.865565503713,0.0,0.0,0.0,28589.41973299339
2010-07-09,22612.30040910002,4589.833746899496,35846.194701160326,22612.30040910002,22612.30040910002,-2696.589732369163,-2696.589732369163,-2696.589732369163,3563.2497468096026,3563.2497468096026,3563.2497468096026,-6259.839479178766,-6259.839479178766,-6259.839479178766,0.0,0.0,0.0,19915.710676730854
2010-07-11,22605.445447923128,-3206.6862871796343,26410.384879245736,22605.445447923128,22605.445447923128,-11469.084097592511,-11469.084097592511,-11469.084097592511,-5950.734482093627,-5950.734482093627,-5950.734482093627,-5518.349615498883,-5518.349615498883,-5518.349615498883,0.0,0.0,0.0,11136.361350330617
2010-07-12,22602.017967334687,7568.286316429719,38471.364461126024,22602.017967334687,22602.017967334687,483.62584394069404,483.62584394069404,483.62584394069404,5637.336082778702,5637.336082778702,5637.336082778702,-5153.710238838008,-5153.710238838008,-5153.710238838008,0.0,0.0,0.0,23085.643811275382
2010-07-13,22598.59048674624,10869.527427472569,41940.17274421489,22598.59048674624,22598.59048674624,3457.170831483341,3457.170831483341,3457.170831483341,8263.268564192931,8263.268564192931,8263.268564192931,-4806.097732709591,-4806.097732709591,-4806.097732709591,0.0,0.0,0.0,26055.761318229583
2010-07-14,22595.163006157796,8205.847971071784,38312.92302936705,22595.163006157796,22595.163006157796,880.3560798059588,880.3560798059588,880.3560798059588,5364.46005891032,5364.46005891032,5364.46005891032,-4484.103979104361,-4484.103979104361,-4484.103979104361,0.0,0.0,0.0,23475.519085963755
2010-07-15,22591.735525569355,15488.93296329704,45573.689568157744,22591.735525569355,22591.735525569355,8394.4352688023,8394.4352688023,8394.4352688023,12589.557408796883,12589.557408796883,12589.557408796883,-4195.122139994584,-4195.122139994584,-4195.122139994584,0.0,0.0,0.0,30986.170794371654
2010-07-16,22588.308044980906,6924.201343813927,38197.89261139452,22588.308044980906,22588.308044980906,-381.89695282370076,-381.89695282370076,-381.89695282370076,3563.2497467690473,3563.2497467690473,3563.2497467690473,-3945.146699592748,-3945.146699592748,-3945.146699592748,0.0,0.0,0.0,22206.411092157206
2010-07-18,22581.45308380402,-1089.3611630343378,28950.419833665957,22581.45308380402,22581.45308380402,-9529.079105709712,-9529.079105709712,-9529.079105709712,-5950.734482066646,-5950.734482066646,-5950.734482066646,-3578.3446236430655,-3578.3446236430655,-3578.3446236430655,0.0,0.0,0.0,13052.373978094307
2010-07-19,22578.025603215574,9704.598662075305,40621.62997278798,22578.025603215574,22578.025603215574,2171.9169807934936,2171.9169807934936,2171.9169807934936,5637.336082773797,5637.336082773797,5637.336082773797,-3465.4191019803034,-3465.4191019803034,-3465.4191019803034,0.0,0.0,0.0,24749.942584009066
2010-07-20,22574.59812262713,12414.528998602256,41591.5165298596,22574.59812262713,22574.59812262713,4863.995609549983,4863.995609549983,4863.995609549983,8263.268564196547,8263.268564196547,8263.268564196547,-3399.272954646565,-3399.272954646565,-3399.272954646565,0.0,0.0,0.0,27438.593732177113
2010-07-21,22571.170642038684,9503.428958231249,40789.474695570105,22571.170642038684,22571.170642038684,1986.7352012976653,1986.7352012976653,1986.7352012976653,5364.4600588863295,5364.4600588863295,5364.4600588863295,-3377.724857588664,-3377.724857588664,-3377.724857588664,0.0,0.0,0.0,24557.90584333635
2010-07-22,22567.74316145024,15976.949285273722,46883.831519526706,22567.74316145024,22567.74316145024,9192.451127240469,9192.451127240469,9192.451127240469,12589.557408789417,12589.557408789417,12589.557408789417,-3397.1062815489495,-3397.1062815489495,-3397.1062815489495,0.0,0.0,0.0,31760.194288690705
2010-07-23,22564.315680861797,7131.212016754253,37224.852428818725,22564.315680861797,22564.315680861797,110.81864304074524,110.81864304074524,110.81864304074524,3563.249746728491,3563.249746728491,3563.249746728491,-3452.431103687746,-3452.431103687746,-3452.431103687746,0.0,0.0,0.0,22675.13432390254
2010-07-25,22557.460719684907,-2986.617278051073,28333.801819344513,22557.460719684907,22557.460719684907,-9596.418201580344,-9596.418201580344,-9596.418201580344,-5950.734482176493,-5950.734482176493,-5950.734482176493,-3645.683719403851,-3645.683719403851,-3645.683719403851,0.0,0.0,0.0,12961.042518104563
2010-07-26,22554.03323909646,9936.482843553757,40191.591090591304,22554.03323909646,22554.03323909646,1868.2135924882105,1868.2135924882105,1868.2135924882105,5637.336082785708,5637.336082785708,5637.336082785708,-3769.1224902974973,-3769.1224902974973,-3769.1224902974973,0.0,0.0,0.0,24422.24683158467
2010-07-27,22550.605758508016,10333.198489101227,41433.97684147709,22550.605758508016,22550.605758508016,4363.179104157072,4363.179104157072,4363.179104157072,8263.26856421798,8263.26856421798,8263.26856421798,-3900.089460060908,-3900.089460060908,-3900.089460060908,0.0,0.0,0.0,26913.78486266509
2010-07-28,22547.17827791957,7979.871142558914,40249.34651997693,22547.17827791957,22547.17827791957,1333.7088899780995,1333.7088899780995,1333.7088899780995,5364.460058902726,5364.460058902726,5364.460058902726,-4030.7511689246267,-4030.7511689246267,-4030.7511689246267,0.0,0.0,0.0,23880.887167897672
2010-07-29,22543.750797331126,15421.818081235511,45941.98763977715,22543.750797331126,22543.750797331126,8435.988089908265,8435.988089908265,8435.988089908265,12589.557408818167,12589.557408818167,12589.557408818167,-4153.569318909902,-4153.569318909902,-4153.569318909902,0.0,0.0,0.0,30979.738887239393
2010-07-30,22540.323322326927,6409.779051888052,36972.94151005063,22540.323322326927,22540.323322326927,-698.332701700361,-698.332701700361,-698.332701700361,3563.249746771596,3563.249746771596,3563.249746771596,-4261.582448471957,-4261.582448471957,-4261.582448471957,0.0,0.0,0.0,21841.990620626566
2010-08-01,22533.468372318534,-2824.147660869526,27607.194793532213,22533.468372318534,22533.468372318534,-10360.491670392641,-10360.491670392641,-10360.491670392641,-5950.7344821495135,-5950.7344821495135,-5950.7344821495135,-4409.757188243125,-4409.757188243125,-4409.757188243125,0.0,0.0,0.0,12172.976701925892
2010-08-02,22530.040897314335,7166.7752727364095,40469.28245556814,22530.040897314335,22530.040897314335,1196.2849343940818,1196.2849343940818,1196.2849343940818,5637.336082797618,5637.336082797618,5637.336082797618,-4441.051148403536,-4441.051148403536,-4441.051148403536,0.0,0.0,0.0,23726.32583170842
2010-08-03,22526.61342231014,10684.450016090244,41729.46582780536,22526.61342231014,22526.61342231014,3823.1306059886233,3823.1306059886233,3823.1306059886233,8263.26856423941,8263.26856423941,8263.26856423941,-4440.137958250787,-4440.137958250787,-4440.137958250787,0.0,0.0,0.0,26349.744028298763
2010-08-04,22523.18594730594,7806.107781512864,38648.243462121536,22523.18594730594,22523.18594730594,958.3607882208445,958.3607882208445,958.3607882208445,5364.460058919122,5364.460058919122,5364.460058919122,-4406.099270698278,-4406.099270698278,-4406.099270698278,0.0,0.0,0.0,23481.546735526787
2010-08-05,22519.758472301743,15546.35612172998,45370.98901901471,22519.758472301743,22519.758472301743,8250.010616543406,8250.010616543406,8250.010616543406,12589.557408772345,12589.557408772345,12589.557408772345,-4339.546792228939,-4339.546792228939,-4339.546792228939,0.0,0.0,0.0,30769.769088845147
2010-08-06,22516.330997297544,6084.801738856395,36191.29356594394,22516.330997297544,22516.330997297544,-679.3559208082057,-679.3559208082057,-679.3559208082057,3563.2497467559047,3563.2497467559047,3563.2497467559047,-4242.60566756411,-4242.60566756411,-4242.60566756411,0.0,0.0,0.0,21836.97507648934
2010-08-08,22509.47604728915,-2101.870030753192,28866.60223049345,22509.47604728915,22509.47604728915,-9923.872339349282,-9923.872339349282,-9923.872339349282,-5950.734482131914,-5950.734482131914,-5950.734482131914,-3973.1378572173676,-3973.1378572173676,-3973.1378572173676,0.0,0.0,0.0,12585.603707939868
2010-08-09,22506.04857228495,9183.878526589515,38988.795820717234,22506.04857228495,22506.04857228495,1825.8228430642073,1825.8228430642073,1825.8228430642073,5637.336082784033,5637.336082784033,5637.336082784033,-3811.5132397198263,-3811.5132397198263,-3811.5132397198263,0.0,0.0,0.0,24331.87141534916
2010-08-10,22502.621097280757,12222.352782286822,41443.356001714455,22502.621097280757,22502.621097280757,4622.361111161428,4622.361111161428,4622.361111161428,8263.26856424303,8263.26856424303,8263.26856424303,-3640.9074530816006,-3640.9074530816006,-3640.9074530816006,0.0,0.0,0.0,27124.982208442183
2010-08-11,22499.193622276558,8103.352641016772,40485.446777102065,22499.193622276558,22499.193622276558,1895.5403436678541,1895.5403436678541,1895.5403436678541,5364.460058895851,5364.460058895851,5364.460058895851,-3468.919715227997,-3468.919715227997,-3468.919715227997,0.0,0.0,0.0,24394.73396594441
2010-08-12,22495.76614727236,16712.372553664874,48231.51325458572,22495.76614727236,22495.76614727236,9286.03598156484,9286.03598156484,9286.03598156484,12589.55740880109,12589.55740880109,12589.55740880109,-3303.52142723625,-3303.52142723625,-3303.52142723625,0.0,0.0,0.0,31781.8021288372
2010-08-13,22492.338672268164,7790.825317793879,38769.29417337491,22492.338672268164,22492.338672268164,410.5018057192456,410.5018057192456,410.5018057192456,3563.2497467402136,3563.2497467402136,3563.2497467402136,-3152.747941020967,-3152.747941020967,-3152.747941020967,0.0,0.0,0.0,22902.84047798741
2010-08-15,22485.483722259767,-1768.3718780314055,28597.369829687523,22485.483722259767,22485.483722259767,-8876.360085516859,-8876.360085516859,-8876.360085516859,-5950.734482159277,-5950.734482159277,-5950.734482159277,-2925.625603357584,-2925.625603357584,-2925.625603357584,0.0,0.0,0.0,13609.123636742908
2010-08-16,22482.056247255572,10406.837235546725,40840.69540029543,22482.056247255572,22482.056247255572,2774.524014816273,2774.524014816273,2774.524014816273,5637.336082804623,5637.336082804623,5637.336082804623,-2862.8120679883514,-2862.8120679883514,-2862.8120679883514,0.0,0.0,0.0,25256.580262071846
2010-08-17,22478.628772251373,12464.379305855466,43518.43382045791,22478.628772251373,22478.628772251373,5422.168482449468,5422.168482449468,5422.168482449468,8263.2685642279,8263.2685642279,8263.2685642279,-2841.100081778431,-2841.100081778431,-2841.100081778431,0.0,0.0,0.0,27900.79725470084
2010-08-18,22475.201297247175,8972.194963576,41199.7199137051,22475.201297247175,22475.201297247175,2500.2318192691578,2500.2318192691578,2500.2318192691578,5364.4600589122465,5364.4600589122465,5364.4600589122465,-2864.228239643089,-2864.228239643089,-2864.228239643089,0.0,0.0,0.0,24975.43311651633
2010-08-19,22471.773822242976,16186.836852253171,47768.23653331205,22471.773822242976,22471.773822242976,9655.259479508079,9655.259479508079,9655.259479508079,12589.557408793627,12589.557408793627,12589.557408793627,-2934.2979292855493,-2934.2979292855493,-2934.2979292855493,0.0,0.0,0.0,32127.033301751057
2010-08-20,22468.34634723878,7991.972588517766,40000.79915689456,22468.34634723878,22468.34634723878,511.6435576540014,511.6435576540014,511.6435576540014,3563.249746699656,3563.249746699656,3563.249746699656,-3051.606189045654,-3051.606189045654,-3051.606189045654,0.0,0.0,0.0,22979.989904892784
2010-08-22,22461.49139880512,-3060.9642211785267,28735.71468681259,22461.49139880512,22461.49139880512,-9370.222970916173,-9370.222970916173,-9370.222970916173,-5950.73448214168,-5950.73448214168,-5950.73448214168,-3419.4884887744943,-3419.4884887744943,-3419.4884887744943,0.0,0.0,0.0,13091.268427888946
2010-08-23,22458.063924588285,8318.875731734151,39671.9812092556,22458.063924588285,22458.063924588285,1976.4146789330914,1976.4146789330914,1976.4146789330914,5637.336082791038,5637.336082791038,5637.336082791038,-3660.9214038579466,-3660.9214038579466,-3660.9214038579466,0.0,0.0,0.0,24434.478603521376
2010-08-24,22454.636450371454,11041.637278621258,41408.17056450009,22454.636450371454,22454.636450371454,4331.875573693898,4331.875573693898,4331.875573693898,8263.268564212762,8263.268564212762,8263.268564212762,-3931.3929905188634,-3931.3929905188634,-3931.3929905188634,0.0,0.0,0.0,26786.512024065352
2010-08-25,22451.20897615462,8928.207192492539,39313.07867732433,22451.20897615462,22451.20897615462,1142.7474571568312,1142.7474571568312,1142.7474571568312,5364.460058928644,5364.460058928644,5364.460058928644,-4221.712601771813,-4221.712601771813,-4221.712601771813,0.0,0.0,0.0,23593.95643331145
2010-08-26,22447.781501937785,15972.286216354481,46723.86435567073,22447.781501937785,22447.781501937785,8068.423324565899,8068.423324565899,8068.423324565899,12589.557408820232,12589.557408820232,12589.557408820232,-4521.134084254332,-4521.134084254332,-4521.134084254332,0.0,0.0,0.0,30516.204826503683
2010-08-27,22444.354027720954,5383.987492645201,37271.68260762757,22444.354027720954,22444.354027720954,-1254.3579982352835,-1254.3579982352835,-1254.3579982352835,3563.249746767626,3563.249746767626,3563.249746767626,-4817.60774500291,-4817.60774500291,-4817.60774500291,0.0,0.0,0.0,21189.996029485672
2010-08-29,22437.499079287285,-3757.6510020979595,26494.667923292487,22437.499079287285,22437.499079287285,-11299.578287151868,-11299.578287151868,-11299.578287151868,-5950.734482124081,-5950.734482124081,-5950.734482124081,-5348.843805027786,-5348.843805027786,-5348.843805027786,0.0,0.0,0.0,11137.920792135417
2010-08-31,22430.64413085362,9804.458425476472,40965.4671085773,22430.64413085362,22430.64413085362,2557.9139295832397,2557.9139295832397,2557.9139295832397,8263.268564234195,8263.268564234195,8263.268564234195,-5705.354634650956,-5705.354634650956,-5705.354634650956,0.0,0.0,0.0,24988.55806043686
2010-09-01,22427.21665663679,5730.217054858628,37164.36835614859,22427.21665663679,22427.21665663679,-419.38520343064863,-419.38520343064863,-419.38520343064863,5364.460058884818,5364.460058884818,5364.460058884818,-5783.845262315466,-5783.845262315466,-5783.845262315466,0.0,0.0,0.0,22007.83145320614
2010-09-02,22423.789182419958,13947.138719147626,44368.0207310216,22423.789182419958,22423.789182419958,6810.639475398161,6810.639475398161,6810.639475398161,12589.557408812767,12589.557408812767,12589.557408812767,-5778.917933414605,-5778.917933414605,-5778.917933414605,0.0,0.0,0.0,29234.42865781812
2010-09-03,22420.361708203123,4807.8645415127385,37191.888044671585,22420.361708203123,22420.361708203123,-2116.181841370517,-2116.181841370517,-2116.181841370517,3563.24974672707,3563.24974672707,3563.24974672707,-5679.431588097586,-5679.431588097586,-5679.431588097586,0.0,0.0,0.0,20304.17986683261
2010-09-05,22413.506759769458,-3817.4760169509364,25954.767204116517,22413.506759769458,22413.506759769458,-11111.653332560902,-11111.653332560902,-11111.653332560902,-5950.734482106483,-5950.734482106483,-5950.734482106483,-5160.91885045442,-5160.91885045442,-5160.91885045442,0.0,0.0,0.0,11301.853427208556
2010-09-06,22410.079285552627,7563.182478121735,38368.070842330984,22410.079285552627,22410.079285552627,908.0876701445741,908.0876701445741,908.0876701445741,5637.3360827725455,5637.3360827725455,5637.3360827725455,-4729.248412627971,-4729.248412627971,-4729.248412627971,0.0,0.0,0.0,23318.1669556972
2010-09-07,22406.651811335792,13031.20370106603,43181.15039270462,22406.651811335792,22406.651811335792,4085.0317590158634,4085.0317590158634,4085.0317590158634,8263.268564201251,8263.268564201251,8263.268564201251,-4178.236805185387,-4178.236805185387,-4178.236805185387,0.0,0.0,0.0,26491.683570351655
2010-09-08,22403.224337118958,8350.646794767876,39352.397314464484,22403.224337118958,22403.224337118958,1856.5777892895792,1856.5777892895792,1856.5777892895792,5364.460058941603,5364.460058941603,5364.460058941603,-3507.8822696520238,-3507.8822696520238,-3507.8822696520238,0.0,0.0,0.0,24259.802126408536
2010-09-09,22399.796862902123,16342.563245193956,47397.88100910985,22399.796862902123,22399.796862902123,9868.612334116002,9868.612334116002,9868.612334116002,12589.557408805302,12589.557408805302,12589.557408805302,-2720.9450746893003,-2720.9450746893003,-2720.9450746893003,0.0,0.0,0.0,32268.409197018125
2010-09-10,22396.369388685293,8587.43454587434,39968.76695276491,22396.369388685293,22396.369388685293,1740.2833688324579,1740.2833688324579,1740.2833688324579,3563.249746711377,3563.249746711377,3563.249746711377,-1822.9663778789197,-1822.9663778789197,-1822.9663778789197,0.0,0.0,0.0,24136.65275751775
2010-09-12,22389.514440251627,2540.508727293032,31740.34873284399,22389.514440251627,22389.514440251627,-5680.2764138846915,-5680.2764138846915,-5680.2764138846915,-5950.734482133844,-5950.734482133844,-5950.734482133844,270.4580682491528,270.4580682491528,270.4580682491528,0.0,0.0,0.0,16709.238026366937
2010-09-13,22386.086966034796,13366.730216873084,44705.39698449554,22386.086966034796,22386.086966034796,7079.129486937445,7079.129486937445,7079.129486937445,5637.336082784459,5637.336082784459,5637.336082784459,1441.793404152986,1441.793404152986,1441.793404152986,0.0,0.0,0.0,29465.216452972243
2010-09-14,22382.65949475614,17698.224706471912,49775.41425071735,22382.65949475614,22382.65949475614,10939.691688822355,10939.691688822355,10939.691688822355,8263.26856424143,8263.26856424143,8263.26856424143,2676.423124580924,2676.423124580924,2676.423124580924,0.0,0.0,0.0,33322.351183578496
2010-09-15,22379.23202347748,17571.58843842059,47412.08287970887,22379.23202347748,22379.23202347748,9321.648021447067,9321.648021447067,9321.648021447067,5364.460058917612,5364.460058917612,5364.460058917612,3957.187962529456,3957.187962529456,3957.187962529456,0.0,0.0,0.0,31700.880044924546
2010-09-16,22375.804552198824,25953.27377780961,55835.995267360566,22375.804552198824,22375.804552198824,17855.08202799248,17855.08202799248,17855.08202799248,12589.557408797837,12589.557408797837,12589.557408797837,5265.5246191946435,5265.5246191946435,5265.5246191946435,0.0,0.0,0.0,40230.886580191305
2010-09-17,22372.377080920167,16397.0224912399,48055.02117007427,22372.377080920167,22372.377080920167,10145.142673367554,10145.142673367554,10145.142673367554,3563.2497467296175,3563.2497467296175,3563.2497467296175,6581.8929266379355,6581.8929266379355,6581.8929266379355,0.0,0.0,0.0,32517.51975428772
2010-09-19,22365.522138362852,10314.813155901335,39970.05621087012,22365.522138362852,22365.522138362852,3207.7161052660103,3207.7161052660103,3207.7161052660103,-5950.734482125626,-5950.734482125626,-5950.734482125626,9158.450587391635,9158.450587391635,9158.450587391635,0.0,0.0,0.0,25573.23824362886
2010-09-20,22362.094667084195,22923.924419802235,53767.24576745128,22362.094667084195,22362.094667084195,16016.22243749263,16016.22243749263,16016.22243749263,5637.336082796371,5637.336082796371,5637.336082796371,10378.88635469626,10378.88635469626,10378.88635469626,0.0,0.0,0.0,38378.317104576825
2010-09-21,22358.667195805538,26912.222384500026,56666.16702917546,22358.667195805538,22358.667195805538,19792.076781571166,19792.076781571166,19792.076781571166,8263.268564189733,8263.268564189733,8263.268564189733,11528.808217381433,11528.808217381433,11528.808217381433,0.0,0.0,0.0,42150.743977376704
2010-09-22,22355.23972452688,24964.952024523205,56130.10310219217,22355.23972452688,22355.23972452688,17955.321424659567,17955.321424659567,17955.321424659567,5364.460058873785,5364.460058873785,5364.460058873785,12590.861365785782,12590.861365785782,12590.861365785782,0.0,0.0,0.0,40310.56114918645
2010-09-23,22351.812253248223,33205.62609793293,63383.47077259679,22351.812253248223,22351.812253248223,26139.052167508355,26139.052167508355,26139.052167508355,12589.55740882444,12589.55740882444,12589.55740882444,13549.494758683919,13549.494758683919,13549.494758683919,0.0,0.0,0.0,48490.86442075658
2010-09-24,22348.38478196957,25733.839660068927,56603.399199307285,22348.38478196957,22348.38478196957,17954.59162134291,17954.59162134291,17954.59162134291,3563.2497467975877,3563.2497467975877,3563.2497467975877,14391.34187454532,14391.34187454532,14391.34187454532,0.0,0.0,0.0,40302.97640331248
2010-09-26,22341.52983941225,16898.03014442836,48664.11561708199,22341.52983941225,22341.52983941225,9733.290989465855,9733.290989465855,9733.290989465855,-5950.734482098646,-5950.734482098646,-5950.734482098646,15684.025471564502,15684.025471564502,15684.025471564502,0.0,0.0,0.0,32074.820828878106
2010-09-27,22338.102368133594,28541.600114285447,59600.46916046518,22338.102368133594,22338.102368133594,21758.994141011524,21758.994141011524,21758.994141011524,5637.336082808283,5637.336082808283,5637.336082808283,16121.65805820324,16121.65805820324,16121.65805820324,0.0,0.0,0.0,44097.09650914512
2010-09-28,22334.674896854936,31599.56333503168,62569.86636515789,22334.674896854936,22334.674896854936,24679.67018448393,24679.67018448393,24679.67018448393,8263.268564229915,8263.268564229915,8263.268564229915,16416.401620254015,16416.401620254015,16416.401620254015,0.0,0.0,0.0,47014.34508133886
2010-09-29,22331.24742557628,28563.274764328326,58579.455162174054,22331.24742557628,22331.24742557628,21933.78540783595,21933.78540783595,21933.78540783595,5364.460058890183,5364.460058890183,5364.460058890183,16569.325348945764,16569.325348945764,16569.325348945764,0.0,0.0,0.0,44265.03283341223
2010-09-30,22327.819954297625,37288.02886828462,67050.75436380137,22327.819954297625,22327.819954297625,29174.12150638747,29174.12150638747,29174.12150638747,12589.557408780764,12589.557408780764,12589.557408780764,16584.564097606708,16584.564097606708,16584.564097606708,0.0,0.0,0.0,51501.94146068509
2010-10-01,22324.392483018968,26251.812268558013,56844.61811752882,22324.392483018968,22324.392483018968,20032.44234365687,20032.44234365687,20032.44234365687,3563.2497467818966,3563.2497467818966,3563.2497467818966,16469.19259687497,16469.19259687497,16469.19259687497,0.0,0.0,0.0,42356.83482667584
2010-10-03,22317.537540461653,15864.451459773549,46737.081413112115,22317.537540461653,22317.537540461653,9937.60198879749,9937.60198879749,9937.60198879749,-5950.734482126008,-5950.734482126008,-5950.734482126008,15888.3364709235,15888.3364709235,15888.3364709235,0.0,0.0,0.0,32255.139529259144
2010-10-04,22314.110069182996,29121.852582035393,59520.56913658557,22314.110069182996,22314.110069182996,21086.877395317766,21086.877395317766,21086.877395317766,5637.336082777877,5637.336082777877,5637.336082777877,15449.54131253989,15449.54131253989,15449.54131253989,0.0,0.0,0.0,43400.987464500766
2010-10-05,22310.68259790434,30526.016506797743,60730.358633489086,22310.68259790434,22310.68259790434,23196.06084870377,23196.06084870377,23196.06084870377,8263.268564214783,8263.268564214783,8263.268564214783,14932.79228448899,14932.79228448899,14932.79228448899,0.0,0.0,0.0,45506.74344660811
2010-10-06,22307.255126625678,27694.67113469456,57472.38672249017,22307.255126625678,22307.255126625678,19720.0168242998,19720.0168242998,19720.0168242998,5364.460058866191,5364.460058866191,5364.460058866191,14355.556765433608,14355.556765433608,14355.556765433608,0.0,0.0,0.0,42027.27195092548
2010-10-07,22303.827660441206,33159.42281890263,62819.51206292778,22303.827660441206,22303.827660441206,26325.71239310844,26325.71239310844,26325.71239310844,12589.557408809513,12589.557408809513,12589.557408809513,13736.154984298926,13736.154984298926,13736.154984298926,0.0,0.0,0.0,48629.540053549645
2010-10-08,22300.40019425673,23671.702569060133,55144.821550728724,22300.40019425673,22300.40019425673,16656.53192821872,16656.53192821872,16656.53192821872,3563.249746825002,3563.249746825002,3563.249746825002,13093.282181393713,13093.282181393713,13093.282181393713,0.0,0.0,0.0,38956.93212247545
2010-10-10,22293.545261887786,13937.950923065855,43808.84784809122,22293.545261887786,22293.545261887786,5860.1635870660575,5860.1635870660575,5860.1635870660575,-5950.734482108412,-5950.734482108412,-5950.734482108412,11810.89806917447,11810.89806917447,11810.89806917447,0.0,0.0,0.0,28153.708848953844
2010-10-11,22290.117795703314,23865.978973033492,55036.54189732573,22290.117795703314,22290.117795703314,16843.712418570547,16843.712418570547,16843.712418570547,5637.336082798468,5637.336082798468,5637.336082798468,11206.376335772076,11206.376335772076,11206.376335772076,0.0,0.0,0.0,39133.83021427386
2010-10-12,22286.690329518842,25718.839463441764,56684.9719556828,22286.690329518842,22286.690329518842,18910.7667386346,18910.7667386346,18910.7667386346,8263.268564199652,8263.268564199652,8263.268564199652,10647.49817443495,10647.49817443495,10647.49817443495,0.0,0.0,0.0,41197.45706815344
2010-10-13,22283.26286333437,21470.862142621663,53475.24808536733,22283.26286333437,22283.26286333437,15512.448092443254,15512.448092443254,15512.448092443254,5364.460058922976,5364.460058922976,5364.460058922976,10147.98803352028,10147.98803352028,10147.98803352028,0.0,0.0,0.0,37795.71095577763
2010-10-14,22279.8353971499,28176.486577855016,60347.0038380519,22279.8353971499,22279.8353971499,22309.003564137278,22309.003564137278,22309.003564137278,12589.557408836114,12589.557408836114,12589.557408836114,9719.446155301162,9719.446155301162,9719.446155301162,0.0,0.0,0.0,44588.838961287176
2010-10-15,22276.407930965423,18332.48717115101,51469.9736676042,22276.407930965423,22276.407930965423,12934.350892864957,12934.350892864957,12934.350892864957,3563.2497467844455,3563.2497467844455,3563.2497467844455,9371.101146080515,9371.101146080515,9371.101146080515,0.0,0.0,0.0,35210.75882383038
2010-10-17,22269.55299859648,9613.1028656377,38748.254255300184,22269.55299859648,22269.55299859648,2988.340315551518,2988.340315551518,2988.340315551518,-5950.734482081431,-5950.734482081431,-5950.734482081431,8939.07479763295,8939.07479763295,8939.07479763295,0.0,0.0,0.0,25257.893314147997
2010-10-18,22266.125532412007,21172.44118428105,52409.85668777066,22266.125532412007,22266.125532412007,14498.119381153234,14498.119381153234,14498.119381153234,5637.336082784885,5637.336082784885,5637.336082784885,8860.783298368346,8860.783298368346,8860.783298368346,0.0,0.0,0.0,36764.24491356524
2010-10-19,22262.698066227535,24187.377915283287,55951.057774999346,22262.698066227535,22262.698066227535,17136.766485644515,17136.766485644515,17136.766485644515,8263.268564203265,8263.268564203265,8263.268564203265,8873.49792144125,8873.49792144125,8873.49792144125,0.0,0.0,0.0,39399.46455187205
2010-10-20,22259.270600043063,20818.326286965992,52537.25441491329,22259.270600043063,22259.270600043063,14337.925954620476,14337.925954620476,14337.925954620476,5364.460058879151,5364.460058879151,5364.460058879151,8973.465895741327,8973.465895741327,8973.465895741327,0.0,0.0,0.0,36597.19655466354
2010-10-21,22255.84313385859,29527.345820621515,60034.55480065672,22255.84313385859,22255.84313385859,21744.19813214994,21744.19813214994,21744.19813214994,12589.55740882865,12589.55740882865,12589.55740882865,9154.640723321292,9154.640723321292,9154.640723321292,0.0,0.0,0.0,44000.04126600853
2010-10-22,22252.41566767412,19066.18254932897,49594.94838932894,22252.41566767412,22252.41566767412,12972.193021778801,12972.193021778801,12972.193021778801,3563.2497467687544,3563.2497467687544,3563.2497467687544,9408.943275010048,9408.943275010048,9408.943275010048,0.0,0.0,0.0,35224.60868945292
2010-10-24,22245.56073530517,11140.4028673476,42716.62359363971,22245.56073530517,22245.56073530517,4145.656099626522,4145.656099626522,4145.656099626522,-5950.734482073214,-5950.734482073214,-5950.734482073214,10096.390581699736,10096.390581699736,10096.390581699736,0.0,0.0,0.0,26391.216834931693
2010-10-25,22242.1332691207,23469.84138187433,54488.36550094442,22242.1332691207,22242.1332691207,16143.602175763152,16143.602175763152,16143.602175763152,5637.336082805471,5637.336082805471,5637.336082805471,10506.26609295768,10506.26609295768,10506.26609295768,0.0,0.0,0.0,38385.73544488385
2010-10-26,22238.705802936227,27295.753683957235,57347.69393464852,22238.705802936227,22238.705802936227,19206.806331359585,19206.806331359585,19206.806331359585,8263.2685642247,8263.2685642247,8263.2685642247,10943.537767134887,10943.537767134887,10943.537767134887,0.0,0.0,0.0,41445.512134295815
2010-10-27,22235.27833675175,23798.629546871358,55199.02181539291,22235.27833675175,22235.27833675175,16759.870999056602,16759.870999056602,16759.870999056602,5364.460058895545,5364.460058895545,5364.460058895545,11395.410940161055,11395.410940161055,11395.410940161055,0.0,0.0,0.0,38995.14933580835
2010-10-28,22231.850870567283,31706.397667984354,61726.87774105934,22231.850870567283,22231.850870567283,24438.935953338478,24438.935953338478,24438.935953338478,12589.557408819042,12589.557408819042,12589.557408819042,11849.378544519433,11849.378544519433,11849.378544519433,0.0,0.0,0.0,46670.78682390576
2010-10-29,22228.423406070702,22811.26880704835,54499.273365204426,22228.423406070702,22228.423406070702,15856.868505731794,15856.868505731794,15856.868505731794,3563.249746728198,3563.249746728198,3563.249746728198,12293.618759003595,12293.618759003595,12293.618759003595,0.0,0.0,0.0,38085.291911802495
2010-10-31,22221.568477077537,14892.670618074757,44045.80458922674,22221.568477077537,22221.568477077537,7160.481678038099,7160.481678038099,7160.481678038099,-5950.734482100575,-5950.734482100575,-5950.734482100575,13111.216160138674,13111.216160138674,13111.216160138674,0.0,0.0,0.0,29382.050155115634
2010-11-01,22218.141012580956,25606.00150992587,56945.89933854401,22218.141012580956,22218.141012580956,19104.775579686135,19104.775579686135,19104.775579686135,5637.336082791887,5637.336082791887,5637.336082791887,13467.439496894249,13467.439496894249,13467.439496894249,0.0,0.0,0.0,41322.916592267095
2010-11-02,22214.713548084375,28673.823463983164,58930.975461411166,22214.713548084375,22214.713548084375,22043.422425741614,22043.422425741614,22043.422425741614,8263.268564209566,8263.268564209566,8263.268564209566,13780.153861532046,13780.153861532046,13780.153861532046,0.0,0.0,0.0,44258.13597382599
2010-11-03,22211.28608358779,27320.435736771793,56602.41004919394,22211.28608358779,22211.28608358779,19409.950829486697,19409.950829486697,19409.950829486697,5364.460058911944,5364.460058911944,5364.460058911944,14045.490770574752,14045.490770574752,14045.490770574752,0.0,0.0,0.0,41621.23691307449
2010-11-04,22207.85861909121,33438.09231949469,65033.69528292436,22207.85861909121,22207.85861909121,26851.223973099997,26851.223973099997,26851.223973099997,12589.557408773217,12589.557408773217,12589.557408773217,14261.666564326786,14261.666564326786,14261.666564326786,0.0,0.0,0.0,49059.082592191204
2010-11-05,22204.43115459463,23769.19734261889,55765.63163044851,22204.43115459463,22204.43115459463,17992.234035546786,17992.234035546786,17992.234035546786,3563.2497467961675,3563.2497467961675,3563.2497467961675,14428.984288750617,14428.984288750617,14428.984288750617,0.0,0.0,0.0,40196.665190141415
2010-11-07,22197.576225601464,14502.471555370872,46096.38301558281,22197.576225601464,22197.576225601464,8677.458696618354,8677.458696618354,8677.458696618354,-5950.734482146701,-5950.734482146701,-5950.734482146701,14628.193178765056,14628.193178765056,14628.193178765056,0.0,0.0,0.0,30875.03492221982
2010-11-08,22194.148761104883,27737.310407056517,58986.91277897105,22194.148761104883,22194.148761104883,20307.47021588155,20307.47021588155,20307.47021588155,5637.3360827783,5637.3360827783,5637.3360827783,14670.134133103245,14670.134133103245,14670.134133103245,0.0,0.0,0.0,42501.61897698643
2010-11-09,22190.7212966083,30728.57019001504,61814.28848444971,22190.7212966083,22190.7212966083,22946.109992927668,22946.109992927668,22946.109992927668,8263.268564231,8263.268564231,8263.268564231,14682.841428696667,14682.841428696667,14682.841428696667,0.0,0.0,0.0,45136.83128953597
2010-11-10,22187.293832111718,27258.765284416066,57361.97953183789,22187.293832111718,22187.293832111718,20039.111751233606,20039.111751233606,20039.111751233606,5364.460058908506,5364.460058908506,5364.460058908506,14674.651692325104,14674.651692325104,14674.651692325104,0.0,0.0,0.0,42226.405583345324
2010-11-11,22183.866367615137,32235.556617312905,63572.039973971514,22183.866367615137,22183.866367615137,27244.181248822086,27244.181248822086,27244.181248822086,12589.557408801966,12589.557408801966,12589.557408801966,14654.623840020115,14654.623840020115,14654.623840020115,0.0,0.0,0.0,49428.04761643722
2010-11-12,22180.438903118556,25726.250206840567,55133.72671654091,22180.438903118556,22180.438903118556,18195.401823696855,18195.401823696855,18195.401823696855,3563.2497467556113,3563.2497467556113,3563.2497467556113,14632.152076941244,14632.152076941244,14632.152076941244,0.0,0.0,0.0,40375.84072681541
2010-11-14,22173.58397412539,15066.372980182892,45775.68874651777,22173.58397412539,22173.58397412539,8665.973562026442,8665.973562026442,8665.973562026442,-5950.734482119721,-5950.734482119721,-5950.734482119721,14616.708044146164,14616.708044146164,14616.708044146164,0.0,0.0,0.0,30839.557536151835
2010-11-15,22170.156509628807,27193.077015089737,58616.105161638705,22170.156509628807,22170.156509628807,20277.906590212315,20277.906590212315,20277.906590212315,5637.336082798894,5637.336082798894,5637.336082798894,14640.57050741342,14640.57050741342,14640.57050741342,0.0,0.0,0.0,42448.06309984112
2010-11-16,22166.729045132226,30319.063352091965,59219.01948635725,22166.729045132226,22166.729045132226,22958.15916235585,22958.15916235585,22958.15916235585,8263.268564198053,8263.268564198053,8263.268564198053,14694.8905981578,14694.8905981578,14694.8905981578,0.0,0.0,0.0,45124.888207488075
2010-11-17,22163.301580635645,25685.005750523815,58684.53371778183,22163.301580635645,22163.301580635645,20149.290876575484,20149.290876575484,20149.290876575484,5364.460058884515,5364.460058884515,5364.460058884515,14784.83081769097,14784.83081769097,14784.83081769097,0.0,0.0,0.0,42312.592457211125
2010-11-18,22159.874116139064,34962.824769463776,64978.08828192831,22159.874116139064,22159.874116139064,27503.244814940295,27503.244814940295,27503.244814940295,12589.557408794502,12589.557408794502,12589.557408794502,14913.68740614579,14913.68740614579,14913.68740614579,0.0,0.0,0.0,49663.118931079356
2010-11-19,22156.44665164248,26019.109846864703,56561.98291729378,22156.44665164248,22156.44665164248,18645.909756739242,18645.909756739242,18645.909756739242,3563.2497467150547,3563.2497467150547,3563.2497467150547,15082.660010024189,15082.660010024189,15082.660010024189,0.0,0.0,0.0,40802.35640838172
2010-11-21,22149.60376052104,17026.468551623275,47262.433958044894,22149.60376052104,22149.60376052104,9583.62425168085,9583.62425168085,9583.62425168085,-5950.734482156462,-5950.734482156462,-5950.734482156462,15534.358733837315,15534.358733837315,15534.358733837315,0.0,0.0,0.0,31733.228012201893
2010-11-22,22146.18231496032,28045.8990164178,59602.483684148414,22146.18231496032,22146.18231496032,21445.232046377652,21445.232046377652,21445.232046377652,5637.336082785308,5637.336082785308,5637.336082785308,15807.895963592344,15807.895963592344,15807.895963592344,0.0,0.0,0.0,43591.41436133797
2010-11-23,22142.7608693996,32478.11166149959,62030.79435664171,22142.7608693996,22142.7608693996,24366.49265258287,24366.49265258287,24366.49265258287,8263.268564219483,8263.268564219483,8263.268564219483,16103.224088363388,16103.224088363388,16103.224088363388,0.0,0.0,0.0,46509.25352198247
2010-11-24,22139.33942383888,28080.89607148079,59102.91567519338,22139.33942383888,22139.33942383888,21774.574299715754,21774.574299715754,21774.574299715754,5364.460058921466,5364.460058921466,5364.460058921466,16410.11424079429,16410.11424079429,16410.11424079429,0.0,0.0,0.0,43913.91372355464
2010-11-25,22135.917978278158,36905.19192476888,65537.51390937145,22135.917978278158,22135.917978278158,29305.963005225458,29305.963005225458,29305.963005225458,12589.55740882325,12589.55740882325,12589.55740882325,16716.405596402205,16716.405596402205,16716.405596402205,0.0,0.0,0.0,51441.880983503615
2010-11-26,22132.49653271744,28420.076090907784,57905.02260419608,22132.49653271744,22132.49653271744,20571.547747340897,20571.547747340897,20571.547747340897,3563.2497467830262,3563.2497467830262,3563.2497467830262,17008.298000557872,17008.298000557872,17008.298000557872,0.0,0.0,0.0,42704.04428005834
2010-11-28,22125.653641595996,18058.400312118163,49569.94461621379,22125.653641595996,22125.653641595996,11536.946475612012,11536.946475612012,11536.946475612012,-5950.734482138866,-5950.734482138866,-5950.734482138866,17487.68095775088,17487.68095775088,17487.68095775088,0.0,0.0,0.0,33662.60011720801
2010-11-29,22122.23219603528,30156.13711241106,61368.90253297942,22122.23219603528,22122.23219603528,23280.177602699085,23280.177602699085,23280.177602699085,5637.336082797218,5637.336082797218,5637.336082797218,17642.841519901867,17642.841519901867,17642.841519901867,0.0,0.0,0.0,45402.40979873436
2010-11-30,22118.810750474557,32694.631551456398,62806.590291290035,22118.810750474557,22118.810750474557,25983.149023635287,25983.149023635287,25983.149023635287,8263.268564240916,8263.268564240916,8263.268564240916,17719.880459394375,17719.880459394375,17719.880459394375,0.0,0.0,0.0,48101.95977410984
2010-12-01,22115.389304913835,29340.03476246712,60701.447338099715,22115.389304913835,22115.389304913835,23067.513318775524,23067.513318775524,23067.513318775524,5364.46005887764,5364.46005887764,5364.46005887764,17703.05325989788,17703.05325989788,17703.05325989788,0.0,0.0,0.0,45182.902623689355
2010-12-02,22111.967859353117,37172.76388540831,67784.11103875953,22111.967859353117,22111.967859353117,30167.23972572288,30167.23972572288,30167.23972572288,12589.557408813642,12589.557408813642,12589.557408813642,17577.682316909242,17577.682316909242,17577.682316909242,0.0,0.0,0.0,52279.207585076
2010-12-03,22108.546413792395,28144.375143892143,58642.33723855849,22108.546413792395,22108.546413792395,20893.89546272081,20893.89546272081,20893.89546272081,3563.2497467424673,3563.2497467424673,3563.2497467424673,17330.645715978346,17330.645715978346,17330.645715978346,0.0,0.0,0.0,43002.44187651321
2010-12-05,22101.703522670956,16529.965834959614,47506.92445513648,22101.703522670956,22101.703522670956,10478.855273402167,10478.855273402167,10478.855273402167,-5950.734482121265,-5950.734482121265,-5950.734482121265,16429.58975552343,16429.58975552343,16429.58975552343,0.0,0.0,0.0,32580.55879607312
2010-12-06,22098.282077110234,27439.502600478136,58518.119159756396,22098.282077110234,22098.282077110234,21398.365871604616,21398.365871604616,21398.365871604616,5637.336082783634,5637.336082783634,5637.336082783634,15761.02978882098,15761.02978882098,15761.02978882098,0.0,0.0,0.0,43496.647948714846
2010-12-07,22094.860631549513,29292.026113805012,60808.140212895094,22094.860631549513,22094.860631549513,23205.651712141047,23205.651712141047,23205.651712141047,8263.26856420797,8263.26856420797,8263.26856420797,14942.38314793308,14942.38314793308,14942.38314793308,0.0,0.0,0.0,45300.512343690556
2010-12-08,22091.439185988795,26707.429528368502,56544.30719790841,22091.439185988795,22091.439185988795,19338.649928893454,19338.649928893454,19338.649928893454,5364.460058934424,5364.460058934424,5364.460058934424,13974.18986995903,13974.18986995903,13974.18986995903,0.0,0.0,0.0,41430.08911488225
2010-12-09,22088.017740428073,32303.246884660417,63100.44793540468,22088.017740428073,22088.017740428073,25449.99689896251,25449.99689896251,25449.99689896251,12589.557408806177,12589.557408806177,12589.557408806177,12860.439490156332,12860.439490156332,12860.439490156332,0.0,0.0,0.0,47538.01463939058
2010-12-10,22084.59629486735,20820.96494528203,52246.59065802244,22084.59629486735,22084.59629486735,15171.864360903257,15171.864360903257,15171.864360903257,3563.249746726777,3563.249746726777,3563.249746726777,11608.61461417648,11608.61461417648,11608.61461417648,0.0,0.0,0.0,37256.46065577061
2010-12-12,22077.753403745915,9987.095422912194,40270.35378090549,22077.753403745915,22077.753403745915,2787.00572519019,2787.00572519019,2787.00572519019,-5950.73448214863,-5950.73448214863,-5950.73448214863,8737.74020733882,8737.74020733882,8737.74020733882,0.0,0.0,0.0,24864.759128936104
2010-12-13,22074.495466516262,19640.409677869608,49725.78756734542,22074.495466516262,22074.495466516262,12787.53316733054,12787.53316733054,12787.53316733054,5637.336082778726,5637.336082778726,5637.336082778726,7150.197084551815,7150.197084551815,7150.197084551815,0.0,0.0,0.0,34862.0286338468
2010-12-14,22071.23752928661,20982.350592067738,52242.05116324476,22071.23752928661,22071.23752928661,13750.298483140245,13750.298483140245,13750.298483140245,8263.268564229402,8263.268564229402,8263.268564229402,5487.029918910844,5487.029918910844,5487.029918910844,0.0,0.0,0.0,35821.536012426855
2010-12-15,22067.979592056956,15729.602329536961,47022.237110863,22067.979592056956,22067.979592056956,9135.047522577792,9135.047522577792,9135.047522577792,5364.460058910433,5364.460058910433,5364.460058910433,3770.5874636673584,3770.5874636673584,3770.5874636673584,0.0,0.0,0.0,31203.027114634748
2010-12-16,22064.721654827303,20858.349736839282,51513.816388247506,22064.721654827303,22064.721654827303,14614.629733092092,14614.629733092092,14614.629733092092,12589.557408798712,12589.557408798712,12589.557408798712,2025.07232429338,2025.07232429338,2025.07232429338,0.0,0.0,0.0,36679.35138791939
2010-12-17,22061.463717597646,10242.601956555809,41445.90824163352,22061.463717597646,22061.463717597646,3839.2555788290683,3839.2555788290683,3839.2555788290683,3563.249746686221,3563.249746686221,3563.249746686221,276.005832142847,276.005832142847,276.005832142847,0.0,0.0,0.0,25900.719296426716
2010-12-19,22054.947843138343,-2031.2925892171265,29093.304855148413,22054.947843138343,22054.947843138343,-9078.35075343025,-9078.35075343025,-9078.35075343025,-5950.734482140411,-5950.734482140411,-5950.734482140411,-3127.616271289838,-3127.616271289838,-3127.616271289838,0.0,0.0,0.0,12976.597089708093
2010-12-20,22051.689905908686,6756.290771535341,37890.31914673771,22051.689905908686,22051.689905908686,907.4387220897925,907.4387220897925,907.4387220897925,5637.33608279064,5637.33608279064,5637.33608279064,-4729.8973607008475,-4729.8973607008475,-4729.8973607008475,0.0,0.0,0.0,22959.128627998478
2010-12-21,22048.431968679037,9204.038652118923,39393.953430523805,22048.431968679037,22048.431968679037,2030.8386843572941,2030.8386843572941,2030.8386843572941,8263.268564196453,8263.268564196453,8263.268564196453,-6232.429879839159,-6232.429879839159,-6232.429879839159,0.0,0.0,0.0,24079.270653036332
2010-12-22,22045.17403144938,5031.934645620758,35440.087607003596,22045.17403144938,22045.17403144938,-2247.714679513338,-2247.714679513338,-2247.714679513338,5364.460058926829,5364.460058926829,5364.460058926829,-7612.174738440168,-7612.174738440168,-7612.174738440168,0.0,0.0,0.0,19797.459351936042
2010-12-23,22041.916094219727,10377.862236940144,41137.593834790954,22041.916094219727,22041.916094219727,3741.168049615272,3741.168049615272,3741.168049615272,12589.557408825314,12589.557408825314,12589.557408825314,-8848.389359210043,-8848.389359210043,-8848.389359210043,0.0,0.0,0.0,25783.084143835
2011-01-04,22002.820847463885,5355.358485015963,36848.09061217355,22002.820847463885,22002.820847463885,-1439.5371891988573,-1439.5371891988573,-1439.5371891988573,8263.268564221504,8263.268564221504,8263.268564221504,-9702.805753420362,-9702.805753420362,-9702.805753420362,0.0,0.0,0.0,20563.283658265027
2011-01-05,21999.562910234232,3493.9061694805646,33718.02672791297,21999.562910234232,21999.562910234232,-3451.5823770121265,-3451.5823770121265,-3451.5823770121265,5364.460058859013,5364.460058859013,5364.460058859013,-8816.042435871139,-8816.042435871139,-8816.042435871139,0.0,0.0,0.0,18547.980533222104
2011-01-06,21996.30497300458,10581.687327705124,40159.447380462,21996.30497300458,21996.30497300458,4717.260057747328,4717.260057747328,4717.260057747328,12589.557408810384,12589.557408810384,12589.557408810384,-7872.297351063058,-7872.297351063058,-7872.297351063058,0.0,0.0,0.0,26713.565030751906
2011-01-07,21993.047035774922,4500.397653864412,34345.60054737934,21993.047035774922,21993.047035774922,-3335.3191664715823,-3335.3191664715823,-3335.3191664715823,3563.2497467816047,3563.2497467816047,3563.2497467816047,-6898.568913253187,-6898.568913253187,-6898.568913253187,0.0,0.0,0.0,18657.72786930334
2011-01-09,21986.53116131562,-4238.445779059338,26772.83742695107,21986.53116131562,21986.53116131562,-10919.96941044277,-10919.96941044277,-10919.96941044277,-5950.734482123194,-5950.734482123194,-5950.734482123194,-4969.234928319579,-4969.234928319579,-4969.234928319579,0.0,0.0,0.0,11066.561750872848
2011-01-10,21983.273224085962,7954.258567158042,39144.5096836575,21983.273224085962,21983.273224085962,1571.6119239144284,1571.6119239144284,1571.6119239144284,5637.3360828095565,5637.3360828095565,5637.3360828095565,-4065.7241588951283,-4065.7241588951283,-4065.7241588951283,0.0,0.0,0.0,23554.88514800039
2011-01-11,21980.015286856313,12954.985183388417,42426.775330099284,21980.015286856313,21980.015286856313,5028.115681170208,5028.115681170208,5028.115681170208,8263.268564206372,8263.268564206372,8263.268564206372,-3235.152883036163,-3235.152883036163,-3235.152883036163,0.0,0.0,0.0,27008.13096802652
2011-01-12,21976.757349626656,8653.31462134927,39976.00505761238,21976.757349626656,21976.757349626656,2865.609531117733,2865.609531117733,2865.609531117733,5364.460058915796,5364.460058915796,5364.460058915796,-2498.8505277980635,-2498.8505277980635,-2498.8505277980635,0.0,0.0,0.0,24842.36688074439
2011-01-13,21973.499412397003,16528.112286196225,47580.674904523556,21973.499412397003,21973.499412397003,10714.26596208091,10714.26596208091,10714.26596208091,12589.557408802923,12589.557408802923,12589.557408802923,-1875.291446722012,-1875.291446722012,-1875.291446722012,0.0,0.0,0.0,32687.765374477913
2011-01-14,21970.24147516735,8242.786753734508,38226.195997905845,21970.24147516735,21970.24147516735,2183.581719505218,2183.581719505218,2183.581719505218,3563.2497467998433,3563.2497467998433,3563.2497467998433,-1379.668027294625,-1379.668027294625,-1379.668027294625,0.0,0.0,0.0,24153.82319467257
2011-01-16,21964.314948536685,648.9324553350153,30721.397764403744,21964.314948536685,21964.314948536685,-6765.384935215996,-6765.384935215996,-6765.384935215996,-5950.734482096216,-5950.734482096216,-5950.734482096216,-814.6504531197811,-814.6504531197811,-814.6504531197811,0.0,0.0,0.0,15198.930013320689
2011-01-17,21961.351685221347,11457.76406982022,42312.75534585905,21961.351685221347,21961.351685221347,4880.667500531674,4880.667500531674,4880.667500531674,5637.3360827959705,5637.3360827959705,5637.3360827959705,-756.6685822642964,-756.6685822642964,-756.6685822642964,0.0,0.0,0.0,26842.019185753023
2011-01-18,21958.388421906013,13991.616410788582,44169.42236293963,21958.388421906013,21958.388421906013,7413.996470641455,7413.996470641455,7413.996470641455,8263.268564191241,8263.268564191241,8263.268564191241,-849.272093549786,-849.272093549786,-849.272093549786,0.0,0.0,0.0,29372.384892547467
2011-01-19,21955.42515859068,11498.971172701244,43155.432969656234,21955.42515859068,21955.42515859068,4276.300352192721,4276.300352192721,4276.300352192721,5364.460058871972,5364.460058871972,5364.460058871972,-1088.1597066792503,-1088.1597066792503,-1088.1597066792503,0.0,0.0,0.0,26231.7255107834
2011-01-20,21952.461895275348,18806.72128889267,47142.126596215916,21952.461895275348,21952.461895275348,11124.32039308855,11124.32039308855,11124.32039308855,12589.557408829525,12589.557408829525,12589.557408829525,-1465.237015740977,-1465.237015740977,-1465.237015740977,0.0,0.0,0.0,33076.7822883639
2011-01-21,21949.498631960014,8501.51975571557,38474.4126304427,21949.498631960014,21949.498631960014,1594.361410821506,1594.361410821506,1594.361410821506,3563.2497467841513,3563.2497467841513,3563.2497467841513,-1968.8883359626452,-1968.8883359626452,-1968.8883359626452,0.0,0.0,0.0,23543.860042781518
2011-01-23,21943.572105329346,-4250.797257601944,28233.68166805661,21943.572105329346,21943.572105329346,-9244.826567090899,-9244.826567090899,-9244.826567090899,-5950.734482087999,-5950.734482087999,-5950.734482087999,-3294.0920850029006,-3294.0920850029006,-3294.0920850029006,0.0,0.0,0.0,12698.745538238447
2011-01-24,21940.60884201401,8396.47832570806,39807.675253655565,21940.60884201401,21940.60884201401,1558.892318606438,1558.892318606438,1558.892318606438,5637.33608279974,5637.33608279974,5637.33608279974,-4078.4437641933023,-4078.4437641933023,-4078.4437641933023,0.0,0.0,0.0,23499.50116062045
2011-01-25,21937.645578698677,9838.102489428542,40198.0879774177,21937.645578698677,21937.645578698677,3347.2334581866535,3347.2334581866535,3347.2334581866535,8263.268564231419,8263.268564231419,8263.268564231419,-4916.035106044766,-4916.035106044766,-4916.035106044766,0.0,0.0,0.0,25284.87903688533
2011-01-26,21934.682315383343,4603.582192317059,36349.42098526279,21934.682315383343,21934.682315383343,-419.99252682881195,-419.99252682881195,-419.99252682881195,5364.460058888369,5364.460058888369,5364.460058888369,-5784.45258571718,-5784.45258571718,-5784.45258571718,0.0,0.0,0.0,21514.68978855453
2011-01-27,21931.71905206801,12544.214237955406,42717.21513073098,21931.71905206801,21931.71905206801,5928.713362586553,5928.713362586553,5928.713362586553,12589.557408858274,12589.557408858274,12589.557408858274,-6660.84404627172,-6660.84404627172,-6660.84404627172,0.0,0.0,0.0,27860.432414654562
2011-01-28,21928.755788752675,2720.4284263030845,32127.78802680822,21928.755788752675,21928.755788752675,-3959.2889758068754,-3959.2889758068754,-3959.2889758068754,3563.2497467435956,3563.2497467435956,3563.2497467435956,-7522.538722550471,-7522.538722550471,-7522.538722550471,0.0,0.0,0.0,17969.4668129458
2011-01-30,21922.82926212201,-8096.045794648201,22778.342123091767,21922.82926212201,21922.82926212201,-15066.404182311282,-15066.404182311282,-15066.404182311282,-5950.73448211536,-5950.73448211536,-5950.73448211536,-9115.669700195924,-9115.669700195924,-9115.669700195924,0.0,0.0,0.0,6856.425079810728
2011-01-31,21919.865998806676,2364.4612654064094,32775.46452345039,21919.865998806676,21919.865998806676,-4170.626711820104,-4170.626711820104,-4170.626711820104,5637.336082786158,5637.336082786158,5637.336082786158,-9807.962794606263,-9807.962794606263,-9807.962794606263,0.0,0.0,0.0,17749.239286986573
2011-02-01,21916.90273549134,4609.2934441359275,35307.545625214916,21916.90273549134,21916.90273549134,-2145.0059775000377,-2145.0059775000377,-2145.0059775000377,8263.268564216289,8263.268564216289,8263.268564216289,-10408.274541716326,-10408.274541716326,-10408.274541716326,0.0,0.0,0.0,19771.896757991304
2011-02-02,21913.939472176007,1504.8899396774668,31928.00008154285,21913.939472176007,21913.939472176007,-5538.651625154749,-5538.651625154749,-5538.651625154749,5364.460058904766,5364.460058904766,5364.460058904766,-10903.111684059515,-10903.111684059515,-10903.111684059515,0.0,0.0,0.0,16375.287847021258
2011-02-03,21910.976208860673,8371.853436556086,38437.82900192601,21910.976208860673,21910.976208860673,1307.49425557796,1307.49425557796,1307.49425557796,12589.557408776238,12589.557408776238,12589.557408776238,-11282.063153198276,-11282.063153198276,-11282.063153198276,0.0,0.0,0.0,23218.470464438633
2011-02-04,21908.01294554534,-624.5581353410677,29937.104721045132,21908.01294554534,21908.01294554534,-7974.777509280336,-7974.777509280336,-7974.777509280336,3563.249746811566,3563.249746811566,3563.249746811566,-11538.027256091902,-11538.027256091902,-11538.027256091902,0.0,0.0,0.0,13933.235436265004
2011-02-06,21902.086418914667,-12155.679380559355,19350.6648598428,21902.086418914667,21902.086418914667,-17620.56250755398,-17620.56250755398,-17620.56250755398,-5950.734482097764,-5950.734482097764,-5950.734482097764,-11669.828025456218,-11669.828025456218,-11669.828025456218,0.0,0.0,0.0,4281.523911360688
2011-02-07,21899.944991431075,776.9085921438623,30662.200133213075,21899.944991431075,21899.944991431075,-5911.372335404811,-5911.372335404811,-5911.372335404811,5637.336082798068,5637.336082798068,5637.336082798068,-11548.70841820288,-11548.70841820288,-11548.70841820288,0.0,0.0,0.0,15988.572656026265
2011-02-08,21897.803563947484,4318.378864863223,34699.16508811488,21897.803563947484,21897.803563947484,-3047.199766111839,-3047.199766111839,-3047.199766111839,8263.26856423772,8263.26856423772,8263.26856423772,-11310.468330349559,-11310.468330349559,-11310.468330349559,0.0,0.0,0.0,18850.603797835643
2011-02-09,21895.66213646389,-19.24349943123935,31897.64868267909,21895.66213646389,21895.66213646389,-5600.140010464276,-5600.140010464276,-5600.140010464276,5364.460058921161,5364.460058921161,5364.460058921161,-10964.600069385437,-10964.600069385437,-10964.600069385437,0.0,0.0,0.0,16295.522125999612
2011-02-10,21893.520708980297,9786.47594021735,39526.23495023881,21893.520708980297,21893.520708980297,2066.279718195385,2066.279718195385,2066.279718195385,12589.557408766626,12589.557408766626,12589.557408766626,-10523.277690571242,-10523.277690571242,-10523.277690571242,0.0,0.0,0.0,23959.800427175684
2011-02-11,21891.379281496706,466.1888855029668,30221.967262116596,21891.379281496706,21891.379281496706,-6437.709626750599,-6437.709626750599,-6437.709626750599,3563.24974677101,3563.24974677101,3563.24974677101,-10000.959373521611,-10000.959373521611,-10000.959373521611,0.0,0.0,0.0,15453.669654746107
2011-02-13,21887.09642652952,-9482.753644791399,22504.98219659475,21887.09642652952,21887.09642652952,-14730.54238025876,-14730.54238025876,-14730.54238025876,-5950.734482080164,-5950.734482080164,-5950.734482080164,-8779.807898178595,-8779.807898178595,-8779.807898178595,0.0,0.0,0.0,7156.5540462707595
2011-02-14,21884.954999045924,4227.186456889497,35373.38990401482,21884.954999045924,21884.954999045924,-2479.663738149209,-2479.663738149209,-2479.663738149209,5637.336082809982,5637.336082809982,5637.336082809982,-8116.999820959191,-8116.999820959191,-8116.999820959191,0.0,0.0,0.0,19405.291260896716
2011-02-15,21882.813571562332,7268.798875068649,37399.09835775449,21882.813571562332,21882.813571562332,819.0975700506465,819.0975700506465,819.0975700506465,8263.268564204773,8263.268564204773,8263.268564204773,-7444.170994154126,-7444.170994154126,-7444.170994154126,0.0,0.0,0.0,22701.911141612978
2011-02-16,21880.67214407874,4795.391855045971,35562.22043177427,21880.67214407874,21880.67214407874,-1415.234682096509,-1415.234682096509,-1415.234682096509,5364.4600588773355,5364.4600588773355,5364.4600588773355,-6779.694740973844,-6779.694740973844,-6779.694740973844,0.0,0.0,0.0,20465.43746198223
2011-02-17,21878.530716595145,12749.689934167514,42859.17253979065,21878.530716595145,21878.530716595145,6448.429355613872,6448.429355613872,6448.429355613872,12589.557408795377,12589.557408795377,12589.557408795377,-6141.1280531815055,-6141.1280531815055,-6141.1280531815055,0.0,0.0,0.0,28326.960072209018
2011-02-18,21876.389289111554,3459.7193800762416,34640.2877854246,21876.389289111554,21876.389289111554,-1981.468052186829,-1981.468052186829,-1981.468052186829,3563.249746755318,3563.249746755318,3563.249746755318,-5544.717798942146,-5544.717798942146,-5544.717798942146,0.0,0.0,0.0,19894.921236924725
2011-02-20,21872.106434144367,-4165.975044333349,26639.211927494496,21872.106434144367,21872.106434144367,-10484.909438725554,-10484.909438725554,-10484.909438725554,-5950.734482171247,-5950.734482171247,-5950.734482171247,-4534.174956554304,-4534.174956554304,-4534.174956554304,0.0,0.0,0.0,11387.196995418813
2011-02-21,21869.965006660776,8100.936265035701,39546.4594079852,21869.965006660776,21869.965006660776,1495.0783528079453,1495.0783528079453,1495.0783528079453,5637.336082805073,5637.336082805073,5637.336082805073,-4142.257729997127,-4142.257729997127,-4142.257729997127,0.0,0.0,0.0,23365.04335946872
2011-02-22,21867.823579177184,12364.088772704565,41513.372243621205,21867.823579177184,21867.823579177184,4426.904253318668,4426.904253318668,4426.904253318668,8263.268564226206,8263.268564226206,8263.268564226206,-3836.3643109075374,-3836.3643109075374,-3836.3643109075374,0.0,0.0,0.0,26294.727832495853
2011-02-23,21865.68215169359,7769.2775151048445,38210.49931324966,21865.68215169359,21865.68215169359,1743.6722377426227,1743.6722377426227,1743.6722377426227,5364.460058893733,5364.460058893733,5364.460058893733,-3620.7878211511097,-3620.7878211511097,-3620.7878211511097,0.0,0.0,0.0,23609.354389436212
2011-02-24,21863.540724209997,17245.566115209138,47329.01224533504,21863.540724209997,21863.540724209997,9092.67788286822,9092.67788286822,9092.67788286822,12589.557408824125,12589.557408824125,12589.557408824125,-3496.879525955905,-3496.879525955905,-3496.879525955905,0.0,0.0,0.0,30956.21860707822
2011-02-25,21861.399296726406,6819.484508037866,36999.50824424635,21861.399296726406,21861.399296726406,100.18435315650125,100.18435315650125,100.18435315650125,3563.2497467396265,3563.2497467396265,3563.2497467396265,-3463.065393583126,-3463.065393583126,-3463.065393583126,0.0,0.0,0.0,21961.58364988291
2011-02-27,21857.11644175922,-3158.4239729040823,25843.36737717502,21857.11644175922,21857.11644175922,-9596.235602797693,-9596.235602797693,-9596.235602797693,-5950.734482153651,-5950.734482153651,-5950.734482153651,-3645.5011206440417,-3645.5011206440417,-3645.5011206440417,0.0,0.0,0.0,12260.880838961526
2011-02-28,21854.975014275627,8244.853962685798,39085.08466960152,21854.975014275627,21854.975014275627,1792.0195638992311,1792.0195638992311,1792.0195638992311,5637.336082791488,5637.336082791488,5637.336082791488,-3845.316518892256,-3845.316518892256,-3845.316518892256,0.0,0.0,0.0,23646.994578174857
2011-03-01,21861.178112597987,10685.936136257658,40909.034202201634,21861.178112597987,21861.178112597987,4160.317432945877,4160.317432945877,4160.317432945877,8263.268564211072,8263.268564211072,8263.268564211072,-4102.951131265195,-4102.951131265195,-4102.951131265195,0.0,0.0,0.0,26021.495545543865
2011-03-02,21867.38121092035,7676.010949230846,37534.118833937035,21867.38121092035,21867.38121092035,959.1527300270984,959.1527300270984,959.1527300270984,5364.460058869741,5364.460058869741,5364.460058869741,-4405.307328842642,-4405.307328842642,-4405.307328842642,0.0,0.0,0.0,22826.533940947447
2011-03-03,21873.584309242713,14042.975929352308,44952.678938978745,21873.584309242713,21873.584309242713,7851.489196062828,7851.489196062828,7851.489196062828,12589.557408814513,12589.557408814513,12589.557408814513,-4738.068212751687,-4738.068212751687,-4738.068212751687,0.0,0.0,0.0,29725.07350530554
2011-03-04,21879.787407565076,4406.098877681205,36257.29834625152,21879.787407565076,21879.787407565076,-1522.913480397176,-1522.913480397176,-1522.913480397176,3563.249746782732,3563.249746782732,3563.249746782732,-5086.163227179908,-5086.163227179908,-5086.163227179908,0.0,0.0,0.0,20356.8739271679
2011-03-06,21892.1936042098,-5293.2615795615,24441.17888220534,21892.1936042098,21892.1936042098,-11717.942934858198,-11717.942934858198,-11717.942934858198,-5950.734482136052,-5950.734482136052,-5950.734482136052,-5767.208452722146,-5767.208452722146,-5767.208452722146,0.0,0.0,0.0,10174.2506693516
2011-03-07,21898.39670253216,5523.244035509361,36462.71596575502,21898.39670253216,21898.39670253216,-433.26456866684555,-433.26456866684555,-433.26456866684555,5637.3360827779015,5637.3360827779015,5637.3360827779015,-6070.600651444747,-6070.600651444747,-6070.600651444747,0.0,0.0,0.0,21465.132133865318
2011-03-08,21904.599800854525,10339.750945763513,39291.71931060172,21904.599800854525,21904.599800854525,1932.1330716212965,1932.1330716212965,1932.1330716212965,8263.268564195942,8263.268564195942,8263.268564195942,-6331.1354925746455,-6331.1354925746455,-6331.1354925746455,0.0,0.0,0.0,23836.732872475823
2011-03-09,21910.802899176888,4413.888751945947,36138.03959752784,21910.802899176888,21910.802899176888,-1172.611647472852,-1172.611647472852,-1172.611647472852,5364.460058927246,5364.460058927246,5364.460058927246,-6537.071706400097,-6537.071706400097,-6537.071706400097,0.0,0.0,0.0,20738.191251704036
2011-03-10,21917.00599749925,12497.503142471669,43191.90935992565,21917.00599749925,21917.00599749925,5910.978326767217,5910.978326767217,5910.978326767217,12589.557408807052,12589.557408807052,12589.557408807052,-6678.579082039833,-6678.579082039833,-6678.579082039833,0.0,0.0,0.0,27827.98432426647
2011-03-11,21923.20909582161,2888.6813253686823,33500.50971536816,21923.20909582161,21923.20909582161,-3184.787074058474,-3184.787074058474,-3184.787074058474,3563.2497467421745,3563.2497467421745,3563.2497467421745,-6748.0368208006485,-6748.0368208006485,-6748.0368208006485,0.0,0.0,0.0,18738.422021763137
2011-03-13,21935.615292466337,-6762.997887504696,24159.75459283383,21935.615292466337,21935.615292466337,-12603.39608435596,-12603.39608435596,-12603.39608435596,-5950.734482109073,-5950.734482109073,-5950.734482109073,-6652.661602246889,-6652.661602246889,-6652.661602246889,0.0,0.0,0.0,9332.219208110377
2011-03-14,21941.818390788696,5296.336092179819,36683.42350931711,21941.818390788696,21941.818390788696,-847.9682714781618,-847.9682714781618,-847.9682714781618,5637.336082772997,5637.336082772997,5637.336082772997,-6485.304354251159,-6485.304354251159,-6485.304354251159,0.0,0.0,0.0,21093.850119310533
2011-03-15,21948.02148911106,8183.276132332723,39493.16476719018,21948.02148911106,21948.02148911106,2022.358487942113,2022.358487942113,2022.358487942113,8263.268564199558,8263.268564199558,8263.268564199558,-6240.910076257444,-6240.910076257444,-6240.910076257444,0.0,0.0,0.0,23970.379977053173
2011-03-16,21954.224587433422,6592.3363311971525,36669.54952722389,21954.224587433422,21954.224587433422,-560.2978399079951,-560.2978399079951,-560.2978399079951,5364.460058903255,5364.460058903255,5364.460058903255,-5924.75789881125,-5924.75789881125,-5924.75789881125,0.0,0.0,0.0,21393.926747525427
2011-03-17,21960.427685755785,13279.2012803243,44526.87482108832,21960.427685755785,21960.427685755785,7045.041245977283,7045.041245977283,7045.041245977283,12589.557408799586,12589.557408799586,12589.557408799586,-5544.516162822302,-5544.516162822302,-5544.516162822302,0.0,0.0,0.0,29005.46893173307
2011-03-18,21966.630784078145,4891.269905775793,34704.978945684124,21966.630784078145,21966.630784078145,-1546.7498662738315,-1546.7498662738315,-1546.7498662738315,3563.2497467016196,3563.2497467016196,3563.2497467016196,-5109.999612975451,-5109.999612975451,-5109.999612975451,0.0,0.0,0.0,20419.880917804312
2011-03-20,21979.03698072287,-3196.9782205629144,27388.518850801753,21979.03698072287,21979.03698072287,-10076.96459035455,-10076.96459035455,-10076.96459035455,-5950.734482155196,-5950.734482155196,-5950.734482155196,-4126.230108199355,-4126.230108199355,-4126.230108199355,0.0,0.0,0.0,11902.072390368321
2011-03-21,21985.24007904523,7754.206351056647,39762.583544792695,21985.24007904523,21985.24007904523,2033.0351721833752,2033.0351721833752,2033.0351721833752,5637.3360827849065,5637.3360827849065,5637.3360827849065,-3604.300910601531,-3604.300910601531,-3604.300910601531,0.0,0.0,0.0,24018.275251228606
2011-03-22,21991.443177367593,11297.667158051316,41964.78074919065,21991.443177367593,21991.443177367593,5181.371878430866,5181.371878430866,5181.371878430866,8263.268564220993,8263.268564220993,8263.268564220993,-3081.896685790125,-3081.896685790125,-3081.896685790125,0.0,0.0,0.0,27172.81505579846
2011-03-23,21997.646275689956,8674.401619833297,41026.16289289296,21997.646275689956,21997.646275689956,2790.451043873926,2790.451043873926,2790.451043873926,5364.460058919652,5364.460058919652,5364.460058919652,-2574.0090150457254,-2574.0090150457254,-2574.0090150457254,0.0,0.0,0.0,24788.097319563884
2011-03-24,22011.661772554082,17426.79464814854,48572.70532803847,22011.661772554082,22011.661772554082,10494.222470079192,10494.222470079192,10494.222470079192,12589.557408828336,12589.557408828336,12589.557408828336,-2095.3349387491426,-2095.3349387491426,-2095.3349387491426,0.0,0.0,0.0,32505.884242633274
2011-03-25,22025.677269418207,8075.205886738264,40430.00603591293,22025.677269418207,22025.677269418207,1903.4270292811361,1903.4270292811361,1903.4270292811361,3563.249746744722,3563.249746744722,3563.249746744722,-1659.8227174635858,-1659.8227174635858,-1659.8227174635858,0.0,0.0,0.0,23929.10429869934
2011-03-27,22053.70826314646,767.2294816005983,29372.951483669665,22053.70826314646,22053.70826314646,-6918.513895561685,-6918.513895561685,-6918.513895561685,-5950.734482128216,-5950.734482128216,-5950.734482128216,-967.7794134334702,-967.7794134334702,-967.7794134334702,0.0,0.0,0.0,15135.194367584772
2011-03-28,22067.723760010587,11313.25270531443,42381.06623016857,22067.723760010587,22067.723760010587,4905.629096020996,4905.629096020996,4905.629096020996,5637.336082796821,5637.336082796821,5637.336082796821,-731.7069867758235,-731.7069867758235,-731.7069867758235,0.0,0.0,0.0,26973.352856031583
2011-03-29,22081.739256874713,14579.361864647348,46072.24479210339,22081.739256874713,22081.739256874713,7684.194178176835,7684.194178176835,7684.194178176835,8263.268564242422,8263.268564242422,8263.268564242422,-579.0743860655873,-579.0743860655873,-579.0743860655873,0.0,0.0,0.0,29765.93343505155
2011-03-30,22095.75475373884,10952.88618587691,42425.26988388162,22095.75475373884,22095.75475373884,4849.967126035329,4849.967126035329,4849.967126035329,5364.460058875826,5364.460058875826,5364.460058875826,-514.4929328404972,-514.4929328404972,-514.4929328404972,0.0,0.0,0.0,26945.721879774166
2011-03-31,22109.770250602964,19374.988090251627,49869.831753429746,22109.770250602964,22109.770250602964,12049.575014054843,12049.575014054843,12049.575014054843,12589.557408782512,12589.557408782512,12589.557408782512,-539.9823947276678,-539.9823947276678,-539.9823947276678,0.0,0.0,0.0,34159.34526465781
2011-04-01,22123.78574746709,10448.749139131916,40080.90096106267,22123.78574746709,22123.78574746709,2908.3528956525083,2908.3528956525083,2908.3528956525083,3563.2497467290323,3563.2497467290323,3563.2497467290323,-654.8968510765238,-654.8968510765238,-654.8968510765238,0.0,0.0,0.0,25032.138643119597
2011-04-03,22151.816741195344,-350.38764991156194,28906.583123189856,22151.816741195344,22151.816741195344,-7087.934583093233,-7087.934583093233,-7087.934583093233,-5950.734482110617,-5950.734482110617,-5950.734482110617,-1137.2001009826174,-1137.2001009826174,-1137.2001009826174,0.0,0.0,0.0,15063.882158102111
2011-04-04,22165.83223805947,11747.962479284763,40734.855616087065,22165.83223805947,22165.83223805947,4146.925402611992,4146.925402611992,4146.925402611992,5637.336082783233,5637.336082783233,5637.336082783233,-1490.4106801712417,-1490.4106801712417,-1490.4106801712417,0.0,0.0,0.0,26312.75764067146
2011-04-05,22179.847734923595,12706.676038836194,44037.36531706432,22179.847734923595,22179.847734923595,6358.184258818954,6358.184258818954,6358.184258818954,8263.268564228225,8263.268564228225,8263.268564228225,-1905.0843054092713,-1905.0843054092713,-1905.0843054092713,0.0,0.0,0.0,28538.03199374255
2011-04-06,22193.86323178772,8611.68552240531,40600.09860670225,22193.86323178772,22193.86323178772,2995.5997362234434,2995.5997362234434,2995.5997362234434,5364.460058892221,5364.460058892221,5364.460058892221,-2368.8603226687783,-2368.8603226687783,-2368.8603226687783,0.0,0.0,0.0,25189.462968011165
2011-04-07,22207.878728651845,16810.107781309158,46943.217528035144,22207.878728651845,22207.878728651845,9721.708421918796,9721.708421918796,9721.708421918796,12589.557408811259,12589.557408811259,12589.557408811259,-2867.848986892463,-2867.848986892463,-2867.848986892463,0.0,0.0,0.0,31929.587150570642
2011-04-08,22221.894225515975,6686.076533002113,37505.57921118934,22221.894225515975,22221.894225515975,176.21868160820375,176.21868160820375,176.21868160820375,3563.2497467133408,3563.2497467133408,3563.2497467133408,-3387.0310651051373,-3387.0310651051373,-3387.0310651051373,0.0,0.0,0.0,22398.112907124178
2011-04-10,22249.925219244225,-2960.703695908114,27810.663982631286,22249.925219244225,22249.925219244225,-10373.606465720108,-10373.606465720108,-10373.606465720108,-5950.734482137981,-5950.734482137981,-5950.734482137981,-4422.871983582129,-4422.871983582129,-4422.871983582129,0.0,0.0,0.0,11876.318753524118
2011-04-11,22263.94071610835,7496.212804887388,37611.41387795171,22263.94071610835,22263.94071610835,729.4998990294997,729.4998990294997,729.4998990294997,5637.336082803825,5637.336082803825,5637.336082803825,-4907.836183774325,-4907.836183774325,-4907.836183774325,0.0,0.0,0.0,22993.44061513785
2011-04-12,22277.95621297248,9888.5011550688,40993.72552849647,22277.95621297248,22277.95621297248,2912.74635507649,2912.74635507649,2912.74635507649,8263.26856417653,8263.26856417653,8263.26856417653,-5350.52220910004,-5350.52220910004,-5350.52220910004,0.0,0.0,0.0,25190.70256804897
2011-04-13,22291.971709836605,7491.7783103448855,37572.48731935379,22291.971709836605,22291.971709836605,-372.5207493199449,-372.5207493199449,-372.5207493199449,5364.4600589086185,5364.4600589086185,5364.4600589086185,-5736.980808228564,-5736.980808228564,-5736.980808228564,0.0,0.0,0.0,21919.45096051666
2011-04-14,22305.98720670073,13562.515707145018,43064.11766675286,22305.98720670073,22305.98720670073,6534.777973430436,6534.777973430436,6534.777973430436,12589.557408803797,12589.557408803797,12589.557408803797,-6054.779435373361,-6054.779435373361,-6054.779435373361,0.0,0.0,0.0,28840.765180131166
2011-04-15,22323.925265813807,4036.5578039317984,34550.30954851346,22323.925265813807,22323.925265813807,-2730.1130200135717,-2730.1130200135717,-2730.1130200135717,3563.2497466727846,3563.2497466727846,3563.2497466727846,-6293.362766686356,-6293.362766686356,-6293.362766686356,0.0,0.0,0.0,19593.812245800236
2011-04-17,22359.801384039965,-5445.227496208663,25086.91373453674,22359.801384039965,22359.801384039965,-12452.556583383246,-12452.556583383246,-12452.556583383246,-5950.734482120383,-5950.734482120383,-5950.734482120383,-6501.822101262861,-6501.822101262861,-6501.822101262861,0.0,0.0,0.0,9907.24480065672
2011-04-18,22377.739443153045,6187.133584961083,37426.5396378963,22377.739443153045,22377.739443153045,-825.0698966651511,-825.0698966651511,-825.0698966651511,5637.336082790241,5637.336082790241,5637.336082790241,-6462.405979455391,-6462.405979455391,-6462.405979455391,0.0,0.0,0.0,21552.669546487894
2011-04-19,22395.67750226612,8867.87448465481,39801.99036337326,22395.67750226612,22395.67750226612,1937.807807146792,1937.807807146792,1937.807807146792,8263.268564197962,8263.268564197962,8263.268564197962,-6325.46075705117,-6325.46075705117,-6325.46075705117,0.0,0.0,0.0,24333.485309412914
2011-04-20,22413.615561379203,6311.107581424359,37609.588213933544,22413.615561379203,22413.615561379203,-728.5933151751252,-728.5933151751252,-728.5933151751252,5364.460058925017,5364.460058925017,5364.460058925017,-6093.053374100142,-6093.053374100142,-6093.053374100142,0.0,0.0,0.0,21685.022246204077
2011-04-21,22431.553620492276,14326.750742857299,44729.248658284676,22431.553620492276,22431.553620492276,6819.648250040458,6819.648250040458,6819.648250040458,12589.5574088304,12589.5574088304,12589.5574088304,-5769.909158789942,-5769.909158789942,-5769.909158789942,0.0,0.0,0.0,29251.201870532735
2011-04-26,22521.243916057676,11950.452050549286,42558.64338804324,22521.243916057676,22521.243916057676,5141.443999404721,5141.443999404721,5141.443999404721,8263.26856423814,8263.26856423814,8263.26856423814,-3121.82456483342,-3121.82456483342,-3121.82456483342,0.0,0.0,0.0,27662.687915462397
2011-04-27,22539.181975170748,9562.467031381098,40116.698830243105,22539.181975170748,22539.181975170748,2887.569341853554,2887.569341853554,2887.569341853554,5364.46005888119,5364.46005888119,5364.46005888119,-2476.890717027636,-2476.890717027636,-2476.890717027636,0.0,0.0,0.0,25426.751317024304
2011-04-28,22557.12003428383,17497.383099281058,48196.73178896117,22557.12003428383,22557.12003428383,10760.297318629253,10760.297318629253,10760.297318629253,12589.557408822933,12589.557408822933,12589.557408822933,-1829.2600901936823,-1829.2600901936823,-1829.2600901936823,0.0,0.0,0.0,33317.417352913086
2011-05-01,22610.934211623065,2249.79535398705,32118.683054741174,22610.934211623065,22610.934211623065,-5979.165495920212,-5979.165495920212,-5979.165495920212,-5950.734482085186,-5950.734482085186,-5950.734482085186,-28.431013835026963,-28.431013835026963,-28.431013835026963,0.0,0.0,0.0,16631.768715702852
2011-05-03,22646.81032984922,15558.552315155343,46910.96470055879,22646.81032984922,22646.81032984922,9173.660253414022,9173.660253414022,9173.660253414022,8263.268564223008,8263.268564223008,8263.268564223008,910.3916891910164,910.3916891910164,910.3916891910164,0.0,0.0,0.0,31820.470583263243
2011-05-04,22664.7483889623,13599.400513774812,43964.72338794081,22664.7483889623,22664.7483889623,6630.515979137353,6630.515979137353,6630.515979137353,5364.460058937973,5364.460058937973,5364.460058937973,1266.055920199379,1266.055920199379,1266.055920199379,0.0,0.0,0.0,29295.26436809965
2011-05-05,22682.68644807538,22501.92293169586,51702.50883319407,22682.68644807538,22682.68644807538,14124.466035229314,14124.466035229314,14124.466035229314,12589.55740881547,12589.55740881547,12589.55740881547,1534.9086264138432,1534.9086264138432,1534.9086264138432,0.0,0.0,0.0,36807.15248330469
2011-05-06,22700.62450718846,12457.019768183385,43235.734320352734,22700.62450718846,22700.62450718846,5274.951128883436,5274.951128883436,5274.951128883436,3563.2497467681674,3563.2497467681674,3563.2497467681674,1711.7013821152684,1711.7013821152684,1711.7013821152684,0.0,0.0,0.0,27975.575636071895
2011-05-08,22736.500625414614,3225.5090151671448,32640.859497172263,22736.500625414614,22736.500625414614,-4169.787643568751,-4169.787643568751,-4169.787643568751,-5950.734482112546,-5950.734482112546,-5950.734482112546,1780.9468385437945,1780.9468385437945,1780.9468385437945,0.0,0.0,0.0,18566.712981845863
2011-05-09,22754.438684527693,15790.667270427084,44971.847516716094,22754.438684527693,22754.438684527693,7313.155112449193,7313.155112449193,7313.155112449193,5637.336082792336,5637.336082792336,5637.336082792336,1675.819029656857,1675.819029656857,1675.819029656857,0.0,0.0,0.0,30067.593796976886
2011-05-10,22772.376743640772,16548.192915290034,47847.728272416505,22772.376743640772,22772.376743640772,9746.618991603567,9746.618991603567,9746.618991603567,8263.26856424444,8263.26856424444,8263.26856424444,1483.350427359128,1483.350427359128,1483.350427359128,0.0,0.0,0.0,32518.995735244338
2011-05-11,22790.314802753852,13464.229913877041,44792.10566792661,22790.314802753852,22790.314802753852,6575.313913098933,6575.313913098933,6575.313913098933,5364.460058913983,5364.460058913983,5364.460058913983,1210.8538541849503,1210.8538541849503,1210.8538541849503,0.0,0.0,0.0,29365.628715852785
2011-05-12,22808.25286186693,20023.002478963776,50918.16421205696,22808.25286186693,22808.25286186693,13457.286408176442,13457.286408176442,13457.286408176442,12589.557408808005,12589.557408808005,12589.557408808005,867.7289993684374,867.7289993684374,867.7289993684374,0.0,0.0,0.0,36265.53927004337
2011-05-13,22826.257306668143,10807.058019083559,42008.95258252325,22826.257306668143,22826.257306668143,4028.4196081492178,4028.4196081492178,4028.4196081492178,3563.2497467864077,3563.2497467864077,3563.2497467864077,465.1698613628099,465.1698613628099,465.1698613628099,0.0,0.0,0.0,26854.676914817363
2011-05-15,22862.266196270568,1259.6262350360025,32374.1041167149,22862.266196270568,22862.266196270568,-6417.330750076519,-6417.330750076519,-6417.330750076519,-5950.734482104331,-5950.734482104331,-5950.734482104331,-466.5962679721864,-466.5962679721864,-466.5962679721864,0.0,0.0,0.0,16444.93544619405
2011-05-16,22880.27064107178,12098.945818578279,43044.15005130926,22880.27064107178,22880.27064107178,4669.627283854432,4669.627283854432,4669.627283854432,5637.336082804248,5637.336082804248,5637.336082804248,-967.7087989498159,-967.7087989498159,-967.7087989498159,0.0,0.0,0.0,27549.897924926212
2011-05-17,22898.275085872992,14333.881217225211,45372.77375541806,22898.275085872992,22898.275085872992,6790.367162133565,6790.367162133565,6790.367162133565,8263.268564192744,8263.268564192744,8263.268564192744,-1472.9014020591785,-1472.9014020591785,-1472.9014020591785,0.0,0.0,0.0,29688.64224800656
2011-05-18,22916.27953067421,10690.052675172163,40679.53669499448,22916.27953067421,22916.27953067421,3396.7070167339575,3396.7070167339575,3396.7070167339575,5364.460058870158,5364.460058870158,5364.460058870158,-1967.7530421362005,-1967.7530421362005,-1967.7530421362005,0.0,0.0,0.0,26312.986547408167
2011-05-19,22934.28397547542,16648.00538643648,49082.08614734395,22934.28397547542,22934.28397547542,10151.102980936823,10151.102980936823,10151.102980936823,12589.557408796249,12589.557408796249,12589.557408796249,-2438.454427859426,-2438.454427859426,-2438.454427859426,0.0,0.0,0.0,33085.38695641224
2011-05-20,22952.288420276633,7858.669711974906,38887.76896844976,22952.288420276633,22952.288420276633,691.0441529266533,691.0441529266533,691.0441529266533,3563.2497467707167,3563.2497467707167,3563.2497467707167,-2872.2055938440626,-2872.2055938440626,-2872.2055938440626,0.0,0.0,0.0,23643.332573203286
2011-05-22,22988.297309879057,-2106.5106025141276,28370.53811032696,22988.297309879057,22988.297309879057,-9535.582132878493,-9535.582132878493,-9535.582132878493,-5950.734482077349,-5950.734482077349,-5950.734482077349,-3584.847650801144,-3584.847650801144,-3584.847650801144,0.0,0.0,0.0,13452.715177000564
2011-05-23,23006.30175468027,9359.580336402983,39544.22340333096,23006.30175468027,23006.30175468027,1791.0968611009177,1791.0968611009177,1791.0968611009177,5637.336082799343,5637.336082799343,5637.336082799343,-3846.239221698425,-3846.239221698425,-3846.239221698425,0.0,0.0,0.0,24797.39861578119
2011-05-24,23024.306199481485,13160.68920786624,42690.753796072226,23024.306199481485,23024.306199481485,4227.110052837606,4227.110052837606,4227.110052837606,8263.268564232925,8263.268564232925,8263.268564232925,-4036.1585113953183,-4036.1585113953183,-4036.1585113953183,0.0,0.0,0.0,27251.41625231909
2011-05-25,23042.310644282697,9230.509978613507,39355.13041531927,23042.310644282697,23042.310644282697,1213.1373545153451,1213.1373545153451,1213.1373545153451,5364.460058886555,5364.460058886555,5364.460058886555,-4151.3227043712095,-4151.3227043712095,-4151.3227043712095,0.0,0.0,0.0,24255.44799879804
2011-05-26,23060.31508908391,15591.124923317273,47901.98371153124,23060.31508908391,23060.31508908391,8398.721779471342,8398.721779471342,8398.721779471342,12589.557408788784,12589.557408788784,12589.557408788784,-4190.835629317443,-4190.835629317443,-4190.835629317443,0.0,0.0,0.0,31459.036868555253
2011-05-27,23078.31953388512,7434.513167763397,38613.076409757996,23078.31953388512,23078.31953388512,-592.939666309307,-592.939666309307,-592.939666309307,3563.249746755025,3563.249746755025,3563.249746755025,-4156.189413064332,-4156.189413064332,-4156.189413064332,0.0,0.0,0.0,22485.37986757581
2011-05-29,23114.328423487546,-2950.432789257034,28170.105962933092,23114.328423487546,23114.328423487546,-9832.581593775809,-9832.581593775809,-9832.581593775809,-5950.734482104713,-5950.734482104713,-5950.734482104713,-3881.847111671098,-3881.847111671098,-3881.847111671098,0.0,0.0,0.0,13281.746829711738
2011-05-31,23150.337313089974,13749.911224742233,43611.615533118085,23150.337313089974,23150.337313089974,4879.5589324164575,4879.5589324164575,4879.5589324164575,8263.268564217791,8263.268564217791,8263.268564217791,-3383.7096318013328,-3383.7096318013328,-3383.7096318013328,0.0,0.0,0.0,28029.896245506432
2011-06-01,23168.341757891187,10003.553711084494,41318.90189089472,23168.341757891187,23168.341757891187,2288.727258710667,2288.727258710667,2288.727258710667,5364.460058862563,5364.460058862563,5364.460058862563,-3075.732800151896,-3075.732800151896,-3075.732800151896,0.0,0.0,0.0,25457.069016601854
2011-06-02,23186.3462026924,17488.058057608876,48725.62488254837,23186.3462026924,23186.3462026924,9845.184924927442,9845.184924927442,9845.184924927442,12589.557408817534,12589.557408817534,12589.557408817534,-2744.3724838900916,-2744.3724838900916,-2744.3724838900916,0.0,0.0,0.0,33031.53112761984
2011-06-03,23204.350647493608,7181.77985351955,39102.99540208193,23204.350647493608,23204.350647493608,1160.7435665330854,1160.7435665330854,1160.7435665330854,3563.2497467981307,3563.2497467981307,3563.2497467981307,-2402.506180265045,-2402.506180265045,-2402.506180265045,0.0,0.0,0.0,24365.094214026692
2011-06-05,23240.359537096036,835.2699177118944,31186.39466621085,23240.359537096036,23240.359537096036,-7690.60108667857,-7690.60108667857,-7690.60108667857,-5950.734482150837,-5950.734482150837,-5950.734482150837,-1739.866604527733,-1739.866604527733,-1739.866604527733,0.0,0.0,0.0,15549.758450417467
2011-06-06,23258.36441277001,12082.053442001654,43630.54628651697,23258.36441277001,23258.36441277001,4192.579368408525,4192.579368408525,4192.579368408525,5637.3360827976685,5637.3360827976685,5637.3360827976685,-1444.7567143891436,-1444.7567143891436,-1444.7567143891436,0.0,0.0,0.0,27450.943781178536
2011-06-07,23276.369288443988,15751.183954268872,45229.49866948107,23276.369288443988,23276.369288443988,7073.570522452834,7073.570522452834,7073.570522452834,8263.26856420266,8263.26856420266,8263.26856420266,-1189.6980417498285,-1189.6980417498285,-1189.6980417498285,0.0,0.0,0.0,30349.939810896823
2011-06-08,23294.374164117962,12266.861345100699,43160.95886597483,23294.374164117962,23294.374164117962,4379.2696046900655,4379.2696046900655,4379.2696046900655,5364.460058919349,5364.460058919349,5364.460058919349,-985.1904542292829,-985.1904542292829,-985.1904542292829,0.0,0.0,0.0,27673.643768808026
2011-06-09,23312.379039791937,19690.18428081721,50741.4877474273,23312.379039791937,23312.379039791937,11749.34861030899,11749.34861030899,11749.34861030899,12589.55740877171,12589.55740877171,12589.55740877171,-840.2087984627187,-840.2087984627187,-840.2087984627187,0.0,0.0,0.0,35061.727650100926
2011-06-10,23330.383915465914,11569.17307727327,41109.57090054295,23330.383915465914,23330.383915465914,2801.3079363123093,2801.3079363123093,2801.3079363123093,3563.2497467575718,3563.2497467575718,3563.2497467575718,-761.9418104452624,-761.9418104452624,-761.9418104452624,0.0,0.0,0.0,26131.691851778225
2011-06-12,23366.393666813867,1133.945523209269,31239.349906589694,23366.393666813867,23366.393666813867,-6774.934642475077,-6774.934642475077,-6774.934642475077,-5950.734482123857,-5950.734482123857,-5950.734482123857,-824.2001603512191,-824.2001603512191,-824.2001603512191,0.0,0.0,0.0,16591.45902433879
2011-06-13,23384.39854248784,13177.459083036269,43417.81301169666,23384.39854248784,23384.39854248784,4668.711600666597,4668.711600666597,4668.711600666597,5637.336082784084,5637.336082784084,5637.336082784084,-968.624482117486,-968.624482117486,-968.624482117486,0.0,0.0,0.0,28053.110143154438
2011-06-14,23402.403418161815,15028.721901296505,45364.86317300843,23402.403418161815,23402.403418161815,7075.802627607976,7075.802627607976,7075.802627607976,8263.268564206277,8263.268564206277,8263.268564206277,-1187.4659365983,-1187.4659365983,-1187.4659365983,0.0,0.0,0.0,30478.20604576979
2011-06-15,23420.408293835797,11351.728152086633,42118.20822225722,23420.408293835797,23420.408293835797,3887.3100131273354,3887.3100131273354,3887.3100131273354,5364.460058896076,5364.460058896076,5364.460058896076,-1477.1500457687398,-1477.1500457687398,-1477.1500457687398,0.0,0.0,0.0,27307.718306963132
2011-06-16,23438.413169509768,18825.6214858404,49809.32447223723,23438.413169509768,23438.413169509768,10757.52059332566,10757.52059332566,10757.52059332566,12589.557408800461,12589.557408800461,12589.557408800461,-1832.0368154748019,-1832.0368154748019,-1832.0368154748019,0.0,0.0,0.0,34195.933762835426
2011-06-17,23456.41804518375,9005.861845307541,40796.152653046636,23456.41804518375,23456.41804518375,1318.6528629015634,1318.6528629015634,1318.6528629015634,3563.249746741883,3563.249746741883,3563.249746741883,-2244.596883840319,-2244.596883840319,-2244.596883840319,0.0,0.0,0.0,24775.070908085312
2011-06-19,23492.427796531698,-650.5392493005319,31048.650732665705,23492.427796531698,23492.427796531698,-9155.33776138992,-9155.33776138992,-9155.33776138992,-5950.734482169979,-5950.734482169979,-5950.734482169979,-3204.60327921994,-3204.60327921994,-3204.60327921994,0.0,0.0,0.0,14337.090035141779
2011-06-20,23510.432672205676,10937.028564377797,40802.81216650777,23510.432672205676,23510.432672205676,1907.4899435215498,1907.4899435215498,1907.4899435215498,5637.336082804674,5637.336082804674,5637.336082804674,-3729.8461392831246,-3729.8461392831246,-3729.8461392831246,0.0,0.0,0.0,25417.922615727224
2011-06-21,23528.43754787965,10821.51591578096,43448.56641077582,23528.43754787965,23528.43754787965,3994.2524493078504,3994.2524493078504,3994.2524493078504,8263.26856422771,8263.26856422771,8263.26856422771,-4269.016114919858,-4269.016114919858,-4269.016114919858,0.0,0.0,0.0,27522.6899971875
2011-06-22,23546.442423553628,8793.81367761301,39875.047442833245,23546.442423553628,23546.442423553628,555.0590596960468,555.0590596960468,555.0590596960468,5364.460058912473,5364.460058912473,5364.460058912473,-4809.4009992164265,-4809.4009992164265,-4809.4009992164265,0.0,0.0,0.0,24101.501483249674
2011-06-23,23564.447299227602,15647.964300728223,46772.52129441406,23564.447299227602,23564.447299227602,7251.256729039546,7251.256729039546,7251.256729039546,12589.55740882921,12589.55740882921,12589.55740882921,-5338.300679789663,-5338.300679789663,-5338.300679789663,0.0,0.0,0.0,30815.704028267148
2011-06-24,23582.452174901577,5993.434847030653,36014.81578097244,23582.452174901577,23582.452174901577,-2280.1429841987074,-2280.1429841987074,-2280.1429841987074,3563.2497467013254,3563.2497467013254,3563.2497467013254,-5843.392730900032,-5843.392730900032,-5843.392730900032,0.0,0.0,0.0,21302.30919070287
2011-06-26,23618.46192624953,-4438.622715988213,26704.602962951918,23618.46192624953,23618.46192624953,-12687.564958156401,-12687.564958156401,-12687.564958156401,-5950.7344821430015,-5950.7344821430015,-5950.7344821430015,-6736.8304760134015,-6736.8304760134015,-6736.8304760134015,0.0,0.0,0.0,10930.896968093128
2011-06-27,23636.466801923503,6062.831206581707,37619.26981046704,23636.466801923503,23636.466801923503,-1468.1018498201552,-1468.1018498201552,-1468.1018498201552,5637.336082791088,5637.336082791088,5637.336082791088,-7105.437932611243,-7105.437932611243,-7105.437932611243,0.0,0.0,0.0,22168.364952103348
2011-06-28,23654.47167759748,9580.19750048734,40034.31510736583,23654.47167759748,23654.47167759748,851.9702781538282,851.9702781538282,851.9702781538282,8263.268564212578,8263.268564212578,8263.268564212578,-7411.298286058748,-7411.298286058748,-7411.298286058748,0.0,0.0,0.0,24506.44195575131
2011-06-29,23672.47654552626,5968.808724448309,36187.02244235378,23672.47654552626,23672.47654552626,-2284.1313049270843,-2284.1313049270843,-2284.1313049270843,5364.460058888481,5364.460058888481,5364.460058888481,-7648.591363815565,-7648.591363815565,-7648.591363815565,0.0,0.0,0.0,21388.345240599177
2011-06-30,23690.481413455047,12680.378810446766,44366.77692949457,23690.481413455047,23690.481413455047,4776.132732879159,4776.132732879159,4776.132732879159,12589.557408783383,12589.557408783383,12589.557408783383,-7813.424675904225,-7813.424675904225,-7813.424675904225,0.0,0.0,0.0,28466.614146334206
2011-07-01,23708.486281383834,4496.517757977185,35288.27441898994,23708.486281383834,23708.486281383834,-4340.665126002555,-4340.665126002555,-4340.665126002555,3563.249746769297,3563.249746769297,3563.249746769297,-7903.914872771851,-7903.914872771851,-7903.914872771851,0.0,0.0,0.0,19367.82115538128
2011-07-03,23744.4960172414,-4928.196683915002,24286.929255037965,23744.4960172414,23744.4960172414,-13815.173331463697,-13815.173331463697,-13815.173331463697,-5950.734482125403,-5950.734482125403,-5950.734482125403,-7864.438849338293,-7864.438849338293,-7864.438849338293,0.0,0.0,0.0,9929.322685777703
2011-07-04,23762.500885170186,7673.545174732094,37954.704293411705,23762.500885170186,23762.500885170186,-2103.2946009656494,-2103.2946009656494,-2103.2946009656494,5637.336082777503,5637.336082777503,5637.336082777503,-7740.630683743153,-7740.630683743153,-7740.630683743153,0.0,0.0,0.0,21659.206284204538
2011-07-05,23780.50575309897,8558.621495375119,40094.19109072849,23780.50575309897,23780.50575309897,708.7283671612734,708.7283671612734,708.7283671612734,8263.26856423401,8263.26856423401,8263.26856423401,-7554.540197072736,-7554.540197072736,-7554.540197072736,0.0,0.0,0.0,24489.234120260244
2011-07-06,23798.510621027755,7212.818792108788,36551.75331622465,23798.510621027755,23798.510621027755,-1948.9919498731047,-1948.9919498731047,-1948.9919498731047,5364.4600588850435,5364.4600588850435,5364.4600588850435,-7313.452008758149,-7313.452008758149,-7313.452008758149,0.0,0.0,0.0,21849.518671154652
2011-07-07,23816.51548895654,14666.803334891329,45973.83285383869,23816.51548895654,23816.51548895654,5563.627137269095,5563.627137269095,5563.627137269095,12589.557408812134,12589.557408812134,12589.557408812134,-7025.930271543039,-7025.930271543039,-7025.930271543039,0.0,0.0,0.0,29380.142626225635
2011-07-08,23834.52035688532,5751.443483095694,36200.39725948079,23834.52035688532,23834.52035688532,-3138.2856012881484,-3138.2856012881484,-3138.2856012881484,3563.2497467287394,3563.2497467287394,3563.2497467287394,-6701.535348016888,-6701.535348016888,-6701.535348016888,0.0,0.0,0.0,20696.234755597172
2011-07-10,23870.530092742894,-2682.478718118091,26559.43279804619,23870.530092742894,23870.530092742894,-11934.21290843178,-11934.21290843178,-11934.21290843178,-5950.7344820984235,-5950.7344820984235,-5950.7344820984235,-5983.478426333357,-5983.478426333357,-5983.478426333357,0.0,0.0,0.0,11936.317184311114
2011-07-11,23888.534960671677,8686.418968024827,39651.067000652394,23888.534960671677,23888.534960671677,26.267908494126228,26.267908494126228,26.267908494126228,5637.336082798093,5637.336082798093,5637.336082798093,-5611.068174303967,-5611.068174303967,-5611.068174303967,0.0,0.0,0.0,23914.802869165804
2011-07-12,23906.53982860046,11595.36730731213,42132.401763531736,23906.53982860046,23906.53982860046,3019.6360964598707,3019.6360964598707,3019.6360964598707,8263.268564201064,8263.268564201064,8263.268564201064,-5243.632467741193,-5243.632467741193,-5243.632467741193,0.0,0.0,0.0,26926.17592506033
2011-07-13,23924.544696529247,8782.033180064835,38795.44647138362,23924.544696529247,23924.544696529247,473.54409649594055,473.54409649594055,473.54409649594055,5364.46005890144,5364.46005890144,5364.46005890144,-4890.9159624055,-4890.9159624055,-4890.9159624055,0.0,0.0,0.0,24398.08879302519
2011-07-14,23942.54956445803,17495.788745335718,47042.23428929588,23942.54956445803,23942.54956445803,8027.783591273105,8027.783591273105,8027.783591273105,12589.557408804672,12589.557408804672,12589.557408804672,-4561.773817531566,-4561.773817531566,-4561.773817531566,0.0,0.0,0.0,31970.333155731136
2011-07-15,23960.554432386813,8160.642032986552,39305.42170209393,23960.554432386813,23960.554432386813,-700.6696564028279,-700.6696564028279,-700.6696564028279,3563.249746688183,3563.249746688183,3563.249746688183,-4263.919403091011,-4263.919403091011,-4263.919403091011,0.0,0.0,0.0,23259.884775983985
2011-07-17,23996.564168244382,-2066.004775638918,29945.192412539032,23996.564168244382,23996.564168244382,-9736.732562606861,-9736.732562606861,-9736.732562606861,-5950.734482135167,-5950.734482135167,-5950.734482135167,-3785.998080471694,-3785.998080471694,-3785.998080471694,0.0,0.0,0.0,14259.83160563752
2011-07-18,24014.56903617317,10082.410293303605,41303.419487642794,24014.56903617317,24014.56903617317,2023.3471374685234,2023.3471374685234,2023.3471374685234,5637.336082784507,5637.336082784507,5637.336082784507,-3613.988945315984,-3613.988945315984,-3613.988945315984,0.0,0.0,0.0,26037.916173641694
2011-07-19,24032.573904101955,13956.633908869995,43411.74942014138,24032.573904101955,24032.573904101955,4774.054229975674,4774.054229975674,4774.054229975674,8263.268564204678,8263.268564204678,8263.268564204678,-3489.2143342290037,-3489.2143342290037,-3489.2143342290037,0.0,0.0,0.0,28806.62813407763
2011-07-20,24050.578772030734,10760.261988562439,40890.60736108706,24050.578772030734,24050.578772030734,1952.9433711896836,1952.9433711896836,1952.9433711896836,5364.460058917836,5364.460058917836,5364.460058917836,-3411.516687728153,-3411.516687728153,-3411.516687728153,0.0,0.0,0.0,26003.52214322042
2011-07-21,24068.583650527074,17781.31908516199,48536.36919967132,24068.583650527074,24068.583650527074,9210.449952763996,9210.449952763996,9210.449952763996,12589.557408833418,12589.557408833418,12589.557408833418,-3379.107456069423,-3379.107456069423,-3379.107456069423,0.0,0.0,0.0,33279.03360329107
2011-07-22,24086.588529023415,10600.897653446427,39654.148288936674,24086.588529023415,24086.588529023415,174.57394801743442,174.57394801743442,174.57394801743442,3563.249746756152,3563.249746756152,3563.249746756152,-3388.6757987387177,-3388.6757987387177,-3388.6757987387177,0.0,0.0,0.0,24261.16247704085
2011-07-24,24122.59828601609,-687.9594232011126,29408.381466884355,24122.59828601609,24122.59828601609,-9464.61715059458,-9464.61715059458,-9464.61715059458,-5950.734482117567,-5950.734482117567,-5950.734482117567,-3513.882668477014,-3513.882668477014,-3513.882668477014,0.0,0.0,0.0,14657.98113542151
2011-07-25,24140.60316451243,9855.531291299369,41127.388783033406,24140.60316451243,24140.60316451243,2020.4134622069491,2020.4134622069491,2020.4134622069491,5637.336082796421,5637.336082796421,5637.336082796421,-3616.922620589471,-3616.922620589471,-3616.922620589471,0.0,0.0,0.0,26161.01662671938
2011-07-26,24158.608043008768,14347.763468850311,44449.948312052045,24158.608043008768,24158.608043008768,4526.019838403602,4526.019838403602,4526.019838403602,8263.26856418955,8263.26856418955,8263.26856418955,-3737.2487257859466,-3737.2487257859466,-3737.2487257859466,0.0,0.0,0.0,28684.62788141237
2011-07-27,24176.612921505108,10722.707370055059,41827.99185311495,24176.612921505108,24176.612921505108,1497.386908681106,1497.386908681106,1497.386908681106,5364.46005887401,5364.46005887401,5364.46005887401,-3867.073150192904,-3867.073150192904,-3867.073150192904,0.0,0.0,0.0,25673.999830186214
2011-07-28,24194.617800001448,16581.761016469132,48542.36446761618,24194.617800001448,24194.617800001448,8591.023043002155,8591.023043002155,8591.023043002155,12589.557408823808,12589.557408823808,12589.557408823808,-3998.5343658216525,-3998.5343658216525,-3998.5343658216525,0.0,0.0,0.0,32785.6408430036
2011-07-29,24212.622678497784,7942.69356715736,39216.47821819846,24212.622678497784,24212.622678497784,-560.7434652312727,-560.7434652312727,-560.7434652312727,3563.2497467743915,3563.2497467743915,3563.2497467743915,-4123.993212005665,-4123.993212005665,-4123.993212005665,0.0,0.0,0.0,23651.87921326651
2011-07-31,24248.632435490465,-2038.1067112715716,28402.61666637409,24248.632435490465,24248.632435490465,-10279.888176999897,-10279.888176999897,-10279.888176999897,-5950.734482099969,-5950.734482099969,-5950.734482099969,-4329.153694899928,-4329.153694899928,-4329.153694899928,0.0,0.0,0.0,13968.744258490568
2011-08-01,24266.6373139868,10421.574650372642,41100.82303477523,24266.6373139868,24266.6373139868,1240.1840642204452,1240.1840642204452,1240.1840642204452,5637.336082782836,5637.336082782836,5637.336082782836,-4397.15201856239,-4397.15201856239,-4397.15201856239,0.0,0.0,0.0,25506.821378207245
2011-08-02,24284.642192483137,12631.358587153463,44091.02555381883,24284.642192483137,24284.642192483137,3827.0906480952735,3827.0906480952735,3827.0906480952735,8263.268564229726,8263.268564229726,8263.268564229726,-4436.177916134452,-4436.177916134452,-4436.177916134452,0.0,0.0,0.0,28111.73284057841
2011-08-03,24302.647070979474,10382.024685921833,40051.55011056492,24302.647070979474,24302.647070979474,920.9981182888966,920.9981182888966,920.9981182888966,5364.4600589307975,5364.4600589307975,5364.4600589307975,-4443.4619406419,-4443.4619406419,-4443.4619406419,0.0,0.0,0.0,25223.64518926837
2011-08-04,24320.651949475818,16320.14468056042,47952.48110973722,24320.651949475818,24320.651949475818,8171.850213554856,8171.850213554856,8171.850213554856,12589.557408816345,12589.557408816345,12589.557408816345,-4417.707195261489,-4417.707195261489,-4417.707195261489,0.0,0.0,0.0,32492.502163030673
2011-08-05,24338.656827972154,8339.561923871217,39104.749486617315,24338.656827972154,24338.656827972154,-795.8924930918777,-795.8924930918777,-795.8924930918777,3563.249746783566,3563.249746783566,3563.249746783566,-4359.142239875444,-4359.142239875444,-4359.142239875444,0.0,0.0,0.0,23542.764334880278
2011-08-07,24374.666584964834,-1962.9426419536612,28682.761868576126,24374.666584964834,24374.666584964834,-10102.786178546432,-10102.786178546432,-10102.786178546432,-5950.734482127332,-5950.734482127332,-5950.734482127332,-4152.0516964191,-4152.0516964191,-4152.0516964191,0.0,0.0,0.0,14271.880406418402
2011-08-08,24392.67146346117,10808.132564440266,42645.46247628526,24392.67146346117,24392.67146346117,1626.026894710209,1626.026894710209,1626.026894710209,5637.336082777927,5637.336082777927,5637.336082777927,-4011.309188067719,-4011.309188067719,-4011.309188067719,0.0,0.0,0.0,26018.69835817138
2011-08-09,24410.676341957507,12347.447359513219,44219.613752730125,24410.676341957507,24410.676341957507,4410.222740015548,4410.222740015548,4410.222740015548,8263.26856425116,8263.26856425116,8263.26856425116,-3853.045824235612,-3853.045824235612,-3853.045824235612,0.0,0.0,0.0,28820.899081973053
2011-08-10,24428.68122045385,11478.821791530661,40914.92884072385,24428.68122045385,24428.68122045385,1680.466094540322,1680.466094540322,1680.466094540322,5364.460058906804,5364.460058906804,5364.460058906804,-3683.9939643664825,-3683.9939643664825,-3683.9939643664825,0.0,0.0,0.0,26109.147314994174
2011-08-11,24446.686098950187,17471.492382050477,48639.5762002803,24446.686098950187,24446.686098950187,9077.9436207226,9077.9436207226,9077.9436207226,12589.55740880888,12589.55740880888,12589.55740880888,-3511.6137880862802,-3511.6137880862802,-3511.6137880862802,0.0,0.0,0.0,33524.62971967279
2011-08-12,24464.690977446524,9343.697233299434,39430.44413263682,24464.690977446524,24464.690977446524,219.43782608130456,219.43782608130456,219.43782608130456,3563.2497468018055,3563.2497468018055,3563.2497468018055,-3343.811920720501,-3343.811920720501,-3343.811920720501,0.0,0.0,0.0,24684.128803527827
2011-08-14,24500.7007344392,174.37119734942942,30450.5177601046,24500.7007344392,24500.7007344392,-9004.69905305114,-9004.69905305114,-9004.69905305114,-5950.7344821191155,-5950.7344821191155,-5950.7344821191155,-3053.964570932023,-3053.964570932023,-3053.964570932023,0.0,0.0,0.0,15496.001681388061
2011-08-15,24518.70561293554,11503.461568918092,42167.15562416954,24518.70561293554,24518.70561293554,2690.1619964021957,2690.1619964021957,2690.1619964021957,5637.336082798519,5637.336082798519,5637.336082798519,-2947.1740863963228,-2947.1740863963228,-2947.1740863963228,0.0,0.0,0.0,27208.867609337736
2011-08-16,24536.710491431877,14126.632368675117,44703.05781290618,24536.710491431877,24536.710491431877,5388.427261715433,5388.427261715433,5388.427261715433,8263.268564199461,8263.268564199461,8263.268564199461,-2874.841302484029,-2874.841302484029,-2874.841302484029,0.0,0.0,0.0,29925.13775314731
2011-08-17,24554.715369928217,11314.616697587431,41615.42985857438,24554.715369928217,24554.715369928217,2522.016187509806,2522.016187509806,2522.016187509806,5364.4600589232,5364.4600589232,5364.4600589232,-2842.4438714133935,-2842.4438714133935,-2842.4438714133935,0.0,0.0,0.0,27076.731557438023
2011-08-18,24572.720248424557,18001.388670762295,49196.33854192823,24572.720248424557,24572.720248424557,9735.459625139742,9735.459625139742,9735.459625139742,12589.557408835484,12589.557408835484,12589.557408835484,-2854.097783695741,-2854.097783695741,-2854.097783695741,0.0,0.0,0.0,34308.179873564295
2011-08-19,24590.725126920894,9708.663468199169,40853.75867878871,24590.725126920894,24590.725126920894,650.9183501710831,650.9183501710831,650.9183501710831,3563.249746786114,3563.249746786114,3563.249746786114,-2912.331396615031,-2912.331396615031,-2912.331396615031,0.0,0.0,0.0,25241.643477091977
2011-08-21,24626.734883913574,-578.0716722701703,32254.147379950184,24626.734883913574,24626.734883913574,-9120.421622817421,-9120.421622817421,-9120.421622817421,-5950.734482092135,-5950.734482092135,-5950.734482092135,-3169.687140725285,-3169.687140725285,-3169.687140725285,0.0,0.0,0.0,15506.313261096153
2011-08-22,24644.73976240991,10823.674075590403,42330.96365603895,24644.73976240991,24644.73976240991,2272.7560972459864,2272.7560972459864,2272.7560972459864,5637.336082810429,5637.336082810429,5637.336082810429,-3364.579985564442,-3364.579985564442,-3364.579985564442,0.0,0.0,0.0,26917.495859655897
2011-08-23,24662.74464090625,14482.519594673235,45289.78504592339,24662.74464090625,24662.74464090625,4665.749546854369,4665.749546854369,4665.749546854369,8263.268564239645,8263.268564239645,8263.268564239645,-3597.519017385275,-3597.519017385275,-3597.519017385275,0.0,0.0,0.0,29328.494187760618
2011-08-24,24680.74951940259,11022.173643415852,40225.96674006065,24680.74951940259,24680.74951940259,1502.9330251634926,1502.9330251634926,1502.9330251634926,5364.460058879375,5364.460058879375,5364.460058879375,-3861.527033715882,-3861.527033715882,-3861.527033715882,0.0,0.0,0.0,26183.682544566083
2011-08-25,24698.754397898923,18174.245252798737,48752.105636870045,24698.754397898923,24698.754397898923,8441.72218233271,8441.72218233271,8441.72218233271,12589.557408791805,12589.557408791805,12589.557408791805,-4147.835226459096,-4147.835226459096,-4147.835226459096,0.0,0.0,0.0,33140.47658023163
2011-08-26,24716.759276395267,7432.50838256827,39180.686680726605,24716.759276395267,24716.759276395267,-882.8150284720275,-882.8150284720275,-882.8150284720275,3563.2497467704225,3563.2497467704225,3563.2497467704225,-4446.06477524245,-4446.06477524245,-4446.06477524245,0.0,0.0,0.0,23833.94424792324
2011-08-28,24752.76903338794,-902.3173301576778,29811.694727642996,24752.76903338794,24752.76903338794,-10980.939605368112,-10980.939605368112,-10980.939605368112,-5950.734482074537,-5950.734482074537,-5950.734482074537,-5030.205123293577,-5030.205123293577,-5030.205123293577,0.0,0.0,0.0,13771.829428019828
2011-08-30,24788.77879038062,12624.04378924202,42198.91326965004,24788.77879038062,24788.77879038062,2754.2719146830123,2754.2719146830123,2754.2719146830123,8263.268564224512,8263.268564224512,8263.268564224512,-5508.996649541501,-5508.996649541501,-5508.996649541501,0.0,0.0,0.0,27543.050705063633
2011-08-31,24806.783668876957,8672.456756803653,38931.92532865168,24806.783668876957,24806.783668876957,-309.6736864526706,-309.6736864526706,-309.6736864526706,5364.460058855384,5364.460058855384,5364.460058855384,-5674.133745308054,-5674.133745308054,-5674.133745308054,0.0,0.0,0.0,24497.109982424285
2011-09-01,24824.7885473733,16424.14242271617,47185.64356555356,24824.7885473733,24824.7885473733,6817.981281995012,6817.981281995012,6817.981281995012,12589.557408818408,12589.557408818408,12589.557408818408,-5771.5761268233955,-5771.5761268233955,-5771.5761268233955,0.0,0.0,0.0,31642.769829368313
2011-09-02,24842.793425869637,7376.006233514816,38581.66040886476,24842.793425869637,24842.793425869637,-2225.3556562535537,-2225.3556562535537,-2225.3556562535537,3563.2497467547314,3563.2497467547314,3563.2497467547314,-5788.605403008286,-5788.605403008286,-5788.605403008286,0.0,0.0,0.0,22617.437769616085
2011-09-04,24878.80318286231,-3028.496240210131,29343.919163554227,24878.80318286231,24878.80318286231,-11487.72985866405,-11487.72985866405,-11487.72985866405,-5950.7344821019,-5950.7344821019,-5950.7344821019,-5536.995376562151,-5536.995376562151,-5536.995376562151,0.0,0.0,0.0,13391.07332419826
2011-09-05,24896.80806135865,10054.700474812415,39872.23794827891,24896.80806135865,24896.80806135865,386.8902258869435,386.8902258869435,386.8902258869435,5637.336082791937,5637.336082791937,5637.336082791937,-5250.445856904993,-5250.445856904993,-5250.445856904993,0.0,0.0,0.0,25283.698287245592
2011-09-06,24914.81293985499,13523.440570832347,44396.39748482779,24914.81293985499,24914.81293985499,3414.9740471286436,3414.9740471286436,3414.9740471286436,8263.26856420938,8263.26856420938,8263.26856420938,-4848.294517080737,-4848.294517080737,-4848.294517080737,0.0,0.0,0.0,28329.786986983632
2011-09-07,24932.817818351326,10633.878428877313,40591.49195614756,24932.817818351326,24932.817818351326,1037.23527325983,1037.23527325983,1037.23527325983,5364.460058912168,5364.460058912168,5364.460058912168,-4327.224785652339,-4327.224785652339,-4327.224785652339,0.0,0.0,0.0,25970.053091611157
2011-09-08,24950.822696847667,18443.13398657755,51118.647118663124,24950.822696847667,24950.822696847667,8903.001414925962,8903.001414925962,8903.001414925962,12589.557408772585,12589.557408772585,12589.557408772585,-3686.555993846622,-3686.555993846622,-3686.555993846622,0.0,0.0,0.0,33853.82411177363
2011-09-09,24968.827575344007,10571.829137880593,41616.420986634104,24968.827575344007,24968.827575344007,634.8965185081242,634.8965185081242,634.8965185081242,3563.2497467729704,3563.2497467729704,3563.2497467729704,-2928.353228264846,-2928.353228264846,-2928.353228264846,0.0,0.0,0.0,25603.72409385213
2011-09-11,25004.837332336683,3746.990577287583,33361.81210410512,25004.837332336683,25004.837332336683,-7032.21911612855,-7032.21911612855,-7032.21911612855,-5950.734482148022,-5950.734482148022,-5950.734482148022,-1081.4846339805263,-1081.4846339805263,-1081.4846339805263,0.0,0.0,0.0,17972.61821620813
2011-09-12,25022.842210833023,15046.381691626437,45397.478805701976,25022.842210833023,25022.842210833023,5626.69560892612,5626.69560892612,5626.69560892612,5637.336082778351,5637.336082778351,5637.336082778351,-10.64047385223108,-10.64047385223108,-10.64047385223108,0.0,0.0,0.0,30649.53781975914
2011-09-13,25040.847089329356,18620.160279253323,49290.97421486766,25040.847089329356,25040.847089329356,9405.660547153833,9405.660547153833,9405.660547153833,8263.26856419425,8263.26856419425,8263.26856419425,1142.3919829595839,1142.3919829595839,1142.3919829595839,0.0,0.0,0.0,34446.50763648319
2011-09-14,25058.8519678257,18670.949051201365,47766.3613610262,25058.8519678257,25058.8519678257,7727.203183110343,7727.203183110343,7727.203183110343,5364.4600588683425,5364.4600588683425,5364.4600588683425,2362.743124242,2362.743124242,2362.743124242,0.0,0.0,0.0,32786.055150936045
2011-09-15,25076.85684632204,25837.040312718866,57612.104676984614,25076.85684632204,25076.85684632204,16223.224065096392,16223.224065096392,16223.224065096392,12589.557408801336,12589.557408801336,12589.557408801336,3633.6666562950572,3633.6666562950572,3633.6666562950572,0.0,0.0,0.0,41300.08091141843
2011-09-16,25094.861724818373,18726.613360963704,48859.6801309443,25094.861724818373,25094.861724818373,8500.161474710041,8500.161474710041,8500.161474710041,3563.2497467572803,3563.2497467572803,3563.2497467572803,4936.91172795276,4936.91172795276,4936.91172795276,0.0,0.0,0.0,33595.02319952841
2011-09-18,25130.871481811053,10767.311989932372,42098.5125089892,25130.871481811053,25130.871481811053,1611.645140672617,1611.645140672617,1611.645140672617,-5950.734482130425,-5950.734482130425,-5950.734482130425,7562.3796228030415,7562.3796228030415,7562.3796228030415,0.0,0.0,0.0,26742.51662248367
2011-09-19,25148.87636030739,25362.879170954144,54942.849125844674,25148.87636030739,25148.87636030739,14481.831406748584,14481.831406748584,14481.831406748584,5637.336082798944,5637.336082798944,5637.336082798944,8844.49532394964,8844.49532394964,8844.49532394964,0.0,0.0,0.0,39630.707767055974
2011-09-20,25166.881238803733,27985.74205603465,60088.637160662125,25166.881238803733,25166.881238803733,18342.945014311834,18342.945014311834,18342.945014311834,8263.268564234428,8263.268564234428,8263.268564234428,10079.676450077404,10079.676450077404,10079.676450077404,0.0,0.0,0.0,43509.82625311556
2011-09-21,25184.88611730007,26083.677723806184,57641.98456847399,25184.88611730007,25184.88611730007,16613.375275517566,16613.375275517566,16613.375275517566,5364.46005888474,5364.46005888474,5364.46005888474,11248.915216632828,11248.915216632828,11248.915216632828,0.0,0.0,0.0,41798.261392817636
2011-09-22,25202.890995796406,34113.64147921109,65127.077956197274,25202.890995796406,25202.890995796406,24924.028208937114,24924.028208937114,24924.028208937114,12589.557408793868,12589.557408793868,12589.557408793868,12334.47080014325,12334.47080014325,12334.47080014325,0.0,0.0,0.0,50126.919204733524
2011-09-23,25220.89587429275,26790.78055526236,56165.0760203153,25220.89587429275,25220.89587429275,16883.553349196158,16883.553349196158,16883.553349196158,3563.2497467167236,3563.2497467167236,3563.2497467167236,13320.303602479433,13320.303602479433,13320.303602479433,0.0,0.0,0.0,42104.449223488904
2011-09-25,25256.905631285423,18345.846440567482,49237.0523221214,25256.905631285423,25256.905631285423,8988.718947201001,8988.718947201001,8988.718947201001,-5950.734482167167,-5950.734482167167,-5950.734482167167,14939.453429368168,14939.453429368168,14939.453429368168,0.0,0.0,0.0,34245.62457848642
2011-09-26,25274.910509781766,31624.468467246425,61805.83352346855,25274.910509781766,25274.910509781766,21189.798163922307,21189.798163922307,21189.798163922307,5637.336082785357,5637.336082785357,5637.336082785357,15552.462081136946,15552.462081136946,15552.462081136946,0.0,0.0,0.0,46464.70867370407
2011-09-27,25292.915388278096,34027.68244548844,65653.11077198973,25292.915388278096,25292.915388278096,24288.887728642432,24288.887728642432,24288.887728642432,8263.268564219297,8263.268564219297,8263.268564219297,16025.619164423133,16025.619164423133,16025.619164423133,0.0,0.0,0.0,49581.80311692053
2011-09-28,25310.92026677444,32467.396470179883,62748.046835524554,25310.92026677444,25310.92026677444,21720.56619509513,21720.56619509513,21720.56619509513,5364.460058881303,5364.460058881303,5364.460058881303,16356.106136213826,16356.106136213826,16356.106136213826,0.0,0.0,0.0,47031.48646186957
2011-09-29,25328.925145270776,39811.809049616015,70084.81238231575,25328.925145270776,25328.925145270776,29133.772794685836,29133.772794685836,29133.772794685836,12589.557408786404,12589.557408786404,12589.557408786404,16544.21538589943,16544.21538589943,16544.21538589943,0.0,0.0,0.0,54462.69793995661
2011-09-30,25346.930023767112,29961.5053888851,61941.423612418825,25346.930023767112,25346.930023767112,20156.573829233337,20156.573829233337,20156.573829233337,3563.2497467846943,3563.2497467846943,3563.2497467846943,16593.324082448646,16593.324082448646,16593.324082448646,0.0,0.0,0.0,45503.50385300045
2011-10-02,25382.939780759792,21142.12290867746,51518.63117149893,25382.939780759792,25382.939780759792,10352.023908476058,10352.023908476058,10352.023908476058,-5950.7344821401875,-5950.7344821401875,-5950.7344821401875,16302.758390616245,16302.758390616245,16302.758390616245,0.0,0.0,0.0,35734.963689235854
2011-10-03,25400.94465925613,31853.001764927332,62760.15211618237,25400.94465925613,25400.94465925613,21621.262840069954,21621.262840069954,21621.262840069954,5637.33608279727,5637.33608279727,5637.33608279727,15983.926757272684,15983.926757272684,15983.926757272684,0.0,0.0,0.0,47022.20749932608
2011-10-04,25418.949537752473,35048.6194783164,64480.59100921996,25418.949537752473,25418.949537752473,23830.47373941745,23830.47373941745,23830.47373941745,8263.268564240729,8263.268564240729,8263.268564240729,15567.20517517672,15567.20517517672,15567.20517517672,0.0,0.0,0.0,49249.423277169924
2011-10-05,25436.95441624881,31490.427718418297,62402.79005838101,25436.95441624881,25436.95441624881,20432.810727602886,20432.810727602886,20432.810727602886,5364.460058877866,5364.460058877866,5364.460058877866,15068.350668725023,15068.350668725023,15068.350668725023,0.0,0.0,0.0,45869.76514385169
2011-10-06,25454.959294745146,37433.640574479745,68316.551611058,25454.959294745146,25454.959294745146,27094.10189476341,27094.10189476341,27094.10189476341,12589.557408776796,12589.557408776796,12589.557408776796,14504.544485986615,14504.544485986615,14504.544485986615,0.0,0.0,0.0,52549.06118950856
2011-10-07,25472.96417324149,28139.15472063644,58575.43567537886,25472.96417324149,25472.96417324149,17457.187736055832,17457.187736055832,17457.187736055832,3563.2497467441367,3563.2497467441367,3563.2497467441367,13893.937989311697,13893.937989311697,13893.937989311697,0.0,0.0,0.0,42930.15190929732
2011-10-09,25508.973930234162,16973.741943259123,47879.51264064017,25508.973930234162,25508.973930234162,6656.189786697699,6656.189786697699,6656.189786697699,-5950.734482113208,-5950.734482113208,-5950.734482113208,12606.924268810908,12606.924268810908,12606.924268810908,0.0,0.0,0.0,32165.16371693186
2011-10-10,25526.978808730502,27812.792463497583,58999.52001077921,25526.978808730502,25526.978808730502,17604.710466357687,17604.710466357687,17604.710466357687,5637.336082809182,5637.336082809182,5637.336082809182,11967.374383548506,11967.374383548506,11967.374383548506,0.0,0.0,0.0,43131.68927508819
2011-10-11,25544.98368722684,29613.18015638151,61013.02017820223,25544.98368722684,25544.98368722684,19617.07482696267,19617.07482696267,19617.07482696267,8263.268564207783,8263.268564207783,8263.268564207783,11353.806262754888,11353.806262754888,11353.806262754888,0.0,0.0,0.0,45162.05851418951
2011-10-12,25562.98856572318,27585.51856005637,56076.98175044317,25562.98856572318,25562.98856572318,16146.61401495011,16146.61401495011,16146.61401495011,5364.46005889426,5364.46005889426,5364.46005889426,10782.153956055849,10782.153956055849,10782.153956055849,0.0,0.0,0.0,41709.60258067329
2011-10-13,25580.99344421952,33236.45825074768,64941.44742667876,25580.99344421952,25580.99344421952,22856.183967905752,22856.183967905752,22856.183967905752,12589.557408805547,12589.557408805547,12589.557408805547,10266.626559100205,10266.626559100205,10266.626559100205,0.0,0.0,0.0,48437.17741212527
2011-10-14,25598.998322715855,23630.713341136223,53915.4992914024,25598.998322715855,25598.998322715855,13382.630958416657,13382.630958416657,13382.630958416657,3563.249746728447,3563.249746728447,3563.249746728447,9819.38121168821,9819.38121168821,9819.38121168821,0.0,0.0,0.0,38981.62928113251
2011-10-16,25635.008079708536,13995.400290010051,46134.27022891385,25635.008079708536,25635.008079708536,3215.854980341659,3215.854980341659,3215.854980341659,-5950.734482149953,-5950.734482149953,-5950.734482149953,9166.58946249161,9166.58946249161,9166.58946249161,0.0,0.0,0.0,28850.863060050193
2011-10-17,25653.012958204872,24788.039060074123,55593.752052279015,25653.012958204872,25653.012958204872,14610.408132570292,14610.408132570292,14610.408132570292,5637.336082804272,5637.336082804272,5637.336082804272,8973.07204976602,8973.07204976602,8973.07204976602,0.0,0.0,0.0,40263.42109077516
2011-10-18,25671.01783670121,27798.10460528614,58036.089179606264,25671.01783670121,25671.01783670121,17134.99982855539,17134.99982855539,17134.99982855539,8263.26856422921,8263.26856422921,8263.26856422921,8871.731264326178,8871.731264326178,8871.731264326178,0.0,0.0,0.0,42806.0176652566
2011-10-19,25689.022715197545,25414.61078341974,55870.10501352376,25689.022715197545,25689.022715197545,14226.411773640048,14226.411773640048,14226.411773640048,5364.4600589106585,5364.4600589106585,5364.4600589106585,8861.951714729392,8861.951714729392,8861.951714729392,0.0,0.0,0.0,39915.43448883759
2011-10-20,25707.02759369389,31933.711214767834,62475.46338926934,25707.02759369389,25707.02759369389,21530.145024027075,21530.145024027075,21530.145024027075,12589.557408834293,12589.557408834293,12589.557408834293,8940.587615192782,8940.587615192782,8940.587615192782,0.0,0.0,0.0,47237.172617720964
2011-10-21,25725.032472190225,22068.639492829814,54212.53913258062,25725.032472190225,25725.032472190225,12665.393503753136,12665.393503753136,12665.393503753136,3563.2497467127555,3563.2497467127555,3563.2497467127555,9102.143757040381,9102.143757040381,9102.143757040381,0.0,0.0,0.0,38390.42597594336
2011-10-23,25761.042229182905,13776.20635484087,44649.22437708397,25761.042229182905,25761.042229182905,3691.0874518988808,3691.0874518988808,3691.0874518988808,-5950.734482132352,-5950.734482132352,-5950.734482132352,9641.821934031233,9641.821934031233,9641.821934031233,0.0,0.0,0.0,29452.129681081788
2011-10-24,25779.047107679242,25902.897885640497,58573.545957496295,25779.047107679242,25779.047107679242,15637.031616105389,15637.031616105389,15637.031616105389,5637.33608279069,5637.33608279069,5637.33608279069,9999.695533314702,9999.695533314702,9999.695533314702,0.0,0.0,0.0,41416.07872378463
2011-10-25,25797.05198617558,29264.40683623366,59044.30164776586,25797.05198617558,25797.05198617558,18663.997175425255,18663.997175425255,18663.997175425255,8263.268564196267,8263.268564196267,8263.268564196267,10400.728611228986,10400.728611228986,10400.728611228986,0.0,0.0,0.0,44461.04916160084
2011-10-26,25815.056864671922,26906.50535158876,58244.41471647741,25815.056864671922,25815.056864671922,16196.812985085744,16196.812985085744,16196.812985085744,5364.460058886667,5364.460058886667,5364.460058886667,10832.352926199077,10832.352926199077,10832.352926199077,0.0,0.0,0.0,42011.86984975767
2011-10-27,25833.061743168255,35106.69856276891,64818.62886027455,25833.061743168255,25833.061743168255,23871.32388660103,23871.32388660103,23871.32388660103,12589.557408824683,12589.557408824683,12589.557408824683,11281.76647777634,11281.76647777634,11281.76647777634,0.0,0.0,0.0,49704.385629769284
2011-10-28,25851.066621664595,25955.817517668303,57412.25104320968,25851.066621664595,25851.066621664595,15299.601833829256,15299.601833829256,15299.601833829256,3563.2497467558605,3563.2497467558605,3563.2497467558605,11736.352087073396,11736.352087073396,11736.352087073396,0.0,0.0,0.0,41150.668455493855
2011-10-30,25887.07637865727,17626.133311048805,47784.117074867,25887.07637865727,25887.07637865727,6663.153260749414,6663.153260749414,6663.153260749414,-5950.734482114756,-5950.734482114756,-5950.734482114756,12613.88774286417,12613.88774286417,12613.88774286417,0.0,0.0,0.0,32550.229639406687
2011-10-31,25905.08125715361,29555.027610921774,59839.64899735351,25905.08125715361,25905.08125715361,18653.34462392212,18653.34462392212,18653.34462392212,5637.336082777101,5637.336082777101,5637.336082777101,13016.008541145018,13016.008541145018,13016.008541145018,0.0,0.0,0.0,44558.42588107573
2011-11-01,25923.086135649955,33223.83157529127,62632.853724944485,25923.086135649955,25923.086135649955,21645.535042696403,21645.535042696403,21645.535042696403,8263.268564236449,8263.268564236449,8263.268564236449,13382.266478459955,13382.266478459955,13382.266478459955,0.0,0.0,0.0,47568.62117834636
2011-11-02,25941.09101414629,29243.665350635783,59613.23633496363,25941.09101414629,25941.09101414629,19070.76116105565,19070.76116105565,19070.76116105565,5364.460058923618,5364.460058923618,5364.460058923618,13706.30110213203,13706.30110213203,13706.30110213203,0.0,0.0,0.0,45011.85217520194
2011-11-03,25959.09589264263,37516.98456560773,68589.05709314378,25959.09589264263,25959.09589264263,26573.28903917932,26573.28903917932,26573.28903917932,12589.55740881722,12589.55740881722,12589.55740881722,13983.7316303621,13983.7316303621,13983.7316303621,0.0,0.0,0.0,52532.38493182194
2011-11-04,25977.100771138965,28145.15831376383,59995.56699062084,25977.100771138965,25977.100771138965,17775.499891152813,17775.499891152813,17775.499891152813,3563.2497467153025,3563.2497467153025,3563.2497467153025,14212.250144437512,14212.250144437512,14212.250144437512,0.0,0.0,0.0,43752.60066229178
2011-11-06,26013.110528131645,18295.024658746468,50965.761317121855,26013.110528131645,26013.110528131645,8572.997553120098,8572.997553120098,8572.997553120098,-5950.734482087776,-5950.734482087776,-5950.734482087776,14523.732035207873,14523.732035207873,14523.732035207873,0.0,0.0,0.0,34586.10808125175
2011-11-07,26031.115406627978,30992.200315445163,61026.71159976434,26031.115406627978,26031.115406627978,20249.597462150887,20249.597462150887,20249.597462150887,5637.336082772195,5637.336082772195,5637.336082772195,14612.26137937869,14612.26137937869,14612.26137937869,0.0,0.0,0.0,46280.712868778865
2011-11-08,26049.12028512432,33764.958097043,63463.89125568506,26049.12028512432,26049.12028512432,22925.96262648494,22925.96262648494,22925.96262648494,8263.268564221318,8263.268564221318,8263.268564221318,14662.694062263623,14662.694062263623,14662.694062263623,0.0,0.0,0.0,48975.082911609265
2011-11-09,26067.12516362066,30262.885980604664,61553.52587493531,26067.12516362066,26067.12516362066,20046.424629997946,20046.424629997946,20046.424629997946,5364.460058899625,5364.460058899625,5364.460058899625,14681.964571098319,14681.964571098319,14681.964571098319,0.0,0.0,0.0,46113.54979361861
2011-11-10,26085.130042116994,37768.8078456296,67563.33924746471,26085.130042116994,26085.130042116994,27267.729006958634,27267.729006958634,27267.729006958634,12589.557408809755,12589.557408809755,12589.557408809755,14678.171598148883,14678.171598148883,14678.171598148883,0.0,0.0,0.0,53352.85904907563
2011-11-11,26103.13492061334,27754.005057502884,59967.21322896099,26103.13492061334,26103.13492061334,18223.478600492028,18223.478600492028,18223.478600492028,3563.249746783272,3563.249746783272,3563.249746783272,14660.228853708755,14660.228853708755,14660.228853708755,0.0,0.0,0.0,44326.61352110536
2011-11-13,26139.14467760601,18818.63186665126,48585.56529679519,26139.14467760601,26139.14467760601,8668.584360925362,8668.584360925362,8668.584360925362,-5950.7344821338975,-5950.7344821338975,-5950.7344821338975,14619.31884305926,14619.31884305926,14619.31884305926,0.0,0.0,0.0,34807.729038531375
2011-11-14,26157.149556102355,31063.02848399268,61519.58613317605,26157.149556102355,26157.149556102355,20252.077658779144,20252.077658779144,20252.077658779144,5637.336082784108,5637.336082784108,5637.336082784108,14614.74157599504,14614.74157599504,14614.74157599504,0.0,0.0,0.0,46409.227214881495
2011-11-15,26175.15443459869,33463.11438612439,64242.06976491295,26175.15443459869,26175.15443459869,22895.256819786937,22895.256819786937,22895.256819786937,8263.268564206184,8263.268564206184,8263.268564206184,14631.98825558075,14631.98825558075,14631.98825558075,0.0,0.0,0.0,49070.41125438563
2011-11-16,26193.159313095028,31087.876464048873,61410.50396661529,26193.159313095028,26193.159313095028,20042.60304166341,20042.60304166341,20042.60304166341,5364.460058916023,5364.460058916023,5364.460058916023,14678.14298274739,14678.14298274739,14678.14298274739,0.0,0.0,0.0,46235.76235475844
2011-11-17,26211.16419159137,36873.869605976535,68735.55884295459,26211.16419159137,26211.16419159137,27348.34924058958,27348.34924058958,27348.34924058958,12589.557408838504,12589.557408838504,12589.557408838504,14758.791831751078,14758.791831751078,14758.791831751078,0.0,0.0,0.0,53559.51343218095
2011-11-18,26229.169070087708,28780.9171858527,60007.89322142736,26229.169070087708,26229.169070087708,18440.97137161189,18440.97137161189,18440.97137161189,3563.2497468015126,3563.2497468015126,3563.2497468015126,14877.721624810376,14877.721624810376,14877.721624810376,0.0,0.0,0.0,44670.140441699594
2011-11-20,26265.178827080388,20728.434411203347,50695.02991752609,26265.178827080388,26265.178827080388,9284.430970161467,9284.430970161467,9284.430970161467,-5950.73448210692,-5950.73448210692,-5950.73448210692,15235.16545226839,15235.16545226839,15235.16545226839,0.0,0.0,0.0,35549.60979724186
2011-11-21,26283.183705576717,32784.23729307429,62748.6094516402,26283.183705576717,26283.183705576717,21107.711392278,21107.711392278,21107.711392278,5637.33608279602,5637.33608279602,5637.33608279602,15470.37530948198,15470.37530948198,15470.37530948198,0.0,0.0,0.0,47390.89509785472
2011-11-22,26301.18858407306,33350.50672364062,65434.52913685738,26301.18858407306,26301.18858407306,24000.38368387079,24000.38368387079,24000.38368387079,8263.268564191054,8263.268564191054,8263.268564191054,15737.115119679733,15737.115119679733,15737.115119679733,0.0,0.0,0.0,50301.57226794385
2011-11-23,26319.193462569398,31684.69007907999,62917.22495798364,26319.193462569398,26319.193462569398,21392.333629620156,21392.333629620156,21392.333629620156,5364.460058872197,5364.460058872197,5364.460058872197,16027.873570747961,16027.873570747961,16027.873570747961,0.0,0.0,0.0,47711.52709218956
2011-11-24,26337.198341065734,41028.65675763575,71729.29011539168,26337.198341065734,26337.198341065734,28922.49971177498,28922.49971177498,28922.49971177498,12589.55740879268,12589.55740879268,12589.55740879268,16332.942302982305,16332.942302982305,16332.942302982305,0.0,0.0,0.0,55259.698052840715
2011-11-25,26355.203219562078,31404.328826944467,61840.70244141461,26355.203219562078,26355.203219562078,20203.86846279521,20203.86846279521,20203.86846279521,3563.2497468106853,3563.2497468106853,3563.2497468106853,16640.61871598452,16640.61871598452,16640.61871598452,0.0,0.0,0.0,46559.07168235729
2011-11-27,26391.21297655475,22053.700179717325,52619.151003228886,26391.21297655475,26391.21297655475,11257.996990410167,11257.996990410167,11257.996990410167,-5950.734482089321,-5950.734482089321,-5950.734482089321,17208.73147249949,17208.73147249949,17208.73147249949,0.0,0.0,0.0,37649.20996696492
2011-11-28,26409.217855051094,33297.836949623714,64254.52769967459,26409.217855051094,26409.217855051094,23075.92644271341,23075.92644271341,23075.92644271341,5637.336082774293,5637.336082774293,5637.336082774293,17438.59035993912,17438.59035993912,17438.59035993912,0.0,0.0,0.0,49485.144297764506
2011-11-29,26427.22273354743,37568.74926917232,68516.19216964558,26427.22273354743,26427.22273354743,25874.01253393643,25874.01253393643,25874.01253393643,8263.268564231235,8263.268564231235,8263.268564231235,17610.743969705196,17610.743969705196,17610.743969705196,0.0,0.0,0.0,52301.23526748386
2011-11-30,26445.227612043767,34003.46869363655,64667.93264630234,26445.227612043767,26445.227612043767,23073.280109164345,23073.280109164345,23073.280109164345,5364.460058888595,5364.460058888595,5364.460058888595,17708.82005027575,17708.82005027575,17708.82005027575,0.0,0.0,0.0,49518.50772120811
2011-12-01,26463.23249054011,42169.37298833163,72575.25757697134,26463.23249054011,26463.23249054011,30306.44300256796,30306.44300256796,30306.44300256796,12589.557408821429,12589.557408821429,12589.557408821429,17716.885593746534,17716.885593746534,17716.885593746534,0.0,0.0,0.0,56769.67549310807
2011-12-02,26481.237369036444,31948.620281037085,63263.84240939638,26481.237369036444,26481.237369036444,21183.199424491006,21183.199424491006,21183.199424491006,3563.249746770131,3563.249746770131,3563.249746770131,17619.949677720873,17619.949677720873,17619.949677720873,0.0,0.0,0.0,47664.43679352745
2011-12-04,26517.247126029124,21840.90387514574,52389.116362757544,26517.247126029124,26517.247126029124,11108.022223870596,11108.022223870596,11108.022223870596,-5950.734482116685,-5950.734482116685,-5950.734482116685,17058.75670598728,17058.75670598728,17058.75670598728,0.0,0.0,0.0,37625.26934989972
2011-12-05,26535.25200452546,34067.888766196455,63918.06417493851,26535.25200452546,26535.25200452546,22210.86994982834,22210.86994982834,22210.86994982834,5637.336082786207,5637.336082786207,5637.336082786207,16573.533867042133,16573.533867042133,16573.533867042133,0.0,0.0,0.0,48746.1219543538
2011-12-06,26553.2568830218,35133.2122660828,65904.35763810476,26553.2568830218,26553.2568830218,24205.455824046847,24205.455824046847,24205.455824046847,8263.26856417954,8263.26856417954,8263.26856417954,15942.187259867309,15942.187259867309,15942.187259867309,0.0,0.0,0.0,50758.71270706865
2011-12-07,26571.26176151814,32845.344865310806,62032.49015753688,26571.26176151814,26571.26176151814,20525.604190130292,20525.604190130292,20525.604190130292,5364.4600589049915,5364.4600589049915,5364.4600589049915,15161.144131225301,15161.144131225301,15161.144131225301,0.0,0.0,0.0,47096.86595164843
2011-12-08,26589.266640014477,37637.10231897998,69437.83065044902,26589.266640014477,26589.266640014477,26819.65710669623,26819.65710669623,26819.65710669623,12589.557408775607,12589.557408775607,12589.557408775607,14230.099697920623,14230.099697920623,14230.099697920623,0.0,0.0,0.0,53408.92374671071
2011-12-09,26607.271518510817,28973.55962529744,58149.72451414075,26607.271518510817,26607.271518510817,16715.423161809354,16715.423161809354,16715.423161809354,3563.249746788369,3563.249746788369,3563.249746788369,13152.173415020985,13152.173415020985,13152.173415020985,0.0,0.0,0.0,43322.69468032017
2011-12-10,26625.27639700715,-6876.8616545072655,24426.879060166397,26625.27639700715,26625.27639700715,-17533.16173444755,-17533.16173444755,-17533.16173444755,-29467.13737934402,-29467.13737934402,-29467.13737934402,11933.975644896476,11933.975644896476,11933.975644896476,0.0,0.0,0.0,9092.114662559601
2011-12-11,26643.281275503494,14415.733362270203,46095.315021820425,26643.281275503494,26643.281275503494,4634.846422987861,4634.846422987861,4634.846422987861,-5950.734482099087,-5950.734482099087,-5950.734482099087,10585.580905086947,10585.580905086947,10585.580905086947,0.0,0.0,0.0,31278.127698491357
2011-12-12,26661.286153999834,24802.642496354343,57292.50541916965,26661.286153999834,26661.286153999834,14757.742557586784,14757.742557586784,14757.742557586784,5637.33608277262,5637.33608277262,5637.33608277262,9120.406474814165,9120.406474814165,9120.406474814165,0.0,0.0,0.0,41419.028711586616
2011-12-13,26679.291032496167,27341.49073209435,59356.225944101265,26679.291032496167,26679.291032496167,15818.266370201565,15818.266370201565,15818.266370201565,8263.268564200971,8263.268564200971,8263.268564200971,7554.997806000595,7554.997806000595,7554.997806000595,0.0,0.0,0.0,42497.557402697734
2011-12-14,26697.29591099251,22588.381992369817,54072.44285882946,26697.29591099251,26697.29591099251,11273.184898171497,11273.184898171497,11273.184898171497,5364.460058921387,5364.460058921387,5364.460058921387,5908.72483925011,5908.72483925011,5908.72483925011,0.0,0.0,0.0,37970.48080916401
2011-12-15,26715.300789488847,26876.622066774034,58134.88727838584,26715.2283989807,26715.300789488847,16792.95330049174,16792.95330049174,16792.95330049174,12589.557408802208,12589.557408802208,12589.557408802208,4203.395891689533,4203.395891689533,4203.395891689533,0.0,0.0,0.0,43508.25408998059
2011-12-16,26733.305667985183,17706.906754951957,49663.729692782836,26733.01561180211,26733.43862656796,6026.047934798743,6026.047934798743,6026.047934798743,3563.2497467726776,3563.2497467726776,3563.2497467726776,2462.798188026066,2462.798188026066,2462.798188026066,0.0,0.0,0.0,32759.353602783925
2011-12-17,26751.310546481527,-17135.942008932558,12381.741368826817,26750.64212408599,26751.712743052092,-28754.961100868215,-28754.961100868215,-28754.961100868215,-29467.137379360236,-29467.137379360236,-29467.137379360236,712.1762784920224,712.1762784920224,712.1762784920224,0.0,0.0,0.0,-2003.6505543866879
2011-12-18,26769.315424977864,4437.397861542392,35111.82574828364,26768.372488975503,26770.077224126726,-6973.07301870205,-6973.07301870205,-6973.07301870205,-5950.734482081488,-5950.734482081488,-5950.734482081488,-1022.3385366205633,-1022.3385366205633,-1022.3385366205633,0.0,0.0,0.0,19796.242406275815
2011-12-19,26787.3203034742,16207.741051631328,45970.60497670057,26785.90165367562,26788.338707042454,2923.002951532325,2923.002951532325,2923.002951532325,5637.336082810029,5637.336082810029,5637.336082810029,-2714.333131277704,-2714.333131277704,-2714.333131277704,0.0,0.0,0.0,29710.323255006526
2011-12-20,26805.325181970544,15597.729470375441,45139.949595393715,26803.43916209494,26806.667146738317,3925.5325087313295,3925.5325087313295,3925.5325087313295,8263.26856424115,8263.26856424115,8263.26856424115,-4337.73605550982,-4337.73605550982,-4337.73605550982,0.0,0.0,0.0,30730.857690701872
2011-12-21,26823.33006046688,10304.729709165249,42507.95385409671,26821.088740744115,26825.380904806807,-502.9830898087111,-502.9830898087111,-502.9830898087111,5364.460058877562,5364.460058877562,5364.460058877562,-5867.443148686273,-5867.443148686273,-5867.443148686273,0.0,0.0,0.0,26320.34697065817
2011-12-22,26841.334938963217,17204.760630449582,47193.20219597661,26838.576182678156,26843.921282586416,5309.628849931539,5309.628849931539,5309.628849931539,12589.557408794743,12589.557408794743,12589.557408794743,-7279.928558863204,-7279.928558863204,-7279.928558863204,0.0,0.0,0.0,32150.963788894755
2011-12-23,26859.33981745956,6301.431793509066,35983.60457450528,26855.958678005947,26862.264171027055,-4990.574941565533,-4990.574941565533,-4990.574941565533,3563.2497467321205,3563.2497467321205,3563.2497467321205,-8553.824688297653,-8553.824688297653,-8553.824688297653,0.0,0.0,0.0,21868.764875894027
2011-12-24,26877.344695955893,-27584.301651288963,3374.9845215103874,26873.417743530623,26880.737575762218,-39137.592651531995,-39137.592651531995,-39137.592651531995,-29467.137379359265,-29467.137379359265,-29467.137379359265,-9670.455272172729,-9670.455272172729,-9670.455272172729,0.0,0.0,0.0,-12260.247955576102
2011-12-25,26895.349574452233,-5182.780725923925,25237.373158444392,26890.782698445364,26899.658265006456,-16565.041412023136,-16565.041412023136,-16565.041412023136,-5950.734482181951,-5950.734482181951,-5950.734482181951,-10614.306929841185,-10614.306929841185,-10614.306929841185,0.0,0.0,0.0,10330.308162429097
2011-12-26,26913.354452948577,6686.847268179508,37361.3392349457,26908.162156002123,26918.39282117875,-5736.089992718992,-5736.089992718992,-5736.089992718992,5637.336082779627,5637.336082779627,5637.336082779627,-11373.426075498619,-11373.426075498619,-11373.426075498619,0.0,0.0,0.0,21177.264460229584
2011-12-27,26931.35933144491,7590.882974082028,38417.39885651021,26925.55686604107,26937.129820712697,-3676.4614334334897,-3676.4614334334897,-3676.4614334334897,8263.268564226018,8263.268564226018,8263.268564226018,-11939.729997659508,-11939.729997659508,-11939.729997659508,0.0,0.0,0.0,23254.89789801142
2011-12-28,26949.36420994125,3531.2973491684547,35263.74257305934,26942.4882766105,26955.859834183255,-6944.763102718474,-6944.763102718474,-6944.763102718474,5364.460058934345,5364.460058934345,5364.460058934345,-12309.223161652819,-12309.223161652819,-12309.223161652819,0.0,0.0,0.0,20004.601107222778
2011-12-29,26967.369088437586,11941.569873221248,41614.19406311763,26959.77434603292,26975.143680927904,107.4451134486203,107.4451134486203,107.4451134486203,12589.55740878728,12589.55740878728,12589.55740878728,-12482.11229533866,-12482.11229533866,-12482.11229533866,0.0,0.0,0.0,27074.814201886205
2011-12-30,26985.373966933927,2546.293927399278,33339.114633348654,26976.755338037197,26993.792322164878,-8899.56676964159,-8899.56676964159,-8899.56676964159,3563.249746741297,3563.249746741297,3563.249746741297,-12462.816516382885,-12462.816516382885,-12462.816516382885,0.0,0.0,0.0,18085.807197292335
2011-12-31,27003.378845430267,-30465.358821236106,680.483478565794,26993.560229746257,27012.82960721151,-41727.00895428944,-41727.00895428944,-41727.00895428944,-29467.137379342697,-29467.137379342697,-29467.137379342697,-12259.871574946745,-12259.871574946745,-12259.871574946745,0.0,0.0,0.0,-14723.630108859175
2012-01-01,27021.383723926603,-4685.955578106545,24204.542548857684,27010.154277444388,27032.011524048587,-17836.46462245758,-17836.46462245758,-17836.46462245758,-5950.734482154973,-5950.734482154973,-5950.734482154973,-11885.730140302607,-11885.730140302607,-11885.730140302607,0.0,0.0,0.0,9184.919101469022
2012-01-02,27039.388602422943,6873.9777201841935,36790.12416874684,27027.166266262222,27051.150370007334,-5719.12679115825,-5719.12679115825,-5719.12679115825,5637.336082791538,5637.336082791538,5637.336082791538,-11356.462873949788,-11356.462873949788,-11356.462873949788,0.0,0.0,0.0,21320.261811264692
2012-01-03,27057.39348091928,8745.227541057782,40119.10846960397,27044.32145454189,27070.0716363615,-2428.0991623908426,-2428.0991623908426,-2428.0991623908426,8263.268564247448,8263.268564247448,8263.268564247448,-10691.367726638291,-10691.367726638291,-10691.367726638291,0.0,0.0,0.0,24629.29431852844
2012-01-04,27075.398359415623,6912.316999608285,39252.31166070786,27061.371186944005,27088.698836307805,-4548.037337609213,-4548.037337609213,-4548.037337609213,5364.460058910356,5364.460058910356,5364.460058910356,-9912.49739651957,-9912.49739651957,-9912.49739651957,0.0,0.0,0.0,22527.36102180641
2012-01-05,27093.40323791196,15350.70268442083,46490.93249296886,27078.5085566984,27107.3695889115,3545.44028844752,3545.44028844752,3545.44028844752,12589.557408777671,12589.557408777671,12589.557408777671,-9044.117120330151,-9044.117120330151,-9044.117120330151,0.0,0.0,0.0,30638.84352635948
2012-01-06,27111.408116408296,6934.442292750402,38106.89923208562,27095.222846312194,27126.347653195004,-4548.857129124164,-4548.857129124164,-4548.857129124164,3563.249746759535,3563.249746759535,3563.249746759535,-8112.106875883699,-8112.106875883699,-8112.106875883699,0.0,0.0,0.0,22562.550987284132
2012-01-07,27129.412994904633,-25398.366198845022,6852.462488827041,27111.843030765205,27145.55917373792,-36610.46097786019,-36610.46097786019,-36610.46097786019,-29467.13737935031,-29467.13737935031,-29467.13737935031,-7143.323598509877,-7143.323598509877,-7143.323598509877,0.0,0.0,0.0,-9481.047982955555
2012-01-08,27147.417873400977,-213.869869939027,29345.856028801696,27128.777615759467,27164.385255186848,-12115.674595088654,-12115.674595088654,-12115.674595088654,-5950.7344821373745,-5950.7344821373745,-5950.7344821373745,-6164.940112951278,-6164.940112951278,-6164.940112951278,0.0,0.0,0.0,15031.743278312322
2012-01-09,27165.422751897313,12708.692280850488,42681.94332108773,27145.148759750333,27183.3737038126,433.55795820688996,433.55795820688996,433.55795820688996,5637.33608280345,5637.33608280345,5637.33608280345,-5203.778124596561,-5203.778124596561,-5203.778124596561,0.0,0.0,0.0,27598.980710104202
2012-01-10,27183.42763039365,16381.70113508896,46922.92567537297,27161.476151882816,27202.54387499107,3977.6157831004875,3977.6157831004875,3977.6157831004875,8263.268564195754,8263.268564195754,8263.268564195754,-4285.652781095267,-4285.652781095267,-4285.652781095267,0.0,0.0,0.0,31161.04341349414
2012-01-11,27201.432508889993,13956.820725331258,44787.24253277846,27178.046767804914,27221.509569906288,1929.714056797088,1929.714056797088,1929.714056797088,5364.460058927471,5364.460058927471,5364.460058927471,-3434.7460021303837,-3434.7460021303837,-3434.7460021303837,0.0,0.0,0.0,29131.146565687082
2012-01-12,27219.437387386326,21574.421091057,52658.98052324902,27194.613962886215,27240.804917663252,9916.532418711353,9916.532418711353,9916.532418711353,12589.557408806417,12589.557408806417,12589.557408806417,-2673.0249900950644,-2673.0249900950644,-2673.0249900950644,0.0,0.0,0.0,37135.96980609768
2012-01-13,27237.442265882666,12804.535152568122,44285.562374259585,27211.431868143707,27259.850830237316,1543.528647865355,1543.528647865355,1543.528647865355,3563.2497467438443,3563.2497467438443,3563.2497467438443,-2019.7210988784896,-2019.7210988784896,-2019.7210988784896,0.0,0.0,0.0,28780.97091374802
2012-01-14,27255.44714437901,-18084.288317199418,11710.988876772315,27228.083518046635,27279.117010092647,-30958.019965843683,-30958.019965843683,-30958.019965843683,-29467.137379349344,-29467.137379349344,-29467.137379349344,-1490.8825864943426,-1490.8825864943426,-1490.8825864943426,0.0,0.0,0.0,-3702.5728214646733
2012-01-15,27273.452022875343,6355.62644946773,35747.24094190298,27245.239110204537,27298.364365198475,-7049.747237930266,-7049.747237930266,-7049.747237930266,-5950.734482110394,-5950.734482110394,-5950.734482110394,-1099.0127558198722,-1099.0127558198722,-1099.0127558198722,0.0,0.0,0.0,20223.704784945076
2012-01-16,27291.456901371683,16173.312893667387,47118.128407649354,27262.1350483429,27317.6230475373,4784.533430142607,4784.533430142607,4784.533430142607,5637.336082798543,5637.336082798543,5637.336082798543,-852.8026526559364,-852.8026526559364,-852.8026526559364,0.0,0.0,0.0,32075.99033151429
2012-01-17,27309.46177986802,17999.15069671897,49081.49383860755,27279.01699704781,27336.769244969833,7506.3036572389165,7506.3036572389165,7506.3036572389165,8263.268564235932,8263.268564235932,8263.268564235932,-756.9649069970151,-756.9649069970151,-756.9649069970151,0.0,0.0,0.0,34815.76543710694
2012-01-18,27327.46665836436,16792.904418462014,47759.5009910118,27295.352869565064,27356.152073823097,4552.2875150098025,4552.2875150098025,4552.2875150098025,5364.460058903481,5364.460058903481,5364.460058903481,-812.1725438936785,-812.1725438936785,-812.1725438936785,0.0,0.0,0.0,31879.75417337416
2012-01-19,27345.4715368607,23542.345681213807,53952.0472957878,27311.43665227329,27375.36905807082,11574.45367695327,11574.45367695327,11574.45367695327,12589.557408798953,12589.557408798953,12589.557408798953,-1015.1037318456825,-1015.1037318456825,-1015.1037318456825,0.0,0.0,0.0,38919.92521381397
2012-01-20,27363.476415357036,13759.053452620537,46263.176546832976,27328.413255457446,27394.23821522315,2204.6591877291944,2204.6591877291944,2204.6591877291944,3563.2497467281523,3563.2497467281523,3563.2497467281523,-1358.590558998958,-1358.590558998958,-1358.590558998958,0.0,0.0,0.0,29568.13560308623
2012-01-21,27381.481293853376,-17803.5999427327,12137.902955617172,27345.16887808452,27413.57270991751,-31299.00449019643,-31299.00449019643,-31299.00449019643,-29467.137379342952,-29467.137379342952,-29467.137379342952,-1831.8671108534727,-1831.8671108534727,-1831.8671108534727,0.0,0.0,0.0,-3917.5231963430524
2012-01-22,27399.486172349716,2665.116758372633,33255.72188460634,27361.110519801477,27433.027395905425,-8371.643928377482,-8371.643928377482,-8371.643928377482,-5950.734482156518,-5950.734482156518,-5950.734482156518,-2420.9094462209637,-2420.9094462209637,-2420.9094462209637,0.0,0.0,0.0,19027.842243972234
2012-01-23,27417.491050846053,15884.998135491534,45804.85135654948,27376.278298407797,27453.042948577215,2528.478477731546,2528.478477731546,2528.478477731546,5637.336082784957,5637.336082784957,5637.336082784957,-3108.8576050534116,-3108.8576050534116,-3108.8576050534116,0.0,0.0,0.0,29945.9695285776
2012-01-24,27435.495929342393,16136.75662424597,47723.340399269146,27391.25452317043,27472.233198534417,4386.76096319887,4386.76096319887,4386.76096319887,8263.268564220802,8263.268564220802,8263.268564220802,-3876.5076010219327,-3876.5076010219327,-3876.5076010219327,0.0,0.0,0.0,31822.256892541263
2012-01-25,27453.50080783873,13939.631203664076,43846.486797287034,27408.316854350407,27491.610750856624,661.6005457411497,661.6005457411497,661.6005457411497,5364.460058879487,5364.460058879487,5364.460058879487,-4702.859513138338,-4702.859513138338,-4702.859513138338,0.0,0.0,0.0,28115.101353579877
2012-01-26,27471.505686335066,19246.85099891533,50217.59724574681,27424.374098014458,27510.967133708586,7023.851063734181,7023.851063734181,7023.851063734181,12589.557408827704,12589.557408827704,12589.557408827704,-5565.706345093524,-5565.706345093524,-5565.706345093524,0.0,0.0,0.0,34495.356750069244
2012-01-27,27489.51056483141,8462.804411745481,39851.603929853496,27441.11778046052,27530.65477547981,-2878.9975602626905,-2878.9975602626905,-2878.9975602626905,3563.2497467712565,3563.2497467712565,3563.2497467712565,-6442.2473070339465,-6442.2473070339465,-6442.2473070339465,0.0,0.0,0.0,24610.51300456872
2012-01-28,27507.515443327746,-23845.341624479977,6028.8420505476715,27457.819630553622,27549.67393992852,-36776.84599897762,-36776.84599897762,-36776.84599897762,-29467.13737934198,-29467.13737934198,-29467.13737934198,-7309.708619635633,-7309.708619635633,-7309.708619635633,0.0,0.0,0.0,-9269.33055564987
2012-01-29,27525.520321824082,-3242.6951708168835,28424.401373394383,27474.13605596524,27568.56477311387,-14096.689340022831,-14096.689340022831,-14096.689340022831,-5950.734482129538,-5950.734482129538,-5950.734482129538,-8145.954857893291,-8145.954857893291,-8145.954857893291,0.0,0.0,0.0,13428.830981801251
2012-01-30,27543.525200320426,8301.91242014173,39934.487285112285,27489.887658292464,27588.344110100134,-3292.738159990644,-3292.738159990644,-3292.738159990644,5637.336082796871,5637.336082796871,5637.336082796871,-8930.074242787514,-8930.074242787514,-8930.074242787514,0.0,0.0,0.0,24250.787040329782
2012-01-31,27561.530078816755,11214.254113311292,41516.10172658685,27505.64690515695,27608.094998462573,-1379.6535758418468,-1379.6535758418468,-1379.6535758418468,8263.268564205671,8263.268564205671,8263.268564205671,-9642.922140047518,-9642.922140047518,-9642.922140047518,0.0,0.0,0.0,26181.87650297491
2012-02-01,27579.5349573131,7386.914639038267,38834.51982014804,27521.379727518266,27627.149128429624,-4903.148251388215,-4903.148251388215,-4903.148251388215,5364.460058916438,5364.460058916438,5364.460058916438,-10267.608310304653,-10267.608310304653,-10267.608310304653,0.0,0.0,0.0,22676.386705924884
2012-02-02,27597.539835809443,14503.974427447703,44085.062900287805,27538.291733154416,27646.47530397969,1799.6422723967733,1799.6422723967733,1799.6422723967733,12589.557408781879,12589.557408781879,12589.557408781879,-10789.915136385105,-10789.915136385105,-10789.915136385105,0.0,0.0,0.0,29397.182108206216
2012-02-03,27615.54471430577,3133.5712228365483,35406.24423072006,27555.199952042178,27665.881344595193,-7635.3863349232715,-7635.3863349232715,-7635.3863349232715,3563.249746730701,3563.249746730701,3563.249746730701,-11198.636081653973,-11198.636081653973,-11198.636081653973,0.0,0.0,0.0,19980.1583793825
2012-02-04,27633.549592802116,-28457.5243189316,2452.528737823276,27570.820038206177,27685.796196568703,-40952.963329041966,-40952.963329041966,-40952.963329041966,-29467.1373793496,-29467.1373793496,-29467.1373793496,-11485.825949692371,-11485.825949692371,-11485.825949692371,0.0,0.0,0.0,-13319.41373623985
2012-02-05,27651.55447129846,-6167.088065653365,25128.895141943787,27586.42837059821,27705.629343038607,-17597.69153507857,-17597.69153507857,-17597.69153507857,-5950.734482102559,-5950.734482102559,-5950.734482102559,-11646.957052976011,-11646.957052976011,-11646.957052976011,0.0,0.0,0.0,10053.862936219888
2012-02-06,27669.55934979479,6097.700727702189,36502.86575562761,27602.222554744465,27725.642859491843,-6043.642001229699,-6043.642001229699,-6043.642001229699,5637.336082783284,5637.336082783284,5637.336082783284,-11680.978084012984,-11680.978084012984,-11680.978084012984,0.0,0.0,0.0,21625.91734856509
2012-02-07,27687.564228291132,9029.232406433708,39472.46692682793,27617.738773885394,27745.565023684434,-3327.0066754889117,-3327.0066754889117,-3327.0066754889117,8263.268564228036,8263.268564228036,8263.268564228036,-11590.275239716946,-11590.275239716946,-11590.275239716946,0.0,0.0,0.0,24360.55755280222
2012-02-08,27705.56910678747,6350.694174373535,37013.59811466483,27633.093735162267,27765.820253177222,-6016.077841151615,-6016.077841151615,-6016.077841151615,5364.460058892447,5364.460058892447,5364.460058892447,-11380.537900044063,-11380.537900044063,-11380.537900044063,0.0,0.0,0.0,21689.491265635854
2012-02-09,27723.573985283805,14611.867320690839,44981.83625668699,27648.724579801088,27785.18825639233,1529.023581532416,1529.023581532416,1529.023581532416,12589.557408810628,12589.557408810628,12589.557408810628,-11060.533827278212,-11060.533827278212,-11060.533827278212,0.0,0.0,0.0,29252.59756681622
2012-02-10,27741.57886378015,5142.685516557922,36096.40180428911,27664.63476702716,27805.45048767743,-7078.5516107642825,-7078.5516107642825,-7078.5516107642825,3563.24974671501,3563.24974671501,3563.24974671501,-10641.801357479291,-10641.801357479291,-10641.801357479291,0.0,0.0,0.0,20663.027253015865
2012-02-11,27759.583742276485,-27324.737043803896,3042.4067905417096,27680.576196519898,27825.72421007629,-39605.40570961081,-39605.40570961081,-39605.40570961081,-29467.137379348627,-29467.137379348627,-29467.137379348627,-10138.268330262183,-10138.268330262183,-10138.268330262183,0.0,0.0,0.0,-11845.821967334323
2012-02-12,27777.58862077282,-2599.4802867350572,27965.745201557223,27696.871252729463,27846.506324651757,-15516.543965944637,-15516.543965944637,-15516.543965944637,-5950.734482148685,-5950.734482148685,-5950.734482148685,-9565.809483795952,-9565.809483795952,-9565.809483795952,0.0,0.0,0.0,12261.044654828185
2012-02-13,27795.593499269165,9165.131481740953,40445.29028532901,27711.382651104585,27866.664782742522,-3304.4195912319765,-3304.4195912319765,-3304.4195912319765,5637.336082803874,5637.336082803874,5637.336082803874,-8941.75567403585,-8941.75567403585,-8941.75567403585,0.0,0.0,0.0,24491.173908037188
2012-02-14,27813.598377765502,12342.164880591838,43357.276891266134,27726.543064697427,27886.59457965917,-21.100951934581904,-21.100951934581904,-21.100951934581904,8263.268564212904,8263.268564212904,8263.268564212904,-8284.369516147486,-8284.369516147486,-8284.369516147486,0.0,0.0,0.0,27792.49742583092
2012-02-15,27831.60325626184,9706.219553532881,41346.112046454946,27743.082328461853,27906.065316044558,-2247.842800120165,-2247.842800120165,-2247.842800120165,5364.460058908844,5364.460058908844,5364.460058908844,-7612.302859029009,-7612.302859029009,-7612.302859029009,0.0,0.0,0.0,25583.760456141674
2012-02-16,27849.608134758182,18014.767805035575,49242.77563124248,27758.70639634714,27925.86333210009,5645.50553901116,5645.50553901116,5645.50553901116,12589.557408839379,12589.557408839379,12589.557408839379,-6944.0518698282185,-6944.0518698282185,-6944.0518698282185,0.0,0.0,0.0,33495.113673769345
2012-02-17,27867.613013254515,10034.059312875095,39455.56876676519,27774.983101513877,27945.659629574613,-2734.1756703288306,-2734.1756703288306,-2734.1756703288306,3563.2497466744553,3563.2497466744553,3563.2497466744553,-6297.4254170032855,-6297.4254170032855,-6297.4254170032855,0.0,0.0,0.0,25133.437342925685
2012-02-18,27885.617891750855,-22046.82002624859,8214.894764255896,27791.248222321938,27965.812095552345,-35156.17928221867,-35156.17928221867,-35156.17928221867,-29467.13737934065,-29467.13737934065,-29467.13737934065,-5689.041902878021,-5689.041902878021,-5689.041902878021,0.0,0.0,0.0,-7270.561390467814
2012-02-19,27903.6227702472,2507.529958093743,31716.797152599345,27806.472194587328,27985.355093095877,-11084.60321033159,-11084.60321033159,-11084.60321033159,-5950.734482121705,-5950.734482121705,-5950.734482121705,-5133.868728209886,-5133.868728209886,-5133.868728209886,0.0,0.0,0.0,16819.019559915607
2012-02-20,27921.62764874353,13657.914365064158,45470.96876192813,27823.248355608514,28005.63717825589,992.5188803192124,992.5188803192124,992.5188803192124,5637.336082790289,5637.336082790289,5637.336082790289,-4644.817202471077,-4644.817202471077,-4644.817202471077,0.0,0.0,0.0,28914.146529062746
2012-02-21,27939.63252723987,16558.916304945913,47844.33119142333,27839.441035567503,28024.000334331806,4030.8645779320113,4030.8645779320113,4030.8645779320113,8263.268564197771,8263.268564197771,8263.268564197771,-4232.40398626576,-4232.40398626576,-4232.40398626576,0.0,0.0,0.0,31970.497105171882
2012-02-22,27957.63740573621,13928.288042716884,45911.00934657673,27854.734429014483,28043.339883066197,1459.97194019105,1459.97194019105,1459.97194019105,5364.460058884854,5364.460058884854,5364.460058884854,-3904.488118693804,-3904.488118693804,-3904.488118693804,0.0,0.0,0.0,29417.609345927263
2012-02-23,27975.64228423255,22143.347432969895,52997.59152025311,27871.01773269198,28062.7163850869,8923.467005819066,8923.467005819066,8923.467005819066,12589.557408793553,12589.557408793553,12589.557408793553,-3666.090402974488,-3666.090402974488,-3666.090402974488,0.0,0.0,0.0,36899.109290051616
2012-02-24,27993.64716272889,12666.255818454205,44422.384757048465,27886.096522201082,28081.619268302555,43.95028107395488,43.95028107395488,43.95028107395488,3563.249746826084,3563.249746826084,3563.249746826084,-3519.2994657521294,-3519.2994657521294,-3519.2994657521294,0.0,0.0,0.0,28037.597443802842
2012-02-25,28011.65204122523,-19929.316056857868,10009.50102509072,27900.417631488803,28102.26227372735,-32930.40362077843,-32930.40362077843,-32930.40362077843,-29467.13737934827,-29467.13737934827,-29467.13737934827,-3463.2662414301644,-3463.2662414301644,-3463.2662414301644,0.0,0.0,0.0,-4918.751579553202
2012-02-26,28029.656919721565,3618.571391263645,34102.43445986746,27915.43833314192,28122.05903960946,-9445.020519479378,-9445.020519479378,-9445.020519479378,-5950.734482104106,-5950.734482104106,-5950.734482104106,-3494.286037375272,-3494.286037375272,-3494.286037375272,0.0,0.0,0.0,18584.636400242187
2012-02-27,28047.6617982179,14769.65383820354,44842.94935559507,27930.22887500673,28142.267181485728,2031.3712982872753,2031.3712982872753,2031.3712982872753,5637.336082776702,5637.336082776702,5637.336082776702,-3605.964784489427,-3605.964784489427,-3605.964784489427,0.0,0.0,0.0,30079.033096505176
2012-02-28,28065.666676714245,17192.684949907005,47129.560184841765,27946.040229141745,28162.71820743423,4473.804920184062,4473.804920184062,4473.804920184062,8263.268564237951,8263.268564237951,8263.268564237951,-3789.4636440538893,-3789.4636440538893,-3789.4636440538893,0.0,0.0,0.0,32539.471596898307
2012-02-29,28083.67155521058,13915.938916061154,44234.24273628077,27961.987301971916,28182.2731468384,1330.6461629471519,1330.6461629471519,1330.6461629471519,5364.460058881415,5364.460058881415,5364.460058881415,-4033.8138959342627,-4033.8138959342627,-4033.8138959342627,0.0,0.0,0.0,29414.317718157734
2012-03-01,28101.676433706918,19721.739228858398,50735.60963699158,27978.435932618744,28202.09421743629,8263.26536947874,8263.26536947874,8263.26536947874,12589.557408822304,12589.557408822304,12589.557408822304,-4326.2920393435625,-4326.2920393435625,-4326.2920393435625,0.0,0.0,0.0,36364.94180318566
2012-03-02,28119.681312203254,12886.695065011405,41856.212729800034,27993.626387791905,28224.02270757132,-1089.5936049794918,-1089.5936049794918,-1089.5936049794918,3563.2497467855283,3563.2497467855283,3563.2497467855283,-4652.843351765019,-4652.843351765019,-4652.843351765019,0.0,0.0,0.0,27030.087707223764
2012-03-03,28137.6861906996,-21322.546906484768,8809.383210135817,28008.895097319815,28244.617084403173,-34465.67820119975,-34465.67820119975,-34465.67820119975,-29467.137379355892,-29467.137379355892,-29467.137379355892,-4998.540821843855,-4998.540821843855,-4998.540821843855,0.0,0.0,0.0,-6327.992010500151
2012-03-04,28155.691069195935,1639.667980885443,32563.900690894887,28024.80464009179,28264.24982455716,-11298.79991634428,-11298.79991634428,-11298.79991634428,-5950.734482077127,-5950.734482077127,-5950.734482077127,-5348.065434267153,-5348.065434267153,-5348.065434267153,0.0,0.0,0.0,16856.891152851655
2012-03-05,28173.69594769227,14105.20597380954,43513.839733487956,28040.25152033621,28282.652112503707,-48.85718176090775,-48.85718176090775,-48.85718176090775,5637.336082797292,5637.336082797292,5637.336082797292,-5686.1932645582,-5686.1932645582,-5686.1932645582,0.0,0.0,0.0,28124.838765931363
2012-03-06,28191.700826188615,15089.850186805541,45692.69778350873,28055.48816555194,28303.478747669167,2264.993812806762,2264.993812806762,2264.993812806762,8263.268564186259,8263.268564186259,8263.268564186259,-5998.274751379497,-5998.274751379497,-5998.274751379497,0.0,0.0,0.0,30456.694638995377
2012-03-07,28209.705704684948,12910.593807035004,42868.39200352074,28070.28683734726,28322.60298963794,-906.2317952778631,-906.2317952778631,-906.2317952778631,5364.460058897811,5364.460058897811,5364.460058897811,-6270.691854175673,-6270.691854175673,-6270.691854175673,0.0,0.0,0.0,27303.473909407083
2012-03-08,28227.710583181288,17630.272361639778,48663.49526701526,28085.886330047433,28342.02121572185,6098.277846898454,6098.277846898454,6098.277846898454,12589.557408814839,12589.557408814839,12589.557408814839,-6491.279561916384,-6491.279561916384,-6491.279561916384,0.0,0.0,0.0,34325.98843007974
