StockCode,Description,TotalQuantity,TotalRevenue,TotalOrders,AveragePrice,RevenuePercentage,CumulativeRevenue,ABC_Class,MovementCategory
22423,REGENCY CAKESTAND 3 TIER,24124,277656.25,3317,12.461649175412294,1.5980395848911668,1.5980395848911668,A,Fast Moving
85123A,WHITE HANGING HEART T-LIGHT HOLDER,91757,247048.01,4888,2.870665869218501,1.4218750679971688,3.0199146528883354,A,Fast Moving
23843,"PAPER CRAFT , LITTLE BIRDIE",80995,168469.6,1,2.08,0.9696201315503647,3.9895347844387,A,Fast Moving
M,Manual,9384,151777.67,620,214.78588839941264,0.8735503874396797,4.86308517187838,A,Fast Moving
85099B,JUMBO BAG RED RETROSPOT,74224,134307.44,2612,1.9738697463082164,0.7730011684066009,5.636086340284981,A,Fast Moving
POST,POSTAGE,5235,124648.04,1803,29.938874098724348,0.7174068730637165,6.353493213348698,A,Fast Moving
84879,ASSORTED COLOUR BIRD ORNAMENT,78234,124351.86,2652,1.6761515601783061,0.7157022207670257,7.0691954341157235,A,Fast Moving
47566,PARTY BUNTING,23460,103283.38,2077,4.77291229742612,0.5944434159193487,7.663638850035072,A,Fast Moving
23166,MEDIUM CERAMIC TOP STORAGE JAR,77916,81416.73000000001,195,1.2203030303030302,0.468590775148754,8.132229625183827,A,Fast Moving
22086,PAPER CHAIN KIT 50'S CHRISTMAS ,28380,76598.18000000001,1691,2.9196085204375364,0.44085780086210513,8.573087426045932,A,Fast Moving
79321,CHILLI LIGHTS,14843,69084.3,922,5.146038961038961,0.39761196117320197,8.970699387219135,A,Fast Moving
85099F,JUMBO BAG STRAWBERRY,35842,64127.77,1514,1.9569180327868854,0.36908484844406064,9.339784235663195,A,Fast Moving
21137,BLACK RECORD COVER FRAME,18417,63092.12,539,3.6303696857670977,0.363124205756952,9.702908441420147,A,Fast Moving
84347,ROTATING SILVER ANGELS T-LIGHT HLDR,28606,55880.17,525,2.5669636363636363,0.3216161122627271,10.024524553682875,A,Fast Moving
82484,WOOD BLACK BOARD ANT WHITE FINISH,9678,54525.36,1048,6.962461832061068,0.3138185567961875,10.338343110479062,A,Fast Moving
21621,VINTAGE UNION JACK BUNTING,6497,54432.62,1121,8.499444933920705,0.3132847953876011,10.651627905866663,A,Fast Moving
15056N,EDWARDIAN PARASOL NATURAL,10948,54332.61,863,5.787598152424943,0.3127091917810374,10.9643370976477,A,Fast Moving
85099C,JUMBO  BAG BAROQUE BLACK WHITE,28899,52188.18,1449,1.9575478142076501,0.3003670095790226,11.264704107226724,A,Fast Moving
23084,RABBIT NIGHT LIGHT,27153,51251.24,801,2.0127703523693805,0.29497448839980217,11.559678595626526,A,Fast Moving
22470,HEART OF WICKER LARGE,17104,49859.5,1743,2.944598990465508,0.2869643837762742,11.8466429794028,A,Fast Moving
21733,RED HANGING HEART T-LIGHT HOLDER,17228,48850.6,1631,2.9157650602409637,0.28115769965806436,12.127800679060865,A,Fast Moving
21931,JUMBO STORAGE BAG SUKI,25970,47760.99,1714,1.9728645833333334,0.2748864923213188,12.402687171382183,A,Fast Moving
22189,CREAM HEART CARD HOLDER,15946,47414.200000000004,1129,3.8781657848324516,0.2728905561677318,12.675577727549916,A,Fast Moving
15056BL,EDWARDIAN PARASOL BLACK,9351,45885.07,788,5.794080100125157,0.2640897088234179,12.939667436373334,A,Fast Moving
22178,VICTORIAN GLASS HANGING T-LIGHT,37285,45746.75,1442,1.3451874573960465,0.2632936135243488,13.202961049897683,A,Fast Moving
22112,CHOCOLATE HOT WATER BOTTLE,9904,45601.340000000004,1447,4.878344733242134,0.26245671201019594,13.46541776190788,A,Fast Moving
22411,JUMBO SHOPPER VINTAGE RED PAISLEY,24295,45059.13,1680,1.980715552927262,0.25933604376187147,13.724753805669751,A,Fast Moving
22910,PAPER CHAIN KIT VINTAGE CHRISTMAS,16469,44998.270000000004,1233,2.9220930232558144,0.2589857664346495,13.983739572104401,A,Fast Moving
21623,VINTAGE UNION JACK MEMOBOARD,6125,44785.83,499,9.774549098196394,0.2577630764018688,14.24150264850627,A,Fast Moving
21181,PLEASE ONE PERSON METAL SIGN,22379,44310.600000000006,1399,2.0730530035335692,0.25502790889914617,14.496530557405416,A,Fast Moving
22386,JUMBO BAG PINK POLKADOT,23572,43319.16,1055,2.0029119850187267,0.24932171512160828,14.745852272527024,A,Fast Moving
22469,HEART OF WICKER SMALL,26193,43316.54,1779,1.6381823174080175,0.24930663581504692,14.995158908342072,A,Fast Moving
21929,JUMBO BAG PINK VINTAGE PAISLEY,24108,43313.9,1228,1.9750485436893204,0.24929144139927525,15.244450349741347,A,Fast Moving
22138,BAKING SET 9 PIECE RETROSPOT ,9035,43070.91,1742,4.9517741015402175,0.2478929220476212,15.492343271788968,A,Fast Moving
21843,RED RETROSPOT CAKE STAND,4298,42862.74,984,10.869421319796954,0.24669480783125905,15.739038079620228,A,Fast Moving
22111,SCOTTIE DOG HOT WATER BOTTLE,9092,42463.200000000004,1457,4.893550577053632,0.24439527113526388,15.983433350755492,A,Fast Moving
21754,HOME BUILDING BLOCK WORD,7231,42453.11,1831,5.963963282937365,0.2443371985386212,16.227770549294114,A,Fast Moving
21731,RED TOADSTOOL LED NIGHT LIGHT,27102,41824.26,1043,1.6490377358490567,0.2407178771908799,16.468488426484992,A,Fast Moving
21175,GIN + TONIC DIET METAL SIGN,19755,40940.78,1385,2.259413027916965,0.23563304293103643,16.704121469416027,A,Fast Moving
22457,NATURAL SLATE HEART CHALKBOARD ,14187,40276.170000000006,1637,2.9584354154032746,0.23180790631511472,16.935929375731142,A,Fast Moving
22326,ROUND SNACK BOXES SET OF4 WOODLAND ,14630,40219.82,1144,2.9324567474048444,0.23148358611483608,17.16741296184598,A,Fast Moving
48138,DOORMAT UNION FLAG,6146,40053.72,874,7.668266818700114,0.23052760412253293,17.39794056596851,A,Fast Moving
82494L,WOODEN FRAME ANTIQUE WHITE ,14368,39909.170000000006,1773,2.8997430167597766,0.22969565230442687,17.627636218272936,A,Fast Moving
20727,LUNCH BAG  BLACK SKULL.,25392,39904.0,1997,1.6399951100244499,0.22966589657354058,17.857302114846476,A,Fast Moving
21915,RED  HARMONICA IN BOX ,35229,39870.65,884,1.2519775280898877,0.2294739519652124,18.086776066811687,A,Fast Moving
71477,COLOUR GLASS. STAR T-LIGHT HOLDER,13874,39822.34,644,3.192735562310031,0.22919590566751122,18.315971972479197,A,Fast Moving
21232,STRAWBERRY CERAMIC TRINKET BOX,33899,39682.67,1818,1.2356750941366326,0.2283920404967407,18.544364012975937,A,Fast Moving
22502,PICNIC BASKET WICKER 60 PIECES,61,39619.5,2,649.5,0.2280284680557185,18.772392481031655,A,Slow Moving
21166,COOK WITH WINE METAL SIGN ,19652,37029.340000000004,1225,1.977408906882591,0.2131209044363089,18.985513385467964,A,Fast Moving
82482,WOODEN PICTURE FRAME WHITE FINISH,15643,37011.1,1658,2.564078947368421,0.2130159248364316,19.198529310304394,A,Fast Moving
20728,LUNCH BAG CARS BLUE,23304,36644.28,1797,1.6495274725274724,0.21090470680863727,19.409434017113032,A,Fast Moving
84078A,SET/4 WHITE RETRO STORAGE CUBES ,1007,36259.65,234,38.497008547008555,0.2086909840289891,19.618125001142023,A,Medium Moving
22629,SPACEBOY LUNCH BOX ,20271,36150.99,1108,1.9303753351206436,0.2080655956889309,19.826190596830955,A,Fast Moving
23284,DOORMAT KEEP CALM AND COME IN,5338,35880.85,648,7.91196319018405,0.20651081558417006,20.032701412415125,A,Fast Moving
23298,SPOTTY BUNTING,7633,35509.55,1003,4.917840236686391,0.20437381309324798,20.237075225508374,A,Fast Moving
85066,CREAM SWEETHEART MINI CHEST,2948,35264.729999999996,809,12.656833740831297,0.20296476124884305,20.440039986757217,A,Fast Moving
20713,JUMBO BAG OWLS,19463,35162.42,920,1.967599569429494,0.20237592008308425,20.642415906840302,A,Fast Moving
48194,DOORMAT HEARTS,5788,35069.4,857,7.629965075669383,0.20184054714555244,20.844256453985853,A,Fast Moving
22114,HOT WATER BOTTLE TEA AND SYMPATHY,8848,34479.62,1298,4.023521772345302,0.1984460916403113,21.042702545626163,A,Fast Moving
22960,JAM MAKING SET WITH JARS,8454,33833.72,903,4.181095132743363,0.194728639690711,21.237431185316876,A,Fast Moving
22328,ROUND SNACK BOXES SET OF 4 FRUITS ,12356,33670.240000000005,985,2.9206344410876133,0.19378773700496918,21.431218922321843,A,Fast Moving
22720,SET OF 3 CAKE TINS PANTRY DESIGN ,7010,33298.3,1146,4.953637152777778,0.19164705101931453,21.622865973341156,A,Fast Moving
20726,LUNCH BAG WOODLAND,20916,33004.76,1585,1.6512445550715618,0.1899575931383954,21.81282356647955,A,Fast Moving
22197,SMALL POPCORN HOLDER,42955,32505.93,1039,0.8353918791312559,0.18708659676741055,21.999910163246962,A,Fast Moving
22699,ROSES REGENCY TEACUP AND SAUCER ,11939,32470.65,1056,2.915397567820393,0.18688354412027955,22.186793707367244,A,Fast Moving
20725,LUNCH BAG RED RETROSPOT,20294,32137.5,1520,1.656367771280052,0.18496611244817965,22.371759819815423,A,Fast Moving
84029E,RED WOOLLY HOTTIE WHITE HEART.,9259,31876.47,956,3.784886128364389,0.18346376458875224,22.555223584404175,A,Fast Moving
20685,DOORMAT RED RETROSPOT,4806,31864.2,758,7.739288537549407,0.18339314508817692,22.738616729492353,A,Fast Moving
21755,LOVE BUILDING BLOCK WORD,5367,31590.41,1485,5.9658432934926955,0.18181735755251957,22.92043408704487,A,Fast Moving
48187,DOORMAT NEW ENGLAND,5146,31461.34,728,7.720205479452055,0.1810745002632567,23.10150858730813,A,Fast Moving
22630,DOLLY GIRL LUNCH BOX,17340,30921.64,998,1.9443280632411066,0.17796827822083638,23.279476865528963,A,Fast Moving
22727,ALARM CLOCK BAKELIKE RED ,8512,30703.09,1144,3.7613965517241383,0.17671042232428097,23.456187287853243,A,Fast Moving
85152,HAND OVER THE CHOCOLATE   SIGN ,16146,30615.930000000004,1300,2.081425304878049,0.17620877638539392,23.632396064238637,A,Fast Moving
82486,WOOD S/3 CABINET ANT WHITE FINISH,3913,30363.75,1002,8.026528599605522,0.17475736435156483,23.8071534285902,A,Fast Moving
22382,LUNCH BAG SPACEBOY DESIGN ,18834,30131.7,1874,1.6465396825396825,0.173421809737995,23.980575238328196,A,Fast Moving
22385,JUMBO BAG SPACEBOY DESIGN,16383,29810.15,971,1.979439918533605,0.1715711414079223,24.15214637973612,A,Fast Moving
21523,DOORMAT FANCY FONT HOME SWEET HOME,4825,29691.95,572,7.738181818181817,0.1708908459745073,24.323037225710628,A,Fast Moving
48185,DOORMAT FAIRY CAKE,4760,29116.96,420,7.754893111638955,0.16758151373035077,24.49061873944098,A,Fast Moving
20712,JUMBO BAG WOODLAND ANIMALS,15709,29105.5,915,1.9862594594594594,0.16751555615279634,24.658134295593776,A,Fast Moving
15036,ASSORTED COLOURS SILK FAN,40994,28766.32,634,0.7659527559055118,0.16556341905376332,24.82369771464754,A,Fast Moving
47590B,PINK HAPPY BIRTHDAY BUNTING,5652,28581.4,810,5.4121349693251535,0.16449911929448158,24.988196833942023,A,Fast Moving
20679,EDWARDIAN PARASOL RED,6029,28557.920000000002,622,5.819614767255216,0.1643639810814817,25.152560815023506,A,Fast Moving
20914,SET/5 RED SPOTTY LID GLASS BOWLS,10526,28513.300000000003,787,2.9024405506883606,0.1641071724330978,25.316667987456604,A,Fast Moving
82483,WOOD 2 DRAWER CABINET WHITE FINISH,4774,27952.22,1053,6.194406779661017,0.16087789864476876,25.477545886101375,A,Fast Moving
22379,RECYCLING BAG RETROSPOT ,14259,27893.78,1013,2.09366927592955,0.16054154953200417,25.63808743563338,A,Fast Moving
22139,RETROSPOT TEA SET CERAMIC 11 PC ,5745,27595.33,1145,4.975026086956522,0.15882383233993388,25.796911267973314,A,Fast Moving
22865,HAND WARMER OWL DESIGN,13675,27514.63,1058,2.1029791099000907,0.15835936667600334,25.955270634649317,A,Fast Moving
22188,BLACK HEART CARD HOLDER,10255,27324.45,487,3.838258196721312,0.15726479319438855,26.112535427843707,A,Fast Moving
22622,BOX OF VINTAGE ALPHABET BLOCKS,2833,27251.26,511,10.414902723735407,0.15684355103896008,26.269378978882667,A,Fast Moving
20725,LUNCH BAG RED SPOTTY,17456,27237.6,1059,1.6314392523364485,0.15676493144826253,26.42614391033093,A,Fast Moving
22666,RECIPE BOX PANTRY YELLOW DESIGN,9600,27222.52,1277,2.953152594887684,0.1566781391036272,26.582822049434554,A,Fast Moving
22077,6 RIBBONS RUSTIC CHARM,16026,27031.04,1361,1.7178992805755398,0.15557608352333696,26.73839813295789,A,Fast Moving
21928,JUMBO BAG SCANDINAVIAN PAISLEY,15358,26847.1,721,1.914484181568088,0.1545174241153644,26.892915557073255,A,Fast Moving
22659,LUNCH BOX I LOVE LONDON,15156,26596.719999999998,763,1.925752551020408,0.15307637191047055,27.045991928983725,A,Fast Moving
23245,SET OF 3 REGENCY CAKE TINS,5844,26566.280000000002,718,4.932690707350902,0.15290117569225442,27.198893104675978,A,Fast Moving
23199,JUMBO BAG APPLES,13875,26426.3,718,2.0620027624309394,0.15209552632872284,27.3509886310047,A,Fast Moving
21977,PACK OF 60 PINK PAISLEY CAKE CASES,54592,26407.35,1578,0.5449906425452278,0.15198646035187666,27.50297509135658,A,Fast Moving
22467,GUMBALL COAT RACK,11460,26149.13,928,2.497053191489362,0.1505002853365093,27.653475376693088,A,Fast Moving
22492,MINI PAINT SET VINTAGE ,41507,25900.19,618,0.6521359223300971,0.14906752099476367,27.80254289768785,A,Fast Moving
72741,GRAND CHOCOLATECANDLE,19284,25895.4,823,1.421912832929782,0.14903995233887488,27.951582850026725,A,Fast Moving
84991,60 TEATIME FAIRY CAKE CASES,52828,25785.92,1765,0.5432928847214562,0.14840984452119063,28.099992694547915,A,Fast Moving
22752,SET 7 BABUSHKA NESTING BOXES,3273,25620.99,577,8.411470085470086,0.1474605964176954,28.24745329096561,A,Fast Moving
22726,ALARM CLOCK BAKELIKE GREEN,6713,24898.96,1041,3.781159695817491,0.14330498125873906,28.39075827222435,A,Fast Moving
22386,JUMBO BAG PINK WITH WHITE SPOTS,13766,24450.6,712,1.9206675938803894,0.14072446298017768,28.531482735204527,A,Fast Moving
85099B,JUMBO BAG RED WHITE SPOTTY ,13879,24323.85,465,1.9092356687898089,0.13999495835932024,28.671477693563848,A,Fast Moving
23355,HOT WATER BOTTLE KEEP CALM,5313,24302.55,719,4.866142270861833,0.13987236705025305,28.8113500606141,A,Fast Moving
47566B,TEA TIME PARTY BUNTING,5612,24255.3,655,4.725340393343419,0.13960042154070265,28.950950482154802,A,Fast Moving
22149,FELTCRAFT 6 FLOWER FRIENDS,12174,24248.29,1189,2.0936026380873867,0.13956007576246035,29.090510557917263,A,Fast Moving
48138,DOOR MAT UNION FLAG,3733,24216.23,637,7.056379310344828,0.13937555569820245,29.229886113615464,A,Fast Moving
23201,JUMBO BAG ALPHABET,12533,24160.44,752,2.0582430647291945,0.13905445855581477,29.36894057217128,A,Fast Moving
22624,IVORY KITCHEN SCALES,2916,24137.48,1065,8.530816135084429,0.13892231318228507,29.507862885353564,A,Fast Moving
84077,WORLD WAR 2 GLIDERS ASSTD DESIGNS,105185,24098.03,920,0.2619978284473398,0.13869526026478743,29.64655814561835,A,Fast Moving
20972,PINK CREAM FELT CRAFT TRINKET BOX ,20064,23812.52,1224,1.2567366720516961,0.13705201873184059,29.78361016435019,A,Fast Moving
37503,TEA TIME CAKE STAND IN GIFT BOX,2384,23784.8,465,10.618497854077253,0.13689247736623766,29.92050264171643,A,Fast Moving
84755,COLOUR GLASS T-LIGHT HOLDER HANGING,39259,23598.510000000002,1100,0.6429443447037702,0.1358202926260441,30.05632293434247,A,Fast Moving
20971,PINK BLUE FELT CRAFT TRINKET BOX,20500,23554.3,1003,1.2539292730844793,0.1355658437164732,30.191888778058946,A,Fast Moving
47590A,BLUE HAPPY BIRTHDAY BUNTING,4681,23531.47,633,5.431876971608832,0.1354344465528111,30.327323224611757,A,Fast Moving
22697,GREEN REGENCY TEACUP AND SAUCER,8500,23507.24,933,2.928878306878307,0.13529499174442153,30.462618216356177,A,Fast Moving
22866,HAND WARMER SCOTTY DOG DESIGN,11667,23436.660000000003,939,2.0897154471544717,0.13488877134094918,30.597506987697127,A,Fast Moving
22197,POPCORN HOLDER,30919,23417.51,632,0.8432312404287902,0.13477855427199908,30.732285541969127,A,Fast Moving
84836,ZINC METAL HEART DECORATION,19328,23331.43,1244,1.2495665878644602,0.1342831242304732,30.8665686661996,A,Fast Moving
21108,FAIRY CAKE FLANNEL ASSORTED COLOUR,12532,23322.62,408,1.9980487804878047,0.13423241862329563,31.000801084822896,A,Fast Moving
22551,PLASTERS IN TIN SPACEBOY,14623,23194.95,1156,1.6505128205128203,0.13349761897876014,31.134298703801658,A,Fast Moving
21485,RETROSPOT HEART HOT WATER BOTTLE,4895,23085.53,815,4.938075060532688,0.13286785648870708,31.267166560290367,A,Fast Moving
22507,MEMO BOARD RETROSPOT  DESIGN,5208,23083.44,737,4.923924221921516,0.13285582757622116,31.40002238786659,A,Fast Moving
22084,PAPER CHAIN KIT EMPIRE,8437,23049.95,704,2.906381486676017,0.13266307720342024,31.53268546507001,A,Fast Moving
23173,REGENCY TEAPOT ROSES ,2662,23033.52,354,9.70313725490196,0.13256851498708344,31.665253980057095,A,Fast Moving
82583,HOT BATHS METAL SIGN,11797,23010.120000000003,820,2.0745758661887694,0.13243383721092516,31.79768781726802,A,Fast Moving
71459,HANGING JAM JAR T-LIGHT HOLDER,29255,22805.99,815,0.8305875152998776,0.13125897505506218,31.92894679232308,A,Fast Moving
21930,JUMBO STORAGE BAG SKULLS,12305,22795.28,997,1.9759742828882294,0.1311973340728974,32.060144126395976,A,Fast Moving
22158,3 HEARTS HANGING DECORATION RUSTIC,7982,22471.86,646,2.9539024390243904,0.12933590303165304,32.18948002942763,A,Fast Moving
22961,JAM MAKING SET PRINTED,15867,22328.95,903,1.4706291390728476,0.1285133901687991,32.31799341959643,A,Fast Moving
22867,HAND WARMER BIRD DESIGN,11000,22168.33,907,2.1004264392324092,0.1275889481001433,32.44558236769657,A,Fast Moving
23243,SET OF TEA COFFEE SUGAR TINS PANTRY,4658,22109.079999999998,385,4.887694300518135,0.1272479370643578,32.57283030476093,A,Fast Moving
82600,NO SINGING METAL SIGN,11194,22097.04,970,2.0697643442622953,0.12717864131970202,32.70000894608063,A,Fast Moving
84978,HANGING HEART JAR T-LIGHT HOLDER,19012,22079.739999999998,1087,1.2278837420526794,0.12707907185271317,32.82708801793334,A,Fast Moving
22383,LUNCH BAG SUKI  DESIGN ,13896,22026.4,1073,1.6415750915750915,0.12677207558859852,32.95386009352194,A,Fast Moving
21212,PACK OF 72 RETRO SPOT CAKE CASES,45129,21838.23,1160,0.5364412510566356,0.12568907058262807,33.07954916410457,A,Fast Moving
21231,SWEETHEART CERAMIC TRINKET BOX,18488,21793.25,1171,1.2468948247078464,0.12543018996845712,33.204979354073025,A,Fast Moving
21481,FAWN BLUE HOT WATER BOTTLE,7526,21779.5,834,3.1203333333333334,0.12535105238631283,33.33033040645934,A,Fast Moving
20914,SET/5 RED RETROSPOT LID GLASS BOWLS,7709,21682.030000000002,1003,2.9468297455968693,0.12479006764946883,33.45512047410881,A,Fast Moving
21212,PACK OF 72 RETROSPOT CAKE CASES,44721,21551.8,1348,0.5452838427947598,0.1240405340260032,33.57916100813481,A,Fast Moving
84946,ANTIQUE SILVER TEA GLASS ETCHED,18604,21540.440000000002,789,1.227171464330413,0.12397515199450072,33.70313616012931,A,Fast Moving
22734,SET OF 6 RIBBONS VINTAGE CHRISTMAS,8849,21490.170000000002,599,2.7292532467532467,0.12368582499418115,33.826821985123495,A,Fast Moving
22171,3 HOOK PHOTO SHELF ANTIQUE WHITE,2999,21458.42,544,8.376727941176469,0.1235030891226843,33.95032507424618,A,Fast Moving
22835,HOT WATER BOTTLE I AM SO POORLY,4638,21398.28,815,4.77002444987775,0.12315695572703643,34.07348202997321,A,Fast Moving
22728,ALARM CLOCK BAKELIKE PINK,5833,21369.98,772,3.777695262483995,0.12299407619433214,34.196476106167545,A,Fast Moving
22087,PAPER BUNTING WHITE LACE,7752,21336.350000000002,663,2.891445427728614,0.12280052005705852,34.3192766262246,A,Fast Moving
84406B,CREAM CUPID HEARTS COAT HANGER,6682,21256.0,724,3.38114010989011,0.12233806880430981,34.44161469502891,A,Fast Moving
20749,ASSORTED COLOUR MINI CASES,2972,21169.64,726,7.783772290809328,0.12184102723383838,34.56345572226275,A,Fast Moving
22607,WOODEN ROUNDERS GARDEN SET ,2406,20978.47,643,9.09470588235294,0.12074075584630924,34.68419647810906,A,Fast Moving
22113,GREY HEART HOT WATER BOTTLE,5623,20977.78,913,3.870615711252654,0.12073678457855072,34.80493326268761,A,Fast Moving
22556,PLASTERS IN TIN CIRCUS PARADE ,13112,20950.16,1100,1.6515714285714285,0.12057781875899976,34.925511081446615,A,Fast Moving
22090,PAPER BUNTING RETROSPOT,7632,20933.24,658,2.9078280542986428,0.12048043636700839,35.045991517813626,A,Fast Moving
23202,JUMBO BAG VINTAGE LEAF,10695,20921.55,772,2.078562259306804,0.12041315503353442,35.16640467284716,A,Fast Moving
84029G,KNITTED UNION FLAG HOT WATER BOTTLE,5724,20838.9,758,3.8243483870967743,0.1199374662215907,35.28634213906875,A,Fast Moving
22605,WOODEN CROQUET GARDEN SET,1710,20813.809999999998,548,13.36233151183971,0.11979306171715426,35.406135200785904,A,Medium Moving
22090,PAPER BUNTING RETRO SPOTS,7595,20723.25,607,2.9139837398373984,0.11927184721250061,35.52540704799841,A,Fast Moving
23203,JUMBO BAG VINTAGE DOILY ,10620,20641.4,621,2.061926751592357,0.11880076276897256,35.64420781076738,A,Fast Moving
21314,SMALL GLASS HEART TRINKET POT,10447,20588.260000000002,711,2.086136680613668,0.11849491759696178,35.76270272836434,A,Fast Moving
22722,SET OF 6 SPICE TINS PANTRY DESIGN,5366,20506.300000000003,654,3.9170180722891565,0.11802320005277656,35.880725928417114,A,Fast Moving
22554,PLASTERS IN TIN WOODLAND ANIMALS,12824,20471.68,1097,1.6482718271827181,0.1178239460095885,35.9985498744267,A,Fast Moving
22698,PINK REGENCY TEACUP AND SAUCER,7408,20329.640000000003,746,2.925139813581891,0.11700644039738659,36.11555631482409,A,Fast Moving
48184,DOORMAT ENGLISH ROSE ,3158,20298.8,464,7.711163793103449,0.11682894199496255,36.23238525681905,A,Fast Moving
20711,JUMBO BAG TOYS ,11326,20283.78,671,1.9533382789317506,0.11674249497795836,36.349127751797006,A,Fast Moving
22969,HOMEMADE JAM SCENTED CANDLES,14012,20204.8,577,1.4492720970537263,0.1162879287061215,36.46541568050313,A,Fast Moving
37449,CERAMIC CAKE STAND + HANGING CAKES,2277,20204.579999999998,410,9.582457420924573,0.1162866625048072,36.58170234300793,A,Fast Moving
21790,VINTAGE SNAP CARDS,25120,19957.34,1480,0.8475531914893617,0.11486368244594489,36.696566025453876,A,Fast Moving
22585,PACK OF 6 BIRDY GIFT TAGS,16784,19950.85,950,1.2484327603640042,0.11482632950717275,36.81139235496105,A,Fast Moving
22139,RETRO SPOT TEA SET CERAMIC 11 PC ,4304,19921.27,692,4.89958393113343,0.11465608298500342,36.92604843794605,A,Fast Moving
84970S,HANGING HEART ZINC T-LIGHT HOLDER,25389,19821.96,1141,0.8483304347826086,0.11408450820080338,37.040132946146855,A,Fast Moving
22083,PAPER CHAIN KIT RETRO SPOT,7351,19804.550000000003,490,2.897267206477733,0.11398430563315741,37.154117251780015,A,Fast Moving
22617,BAKING SET SPACEBOY DESIGN,4165,19719.21,883,4.9832170978627675,0.11349313463241598,37.26761038641243,A,Fast Moving
22294,HEART FILIGREE DOVE  SMALL,16260,19686.6,707,1.2456292286874153,0.11330544906487229,37.3809158354773,A,Fast Moving
22941,CHRISTMAS LIGHTS 10 REINDEER,2487,19590.9,406,8.442137592137591,0.11275465149314798,37.49367048697045,A,Fast Moving
22273,FELTCRAFT DOLL MOLLY,7203,19332.93,701,2.947116736990155,0.11126991534291049,37.60494040231336,A,Fast Moving
22570,FELTCRAFT CUSHION RABBIT,5420,19282.55,677,3.7321617647058822,0.11097995524193376,37.71592035755529,A,Fast Moving
21524,DOORMAT SPOTTY HOME SWEET HOME,2671,19215.5,636,7.825094339622642,0.11059405161409554,37.826514409169384,A,Fast Moving
48188,DOORMAT WELCOME PUPPIES,3345,19178.670000000002,368,7.803179347826087,0.11038207800315922,37.93689648717255,A,Fast Moving
22625,RED KITCHEN SCALES,2360,19149.63,781,8.440307298335467,0.11021493942967046,38.047111426602214,A,Fast Moving
21791,VINTAGE HEADS AND TAILS CARD GAME ,16199,19147.65,1050,1.2553514526710403,0.11020354361784168,38.15731497022006,A,Fast Moving
22568,FELTCRAFT CUSHION OWL,5312,19128.13,771,3.759832041343669,0.11009119702849936,38.26740616724856,A,Fast Moving
22569,FELTCRAFT CUSHION BUTTERFLY,5357,18865.21,679,3.730334302325581,0.10857797134868993,38.375984138597246,A,Fast Moving
22413,METAL SIGN TAKE IT OR LEAVE IT ,6814,18863.02,766,2.942393272962484,0.10856536689015206,38.4845495054874,A,Fast Moving
85150,LADIES & GENTLEMEN METAL SIGN,8078,18847.98,889,2.5220805369127515,0.10847880476393748,38.59302831025134,A,Fast Moving
22693,GROW A FLYTRAP OR SUNFLOWER IN TIN,17242,18798.98,281,1.2356028368794325,0.10819678719847779,38.70122509744982,A,Fast Moving
22501,PICNIC BASKET WICKER LARGE,2055,18794.25,497,9.797122736418512,0.10816956387022016,38.80939466132004,A,Fast Moving
85048,15CM CHRISTMAS GLASS BALL 20 LIGHTS,2525,18618.75,432,7.75091533180778,0.10715948054903289,38.91655414186908,A,Fast Moving
21622,VINTAGE UNION JACK CUSHION COVER,3517,18495.47,550,4.949712230215828,0.1064499473761784,39.023004089245255,A,Fast Moving
22558,CLOTHES PEGS RETROSPOT PACK 24 ,13410,18411.74,1017,1.4597565725413828,0.1059680426668735,39.12897213191213,A,Fast Moving
21213,PACK OF 72 SKULL CAKE CASES,38530,18319.18,1156,0.5392444821731749,0.10543531724118067,39.23440744915331,A,Fast Moving
22499,WOODEN UNION JACK BUNTING,3165,18251.280000000002,632,5.9413679245283015,0.10504452147190081,39.33945197062521,A,Fast Moving
23206,LUNCH BAG APPLE DESIGN,11530,18220.5,866,1.6413439635535307,0.10486736839710796,39.44431933902232,A,Fast Moving
22384,LUNCH BAG PINK POLKADOT,11392,18207.2,1101,1.651290322580645,0.10479082077219748,39.549110159794516,A,Fast Moving
21908,CHOCOLATE THIS WAY METAL SIGN,9396,18041.24,801,2.107663782447466,0.10383564454436707,39.652945804338884,A,Fast Moving
84949,SILVER HANGING T-LIGHT HOLDER,11635,18001.35,612,1.632958199356913,0.10360605922424078,39.756551863563125,A,Fast Moving
21340,CLASSIC METAL BIRDCAGE PLANT HOLDER,1702,17888.71,383,12.110182291666666,0.10295776415131466,39.85950962771444,A,Medium Moving
22561,WOODEN SCHOOL COLOURING SET,11158,17861.22,838,1.6494392523364485,0.10279954654163127,39.96230917425607,A,Fast Moving
21174,POTTERING IN THE SHED METAL SIGN,9247,17814.51,855,1.9918013856812935,0.10253070898076143,40.06483988323683,A,Fast Moving
22555,PLASTERS IN TIN STRONGMAN,11048,17664.44,856,1.6477445339470655,0.10166698702058721,40.166506870257415,A,Fast Moving
22456,NATURAL SLATE CHALKBOARD LARGE ,4016,17637.16,595,4.880536912751678,0.10150997805761293,40.26801684831503,A,Fast Moving
23344,JUMBO BAG 50'S CHRISTMAS ,8933,17636.04,586,2.070135135135135,0.101503531941831,40.36952038025686,A,Fast Moving
22427,ENAMEL FLOWER JUG CREAM,3039,17471.23,702,5.912011331444759,0.10055497449359811,40.470075354750456,A,Fast Moving
21936,RED RETROSPOT PICNIC BAG,6292,17462.96,701,2.938879432624114,0.10050737683510115,40.57058273158556,A,Fast Moving
22061,LARGE CAKE STAND  HANGING STRAWBERY,2086,17354.85,443,9.548828828828828,0.09988515399832876,40.67046788558389,A,Fast Moving
22147,FELTCRAFT BUTTERFLY HEARTS,12605,17238.05,1026,1.4482816901408448,0.09921291620964116,40.769680801793534,A,Fast Moving
84947,ANTIQUE SILVER TEA GLASS ENGRAVED,15028,17162.93,559,1.2380069324090122,0.0987805660154099,40.86846136780894,A,Fast Moving
21479,WHITE SKULL HOT WATER BOTTLE ,4538,16917.32,738,3.8781432360742705,0.0973669673571945,40.96582833516614,A,Fast Moving
21136,PAINTED METAL PEARS ASSORTED,10255,16907.51,714,1.6879916897506926,0.09731050628949736,41.06313884145563,A,Fast Moving
22633,HAND WARMER UNION JACK,8364,16857.36,790,2.0868471720818293,0.09702186994444016,41.160160711400074,A,Fast Moving
22560,TRADITIONAL MODELLING CLAY,14393,16851.64,655,1.251544227886057,0.09698894871026813,41.25714966011034,A,Fast Moving
84945,MULTI COLOUR SILVER T-LIGHT HOLDER,21125,16833.35,585,0.8471959459459459,0.0968836813373649,41.35403334144771,A,Fast Moving
23203,JUMBO BAG DOILEY PATTERNS,8735,16737.1,454,2.0462800875273524,0.09632971826235479,41.450363059710064,A,Fast Moving
22169,FAMILY ALBUM WHITE PICTURE FRAME,2094,16676.94,570,8.373842105263158,0.09598346975749653,41.54634652946756,A,Fast Moving
22505,MEMO BOARD COTTAGE DESIGN,3605,16599.89,655,4.918519637462236,0.09554001152446247,41.641886540992026,A,Fast Moving
21218,RED SPOTTY BISCUIT TIN,4715,16431.45,588,3.7139527027027026,0.09457056175454348,41.73645710274657,A,Fast Moving
22847,BREAD BIN DINER STYLE IVORY,1049,16335.789999999999,435,16.50880459770115,0.09401999440123993,41.83047709714781,A,Medium Moving
84992,72 SWEETHEART FAIRY CAKE CASES,33936,16178.47,1176,0.5467901234567901,0.09311454535229874,41.923591642500114,A,Fast Moving
21527,RED RETROSPOT TRADITIONAL TEAPOT ,2266,15892.74,508,7.849863813229572,0.09147003761803757,42.01506168011815,A,Fast Moving
21164,HOME SWEET HOME METAL SIGN ,5839,15888.490000000002,630,2.9307278481012657,0.09144557691082934,42.10650725702898,A,Fast Moving
22297,HEART IVORY TRELLIS SMALL,12939,15836.59,646,1.2510660660660662,0.09114686850986285,42.19765412553884,A,Fast Moving
22424,ENAMEL BREAD BIN CREAM,1300,15621.65,559,12.654785714285715,0.08990978982578313,42.28756391536462,A,Medium Moving
48173C,DOORMAT BLACK FLOCK ,2813,15618.36,290,7.661408934707905,0.0898908543606737,42.3774547697253,A,Fast Moving
22557,PLASTERS IN TIN VINTAGE PAISLEY ,9827,15614.59,991,1.6611874386653582,0.08986915627451486,42.467323925999814,A,Fast Moving
22083,PAPER CHAIN KIT RETROSPOT,5514,15411.86,585,2.945646258503402,0.08870235176337929,42.556026277763195,A,Fast Moving
21877,HOME SWEET HOME MUG,13856,15399.56,650,1.314616564417178,0.08863155959898839,42.64465783736218,A,Fast Moving
22383,LUNCH BAG SUKI DESIGN ,9570,15332.9,899,1.6533224043715846,0.0882479006007528,42.73290573796294,A,Fast Moving
22690,DOORMAT HOME SWEET HOME BLUE ,2493,15329.57,401,7.726791044776119,0.08822873491722259,42.82113447288016,A,Fast Moving
71053,WHITE METAL LANTERN,4306,15309.64,583,3.6891666666666665,0.08811402858906725,42.90924850146923,A,Fast Moving
22662,LUNCH BAG DOLLY GIRL DESIGN,9715,15305.19,872,1.6511098527746317,0.0880884167897551,42.99733691825898,A,Fast Moving
22632,HAND WARMER RED RETROSPOT,7578,15272.52,675,2.091244635193133,0.08790038589458024,43.08523730415356,A,Fast Moving
84970L,SINGLE HEART ZINC T-LIGHT HOLDER,16445,15241.51,821,0.9765096618357487,0.08772190906386788,43.172959213217425,A,Fast Moving
21559,STRAWBERRY LUNCH BOX WITH CUTLERY,6418,15232.34,798,2.5467447595561032,0.0876691314909033,43.26062834470833,A,Fast Moving
22296,HEART IVORY TRELLIS LARGE,9416,15218.08,739,1.650894736842105,0.087587058623894,43.348215403332226,A,Fast Moving
84946,ANTIQUE SILVER T-LIGHT GLASS,12949,15176.42,534,1.2427746741154562,0.08734728613864808,43.43556268947087,A,Fast Moving
72760B,VINTAGE CREAM 3 BASKET CAKE STAND,1632,15172.6,444,9.841973094170402,0.08732530027946325,43.52288798975033,A,Medium Moving
20685,DOOR MAT RED SPOT,2426,15093.48,369,7.176531165311653,0.08686992824315365,43.609757917993484,A,Fast Moving
22041,"RECORD FRAME 7"" SINGLE SIZE ",6845,15088.77,319,2.454953560371517,0.0868428200241064,43.696600738017594,A,Fast Moving
21843,RETRO SPOT CAKE STAND,1431,15083.449999999999,295,10.86864406779661,0.0868122009741422,43.78341293899174,A,Medium Moving
84997D,PINK 3 PIECE MINI DOTS CUTLERY SET,4198,15067.14,416,3.73127358490566,0.08671832941306776,43.870131268404805,A,Fast Moving
20719,WOODLAND CHARLOTTE BAG,19027,15030.64,1062,0.8416168224299065,0.08650825510410289,43.956639523508905,A,Fast Moving
22634,CHILDS BREAKFAST SET SPACEBOY ,1627,15021.4,464,9.744635193133048,0.08645507464890193,44.04309459815781,A,Medium Moving
22502,PICNIC BASKET WICKER SMALL,2985,14945.6,566,5.235726795096322,0.08601881074151735,44.12911340889932,A,Fast Moving
22652,TRAVEL SEWING KIT,9353,14859.81,716,1.6529080932784637,0.0855250497835421,44.21463845868286,A,Fast Moving
21975,PACK OF 60 DINOSAUR CAKE CASES,30881,14818.01,1133,0.548360655737705,0.08528447153382343,44.29992293021669,A,Fast Moving
85014B,RED/WHITE DOTS RUFFLED UMBRELLA,3405,14796.15,373,5.878016085790884,0.08515865716686528,44.38508158738355,A,Fast Moving
22635,CHILDS BREAKFAST SET DOLLY GIRL ,1598,14787.949999999999,450,9.789601769911503,0.08511146239060467,44.47019304977416,A,Medium Moving
21430,SET/3 RED GINGHAM ROSE STORAGE BOX,4169,14719.35,578,3.705662650602409,0.08471663779896112,44.55490968757312,A,Fast Moving
21914,BLUE HARMONICA IN BOX ,11830,14667.47,815,1.2688526570048309,0.08441804450720503,44.639327732080325,A,Fast Moving
22170,PICTURE FRAME WOOD TRIPLE PORTRAIT,2309,14658.65,510,6.686,0.08436728134542228,44.72369501342575,A,Fast Moving
17003,BROCADE RING PURSE ,70082,14640.96,387,0.26536895674300254,0.0842654672488308,44.80796048067458,A,Fast Moving
21928,JUMBO BAG SCANDINAVIAN BLUE PAISLEY,7754,14626.73,451,2.0591832229580573,0.0841835670456371,44.892144047720215,A,Fast Moving
84997B,RED 3 PIECE MINI DOTS CUTLERY SET,4051,14609.91,460,3.732167381974249,0.08408676019969769,44.97623080791991,A,Fast Moving
21891,TRADITIONAL WOODEN SKIPPING ROPE,11721,14603.13,664,1.3205822416302766,0.08404773817737489,45.06027854609729,A,Fast Moving
82582,AREA PATROLLED METAL SIGN,7346,14563.1,696,2.096695156695157,0.08381734709277588,45.14409589319006,A,Fast Moving
84375,SET OF 20 KIDS COOKIE CUTTERS,7275,14558.970000000001,626,2.0890506329113925,0.08379357704083,45.22788947023089,A,Fast Moving
20750,RED RETROSPOT MINI CASES,2021,14548.55,479,7.777027027027027,0.08373360514221591,45.311623075373106,A,Fast Moving
22193,RED DINER WALL CLOCK,1775,14527.09,554,8.479584837545126,0.0836100929594656,45.395233168332574,A,Medium Moving
85014B,RED RETROSPOT UMBRELLA,2613,14439.12,421,6.0464133016627075,0.08310378509755767,45.47833695343013,A,Fast Moving
21889,WOODEN BOX OF DOMINOES,11803,14430.66,869,1.2633558558558557,0.08305509390156197,45.561392047331694,A,Fast Moving
21258,VICTORIAN SEWING BOX LARGE,1229,14406.63,344,12.59304347826087,0.08291679018527633,45.644308837516974,A,Medium Moving
22487,WHITE WOOD GARDEN PLANT LADDER,1519,14256.96,808,9.747543209876543,0.08205537040930996,45.72636420792628,A,Medium Moving
22993,SET OF 4 PANTRY JELLY MOULDS,11769,14151.42,866,1.2570034052213395,0.08144793910607291,45.80781214703235,A,Fast Moving
22759,SET OF 3 NOTEBOOKS IN PARCEL,8860,14138.4,634,1.6666153846153846,0.08137300301010791,45.88918515004246,A,Fast Moving
21484,CHICK GREY HOT WATER BOTTLE,4085,14071.27,676,3.6218540145985405,0.08098663894542814,45.970171788987884,A,Fast Moving
21165,BEWARE OF THE CAT METAL SIGN ,9080,14070.08,779,1.6638770388958593,0.08097978994740983,46.05115157893529,A,Fast Moving
22619,SET OF 6 SOLDIER SKITTLES,3762,13950.85,574,3.817216494845361,0.08029356638965965,46.131445145324946,A,Fast Moving
21770,OPEN CLOSED METAL SIGN,2896,13926.810000000001,580,4.944509466437178,0.08015520511876882,46.21160035044372,A,Fast Moving
22384,LUNCH BAG PINK RETROSPOT,8738,13893.7,730,1.6429301075268816,0.07996464182096534,46.29156499226468,A,Fast Moving
84378,SET OF 3 HEART COOKIE CUTTERS,11007,13862.84,944,1.2920062695924766,0.07978702830933092,46.371352020574015,A,Fast Moving
22837,HOT WATER BOTTLE BABUSHKA ,3093,13807.25,354,4.617688022284123,0.07946708225904717,46.450819102833066,A,Fast Moving
84997C,BLUE 3 PIECE MINI DOTS CUTLERY SET,3820,13805.16,445,3.737155555555556,0.07945505334656122,46.53027415617963,A,Fast Moving
84997D,CHILDRENS CUTLERY POLKADOT PINK,3528,13788.300000000001,323,4.172576687116565,0.07935801628220102,46.60963217246183,A,Fast Moving
21380,WOODEN HAPPY BIRTHDAY GARLAND,4877,13770.150000000001,540,2.9560917431192664,0.07925355467377054,46.6888857271356,A,Fast Moving
22606,WOODEN SKITTLES GARDEN SET,1022,13722.74,337,15.166911764705882,0.07898068829053699,46.767866415426134,A,Medium Moving
35004C,SET OF 3 COLOURED  FLYING DUCKS,2851,13577.15,229,5.1460698689956335,0.07814275079349053,46.84600916621962,A,Fast Moving
48111,DOORMAT 3 SMILEY CATS,2290,13552.78,326,7.597125382262997,0.07800249022062823,46.92401165644025,A,Fast Moving
22940,FELTCRAFT CHRISTMAS FAIRY,3286,13462.18,547,4.30169946332737,0.07748104549755379,47.001492701937806,A,Fast Moving
21217,RED SPOTTY ROUND CAKE TINS,1415,13458.25,418,9.837559808612438,0.07745842653771182,47.078951128475516,A,Medium Moving
21169,YOU'RE CONFUSING ME METAL SIGN ,8642,13438.58,621,1.661563981042654,0.07734521662929157,47.156296345104806,A,Fast Moving
47556B,TEA TIME TEA TOWELS ,5141,13363.35,408,2.942092457420925,0.07691223333440315,47.23320857843921,A,Fast Moving
84050,PINK HEART SHAPE EGG FRYING PAN,9547,13316.63,557,1.6119148936170213,0.07664333821892812,47.30985191665814,A,Fast Moving
22191,IVORY DINER WALL CLOCK,1629,13271.9,475,8.46265690376569,0.07638589646988705,47.38623781312803,A,Medium Moving
22271,FELTCRAFT DOLL ROSIE,4744,13244.460000000001,691,2.945558739255014,0.07622796663322963,47.46246577976125,A,Fast Moving
79323P,PINK CHERRY LIGHTS,2234,13198.1,229,6.426086956521739,0.07596114348354165,47.53842692324479,A,Fast Moving
22295,HEART FILIGREE DOVE LARGE,8159,13184.07,620,1.653956043956044,0.07588039437245186,47.614307317617246,A,Fast Moving
22692,DOORMAT WELCOME TO OUR HOME,1935,13103.81,460,7.822369565217391,0.07541846111114993,47.689725778728395,A,Fast Moving
21094,SET/6 RED SPOTTY PAPER PLATES,17752,13068.56,692,0.8274137931034483,0.07521558112783452,47.76494135985623,A,Fast Moving
23200,JUMBO BAG PEARS,6729,13034.92,470,2.0720718816067656,0.07502196743595568,47.83996332729219,A,Fast Moving
23108,SET OF 10 LED DOLLY LIGHTS,2192,12972.73,351,6.147840909090909,0.07466403534624265,47.914627362638434,A,Fast Moving
23313,VINTAGE CHRISTMAS BUNTING,2748,12960.12,359,4.951311475409836,0.0745914589890907,47.989218821627524,A,Fast Moving
23356,LOVE HOT WATER BOTTLE,2325,12954.75,449,5.891176470588236,0.07456055216610051,48.06377937379362,A,Fast Moving
22236,CAKE STAND 3 TIER MAGIC GARDEN,1074,12951.9,391,12.607289002557545,0.07454414910361969,48.138323522897245,A,Medium Moving
22730,ALARM CLOCK BAKELIKE IVORY,3451,12951.5,616,3.7518901453958,0.07454184691941185,48.212865369816654,A,Fast Moving
21390,FILIGRIS HEART WITH BUTTERFLY,10622,12849.14,482,1.251943887775551,0.07395271798062708,48.28681808779728,A,Fast Moving
22173,METAL 4 HOOK HANGER FRENCH CHATEAU,4538,12846.140000000001,714,2.988861111111111,0.07393545159906834,48.36075353939635,A,Fast Moving
35970,ZINC FOLKART SLEIGH BELLS,7851,12806.27,545,1.7138709677419353,0.07370598138815246,48.4344595207845,A,Fast Moving
15044A,PINK PAPER PARASOL ,4894,12803.78,194,2.95659793814433,0.07369165029145869,48.50815117107596,A,Fast Moving
22621,TRADITIONAL KNITTING NANCY,8365,12780.57,719,1.5821739130434782,0.0735580660527991,48.581709237128756,A,Fast Moving
21704,BAG 250g SWIRLY MARBLES,16824,12750.539999999999,464,0.8466808510638297,0.07338522957339595,48.65509446670215,A,Fast Moving
22636,CHILDS BREAKFAST SET CIRCUS PARADE,1565,12716.380000000001,460,8.418963282937366,0.07318862304204692,48.7282830897442,A,Medium Moving
22352,LUNCH BOX WITH CUTLERY RETROSPOT ,5331,12669.04,645,2.54403400309119,0.07291615954104974,48.801199249285254,A,Fast Moving
22946,WOODEN ADVENT CALENDAR CREAM,869,12588.45,208,16.29665071770335,0.07245232697777634,48.87365157626303,A,Medium Moving
22952,60 CAKE CASES VINTAGE CHRISTMAS,25179,12556.77,801,0.5424455205811138,0.07226999398851587,48.94592157025154,A,Fast Moving
22655,VINTAGE RED KITCHEN CABINET,75,12550.0,52,184.23076923076923,0.07223102952079827,49.01815259977234,A,Slow Moving
C2,CARRIAGE,249,12546.0,248,50.516129032258064,0.07220800767871993,49.09036060745106,A,Medium Moving
48116,DOORMAT MULTICOLOUR STRIPE,2273,12541.22,193,7.578549222797928,0.0721804965774363,49.1625411040285,A,Fast Moving
48187,DOOR MAT NEW ENGLAND,1953,12520.95,423,7.125791962174941,0.07206383339270431,49.2346049374212,A,Fast Moving
22150,3 STRIPEY MICE FELTCRAFT,6971,12515.65,717,1.9480354706684855,0.0720333294519505,49.30663826687315,A,Fast Moving
21871,SAVE THE PLANET MUG,11099,12515.44,600,1.2988962108731466,0.07203212080524139,49.37867038767839,A,Fast Moving
23301,GARDENERS KNEELING PAD KEEP CALM ,7722,12463.78,756,1.6639238845144355,0.07173479371479961,49.45040518139319,A,Fast Moving
62018,SOMBRERO ,9548,12413.8,123,1.7906504065040652,0.07144713579803072,49.52185231719122,A,Fast Moving
21259,VICTORIAN SEWING BOX SMALL ,2171,12409.960000000001,553,5.924025270758123,0.07142503482963553,49.593277352020856,A,Fast Moving
22749,FELTCRAFT PRINCESS CHARLOTTE DOLL,3407,12407.83,621,3.7497784810126586,0.0714127756987288,49.66469012771958,A,Fast Moving
21672,WHITE SPOT RED CERAMIC DRAWER KNOB,10290,12354.22,625,1.2650866141732284,0.07110422546027381,49.735794353179855,A,Fast Moving
48129,DOORMAT TOPIARY,2048,12345.7,300,7.785249169435216,0.07105518893664695,49.8068495421165,A,Fast Moving
22766,PHOTO FRAME CORNICE,4246,12280.18,580,2.9519349315068495,0.0706780911634037,49.877527633279904,A,Fast Moving
22355,CHARLOTTE BAG SUKI DESIGN,15411,12268.65,957,0.84649377593361,0.07061173070361289,49.948139363983515,A,Fast Moving
22627,MINT KITCHEN SCALES,1476,12219.99,558,8.458121645796064,0.07033166999472985,50.018471033978244,A,Medium Moving
22303,COFFEE MUG APPLES DESIGN,5310,12179.95,480,2.5136798336798334,0.07010122135552566,50.08857225533377,A,Fast Moving
75049L,LARGE CIRCULAR MIRROR MOBILE,13566,12173.5,230,1.11890756302521,0.07006409863517432,50.158636353968944,A,Fast Moving
21912,VINTAGE SNAKES & LADDERS,3387,12157.97,615,3.7850243111831445,0.06997471633330515,50.22861107030225,A,Fast Moving
22485,SET OF 2 WOODEN MARKET CRATES,995,12146.25,341,12.634210526315789,0.06990726233601562,50.29851833263827,A,Medium Moving
22776,SWEETHEART CAKESTAND 3 TIER,1292,12130.4,466,9.831759656652359,0.0698160382867802,50.36833437092505,A,Medium Moving
22909,SET OF 20 VINTAGE CHRISTMAS NAPKINS,15376,12124.119999999999,889,0.8435448577680525,0.0697798939947172,50.43811426491977,A,Fast Moving
21669,BLUE STRIPE CERAMIC DRAWER KNOB,9897,12115.21,639,1.2873159509202454,0.06972861284148768,50.507842877761256,A,Fast Moving
85014A,BLACK/BLUE DOTS RUFFLED UMBRELLA,2944,12089.2,283,5.8522807017543865,0.06957891331337326,50.57742179107463,A,Fast Moving
85042,ANTIQUE LILY FAIRY LIGHTS,2668,12081.0,281,4.827192982456141,0.06953171853711267,50.64695350961174,A,Fast Moving
20724,RED RETROSPOT CHARLOTTE BAG,15168,12034.8,908,0.8483025027203482,0.06926581626110781,50.71621932587285,A,Fast Moving
23207,LUNCH BAG ALPHABET DESIGN,7533,11994.41,647,1.652969696969697,0.06903335321072175,50.78525267908357,A,Fast Moving
21217,RED RETROSPOT ROUND CAKE TINS,1268,11983.6,350,9.867613636363636,0.06897113668250504,50.854223815766076,A,Medium Moving
22366,DOORMAT AIRMAIL ,1943,11946.53,320,7.55490625,0.06875778176104401,50.92298159752712,A,Fast Moving
22553,PLASTERS IN TIN SKULLS,7363,11913.75,905,1.6473941368078175,0.06856911776521198,50.991550715292334,A,Fast Moving
21535,RED RETROSPOT SMALL MILK JUG,4943,11908.050000000001,713,2.5351239669421486,0.06853631164025036,51.060087026932585,A,Fast Moving
DOT,DOTCOM POSTAGE,16,11906.36,16,744.1475,0.06852658491197225,51.12861361184456,A,Slow Moving
22846,BREAD BIN DINER STYLE RED ,771,11879.06,309,16.35275080906149,0.06836946083978755,51.19698307268435,A,Medium Moving
21888,BINGO SET,3219,11877.45,626,3.7844745222929936,0.06836019454835103,51.2653432672327,A,Fast Moving
15056P,EDWARDIAN PARASOL PINK,2436,11872.810000000001,321,5.843975155279503,0.06833348921154016,51.33367675644424,A,Fast Moving
84380,SET OF 3 BUTTERFLY COOKIE CUTTERS,9592,11818.65,814,1.2947439024390244,0.0680217734697994,51.40169852991404,A,Fast Moving
84212,"ASSORTED FLOWER COLOUR ""LEIS""",24665,11759.77,258,0.6215830115830117,0.0676828919544062,51.46938142186845,A,Fast Moving
22584,PACK OF 6 PANNETONE GIFT BOXES,4793,11725.480000000001,498,2.546170634920635,0.06748553721318963,51.536866959081635,A,Fast Moving
21955,DOORMAT UNION JACK GUNS AND ROSES,2078,11722.24,275,7.6985559566787005,0.06746688952110616,51.60433384860274,A,Fast Moving
79323W, WHITE CHERRY LIGHTS,1986,11697.300000000001,215,6.38287037037037,0.06732334833574771,51.67165719693849,A,Fast Moving
20723,STRAWBERRY CHARLOTTE BAG,14542,11654.8,988,0.8501305220883534,0.06707874126366531,51.738735938202154,A,Fast Moving
23077,DOUGHNUT LIP GLOSS ,9642,11615.7,308,1.241818181818182,0.06685370275734952,51.805589640959504,A,Fast Moving
22654,DELUXE SEWING KIT ,2045,11611.27,440,5.995225225225226,0.06682820606724775,51.87241784702675,A,Fast Moving
23174,REGENCY SUGAR BOWL GREEN,2954,11567.24,268,4.126641791044777,0.06657479314057041,51.93899264016732,A,Fast Moving
21156,RETROSPOT CHILDRENS APRON,6437,11562.37,526,1.9600378787878785,0.06654676404784002,52.00553940421516,A,Fast Moving
22464,HANGING METAL HEART LANTERN,7388,11530.56,645,1.6208231707317073,0.06636368284871201,52.07190308706387,A,Fast Moving
22838,3 TIER CAKE TIN RED AND CREAM,844,11467.38,220,14.759272727272727,0.06600005285308459,52.13790313991696,A,Medium Moving
21668,RED STRIPE CERAMIC DRAWER KNOB,9391,11446.75,614,1.2771014492753623,0.06588131770256554,52.20378445761952,A,Fast Moving
22804,CANDLEHOLDER PINK HANGING HEART,4069,11400.75,521,2.9303207547169814,0.06561656651866461,52.26940102413818,A,Fast Moving
22192,BLUE DINER WALL CLOCK,1373,11358.78,511,8.46060546875,0.06537500984065761,52.33477603397884,A,Medium Moving
47567B,TEA TIME KITCHEN APRON,2128,11321.320000000002,320,5.889845679012346,0.06515941028959395,52.399935444268436,A,Fast Moving
21080,SET/20 RED SPOTTY PAPER NAPKINS ,15165,11310.21,781,0.8353797468354429,0.06509546712322134,52.46503091139166,A,Fast Moving
22207,FRYING PAN UNION FLAG,2858,11283.86,324,4.2833950617283945,0.06494381073853026,52.52997472213019,A,Fast Moving
22365,DOORMAT RESPECTABLE HOUSE,1863,11282.69,244,7.567049180327869,0.06493707684972234,52.594911798979915,A,Fast Moving
21080,SET/20 RED RETROSPOT PAPER NAPKINS ,14329,11229.27,890,0.839326710816777,0.06462962014876608,52.65954141912868,A,Fast Moving
22646,CERAMIC STRAWBERRY CAKE MONEY BANK,8514,11187.26,697,1.4202824858757062,0.06438783325233831,52.72392925238102,A,Fast Moving
22082,RIBBON REEL STRIPES DESIGN ,6878,11166.78,819,1.6613126491646777,0.06426996142089719,52.78819921380192,A,Fast Moving
20969,RED FLORAL FELTCRAFT SHOULDER BAG,3090,11155.41,518,3.7783044315992296,0.0642045218347895,52.852403735636706,A,Fast Moving
22623,BOX OF VINTAGE JIGSAW BLOCKS ,2195,11129.42,500,5.319840637450199,0.06405493741588547,52.91645867305259,A,Fast Moving
22750,FELTCRAFT PRINCESS LOLA DOLL,3039,11094.51,597,3.7577242524916943,0.06385401428914675,52.98031268734174,A,Fast Moving
21906,PHARMACIE FIRST AID TIN,1642,11093.9,311,6.721629392971246,0.06385050345822979,53.044163190799964,A,Medium Moving
22088,PAPER BUNTING COLOURED LACE,4038,11086.900000000001,478,2.904020618556701,0.06381021523459271,53.10797340603455,A,Fast Moving
21485,RED SPOT HEART HOT WATER BOTTLE,2362,11031.1,410,4.884375,0.06348906053759983,53.17146246657215,A,Fast Moving
21673,WHITE SPOT BLUE CERAMIC DRAWER KNOB,9171,11022.43,563,1.2676014109347442,0.06343916069489502,53.23490162726705,A,Fast Moving
84987,SET OF 36 TEATIME PAPER DOILIES,7832,11012.88,642,1.4528018575851394,0.06338419604693298,53.29828582331398,A,Fast Moving
22444,GROW YOUR OWN PLANT IN A CAN ,8960,10976.56,328,1.2442249240121581,0.06317515772086163,53.361460981034845,A,Fast Moving
22151,PLACE SETTING WHITE HEART,27085,10910.31,645,0.42383458646616534,0.06279385846143909,53.424254839496285,A,Fast Moving
47599A,PINK PARTY BAGS,5878,10841.48,325,2.0658358662613985,0.06239771011387602,53.48665254961016,A,Fast Moving
22301,COFFEE MUG CAT + BIRD DESIGN,4733,10831.29,466,2.5180982905982905,0.06233906197118144,53.54899161158134,A,Fast Moving
22631,CIRCUS PARADE LUNCH BOX ,5871,10791.83,468,1.940675105485232,0.062111951499078596,53.61110356308042,A,Fast Moving
72351B,SET/6 PINK  BUTTERFLY T-LIGHTS,5681,10779.640000000001,426,2.0678060046189377,0.062041792435344856,53.673145355515764,A,Fast Moving
21671,RED SPOT CERAMIC DRAWER KNOB,8931,10762.47,568,1.2632224168126094,0.06194297117822356,53.73508832669399,A,Fast Moving
84988,SET OF 72 PINK HEART PAPER DOILIES,7595,10729.4,618,1.457540192926045,0.06175263809884088,53.79684096479283,A,Fast Moving
35400,WOODEN BOX ADVENT CALENDAR ,1239,10710.1,331,8.884477611940298,0.06164155771081288,53.85848252250364,A,Medium Moving
47591D,PINK FAIRY CAKE CHILDRENS APRON,5839,10704.21,682,1.9555732946298983,0.06160765804835251,53.920090180551995,A,Fast Moving
22667,RECIPE BOX RETROSPOT ,3841,10702.150000000001,645,2.9243119266055047,0.06159580179968218,53.98168598235168,A,Fast Moving
21260,FIRST AID TIN,3370,10675.6,442,3.239438202247191,0.061442994322887176,54.043128976674566,A,Fast Moving
21428,SET3 BOOK BOX GREEN GINGHAM FLOWER ,2749,10667.05,363,4.186565934065935,0.06139378513544472,54.10452276181001,A,Fast Moving
22950,36 DOILIES VINTAGE CHRISTMAS,7744,10590.4,299,1.44009900990099,0.060952629086618484,54.16547539089663,A,Fast Moving
22649,STRAWBERRY FAIRY CAKE TEAPOT,2203,10577.95,410,4.91810551558753,0.060880973603149646,54.22635636449978,A,Fast Moving
21937,STRAWBERRY   PICNIC BAG,3801,10572.95,499,2.929324055666004,0.06085219630055172,54.28720856080033,A,Fast Moving
22616,PACK OF 12 LONDON TISSUES ,37084,10519.359999999999,633,0.3112962962962963,0.06054376117130713,54.34775232197164,A,Fast Moving
22417,PACK OF 60 SPACEBOY CAKE CASES,20867,10465.49,911,0.5471995708154507,0.06023371451311705,54.40798603648476,A,Fast Moving
22943,CHRISTMAS LIGHTS 10 VINTAGE BAUBLES,2258,10432.08,286,4.924930555555556,0.06004142457715771,54.468027461061915,A,Fast Moving
21210,SET OF 72 RETRO SPOT PAPER  DOILIES,7488,10423.199999999999,449,1.4415555555555555,0.059990316087743786,54.52801777714966,A,Fast Moving
21844,RED RETROSPOT MUG,3787,10415.650000000001,297,2.9018394648829435,0.059946862360820925,54.587964639510474,A,Fast Moving
22988,SOLDIERS EGG CUP ,9033,10415.22,349,1.2571104815864023,0.059944387512797494,54.647909027023275,A,Fast Moving
21172,PARTY METAL SIGN ,7444,10392.72,804,1.4598536585365853,0.05981488965110681,54.70772391667438,A,Fast Moving
22637,PIGGY BANK RETROSPOT ,4278,10377.02,496,2.5312072434607646,0.05972452892094933,54.767448445595335,A,Fast Moving
21868,POTTING SHED TEA MUG,8770,10353.86,719,1.2691862068965516,0.05959123245531573,54.82703967805065,A,Fast Moving
48185,DOOR MAT FAIRY CAKE,1640,10347.72,316,7.063793103448275,0.059555893927725465,54.886595571978376,A,Medium Moving
23209,LUNCH BAG VINTAGE DOILY ,6438,10347.66,538,1.6497814207650272,0.059555548600094294,54.94615112057847,A,Fast Moving
21326,AGED GLASS SILVER T-LIGHT HOLDER,17004,10338.6,532,0.6413443830570903,0.05950340412778685,55.00565452470626,A,Fast Moving
22580,ADVENT CALENDAR GINGHAM SACK,1785,10338.230000000001,388,6.002442159383034,0.059501274607394614,55.06515579931365,A,Medium Moving
23209,LUNCH BAG DOILEY PATTERN ,6477,10323.05,464,1.642291220556745,0.05941390671670729,55.12456970603036,A,Fast Moving
22109,FULL ENGLISH BREAKFAST PLATE,2872,10321.92,389,3.754683544303797,0.05940740304632016,55.18397710907668,A,Fast Moving
22768,FAMILY PHOTO FRAME CORNICE,1114,10310.19,320,9.90233644859813,0.05933989149442544,55.2433170005711,A,Medium Moving
21907,I'M ON HOLIDAY METAL SIGN,4990,10306.150000000001,694,2.1022714285714286,0.05931663943392631,55.30263364000503,A,Fast Moving
22729,ALARM CLOCK BAKELIKE ORANGE,2797,10300.44,500,3.761106719367589,0.059283775754359475,55.361917415759386,A,Fast Moving
22488,NATURAL SLATE RECTANGLE CHALKBOARD,6453,10285.61,653,1.6465243902439022,0.059198422274854015,55.42111583803424,A,Fast Moving
22508,DOORSTOP RETROSPOT HEART,2695,10283.5,577,3.7782020547945203,0.05918627825315769,55.4803021162874,A,Fast Moving
21121,SET/10 RED POLKADOT PARTY CANDLES,8541,10238.49,438,1.246568848758465,0.058927224975171145,55.53922934126257,A,Fast Moving
22468,BABUSHKA LIGHTS STRING OF 10,1630,10229.64,335,6.662716417910448,0.05887628914957281,55.59810563041214,A,Medium Moving
22274,FELTCRAFT DOLL EMILY,3675,10227.310000000001,578,2.949862778730703,0.05886287892656218,55.656968509338704,A,Fast Moving
22663,JUMBO BAG DOLLY GIRL DESIGN,5367,10206.78,526,2.007666034155598,0.05874471932209509,55.715713228660796,A,Fast Moving
21210,SET OF 72 RETROSPOT PAPER  DOILIES,7259,10177.119999999999,482,1.4581611570247934,0.058574012363084176,55.77428724102388,A,Fast Moving
23170,REGENCY TEA PLATE ROSES ,6563,10170.99,328,1.657560975609756,0.058538731390099116,55.83282597241398,A,Fast Moving
21524,DOOR MAT SPOTTY HOME SWEET HOME,1733,10121.69,256,7.219571984435798,0.05825498718648356,55.891080959600465,A,Medium Moving
22367,CHILDRENS APRON SPACEBOY DESIGN,5455,10120.289999999999,714,1.9611576011157599,0.058246929541756136,55.949327889142225,A,Fast Moving
22302,COFFEE MUG PEARS  DESIGN,4808,10043.41,352,2.508022598870056,0.0578044497370104,56.00713233887924,A,Fast Moving
21624,VINTAGE UNION JACK DOORSTOP,1710,9987.98,350,5.927301136363636,0.05748542456040978,56.06461776343965,A,Medium Moving
22791,T-LIGHT GLASS FLUTED ANTIQUE,8698,9985.630000000001,332,1.2331531531531532,0.05747189922818876,56.12208966266784,A,Fast Moving
20828,GLITTER BUTTERFLY CLIPS,4220,9951.0,499,2.530813953488372,0.0572725876303955,56.17936225029823,A,Fast Moving
23208,LUNCH BAG VINTAGE LEAF DESIGN,6191,9950.35,597,1.6450331125827813,0.05726884658105778,56.23663109687929,A,Fast Moving
23300,GARDENERS KNEELING PAD CUP OF TEA ,6285,9933.69,635,1.665467289719626,0.05717296060880148,56.293804057488096,A,Fast Moving
21429,RED GINGHAM ROSE JEWELLERY BOX,5930,9907.5,764,1.7133802816901407,0.05702222509779354,56.35082628258589,A,Fast Moving
21670,BLUE SPOT CERAMIC DRAWER KNOB,8061,9894.93,580,1.2715897435897436,0.056949878959062346,56.40777616154495,A,Fast Moving
22418,10 COLOUR SPACEBOY PEN,11892,9878.1,472,0.8598319327731092,0.05685301455851772,56.46462917610347,A,Fast Moving
48111,DOOR MAT 3 SMILEY CATS,1773,9861.69,246,6.942073170731708,0.05675856745139132,56.52138774355486,A,Medium Moving
84997C,CHILDRENS CUTLERY POLKADOT BLUE,2523,9827.25,211,4.119668246445499,0.05656034939109679,56.57794809294596,A,Fast Moving
21833,CAMOUFLAGE LED TORCH,5931,9797.310000000001,337,1.6845562130177514,0.05638803090314041,56.6343361238491,A,Fast Moving
21982,PACK OF 12 SUKI TISSUES ,31340,9774.279999999999,521,0.3159252336448598,0.056255482647374344,56.690591606496476,A,Fast Moving
22620,4 TRADITIONAL SPINNING TOPS,7559,9763.68,654,1.34949177877429,0.056194474765866746,56.74678608126234,A,Fast Moving
22834,HAND WARMER BABUSHKA DESIGN,6378,9747.83,479,1.9692525252525255,0.05610325071663131,56.802889331978974,A,Fast Moving
23343,JUMBO BAG VINTAGE CHRISTMAS ,4905,9742.1,385,2.0784223918575067,0.0560702719278541,56.858959603906825,A,Fast Moving
22900, SET 2 TEA TOWELS I LOVE LONDON ,3511,9726.85,331,2.9922318840579707,0.05598250115493042,56.914942105061755,A,Fast Moving
48194,DOOR MAT HEARTS,1654,9715.06,281,7.282553191489361,0.0559146442754045,56.97085674933716,A,Medium Moving
23076,ICE CREAM SUNDAE LIP GLOSS,7896,9638.16,248,1.2449193548387096,0.05547204936144837,57.02632879869861,A,Fast Moving
21922,UNION STRIPE WITH FRINGE  HAMMOCK,1280,9624.04,330,7.90178247734139,0.05539078225891183,57.08171958095752,A,Medium Moving
84997B,CHILDRENS CUTLERY RETROSPOT RED ,2492,9603.68,229,4.149827586206897,0.05527360108273306,57.13699318204025,A,Fast Moving
22970,LONDON BUS COFFEE MUG,4213,9582.15,276,2.4917266187050355,0.055149686017746384,57.192142868058,A,Fast Moving
21257,VICTORIAN SEWING BOX MEDIUM,1267,9550.49,360,7.93016620498615,0.05496746813769631,57.247110336195696,A,Medium Moving
21086,SET/6 RED SPOTTY PAPER CUPS,15834,9513.300000000001,621,0.6506973058637084,0.054753422560972924,57.30186375875667,A,Fast Moving
16014,SMALL CHINESE STYLE SCISSOR,29354,9512.68,92,0.39499999999999996,0.05474985417545078,57.356613612932115,A,Fast Moving
22966,GINGERBREAD MAN COOKIE CUTTER,7946,9497.91,610,1.2597431781701445,0.054664846023576505,57.41127845895569,A,Fast Moving
22795,SWEETHEART RECIPE BOOK STAND,1465,9465.55,402,6.690886699507389,0.05447859932116271,57.46575705827686,A,Medium Moving
22968,ROSE COTTAGE KEEPSAKE BOX ,1036,9409.199999999999,243,9.735185185185184,0.054154279120884066,57.519911337397744,A,Medium Moving
21216,"SET 3 RETROSPOT TEA,COFFEE,SUGAR",2061,9376.67,283,4.898194444444445,0.05396705399018196,57.57387839138793,A,Fast Moving
21974,SET OF 36 PAISLEY FLOWER DOILIES,6652,9374.96,557,1.465035842293907,0.05395721215269345,57.627835603540625,A,Fast Moving
20829,GLITTER HANGING BUTTERFLY STRING,4700,9350.390000000001,404,2.1146135265700483,0.05381580048772726,57.68165140402835,A,Fast Moving
21890,S/6 WOODEN SKITTLES IN COTTON BAG,3296,9347.16,411,3.0644019138755985,0.05379721035024898,57.7354486143786,A,Fast Moving
48184,DOOR MAT ENGLISH ROSE ,1445,9343.43,291,7.1418556701030935,0.053775742482510935,57.78922435686111,A,Medium Moving
84792,ENCHANTED BIRD COATHANGER 5 HOOK,2201,9326.33,437,4.621936218678816,0.05367732410762601,57.84290168096874,A,Fast Moving
22064,PINK DOUGHNUT TRINKET POT ,6214,9302.1,479,1.6310975609756098,0.053537869299236464,57.89643955026797,A,Fast Moving
22656,VINTAGE BLUE KITCHEN CABINET,45,9290.0,37,214.86486486486487,0.05346822822694947,57.94990777849492,A,Slow Moving
85099B,RED RETROSPOT JUMBO BAG ,5333,9289.35,183,1.9027173913043476,0.05346448717761175,58.00337226567253,A,Fast Moving
22120,WELCOME  WOODEN BLOCK LETTERS,967,9289.2,316,9.864525316455694,0.053463623858533815,58.056835889531065,A,Medium Moving
22740,POLKADOT PEN,11303,9276.83,180,0.8442222222222223,0.053392428811906534,58.11022831834297,A,Fast Moving
23240,SET OF 4 KNICK KNACK TINS DOILY ,2286,9237.3,312,4.137421383647799,0.05316491545756732,58.163393233800534,A,Fast Moving
22668,PINK BABY BUNTING,3290,9236.86,381,2.9567191601049867,0.0531623830549387,58.21655561685547,A,Fast Moving
84880,WHITE WIRE EGG HOLDER,1668,9227.800000000001,327,6.042553191489362,0.05311023858263126,58.269665855438106,A,Medium Moving
84997D,PINK 3 PIECE POLKADOT CUTLERY SET,2558,9227.380000000001,253,3.7668992248062017,0.05310782128921304,58.322773676727316,A,Fast Moving
22840,ROUND CAKE TIN VINTAGE RED,1233,9211.630000000001,367,7.911198910081743,0.05301717278602956,58.37579084951334,A,Medium Moving
23171,REGENCY TEA PLATE GREEN ,5966,9184.9,270,1.6725830258302583,0.05286332932634103,58.428654178839686,A,Fast Moving
22978,PANTRY ROLLING PIN,2406,9180.53,197,3.752284263959391,0.052838177963870456,58.48149235680356,A,Fast Moving
21756,BATH BUILDING BLOCK WORD,1543,9164.78,519,5.987509578544062,0.05274752946068698,58.534239886264245,A,Medium Moving
22694,WICKER STAR ,4428,9115.800000000001,720,2.095890410958904,0.05246562700443768,58.58670551326868,A,Fast Moving
22904,CALENDAR PAPER CUT DESIGN,3195,9110.29,398,2.9624875621890547,0.05243391441697477,58.639139427685656,A,Fast Moving
85014A,BLACK/BLUE POLKADOT UMBRELLA,1622,9085.49,357,6.046834733893558,0.05229117899608904,58.69143060668174,A,Medium Moving
82552,WASHROOM METAL SIGN,6746,9080.01,654,1.3575151515151516,0.052259639072441716,58.74369024575418,A,Fast Moving
22380,TOY TIDY SPACEBOY  ,4654,9044.0,549,2.089255898366606,0.05205238493913144,58.79574263069331,A,Fast Moving
22767,TRIPLE PHOTO FRAME CORNICE ,977,9035.63,279,9.864785714285714,0.05200421173458251,58.847746842427895,A,Medium Moving
22300,COFFEE MUG DOG + BALL DESIGN,3923,9021.390000000001,411,2.5226987951807227,0.05192225397678362,58.89966909640468,A,Fast Moving
22198,LARGE POPCORN HOLDER ,5700,9006.2,411,1.6365384615384615,0.05183482853149111,58.95150392493617,A,Fast Moving
23175,REGENCY MILK JUG PINK ,3062,8995.0,272,3.1948529411764706,0.051770367373671744,59.00327429230984,A,Fast Moving
22179,SET 10 LIGHTS NIGHT OWL,1400,8990.8,300,6.696843853820598,0.05174619443948948,59.05502048674933,A,Medium Moving
21745,GAOLERS KEYS DECORATIVE GARDEN ,2670,8980.54,460,3.7442274678111587,0.05168714341455855,59.10670763016389,A,Fast Moving
21735,TWO DOOR CURIO CABINET,765,8960.1,202,12.555940594059408,0.05156950180153822,59.15827713196543,A,Medium Moving
22992,REVOLVER WOODEN RULER ,4914,8944.439999999999,285,1.9620819112627985,0.0514793712898015,59.20975650325523,A,Fast Moving
22942,CHRISTMAS LIGHTS 10 SANTAS ,1181,8912.95,217,7.815668202764977,0.05129813183803976,59.26105463509327,A,Medium Moving
22429,ENAMEL MEASURING JUG CREAM,2149,8867.29,526,4.252911153119093,0.051035337510715484,59.312089972603985,A,Fast Moving
85232B,SET/3 RUSSIAN DOLL STACKING TINS,1866,8864.300000000001,301,4.90625,0.051018128683761925,59.36310810128775,A,Fast Moving
47570B,TEA TIME TABLE CLOTH,928,8852.880000000001,188,10.535714285714286,0.050952401324628256,59.41406050261238,A,Medium Moving
22131,FOOD CONTAINER SET 3 LOVE HEART ,4965,8846.17,496,1.973579766536965,0.05091378218454183,59.464974284796924,A,Fast Moving
22089,PAPER BUNTING VINTAGE PAISLEY,3196,8842.150000000001,421,2.928325581395349,0.05089064523325311,59.515864930030176,A,Fast Moving
82001S,VINYL RECORD FRAME SILVER,2550,8831.2,177,3.6587150837988824,0.050827622940563644,59.56669255297074,A,Fast Moving
21892,TRADITIONAL WOODEN CATCH CUP GAME ,7273,8814.42,601,1.269983922829582,0.050731046313044995,59.61742359928379,A,Fast Moving
22549,PICTURE DOMINOES,6222,8813.74,540,1.4769090909090907,0.05072713259989168,59.66815073188368,A,Fast Moving
20970,PINK FLORAL FELTCRAFT SHOULDER BAG,2403,8796.77,504,3.7577317554240635,0.05062946243487432,59.718780194318555,A,Fast Moving
22144,CHRISTMAS CRAFT LITTLE FRIENDS,4289,8790.7,535,2.135970695970696,0.050594526789520436,59.76937472110807,A,Fast Moving
22741,FUNKY DIVA PEN,10297,8672.109999999999,196,0.8526530612244898,0.04991198672650277,59.81928670783457,A,Fast Moving
21035,SET/2 RED RETROSPOT TEA TOWELS ,3001,8670.71,292,3.2026779661016946,0.04990392908177535,59.86919063691634,A,Fast Moving
21558,SKULL LUNCH BOX WITH CUTLERY ,3630,8643.6,490,2.530040322580645,0.0497478985470894,59.91893853546343,A,Fast Moving
21781,MA CAMPAGNE CUTLERY BOX,595,8609.25,314,14.866981132075471,0.04955019847824164,59.968488733941676,A,Medium Moving
22381,TOY TIDY PINK POLKADOT,4378,8587.48,381,2.114639175257732,0.04942490210273025,60.017913636044405,A,Fast Moving
84997B,RED 3 PIECE RETROSPOT CUTLERY SET,2362,8574.54,243,3.7646341463414634,0.04935042644360683,60.067264062488015,A,Fast Moving
23582,VINTAGE DOILY JUMBO BAG RED ,4434,8508.220000000001,234,2.0663713080168775,0.048968724301947916,60.116232786789965,A,Fast Moving
23581,JUMBO BAG PAISLEY PARK,4358,8498.04,302,2.059223300970874,0.04891013371385853,60.165142920503826,A,Fast Moving
22333,RETROSPOT PARTY BAG + STICKER SET,5526,8497.18,348,1.6343181818181818,0.04890518401781169,60.21404810452164,A,Fast Moving
20724,RED SPOTTY CHARLOTTE BAG,10648,8468.4,587,0.8389455782312926,0.04873954186405801,60.262787646385696,A,Fast Moving
22947,WOODEN ADVENT CALENDAR RED,773,8459.95,162,12.489877300613497,0.04869090822266752,60.311478554608364,A,Medium Moving
21985,PACK OF 12 HEARTS DESIGN TISSUES ,24766,8441.64,734,0.3116064257028112,0.0485855257405539,60.36006408034892,A,Fast Moving
79000,MOROCCAN TEA GLASS,11309,8407.609999999999,333,0.8265465465465466,0.0483896674190724,60.40845374776799,A,Fast Moving
22381,TOY TIDY PINK RETROSPOT  ,4279,8393.1,410,2.0798305084745765,0.04830615568693322,60.45675990345492,A,Fast Moving
22725,ALARM CLOCK BAKELIKE CHOCOLATE,2266,8367.84,419,3.786193853427896,0.04816077275420849,60.50492067620913,A,Fast Moving
23318,BOX OF 6 MINI VINTAGE CRACKERS,3645,8345.43,329,2.456955223880597,0.048031792883964586,60.55295246909309,A,Fast Moving
22121,NOEL WOODEN BLOCK LETTERS ,1411,8343.19,386,5.965637755102041,0.04801890065240071,60.600971369745494,A,Medium Moving
21385,IVORY HANGING DECORATION  HEART,10146,8324.58,505,0.8522413793103448,0.04791179153213122,60.648883161277624,A,Fast Moving
79323LP,LIGHT PINK CHERRY LIGHTS,1420,8311.0,159,6.44748427672956,0.04783363237827526,60.6967167936559,A,Medium Moving
22989,SET 2 PANTRY DESIGN TEA TOWELS,2693,8310.17,311,3.2294637223974765,0.047828855346043996,60.74454564900195,A,Fast Moving
21539,RED RETROSPOT BUTTER DISH,1745,8297.550000000001,438,4.912076749435666,0.04775622143428683,60.79230187043623,A,Medium Moving
51008,AFGHAN SLIPPER SOCK PAIR,2567,8251.15,72,3.3944444444444444,0.04748916806617806,60.83979103850241,A,Fast Moving
35961,FOLKART ZINC HEART CHRISTMAS DEC,10651,8229.67,397,0.8445566502463054,0.04736554077421736,60.88715657927663,A,Fast Moving
84839,SWEETHEART KEY CABINET,1478,8201.7,351,6.602727272727273,0.047204560543484556,60.93436113982011,A,Medium Moving
84030E,ENGLISH ROSE HOT WATER BOTTLE,2018,8191.91,408,4.252208737864078,0.04714821458499781,60.98150935440511,A,Fast Moving
23319,BOX OF 6 MINI 50'S CRACKERS,3520,8169.4800000000005,365,2.463619302949062,0.047019119605543516,61.028528474010656,A,Fast Moving
21135,VICTORIAN  METAL POSTCARD SPRING,5773,8155.09,380,1.6795907928388747,0.046936298528666674,61.07546477253932,A,Fast Moving
23322,LARGE WHITE HEART OF WICKER,2892,8137.500000000001,511,2.947562862669246,0.046835059978127175,61.12229983251745,A,Fast Moving
22844,VINTAGE CREAM DOG FOOD CONTAINER,990,8122.35,357,8.51905027932961,0.04674786475125545,61.1690476972687,A,Medium Moving
23082,SET 6 PAPER TABLE LANTERN HEARTS ,2260,8110.68,263,3.722639405204461,0.04668069852699188,61.21572839579569,A,Fast Moving
21787,RAIN PONCHO RETROSPOT,10256,8096.48,232,0.8578991596638655,0.046598970987613765,61.26232736678331,A,Fast Moving
22895,SET OF 2 TEA TOWELS APPLE AND PEARS,2752,8091.740000000001,354,3.107653631284916,0.046571690104750936,61.30889905688806,A,Fast Moving
23078,ICE CREAM PEN LIP GLOSS ,6607,8077.31,213,1.2450704225352112,0.046488638809453316,61.35538769569751,A,Fast Moving
22812,PACK 3 BOXES CHRISTMAS PANNETONE,4286,8066.599999999999,339,1.9967621776504298,0.04642699782728855,61.4018146935248,A,Fast Moving
20974,12 PENCILS SMALL TUBE SKULL,12699,8049.150000000001,684,0.648314606741573,0.04632656504122179,61.44814125856602,A,Fast Moving
21777,RECIPE BOX WITH METAL HEART,1057,8046.150000000001,312,7.908466453674121,0.04630929865966303,61.49445055722568,A,Medium Moving
22357,KINGS CHOICE BISCUIT TIN,1873,8044.09,316,4.216677215189874,0.04629744241099268,61.54074799963668,A,Fast Moving
21933,PINK VINTAGE PAISLEY PICNIC BAG,3782,8034.86,469,2.252731092436975,0.046244319510396904,61.58699231914708,A,Fast Moving
22215,CAKE STAND WHITE TWO TIER LACE,1029,8007.3,319,8.148275862068965,0.04608569901847713,61.633078018165556,A,Medium Moving
23256,CHILDRENS CUTLERY SPACEBOY ,1980,7966.08,316,4.1516875,0.045848458935859815,61.67892647710141,A,Fast Moving
22751,FELTCRAFT PRINCESS OLIVIA DOLL,2195,7965.29,414,3.7751674641148325,0.04584391212204934,61.724770389223465,A,Fast Moving
21769,VINTAGE POST OFFICE CABINET,123,7954.87,48,77.62666666666667,0.045783940223435265,61.7705543294469,A,Medium Moving
23080,RED METAL BOX TOP SECRET,998,7920.78,221,8.358977777777778,0.045587736574322586,61.81614206602122,A,Medium Moving
22771,CLEAR DRAWER KNOB ACRYLIC EDWARDIAN,6547,7917.11,382,1.246205128205128,0.045566614034215705,61.861708680055436,A,Fast Moving
21488,RED WHITE SCARF  HOT WATER BOTTLE,2157,7914.150000000001,301,3.897712418300654,0.045549577871077745,61.907258257926514,A,Fast Moving
21935,SUKI  SHOULDER BAG,5021,7898.07,452,1.6318543046357616,0.045457030065922804,61.95271528799244,A,Fast Moving
37370,RETRO COFFEE MUGS ASSORTED,6948,7897.5,344,1.2206267806267805,0.045453749453426645,61.99816903744587,A,Fast Moving
84997C,BLUE 3 PIECE POLKADOT CUTLERY SET,2188,7889.360000000001,227,3.7651724137931035,0.04540690000479722,62.04357593745067,A,Fast Moving
20750,RED/WHITE DOT MINI CASES,1109,7859.75,250,7.74601593625498,0.04523648081881229,62.088812418269484,A,Medium Moving
21381,MINI WOODEN HAPPY BIRTHDAY GARLAND,4893,7845.81,376,1.6850387596899226,0.04515624969916927,62.13396866796865,A,Fast Moving
48188,DOOR MAT WELCOME PUPPIES,1414,7835.1,229,7.0560262008733625,0.045094608717004506,62.17906327668565,A,Medium Moving
21121,SET/10 RED SPOTTY PARTY CANDLES,6495,7826.91,350,1.2457062146892657,0.045047471495349094,62.224110748181005,A,Fast Moving
21122,SET/10 PINK POLKADOT PARTY CANDLES,6464,7807.610000000001,376,1.2506788511749347,0.0449363911073211,62.269047139288325,A,Fast Moving
21716,BOYS VINTAGE TIN SEASIDE BUCKET,3336,7744.58,306,2.521132686084142,0.04457362443077162,62.31362076371909,A,Fast Moving
22078,RIBBON REEL LACE DESIGN ,3801,7739.6,385,2.0942602040816327,0.044544962237384085,62.358165725956475,A,Fast Moving
21186,WHITE DOVE HONEYCOMB PAPER GARLAND,5017,7729.05,274,1.622142857142857,0.04448424212890246,62.40264996808538,A,Fast Moving
20718,RED SPOTTY SHOPPER BAG,6659,7711.95,397,1.2361904761904763,0.04438582375401755,62.4470357918394,A,Fast Moving
22079,RIBBON REEL HEARTS DESIGN ,4736,7670.64,542,1.6680291970802918,0.044148065679953476,62.49118385751935,A,Fast Moving
21533,RETROSPOT LARGE MILK JUG,1595,7592.85,393,4.887974683544304,0.04370034840613492,62.534884205925486,A,Medium Moving
21658,GLASS  BEURRE DISH,2007,7590.450000000001,345,3.9128409090909098,0.04368653530088791,62.57857074122637,A,Fast Moving
23439,HAND WARMER RED LOVE HEART,3721,7574.1,371,2.0941709844559586,0.043592433521392686,62.62216317474776,A,Fast Moving
21715,GIRLS VINTAGE TIN SEASIDE BUCKET,3229,7566.87,317,2.5183177570093456,0.04355082154183608,62.6657139962896,A,Fast Moving
21533,RETRO SPOT LARGE MILK JUG,1600,7561.6,452,4.8888646288209605,0.04352049026489787,62.70923448655449,A,Medium Moving
21098,CHRISTMAS TOILET ROLL,6431,7534.29,412,1.2651981351981352,0.043363308638107986,62.7525977951926,A,Fast Moving
21874,GIN AND TONIC MUG,6122,7509.76,455,1.2770549450549449,0.04322212719156256,62.79581992238416,A,Fast Moving
23328,SET 6 SCHOOL MILK BOTTLES IN CRATE,2063,7495.29,281,3.7212280701754383,0.04313884567784415,62.83895876806201,A,Fast Moving
22796,PHOTO FRAME 3 CLASSIC HANGING,771,7484.4,293,9.900847457627119,0.04307616871278586,62.882034936774794,A,Medium Moving
21875,KINGS CHOICE MUG,6681,7450.17,326,1.2792987804878049,0.04287915929920045,62.92491409607399,A,Fast Moving
22327,ROUND SNACK BOXES SET OF 4 SKULLS,2628,7440.6,464,2.938284518828452,0.04282407954202802,62.96773817561602,A,Fast Moving
85049E,SCANDINAVIAN REDS RIBBONS,5933,7427.48,681,1.2699570815450645,0.04274856790001105,63.01048674351603,A,Fast Moving
85067,CREAM SWEETHEART WALL CABINET,472,7417.259999999999,154,18.510129032258064,0.04268974709350089,63.05317649060953,A,Medium Moving
21523,DOOR MAT FANCY FONT HOME SWEET HOME,1117,7415.39,193,7.22419689119171,0.04267898438232927,63.09585547499186,A,Medium Moving
22212,FOUR HOOK  WHITE LOVEBIRDS,3709,7412.31,608,2.1001777059773827,0.04266125756392894,63.138516732555786,A,Fast Moving
22329,ROUND CONTAINER SET OF 5 RETROSPOT,4755,7408.75,418,1.6357482185273158,0.04264076812447922,63.181157500680264,A,Fast Moving
82551,LAUNDRY 15C METAL SIGN,5350,7401.59,550,1.378086642599278,0.042599559027158986,63.223757059707424,A,Fast Moving
22466,FAIRY TALE COTTAGE NIGHTLIGHT,4208,7389.599999999999,227,1.9271929824561402,0.04253055105552915,63.26628761076295,A,Fast Moving
21155,RED RETROSPOT PEG BAG,3244,7382.05,431,2.4446788990825685,0.04248709732860628,63.308774708091555,A,Fast Moving
72807C,SET/3 VANILLA SCENTED CANDLE IN BOX,1835,7364.91,238,4.211659751037344,0.04238844873530059,63.35116315682686,A,Fast Moving
22195,LARGE HEART MEASURING SPOONS,4519,7357.47,515,1.682851711026616,0.042345628109034875,63.39350878493589,A,Fast Moving
21737,SET 3 WICKER LOG BASKETS,397,7320.15,163,19.729141104294477,0.04213083432244394,63.43563961925833,A,Medium Moving
22275,WEEKEND BAG VINTAGE ROSE PAISLEY,902,7315.950000000001,280,8.365789473684211,0.04210666138826169,63.47774628064659,A,Medium Moving
21932,SCANDINAVIAN PAISLEY PICNIC BAG,3517,7260.76,494,2.2228915662650603,0.04178901752218576,63.519535298168776,A,Fast Moving
21035,SET/2 RED SPOTTY TEA TOWELS ,2533,7225.150000000001,327,2.943939393939394,0.04158406557308332,63.56111936374186,A,Fast Moving
22748,POPPY'S PLAYHOUSE KITCHEN,3498,7192.01,616,2.1130191693290734,0.041393329611464254,63.602512693353326,A,Fast Moving
21531,RED RETROSPOT SUGAR JAM BOWL,3026,7179.0,471,2.5169811320754714,0.04131845107010445,63.64383114442343,A,Fast Moving
22665,RECIPE BOX BLUE SKETCHBOOK DESIGN,2535,7172.81,507,2.9550097847358123,0.04128282476948821,63.68511396919292,A,Fast Moving
85049A,TRADITIONAL CHRISTMAS RIBBONS,5802,7171.83,562,1.269391304347826,0.041277184418179014,63.7263911536111,A,Fast Moving
22689,DOORMAT MERRY CHRISTMAS RED ,1004,7171.64,211,8.246132075471698,0.041276090880680294,63.767667244491776,A,Medium Moving
22890,NOVELTY BISCUITS CAKE STAND 3 TIER,767,7164.469999999999,230,9.904848484848484,0.041234824228754866,63.80890206872053,A,Medium Moving
21527,RETRO SPOT TRADITIONAL TEAPOT ,960,7149.0,221,7.8154708520179375,0.041145787254516876,63.85004785597504,A,Medium Moving
21411,GINGHAM HEART  DOORSTOP RED,1943,7146.39,507,4.09412109375,0.041130765502560764,63.8911786214776,A,Fast Moving
23240,SET OF 4 KNICK KNACK TINS DOILEY ,1802,7132.7,172,4.1248571428571426,0.04105197324804764,63.932230594725645,A,Medium Moving
21870,I CAN ONLY PLEASE ONE PERSON MUG,5925,7124.67,539,1.237753222836096,0.041005756900075366,63.97323635162572,A,Fast Moving
23238,SET OF 4 KNICK KNACK TINS LONDON ,1775,7116.65,233,4.133122362869199,0.04095959810670828,64.01419594973243,A,Medium Moving
21976,PACK OF 60 MUSHROOM CAKE CASES,14053,7073.63,713,0.5469834710743802,0.04071199819515572,64.05490794792757,A,Fast Moving
22809,SET OF 6 T-LIGHTS SANTA,2452,7053.760000000001,327,3.035090909090909,0.04059763719463156,64.09550558512221,A,Fast Moving
22628,PICNIC BOXES SET OF 3 RETROSPOT ,1515,7051.25,250,4.927689243027889,0.04058319098872739,64.13608877611094,A,Medium Moving
21463,MIRRORED DISCO BALL ,1320,7051.150000000001,280,5.789642857142858,0.04058261544267544,64.17667139155361,A,Medium Moving
20685,DOORMAT RED SPOT,1035,7050.21,187,7.329893048128342,0.04057720530978703,64.2172485968634,A,Medium Moving
23007, SPACEBOY BABY GIFT SET,449,7048.549999999999,142,16.513380281690143,0.04056765124532451,64.25781624810872,A,Medium Moving
72351A,SET/6 TURQUOISE BUTTERFLY T-LIGHTS,3646,7035.59,352,2.072865168539326,0.04049306047699069,64.29830930858571,A,Fast Moving
22219,LOVEBIRD HANGING DECORATION WHITE ,8375,7009.55,726,0.8538286479250334,0.04034318828506068,64.33865249687078,A,Fast Moving
84692,BOX OF 24 COCKTAIL PARASOLS,17299,6964.39,721,0.42360433604336045,0.0400832716879962,64.37873576855877,A,Fast Moving
22371,AIRLINE BAG VINTAGE TOKYO 78,1522,6962.48,505,4.801597633136095,0.04007227875840379,64.41880804731717,A,Medium Moving
21497,FANCY FONTS BIRTHDAY WRAP,17450,6957.0,483,0.4176811594202898,0.04004073883475646,64.45884878615193,A,Fast Moving
23215,JINGLE BELL HEART ANTIQUE SILVER,3544,6955.8,197,2.14015,0.04003383228213296,64.49888261843407,A,Fast Moving
22784,LANTERN CREAM GAZEBO ,1474,6932.82,323,4.955810397553517,0.03990157179939288,64.53878419023346,A,Medium Moving
48173C,DOOR MAT BLACK FLOCK ,1220,6922.9,170,6.999588235294118,0.03984447763103859,64.57862866786449,A,Medium Moving
21114,LAVENDER SCENTED FABRIC HEART,5591,6920.43,460,1.2674309978768579,0.03983026164355522,64.61845892950805,A,Fast Moving
23320,GIANT 50'S CHRISTMAS CRACKER,2628,6907.52,310,2.658634920634921,0.03975595864824737,64.6582148881563,A,Fast Moving
85064,CREAM SWEETHEART LETTER RACK,1538,6897.62,239,5.396820083682009,0.03969897958910347,64.6979138677454,A,Medium Moving
22489,PACK OF 12 TRADITIONAL CRAYONS,17090,6889.77,609,0.4249434571890145,0.03965379922402473,64.73756766696943,A,Fast Moving
22283,6 EGG HOUSE PAINTED WOOD,923,6881.6900000000005,297,7.942390572390572,0.03960729510302648,64.77717496207245,A,Medium Moving
21984,PACK OF 12 PINK PAISLEY TISSUES ,25150,6880.0,350,0.3185434173669468,0.03959756837474837,64.8167725304472,A,Fast Moving
85220,SMALL FAIRY CAKE FRIDGE MAGNETS,12236,6875.0,5,1.3,0.03956879107215045,64.85634132151935,A,Fast Moving
22550,HOLIDAY FUN LUDO,1921,6869.0,346,3.7895389048991355,0.039534258309032934,64.89587557982838,A,Fast Moving
21981,PACK OF 12 WOODLAND TISSUES ,25859,6855.19,386,0.3123425692695214,0.03945477539925746,64.93533035522765,A,Fast Moving
22745,POPPY'S PLAYHOUSE BEDROOM ,3330,6820.150000000001,556,2.106820603907638,0.03925310406265119,64.9745834592903,A,Fast Moving
22991,GIRAFFE WOODEN RULER,3708,6816.84,234,2.0506694560669456,0.03923405348833135,65.01381751277863,A,Fast Moving
22356,CHARLOTTE BAG PINK POLKADOT,8455,6812.09,600,0.8589655172413794,0.039206715050863324,65.0530242278295,A,Fast Moving
21122,SET/10 PINK SPOTTY PARTY CANDLES,5636,6807.88,363,1.2458695652173915,0.03918248456207587,65.09220671239157,A,Fast Moving
23321,SMALL WHITE HEART OF WICKER,4262,6798.1,582,1.6436241610738254,0.03912619615819432,65.13133290854977,A,Fast Moving
84997A,GREEN 3 PIECE MINI DOTS CUTLERY SET,1886,6762.54,226,3.730964912280702,0.03892153198211786,65.17025444053188,A,Fast Moving
22243,5 HOOK HANGER RED MAGIC TOADSTOOL,4471,6757.95,181,1.6327956989247312,0.03889511441833296,65.20914955495022,A,Fast Moving
22563,HAPPY STENCIL CRAFT,5857,6756.4,481,1.2477235772357724,0.0388861934545276,65.24803574840475,A,Fast Moving
21115,ROSE CARAVAN DOORSTOP,1161,6753.91,356,6.418603351955308,0.03887186235783383,65.28690761076258,A,Medium Moving
23493,VINTAGE DOILY TRAVEL SEWING KIT,3516,6736.2,349,1.9483240223463687,0.03876993315203198,65.32567754391461,A,Fast Moving
22813,PACK 3 BOXES BIRD PANNETONE ,3613,6735.95,276,1.9781138790035588,0.03876849428690208,65.3644460382015,A,Fast Moving
23083,SET 6 PAPER TABLE LANTERN STARS ,1859,6735.88,209,3.761132075471698,0.03876809140466571,65.40321412960617,A,Fast Moving
85065,CREAM SWEETHEART TRAYS,582,6734.5,232,12.508620689655173,0.03876014886914868,65.44197427847531,A,Medium Moving
22055,MINI CAKE STAND  HANGING STRAWBERY,4491,6731.23,476,1.5796192384769536,0.038741328513249636,65.48071560698857,A,Fast Moving
22592,CARDHOLDER HOLLY WREATH METAL,1814,6730.6,251,3.8062450592885377,0.0387377025731223,65.51945330956168,A,Medium Moving
22938,CUPCAKE LACE PAPER SET 6,3631,6722.629999999999,251,1.9313438735177866,0.0386918315527812,65.55814514111447,A,Fast Moving
82580,BATHROOM METAL SIGN,12594,6683.860000000001,927,0.5543829787234043,0.038468692348436875,65.5966138334629,A,Fast Moving
23297,SET 40 HEART SHAPE PETIT FOUR CASES,4260,6677.0,140,1.6359154929577464,0.03842920988927251,65.63504304335217,A,Fast Moving
22465,HANGING METAL STAR LANTERN,4325,6656.83,386,1.5987719298245613,0.038313122250592475,65.67335616560277,A,Fast Moving
22085,PAPER CHAIN KIT SKULLS ,2482,6651.900000000001,192,2.923834196891192,0.03828474783023093,65.711640913433,A,Fast Moving
20718,RED RETROSPOT SHOPPER BAG,5596,6647.31,469,1.2611016949152543,0.03825833026644602,65.74989924369945,A,Fast Moving
10002,INFLATABLE POLITICAL GLOBE ,8479,6638.2699999999995,297,0.8409602649006622,0.038206300903348964,65.7881055446028,A,Fast Moving
22626,BLACK KITCHEN SCALES,802,6619.43,305,8.484852459016393,0.038097868027159976,65.82620341262997,A,Medium Moving
22779,WOODEN OWLS LIGHT GARLAND ,1730,6610.1,191,4.198247422680413,0.038044169580512245,65.86424758221048,A,Medium Moving
22618,COOKING SET RETROSPOT,696,6609.839999999999,224,9.865644444444444,0.03804267316077714,65.90229025537126,A,Medium Moving
11001,ASSTD DESIGN RACING CAR PEN,4273,6608.8099999999995,178,1.7286338797814207,0.03803674503644197,65.94032700040769,A,Fast Moving
85014D,PINK/BROWN DOTS RUFFLED UMBRELLA,1912,6607.6,86,5.823837209302326,0.03802978092921328,65.9783567813369,A,Fast Moving
21216,"SET 3 RED SPOT TIN TEA,COFFEE,SUGAR",1426,6605.1,239,4.891908713692946,0.03801539227791432,66.01637217361481,A,Medium Moving
84997A,CHILDRENS CUTLERY POLKADOT GREEN ,1688,6599.06,166,4.1891566265060245,0.037980629296376016,66.05435280291118,A,Medium Moving
21903,MAN FLU METAL SIGN,3342,6574.380000000001,346,2.154132947976879,0.03783858453075265,66.09219138744193,A,Fast Moving
22567,20 DOLLY PEGS RETROSPOT,5385,6568.75,431,1.2773563218390804,0.03780618128802738,66.12999756872996,A,Fast Moving
22839,3 TIER CAKE TIN GREEN AND CREAM,476,6558.5599999999995,184,14.906864864864865,0.0377475331453328,66.1677451018753,A,Medium Moving
22588,CARD HOLDER GINGHAM HEART,2541,6539.27,398,2.6802227722772276,0.03763651031191,66.20538161218721,A,Fast Moving
20685,RED SPOTTY COIR DOORMAT,1097,6538.75,164,6.542987804878049,0.037633517472439815,66.24301512965965,A,Medium Moving
23008,DOLLY GIRL BABY GIFT SET,419,6534.049999999999,120,16.416666666666668,0.03760646680799776,66.28062159646765,A,Medium Moving
16156S,WRAP PINK FAIRY CAKES ,16586,6527.12,417,0.41529976019184656,0.037566581466597034,66.31818817793425,A,Fast Moving
23254,CHILDRENS CUTLERY DOLLY GIRL ,1621,6525.55,268,4.142592592592592,0.03755754539358129,66.35574572332783,A,Medium Moving
22349,DOG BOWL CHASING BALL DESIGN,1688,6515.62,200,3.750049504950495,0.0375003936706218,66.39324611699845,A,Medium Moving
22907,PACK OF 20 NAPKINS PANTRY DESIGN,8141,6497.87,675,0.84810888252149,0.03739823424639916,66.43064435124485,A,Fast Moving
47599B,BLUE PARTY BAGS ,3441,6476.54,262,2.077698113207547,0.0372754702735164,66.46791982151836,A,Fast Moving
22358,KINGS CHOICE TEA CADDY ,2286,6468.580000000001,384,2.940951156812339,0.0372296568077805,66.50514947832615,A,Fast Moving
21033,JUMBO BAG CHARLIE AND LOLA TOYS,3411,6463.67,293,2.5903412969283277,0.03720139749662933,66.54235087582278,A,Fast Moving
23293,SET OF 12 FAIRY CAKE BAKING CASES,8228,6457.0,465,0.8238758029978587,0.0371630085749637,66.57951388439774,A,Fast Moving
22029,SPACEBOY BIRTHDAY CARD,16198,6440.06,808,0.4181381011097411,0.03706551107376192,66.6165793954715,A,Fast Moving
22738,RIBBON REEL SNOWY VILLAGE,4012,6431.68,352,1.6727762039660057,0.0370172803146078,66.65359667578612,A,Fast Moving
21361,LOVE LARGE WOOD LETTERS ,519,6422.85,250,12.707142857142857,0.036966459598219856,66.69056313538434,A,Medium Moving
23134,LARGE ZINC HEART WALL ORGANISER,1064,6414.48,37,7.6710810810810806,0.03691828639367092,66.72748142177801,A,Medium Moving
21563,RED HEART SHAPE LOVE BUCKET ,2701,6408.870000000001,302,2.8496721311475413,0.03688599826015605,66.76436742003817,A,Fast Moving
48129,DOOR MAT TOPIARY,1020,6407.06,188,7.069526315789473,0.0368755808766156,66.80124300091478,A,Medium Moving
84568,GIRLS ALPHABET IRON ON PATCHES ,33217,6399.57,72,0.205,0.03683247247732391,66.83807547339211,A,Fast Moving
37450,CERAMIC CAKE BOWL + HANGING CAKES,2337,6398.55,313,2.87625,0.036826601907593924,66.8749020752997,A,Fast Moving
22493,PAINT YOUR OWN CANVAS SET,4025,6382.53,335,1.6708045977011492,0.03673439943007016,66.91163647472978,A,Fast Moving
22661,CHARLOTTE BAG DOLLY GIRL DESIGN,8034,6365.84,536,0.8435359116022099,0.03663834079399829,66.94827481552377,A,Fast Moving
20717,STRAWBERRY SHOPPER BAG,5335,6353.53,500,1.2579487179487179,0.036567491075002186,66.98484230659878,A,Fast Moving
22221,CAKE STAND LOVEBIRD 2 TIER PINK,884,6339.0,138,9.549280575539568,0.03648386423365261,67.02132617083244,A,Medium Moving
22528,GARDENERS KNEELING PAD,5363,6329.83,449,1.2369977924944813,0.036431086660688006,67.05775725749312,A,Fast Moving
37448,CERAMIC CAKE DESIGN SPOTTED MUG,4394,6308.0199999999995,433,1.4787750556792874,0.03630556006675585,67.09406281755987,A,Fast Moving
47502,POLKADOT CUTLERY 24 PCS IN TRAY,617,6307.15,58,11.591379310344827,0.03630055281610381,67.13036337037597,A,Medium Moving
22783,SET 3 WICKER OVAL BASKETS W LIDS,481,6277.17,44,15.383181818181818,0.036128004109726636,67.1664913744857,A,Medium Moving
48116,DOOR MAT MULTICOLOUR STRIPE,1037,6270.6900000000005,192,7.0346875,0.03609070872555973,67.20258208321125,A,Medium Moving
22669,RED BABY BUNTING ,2165,6266.75,334,2.9428783382789323,0.03606803221111255,67.23865011542237,A,Fast Moving
22332,SKULLS PARTY BAG + STICKER SET,4065,6264.049999999999,334,1.641715976331361,0.03605249246770967,67.27470260789008,A,Fast Moving
22141,CHRISTMAS CRAFT TREE TOP ANGEL,3060,6249.280000000001,434,2.135022522522523,0.0359674843158354,67.31067009220591,A,Fast Moving
22360,GLASS JAR ENGLISH CONFECTIONERY,2284,6248.8,302,2.950657894736842,0.035964721694786,67.34663481390069,A,Fast Moving
23553,LANDMARK FRAME CAMDEN TOWN ,557,6244.85,62,12.375,0.03594198762573364,67.38257680152643,A,Medium Moving
22645,CERAMIC HEART FAIRY CAKE MONEY BANK,4563,6241.69,551,1.4297833935018052,0.03592380037049174,67.41850060189692,A,Fast Moving
22220,CAKE STAND LOVEBIRD 2 TIER WHITE,711,6230.049999999999,244,9.41967213114754,0.035856806810043766,67.45435740870697,A,Medium Moving
22798,ANTIQUE GLASS DRESSING TABLE POT,2172,6228.360000000001,258,2.967519379844961,0.035847080081765674,67.49020448878873,A,Fast Moving
21876,POTTERING MUG,5303,6222.47,403,1.314579207920792,0.03581318041930531,67.52601766920804,A,Fast Moving
22826,LOVE SEAT ANTIQUE WHITE METAL,58,6210.0,41,114.02439024390245,0.035741409826626075,67.56175907903467,A,Slow Moving
23382,BOX OF 6 CHRISTMAS CAKE DECORATIONS,1712,6155.04,163,3.710731707317073,0.035425089716469654,67.59718416875114,A,Medium Moving
23229,VINTAGE DONKEY TAIL GAME ,1750,6146.89,215,3.786511627906977,0.035378182713235035,67.63256235146437,A,Medium Moving
22780,LIGHT GARLAND BUTTERFILES PINK,1617,6142.09,177,4.1960335195530725,0.03535055650274103,67.66791290796711,A,Medium Moving
22526,WHEELBARROW FOR CHILDREN ,518,6133.62,187,12.628882978723404,0.03530180775214013,67.70321471571924,A,Medium Moving
21124,SET/10 BLUE POLKADOT PARTY CANDLES,5080,6131.12,293,1.2474324324324324,0.03528741910084117,67.73850213482008,A,Fast Moving
85175,CACTI T-LIGHT CANDLES,15302,6128.12,409,0.4162530413625304,0.03527015271928242,67.77377228753936,A,Fast Moving
37500,TEA TIME TEAPOT IN GIFT BOX,823,6126.7699999999995,216,8.516866359447004,0.03526238284758097,67.80903467038694,A,Medium Moving
22577,WOODEN HEART CHRISTMAS SCANDINAVIAN,12969,6124.849999999999,726,0.5788594164456233,0.03525133236338336,67.84428600275032,A,Fast Moving
82486,3 DRAWER ANTIQUE WHITE WOOD CABINET,707,6124.13,186,8.914064171122995,0.03524718843180927,67.87953319118213,A,Medium Moving
23480,MINI LIGHTS WOODLAND MUSHROOMS,1717,6118.59,173,3.726477272727273,0.03521530318053077,67.91474849436267,A,Medium Moving
20975,12 PENCILS SMALL TUBE RED RETROSPOT,9493,6111.650000000001,459,0.6493617021276595,0.035175360284524844,67.9499238546472,A,Fast Moving
22432,WATERING CAN PINK BUNNY,3340,6110.9,424,1.9404694835680751,0.035171043689135144,67.98509489833633,A,Fast Moving
85068,CREAM SWEETHEART SHELF + HOOKS,922,6097.56,173,7.726228571428571,0.035094265845803885,68.02018916418213,A,Medium Moving
23541,WALL ART CLASSIC PUDDINGS ,821,6093.49,118,8.114915254237287,0.035070841121489164,68.05526000530362,A,Medium Moving
22810,SET OF 6 T-LIGHTS SNOWMEN,2079,6088.130000000001,280,3.043098591549296,0.0350399918531042,68.09029999715673,A,Fast Moving
23103,JINGLE BELL HEART DECORATION,3679,6055.95,307,1.6481132075471698,0.03485478113358393,68.12515477829032,A,Fast Moving
85047,WHITE BEADED GARLAND STRING 20LIGHT,994,6043.099999999999,201,6.299268292682926,0.03478082346590725,68.15993560175623,A,Medium Moving
47591D,PINK FAIRY CAKE CHILD'S APRON,3325,6032.3099999999995,352,1.924900849858357,0.03471872204690092,68.19465432380314,A,Fast Moving
22582,PACK OF 6 SWEETIE GIFT BOXES,2459,6025.360000000001,252,2.5454054054054054,0.03467872159628981,68.22933304539943,A,Fast Moving
22945,CHRISTMAS METAL TAGS ASSORTED ,7369,6025.21,278,0.8664912280701754,0.03467785827721187,68.26401090367663,A,Fast Moving
22224,WHITE LOVEBIRD LANTERN,2105,6016.950000000001,304,2.9200325732899026,0.034630318173320095,68.29864122184995,A,Fast Moving
22644,CERAMIC CHERRY CAKE MONEY BANK,4583,6016.429999999999,465,1.436460554371002,0.0346273253338499,68.33326854718379,A,Fast Moving
22174,PHOTO CUBE,3928,6011.24,303,1.6889354838709676,0.03459745449375326,68.36786600167754,A,Fast Moving
22431,WATERING CAN BLUE ELEPHANT,3179,6004.75,498,1.9602195608782433,0.034560101554981154,68.40242610323253,A,Fast Moving
21201,TROPICAL  HONEYCOMB PAPER GARLAND ,2629,5980.35,183,2.488095238095238,0.03441966831830326,68.43684577155084,A,Fast Moving
21586,KINGS CHOICE GIANT TUBE MATCHES,2567,5977.950000000001,236,2.514669421487603,0.034405855213056266,68.47125162676389,A,Fast Moving
47559B,TEA TIME OVEN GLOVE,4970,5977.87,609,1.257043618739903,0.03440539477621469,68.5056570215401,A,Fast Moving
22504,CABIN BAG VINTAGE RETROSPOT,269,5976.95,76,25.80263157894737,0.03440009975253667,68.54005712129263,A,Medium Moving
23307,SET OF 60 PANTRY DESIGN CAKE CASES ,11661,5974.389999999999,504,0.5563178294573643,0.03438536577360653,68.57444248706624,A,Fast Moving
21989,PACK OF 20 SKULL PAPER NAPKINS,8073,5973.09,468,0.8409473684210526,0.034377883674931074,68.60882037074117,A,Fast Moving
21980,PACK OF 12 RED SPOTTY TISSUES ,22641,5922.509999999999,224,0.28902654867256633,0.034086772481850436,68.64290714322303,A,Fast Moving
21124,SET/10 BLUE SPOTTY PARTY CANDLES,4883,5921.35,306,1.2457643312101911,0.03408009614764772,68.67698723937067,A,Fast Moving
22430,ENAMEL WATERING CAN CREAM,1288,5916.4400000000005,303,4.923453947368421,0.034051836836496555,68.71103907620717,A,Medium Moving
22827,RUSTIC  SEVENTEEN DRAWER SIDEBOARD,38,5910.0,29,158.79310344827587,0.03401477167075042,68.74505384787793,A,Slow Moving
21107,CREAM SLICE FLANNEL PINK SPOT ,2157,5873.55,228,2.901304347826087,0.03380498513481153,68.77885883301273,A,Fast Moving
22596,CHRISTMAS STAR WISH LIST CHALKBOARD,6080,5853.92,402,1.0312713936430318,0.033692005444812066,68.81255083845754,A,Fast Moving
22900,SET 2 TEA TOWELS I LOVE LONDON ,1947,5839.75,176,3.2240331491712704,0.033610450569249536,68.8461612890268,A,Fast Moving
22187,GREEN CHRISTMAS TREE CARD HOLDER,1982,5838.0199999999995,290,3.384109589041096,0.03360049362255065,68.87976178264934,A,Fast Moving
22491,PACK OF 12 COLOURED PENCILS,7322,5831.36,360,0.8496438356164384,0.03356216225549021,68.91332394490483,A,Fast Moving
20676,RED RETROSPOT BOWL,5020,5827.1900000000005,375,1.243501326259947,0.03353816198512355,68.94686210688995,A,Fast Moving
21746,SMALL RED RETROSPOT WINDMILL,4896,5819.32,329,1.2506268656716417,0.033492866510834406,68.9803549734008,A,Fast Moving
84884A,ANT WHITE WIRE HEART SPIRAL,1654,5817.66,269,3.937546468401487,0.03348331244637189,69.01383828584717,A,Medium Moving
22354,RETROSPOT PADDED SEAT CUSHION,1613,5807.77,185,3.751182795698925,0.033426390941833195,69.047264676789,A,Medium Moving
23172,REGENCY TEA PLATE PINK,3688,5793.28,224,1.6405357142857142,0.0333429943189044,69.0806076711079,A,Fast Moving
85062,PEARL CRYSTAL PUMPKIN T-LIGHT HLDR,3648,5792.07,278,1.6487234042553192,0.0333360302116757,69.11394370131957,A,Fast Moving
22979,PANTRY WASHING UP BRUSH,3913,5785.71,304,1.4965686274509804,0.033299425482771136,69.14724312680234,A,Fast Moving
22435,SET OF 9 HEART SHAPED BALLOONS,4716,5783.04,445,1.2524008810572689,0.033284058403183846,69.18052718520552,A,Fast Moving
85178,VICTORIAN SEWING KIT,5294,5777.54,254,1.248576923076923,0.033252403370326124,69.21377958857585,A,Fast Moving
20973,12 PENCIL SMALL TUBE WOODLAND,9091,5776.55,514,0.6578504672897196,0.03324670546441173,69.24702629404025,A,Fast Moving
23247,BISCUIT TIN 50'S CHRISTMAS,2048,5760.52,271,2.9715498154981552,0.033154445432282784,69.28018073947254,A,Fast Moving
20754,RETRO RED SPOTTY WASHING UP GLOVES,3011,5747.46,338,2.077020648967552,0.03307927911789699,69.31326001859044,A,Fast Moving
22142,CHRISTMAS CRAFT WHITE FAIRY ,4090,5741.94,429,1.4831065759637188,0.03304750897582887,69.34630752756627,A,Fast Moving
84032B,CHARLIE + LOLA RED HOT WATER BOTTLE,2788,5741.6,405,2.7595343137254904,0.03304555211925222,69.37935307968552,A,Fast Moving
22377,BOTTLE BAG RETROSPOT ,3212,5741.29,288,2.033702422145329,0.03304376792649114,69.412396847612,A,Fast Moving
72802C,VANILLA SCENT CANDLE JEWELLED BOX,2140,5725.34,234,4.157457627118644,0.032951968331203764,69.4453488159432,A,Fast Moving
21498,RED RETROSPOT WRAP ,14022,5724.24,438,0.41776255707762555,0.03294563732463222,69.47829445326784,A,Fast Moving
22185,SLATE TILE NATURAL HANGING,3738,5723.6,375,1.6200263852242744,0.03294195382989968,69.51123640709774,A,Fast Moving
23485,BOTANICAL GARDENS WALL CLOCK ,259,5719.0,80,24.16,0.032915478711509585,69.54415188580926,A,Medium Moving
22414,DOORMAT NEIGHBOURHOOD WITCH ,1043,5709.31,127,7.789291338582677,0.0328597082990748,69.57701159410833,A,Medium Moving
22498,WOODEN REGATTA BUNTING,991,5704.45,294,5.943243243243243,0.032831736760949616,69.60984333086928,A,Medium Moving
22130,PARTY CONE CHRISTMAS DECORATION ,6896,5704.04,358,0.8468032786885246,0.032829377022136584,69.64267270789142,A,Fast Moving
23113,PANTRY CHOPPING BOARD,1138,5695.860000000001,43,4.92,0.03278229735508638,69.6754550052465,A,Medium Moving
79323W,WHITE CHERRY LIGHTS,962,5687.5,98,6.431632653061224,0.03273418170514265,69.70818918695164,A,Medium Moving
23296,SET OF 6 TEA TIME BAKING CASES,4877,5684.650000000001,319,1.2395975232198142,0.03271777864266183,69.7409069655943,A,Fast Moving
21918,SET 12 KIDS COLOUR  CHALK STICKS,14126,5681.2,585,0.4226351351351351,0.03269792230386925,69.77360488789817,A,Fast Moving
22849,BREAD BIN DINER STYLE MINT,369,5676.3099999999995,147,16.28795918367347,0.032669778101928476,69.8062746660001,A,Medium Moving
20751,FUNKY WASHING UP GLOVES ASSORTED,2736,5652.120000000001,408,2.096177156177156,0.03253055351195971,69.83880521951207,A,Fast Moving
22781,GUMBALL MAGAZINE RACK,768,5633.54,225,7.659424778761061,0.03242361705550581,69.87122883656757,A,Medium Moving
23204,CHARLOTTE BAG APPLES DESIGN,7039,5632.15,425,0.8429976580796252,0.03241561696538358,69.90364445353295,A,Fast Moving
21625,VINTAGE UNION JACK APRON,838,5630.64,245,6.962874493927126,0.032406926219999015,69.93605137975295,A,Medium Moving
85174,S/4 CACTI CANDLES,1282,5606.82,229,4.920632911392405,0.03226983115042248,69.96832121090337,A,Medium Moving
22045,SPACEBOY GIFT WRAP,13642,5603.64,442,0.4188235294117647,0.0322515287859702,70.00057273968935,A,Fast Moving
22971,QUEENS GUARD COFFEE MUG,2365,5603.570000000001,233,2.5219574468085106,0.032251125903733836,70.03282386559307,A,Fast Moving
22311,OFFICE MUG WARMER BLACK+SILVER ,1937,5576.95,190,3.386041666666667,0.03209791554470246,70.06492178113777,A,Fast Moving
23311,VINTAGE CHRISTMAS STOCKING ,2199,5564.25,281,2.545246478873239,0.03202482119610373,70.09694660233387,A,Fast Moving
22364,GLASS JAR DIGESTIVE BISCUITS,1893,5556.55,224,2.955044247787611,0.03198050415010292,70.12892710648397,A,Fast Moving
21988,PACK OF 6 SKULL PAPER PLATES,7649,5544.05,350,0.8382681564245809,0.0319085608936081,70.16083566737758,A,Fast Moving
22855,FINE WICKER HEART ,4612,5541.56,345,1.2380571428571427,0.031894229796914336,70.1927298971745,A,Fast Moving
22063,CERAMIC BOWL WITH STRAWBERRY DESIGN,2161,5532.55,258,2.8487265917602995,0.03184237309763287,70.22457227027213,A,Fast Moving
23312,VINTAGE CHRISTMAS GIFT SACK,1364,5523.0,193,4.139847715736041,0.031787408449670825,70.25635967872181,A,Medium Moving
22841,ROUND CAKE TIN VINTAGE GREEN,724,5501.08,282,7.9456028368794325,0.031661248755081514,70.2880209274769,A,Medium Moving
22348,TEA BAG PLATE RED SPOTTY ,6866,5496.02,337,0.8450584795321637,0.03163212612485241,70.31965305360174,A,Fast Moving
21561,DINOSAUR LUNCH BOX WITH CUTLERY,2320,5493.93,342,2.5487826086956518,0.03162009721236648,70.35127315081411,A,Fast Moving
84997A,GREEN 3 PIECE POLKADOT CUTLERY SET,1519,5473.05,152,3.7723376623376628,0.03149992319671753,70.38277307401083,A,Medium Moving
22331,WOODLAND PARTY BAG + STICKER SET,3460,5456.36,345,1.6479369627507163,0.031403864560645645,70.41417693857147,A,Fast Moving
22065,CHRISTMAS PUDDING TRINKET POT ,8257,5453.99,333,1.0287896253602307,0.03139022411921423,70.4455671626907,A,Fast Moving
20979,36 PENCILS TUBE RED RETROSPOT,4516,5450.4400000000005,316,1.2451898734177216,0.0313697922343697,70.47693695492507,A,Fast Moving
16161P,WRAP ENGLISH ROSE ,13198,5435.4,440,0.41895454545454547,0.03128323010815513,70.50822018503322,A,Fast Moving
22148,EASTER CRAFT 4 CHICKS ,2994,5430.3,243,1.9234939759036145,0.03125387725950525,70.53947406229273,A,Fast Moving
21110,LARGE CAKE TOWEL PINK SPOTS,1251,5426.45,229,6.289055793991416,0.031231718736504845,70.57070578102923,A,Medium Moving
21703,BAG 125g SWIRLY MARBLES,14289,5416.09,452,0.4216523605150214,0.031172092165521935,70.60187787319475,A,Fast Moving
23118,PARISIENNE JEWELLERY DRAWER ,765,5399.02,225,7.4600888888888885,0.031073846454452613,70.6329517196492,A,Medium Moving
21749,LARGE RED SPOT WINDMILL,2894,5390.4,34,2.048529411764706,0.031024234384773784,70.66397595403397,A,Fast Moving
23135,SMALL ZINC HEART WALL ORGANISER,1538,5378.8,42,5.191190476190476,0.030957471042746595,70.69493342507671,A,Medium Moving
23169,CLASSIC GLASS COOKIE JAR,1332,5350.2,248,4.114658634538153,0.030792864871886445,70.7257262899486,A,Medium Moving
22848,BREAD BIN DINER STYLE PINK,350,5339.95,130,16.194076923076924,0.030733871401560694,70.75646016135016,A,Medium Moving
21768,WALL MOUNTED VINTAGE ORGANISER,447,5339.79,123,14.721129032258064,0.03073295052787756,70.78719311187804,A,Medium Moving
21207,SKULL AND CROSSBONES  GARLAND ,3480,5337.2,212,1.6312206572769952,0.030718043885131836,70.81791115576317,A,Fast Moving
37495,FAIRY CAKE BIRTHDAY CANDLE SET,1500,5337.0,288,3.722318339100346,0.03071689279302792,70.8486280485562,A,Medium Moving
22578,WOODEN STAR CHRISTMAS SCANDINAVIAN,12180,5333.28,662,0.5445114942528735,0.030695482479895057,70.87932353103609,A,Fast Moving
22168,ORGANISER WOOD ANTIQUE WHITE ,642,5323.8,302,8.479801324503311,0.03064092071416939,70.90996445175026,A,Medium Moving
22575,METAL MERRY CHRISTMAS WREATH,2807,5321.849999999999,299,1.9442122186495177,0.030629697566156196,70.94059414931641,A,Fast Moving
23531,WALL ART BIG LOVE ,960,5319.36,97,6.744897959183674,0.03061536646946243,70.97120951578587,A,Medium Moving
21242,RED RETROSPOT PLATE ,3340,5310.5199999999995,272,1.6768131868131868,0.03056448819846929,71.00177400398434,A,Fast Moving
21432,SET OF 3 CASES WOODLAND DESIGN,927,5298.650000000001,227,5.895414847161572,0.030496170882101818,71.03227017486644,A,Medium Moving
22072,RED RETROSPOT TEA CUP AND SAUCER ,1561,5295.57,299,3.6098070739549843,0.03047844406370149,71.06274861893014,A,Medium Moving
22746,POPPY'S PLAYHOUSE LIVINGROOM ,2589,5292.02,460,2.1136695278969957,0.03045801217885696,71.093206631109,A,Fast Moving
22964,3 PIECE SPACEBOY COOKIE CUTTER SET,2635,5288.740000000001,321,2.13141975308642,0.03043913426835273,71.12364576537735,A,Fast Moving
22060,LARGE CAKE STAND HANGING HEARTS,714,5285.22,143,8.687260273972603,0.030418875047323782,71.15406464042466,A,Medium Moving
21667,GLASS CAKE COVER AND PLATE,329,5272.549999999999,141,16.595390070921983,0.03034595336254063,71.1844105937872,A,Medium Moving
22341,LOVE GARLAND PAINTED ZINC ,3332,5252.599999999999,139,1.689432624113475,0.0302311319251749,71.21464172571238,A,Fast Moving
23583,LUNCH BAG PAISLEY PARK  ,3305,5251.25,298,1.6447540983606557,0.030223362053473462,71.24486508776586,A,Fast Moving
72756,FAIRY CAKE CANDLES,3841,5230.61,125,1.4707999999999999,0.030104569348349215,71.27496965711421,A,Fast Moving
22441,GROW YOUR OWN BASIL IN ENAMEL MUG,2515,5215.5,390,2.0968274111675127,0.03001760433989828,71.30498726145412,A,Fast Moving
22437,SET OF 9 BLACK SKULL BALLOONS,6332,5197.6,358,0.8482191780821917,0.029914581596597697,71.33490184305072,A,Fast Moving
23192,BUNDLE OF 3 ALPHABET EXERCISE BOOKS,3269,5197.17,312,1.6541509433962263,0.029912106748574276,71.36481394979928,A,Fast Moving
22854,CREAM SWEETHEART EGG HOLDER,1093,5177.95,216,4.917889908256881,0.029801486797387842,71.39461543659667,A,Medium Moving
22282,12 EGG HOUSE PAINTED WOOD,475,5176.67,143,12.688881118881119,0.029794119807922775,71.42440955640458,A,Medium Moving
21491,SET OF THREE VINTAGE GIFT WRAPS,2827,5167.049999999999,222,1.925892857142857,0.029738752277724358,71.4541483086823,A,Fast Moving
22460,EMBOSSED GLASS TEALIGHT HOLDER,4259,5162.34,289,1.2678275862068966,0.02971164405867711,71.48385995274099,A,Fast Moving
21934,SKULL SHOULDER BAG,3258,5155.7,345,1.6303468208092486,0.029673427800827063,71.51353338054182,A,Fast Moving
22899,CHILDREN'S APRON DOLLY GIRL ,2566,5150.78,339,2.117251461988304,0.029645110935070704,71.54317849147688,A,Fast Moving
20676,RED SPOTTY BOWL,4383,5145.87,345,1.2373699421965318,0.029616851623919534,71.5727953431008,A,Fast Moving
79067,CORONA MEXICAN TRAY,1454,5143.7,275,3.724007220216606,0.02960436227459204,71.60239970537539,A,Medium Moving
23133,LARGE IVORY HEART WALL ORGANISER,759,5142.91,134,7.992164179104478,0.029599815460781564,71.63199952083617,A,Medium Moving
22564,ALPHABET STENCIL CRAFT,4526,5137.01,312,1.251884984025559,0.02956585824371601,71.66156537907989,A,Fast Moving
22660,DOORMAT I LOVE LONDON,831,5136.67,148,7.5822972972972975,0.029563901387139352,71.69112928046702,A,Medium Moving
22670,FRENCH WC SIGN BLUE METAL,4283,5136.36,315,1.258913043478261,0.029562117194378276,71.7206913976614,A,Fast Moving
84832,ZINC WILLIE WINKIE  CANDLE STICK,6166,5127.219999999999,442,0.8577483443708609,0.029509512285229262,71.75020090994663,A,Fast Moving
21587,COSY HOUR GIANT TUBE MATCHES,2053,5127.15,255,2.5415413533834585,0.029509109402992895,71.77971001934962,A,Fast Moving
22333,RETRO SPORT PARTY BAG + STICKER SET,3339,5122.15,218,1.639041095890411,0.029480332100394965,71.80919035145001,A,Fast Moving
23158,SET OF 5 LUCKY CAT MAGNETS ,2536,5117.32,187,2.167593582887701,0.029452533226085365,71.8386428846761,A,Fast Moving
21498,RED SPOTS  WRAP ,12650,5105.0,361,0.41711911357340714,0.029381625952484076,71.86802451062859,A,Fast Moving
21078,SET/20 STRAWBERRY PAPER NAPKINS ,6539,5097.7699999999995,537,0.844029304029304,0.029340013972927473,71.89736452460151,A,Fast Moving
84520B,PACK 20 ENGLISH ROSE PAPER NAPKINS,6598,5096.74,528,0.8418029739776951,0.029334085848592296,71.9266986104501,A,Fast Moving
21900,"KEY FOB , SHED",8033,5094.29,654,0.6635928143712575,0.02931998497031932,71.95601859542042,A,Fast Moving
22763,KEY CABINET MA CAMPAGNE,645,5089.59,119,9.886806722689075,0.029292934305877268,71.98531152972629,A,Medium Moving
85232B,SET OF 3 BABUSHKA STACKING TINS,1050,5085.5,140,4.930141843971631,0.029269394472352158,72.01458092419864,A,Medium Moving
21154,RED RETROSPOT OVEN GLOVE ,4344,5083.88,344,1.2824147727272728,0.029260070626310433,72.04384099482495,A,Fast Moving
21452,TOADSTOOL MONEY BOX,1763,5083.250000000001,328,2.9428994082840236,0.0292564446861831,72.07309743951113,A,Medium Moving
22483,RED GINGHAM TEDDY BEAR ,1812,5080.68,302,2.9489403973509933,0.029241653152647762,72.10233909266378,A,Medium Moving
79029,GLASS HONEYPOT WASP CATCHER,2849,5073.15,292,1.9288590604026845,0.02919831453493528,72.13153740719872,A,Fast Moving
84971S,SMALL HEART FLOWERS HOOK ,6206,5053.259999999999,325,0.8506927710843374,0.02908383842520072,72.16062124562391,A,Fast Moving
22117,METAL SIGN HER DINNER IS SERVED ,1724,5051.6,196,2.881377551020408,0.029074284360738212,72.18969552998465,A,Medium Moving
23157,SET OF 6 NATIVITY MAGNETS ,2530,5031.55,145,2.150794701986755,0.028958887377320525,72.21865441736196,A,Fast Moving
23177,TREASURE ISLAND BOOK BOX,2428,5029.8,214,2.241705069124424,0.028948815321411248,72.24760323268337,A,Fast Moving
22165,"DIAMANTE HEART SHAPED WALL MIRROR, ",783,5020.41,127,11.117265625,0.028894771547132336,72.2764980042305,A,Medium Moving
21242,RED SPOTTY PLATE ,3135,5015.91,247,1.67834008097166,0.0288688719747942,72.3053668762053,A,Fast Moving
46000S,POLYESTER FILLER PAD 40x40cm,3451,5003.95,369,1.45,0.028800036666979962,72.33416691287228,A,Fast Moving
22595,CHRISTMAS GINGHAM HEART,6125,5000.33,309,0.8458333333333332,0.028779201899899062,72.36294611477217,A,Fast Moving
20975,12 PENCILS SMALL TUBE RED SPOTTY,7997,4998.05,304,0.6487499999999999,0.028766079449914408,72.39171219422208,A,Fast Moving
35832,WOOLLY HAT SOCK GLOVE ADVENT STRING,1687,4995.85,162,3.002439024390244,0.028753417436771317,72.42046561165886,A,Medium Moving
21872,GLAMOROUS  MUG,5032,4993.0,285,1.2818118466898956,0.0287370143742905,72.44920262603314,A,Fast Moving
23132,SMALL IVORY HEART WALL ORGANISER,1008,4989.08,141,5.735531914893618,0.028714452969053724,72.4779170790022,A,Medium Moving
22951,60 CAKE CASES DOLLY GIRL DESIGN,9707,4983.61,492,0.5584231536926149,0.02868297060001159,72.50660004960221,A,Fast Moving
22845,VINTAGE CREAM CAT FOOD CONTAINER,831,4976.139999999999,287,6.363875432525951,0.028639977309930283,72.53524002691215,A,Medium Moving
22687,DOORMAT CHRISTMAS VILLAGE,837,4966.929999999999,113,8.035929203539823,0.028586969518544898,72.56382699643069,A,Medium Moving
40016,CHINESE DRAGON PAPER LANTERNS,15301,4961.12,196,0.44355329949238576,0.02855353029292611,72.59238052672362,A,Fast Moving
21730,GLASS STAR FROSTED T-LIGHT HOLDER,1047,4952.09,259,4.919198473282443,0.028501558484434256,72.62088208520805,A,Medium Moving
22030,SWALLOWS GREETING CARD,12340,4948.05,601,0.4184072249589491,0.02847830642393513,72.64936039163199,A,Fast Moving
22443,GROW YOUR OWN HERBS SET OF 3,648,4945.4400000000005,238,7.914058577405858,0.028463284671979013,72.67782367630397,A,Medium Moving
21749,LARGE RED RETROSPOT WINDMILL,2560,4941.0,181,2.076519337016575,0.028437730427272052,72.70626140673124,A,Fast Moving
35004B,SET OF 3 BLACK FLYING DUCKS,1228,4937.8,120,4.660743801652893,0.028419312953609378,72.73468071968486,A,Medium Moving
21528,DAIRY MAID TRADITIONAL TEAPOT ,831,4937.650000000001,215,6.866511627906976,0.028418449634531443,72.76309916931939,A,Medium Moving
85038,6 CHOCOLATE LOVE HEART T-LIGHTS,2502,4935.76,282,2.1045578231292517,0.028407571814149424,72.79150674113353,A,Fast Moving
22898,CHILDRENS APRON APPLES DESIGN,2626,4934.6,349,1.9465811965811965,0.028400895479946706,72.81990763661348,A,Fast Moving
22737,RIBBON REEL CHRISTMAS PRESENT ,2998,4925.54,381,1.6909326424870466,0.02834875100763926,72.84825638762112,A,Fast Moving
23154,SET OF 4 JAM JAR MAGNETS,2441,4922.01,214,2.0809589041095893,0.028328434232005123,72.87658482185313,A,Fast Moving
23556,LANDMARK FRAME COVENT GARDEN ,435,4912.05,52,12.38076923076923,0.028271109845230052,72.90485593169836,A,Medium Moving
21069,VINTAGE BILLBOARD TEA MUG,4901,4909.400000000001,178,1.232707182320442,0.028255857874853154,72.93311178957322,A,Fast Moving
22335,HEART DECORATION PAINTED ZINC ,8034,4895.1,336,0.6508571428571429,0.028173554789423075,72.96128534436264,A,Fast Moving
23310,BUBBLEGUM RING ASSORTED,11891,4894.83,213,0.4292523364485981,0.02817200081508279,72.98945734517773,A,Fast Moving
22739,RIBBON REEL CHRISTMAS SOCK BAUBLE,2944,4893.84,380,1.6994300518134715,0.0281663029091684,73.0176236480869,A,Fast Moving
22632,HAND WARMER RED POLKA DOT,2592,4876.2,46,1.9858695652173914,0.028064776585602913,73.0456884246725,A,Fast Moving
22957,SET 3 PAPER VINTAGE CHICK PAPER EGG,1746,4872.3,196,2.92979797979798,0.02804233028957653,73.07373075496209,A,Medium Moving
22894,TABLECLOTH RED APPLES DESIGN ,541,4861.95,173,9.242285714285714,0.027982761273198816,73.10171351623528,A,Medium Moving
21155,RED SPOTTY PEG BAG,2561,4858.62,293,2.0435714285714286,0.027963595589668596,73.12967711182495,A,Fast Moving
23543,WALL ART KEEP CALM ,958,4853.5,74,7.835921052631579,0.027934127631808317,73.15761123945676,A,Medium Moving
22378,WALL TIDY RETROSPOT ,3046,4850.66,288,1.9972664359861594,0.027917782123932696,73.18552902158069,A,Fast Moving
22196,SMALL HEART MEASURING SPOONS,5773,4850.5,564,0.8579863481228669,0.027916861250249562,73.21344588283094,A,Fast Moving
85132C,CHARLIE AND LOLA FIGURES TINS,1919,4843.53,191,3.81453125,0.02787674569042805,73.24132262852137,A,Fast Moving
22186,RED STAR CARD HOLDER,1904,4840.84,284,2.6754736842105262,0.027861263501630366,73.26918389202301,A,Fast Moving
22842,BISCUIT TIN VINTAGE RED,761,4837.55,212,6.659859154929578,0.02784232803652093,73.29702622005954,A,Medium Moving
22534,MAGIC DRAWING SLATE SPACEBOY ,11981,4833.3,461,0.41773584905660377,0.027817867329312695,73.32484408738885,A,Fast Moving
21832,CHOCOLATE CALCULATOR,2995,4833.23,281,1.6823076923076923,0.027817464447076317,73.35266155183594,A,Fast Moving
84937,KASHMIR FOLKART TUMBLERS,2486,4827.82,83,2.0901204819277113,0.027786327405665362,73.3804478792416,A,Fast Moving
22595,GINGHAM HEART DECORATION,5951,4817.33,331,0.86,0.02772595262481491,73.40817383186642,A,Fast Moving
22156,HEART DECORATION WITH PEARLS ,5717,4816.42,414,0.8554800936768149,0.027720715155742086,73.43589454702216,A,Fast Moving
23109,PACK OF SIX LED TEA LIGHTS,1715,4808.55,174,2.913728813559322,0.02767541968145295,73.46356996670362,A,Medium Moving
23126,FELTCRAFT GIRL AMELIE KIT,982,4799.38,255,5.022217898832685,0.02762264210848835,73.4911926088121,A,Medium Moving
23263,SET OF 3 WOODEN HEART DECORATIONS,3717,4791.58,389,1.3180143540669855,0.027577749516435587,73.51877035832854,A,Fast Moving
23162,REGENCY TEA STRAINER,1362,4789.24,142,3.7471830985915493,0.027564281738819755,73.54633464006736,A,Medium Moving
21700,BIG DOUGHNUT FRIDGE MAGNETS,5727,4786.83,325,0.8460365853658537,0.027550411078967555,73.57388505114632,A,Fast Moving
22610,PENS ASSORTED FUNNY FACE,12170,4764.98,223,0.3729017857142857,0.02742465426661461,73.60130970541293,A,Fast Moving
84032A,CHARLIE+LOLA PINK HOT WATER BOTTLE,2280,4745.26,346,2.785457142857143,0.027311156585168386,73.6286208619981,A,Fast Moving
23554,LANDMARK FRAME OXFORD STREET,419,4730.65,54,12.385185185185184,0.02722706930697724,73.65584793130508,A,Medium Moving
23555,LANDMARK FRAME NOTTING HILL ,419,4730.65,48,12.405102040816328,0.02722706930697724,73.68307500061205,A,Medium Moving
22433,WATERING CAN GREEN DINOSAUR,2622,4728.62,347,1.9389714285714286,0.02721538572212248,73.71029038633417,A,Fast Moving
22180,RETRO SPOT LAMP,490,4718.9,177,9.876271186440677,0.027159442645872105,73.73744982898003,A,Medium Moving
22243,"HOOK, 5 HANGER ,MAGIC TOADSTOOL RED",3081,4718.849999999999,140,1.634507042253521,0.027159154872846127,73.76460898385288,A,Fast Moving
22906,12 MESSAGE CARDS WITH ENVELOPES,2960,4716.0,346,1.642876712328767,0.02714275181036531,73.79175173566324,A,Fast Moving
84508A,CAMOUFLAGE DESIGN TEDDY,2221,4714.950000000001,62,2.4483870967741934,0.02713670857681975,73.81888844424006,A,Fast Moving
85061W,WHITE JEWELLED HEART DECORATION,5858,4714.5199999999995,330,0.8508720930232557,0.027134233728796323,73.84602267796886,A,Fast Moving
21588,RETROSPOT GIANT TUBE MATCHES,2056,4713.6,182,2.523243243243243,0.027128938705118306,73.87315161667398,A,Fast Moving
22956,36 FOIL HEART CAKE CASES,2438,4699.370000000001,225,2.059442060085837,0.027047038501924605,73.9001986551759,A,Fast Moving
82599,FANNY'S REST STOPMETAL SIGN,2312,4695.3,354,2.0840111420612817,0.027023613777609888,73.92722226895351,A,Fast Moving
23052,RECYCLED ACAPULCO MAT TURQUOISE,571,4694.75,221,8.246380090497738,0.027020448274324118,73.95424271722784,A,Medium Moving
21056,DOCTOR'S BAG SOFT TOY,525,4681.63,179,9.227988826815642,0.026944936632307154,73.98118765386015,A,Medium Moving
37446,MINI CAKE STAND WITH HANGING CAKES,3496,4677.4,311,1.4208860759493671,0.026920591034309306,74.00810824489446,A,Fast Moving
22244,3 HOOK HANGER MAGIC GARDEN,2623,4672.049999999999,140,1.9202127659574468,0.026889799320529522,74.03499804421499,A,Fast Moving
23295,SET OF 12 MINI LOAF BAKING CASES,5957,4670.63,359,0.8245753424657534,0.026881626566591717,74.06187967078158,A,Fast Moving
20682,RED RETROSPOT CHILDRENS UMBRELLA,1462,4670.16,265,3.2912734082397,0.026878921500147507,74.08875859228172,A,Medium Moving
22412,METAL SIGN NEIGHBOURHOOD WITCH ,2286,4661.1,308,2.0911858974358974,0.026826777027840067,74.11558536930956,A,Fast Moving
22399,MAGNETS PACK OF 4 CHILDHOOD MEMORY,3996,4659.84,255,1.238125,0.026819525147585392,74.14240489445714,A,Fast Moving
20978,36 PENCILS TUBE SKULLS,3789,4654.17,396,1.2471782178217823,0.026786891686439336,74.16919178614359,A,Fast Moving
22434,BALLOON PUMP WITH 10 BALLOONS,2521,4654.13,262,1.9469402985074626,0.026786661468018558,74.19597844761161,A,Fast Moving
22442,GROW YOUR OWN FLOWERS SET OF 3,858,4653.66,164,7.1531515151515155,0.026783956401574348,74.22276240401318,A,Medium Moving
21577,SAVE THE PLANET COTTON TOTE BAG,2210,4648.5,330,2.2349397590361444,0.026754258225293287,74.24951666223848,A,Fast Moving
22998,TRAVEL CARD WALLET KEEP CALM,11645,4641.32,437,0.42781818181818176,0.026712934018762662,74.27622959625724,A,Fast Moving
22509,SEWING BOX RETROSPOT DESIGN ,372,4640.4,172,14.400867052023122,0.026707638995084645,74.30293723525233,A,Medium Moving
22115,METAL SIGN EMPIRE TEA,2709,4639.530000000001,350,2.1777903682719546,0.02670263174443261,74.32963986699676,A,Fast Moving
23314,VINTAGE CHRISTMAS TABLECLOTH,391,4638.52,104,12.439714285714286,0.026696818729307827,74.35633668572606,A,Medium Moving
22175,PINK OWL SOFT TOY,1654,4622.68,295,2.9367340067340066,0.02660565223467759,74.38294233796074,A,Medium Moving
84270,ASSTD DESIGN BUBBLE GUM RING,22410,4622.099999999999,385,0.20935064935064934,0.026602314067576228,74.40954465202832,A,Fast Moving
22688,DOORMAT PEACE ON EARTH BLUE,856,4621.360000000001,85,7.836705882352941,0.02659805502679174,74.43614270705511,A,Medium Moving
21896,POTTING SHED TWINE,2297,4618.08,226,2.0918340611353714,0.026579177116287496,74.4627218841714,A,Fast Moving
23165,LARGE CERAMIC TOP STORAGE JAR,2950,4617.9,220,1.6319819819819819,0.026578141133393973,74.4893000253048,A,Fast Moving
22472,TV DINNER TRAY DOLLY GIRL,1043,4614.57,202,4.844108910891089,0.02655897544986375,74.51585900075466,A,Medium Moving
21407,BROWN CHECK CAT DOORSTOP ,1128,4606.25,329,4.216012084592145,0.0265110900183408,74.542370090773,A,Medium Moving
23558,LANDMARK FRAME LONDON BRIDGE ,410,4604.2,47,12.401063829787235,0.026499291324275646,74.56886938209728,A,Medium Moving
22691,DOORMAT WELCOME SUNRISE,718,4602.26,182,7.752857142857143,0.026488125730867656,74.59535750782814,A,Medium Moving
22562,MONSTERS STENCIL CRAFT,3938,4600.54,362,1.2526575342465753,0.026478226338773964,74.62183573416691,A,Fast Moving
21544,SKULLS  WATER TRANSFER TATTOOS ,5750,4599.5,366,0.8446091644204851,0.026472240659833595,74.64830797482674,A,Fast Moving
22128,PARTY CONES CANDY ASSORTED,3867,4588.65,186,1.240904255319149,0.026409793913196093,74.67471776873994,A,Fast Moving
85049G,CHOCOLATE BOX RIBBONS ,3761,4570.5,459,1.2607822410147993,0.02630533230476562,74.7010231010447,A,Fast Moving
21116,OWL DOORSTOP,954,4569.54,246,4.94085020242915,0.026299807062666818,74.72732290810737,A,Medium Moving
23234,BISCUIT TIN VINTAGE CHRISTMAS,1632,4567.38,232,2.926051502145923,0.02628737526794451,74.75361028337531,A,Medium Moving
22073,RED RETROSPOT STORAGE JAR,1254,4566.42,240,3.7211999999999996,0.02628185002584571,74.77989213340115,A,Medium Moving
23159,SET OF 5 PANCAKE DAY MAGNETS,2255,4562.7300000000005,195,2.0822448979591837,0.02626061237652844,74.80615274577768,A,Fast Moving
22242,"HOOK, 5 HANGER , MAGIC TOADSTOOL",2902,4560.3,209,1.635781990521327,0.026246626607465844,74.83239937238514,A,Fast Moving
22305,COFFEE MUG PINK PAISLEY DESIGN,2230,4559.8,126,2.5366666666666666,0.026243748877206055,74.85864312126235,A,Fast Moving
21955,DOOR MAT UNION JACK GUNS AND ROSES,725,4547.29,163,7.285818181818183,0.02617174806610604,74.88481486932845,A,Medium Moving
22350,ILLUSTRATED CAT BOWL ,1730,4540.86,154,2.5526923076923076,0.026134740454965097,74.91094960978342,A,Medium Moving
23286,BLUE VINTAGE SPOT BEAKER,4901,4528.29,164,0.8464634146341463,0.02606239431623391,74.93701200409964,A,Fast Moving
22222,CAKE PLATE LOVEBIRD WHITE,1219,4512.45,297,4.6180134680134675,0.02597122782160368,74.96298323192124,A,Medium Moving
21363,HOME SMALL WOOD LETTERS,911,4509.45,331,4.95,0.02595396144004492,74.98893719336128,A,Medium Moving
23569,TRADTIONAL ALPHABET STAMP SET,926,4497.3,174,4.9455056179775285,0.025884032594731956,75.01482122595601,A,Medium Moving
22119,PEACE WOODEN BLOCK LETTERS,749,4492.31,283,6.65744827586207,0.02585531284673923,75.04067653880276,A,Medium Moving
21156,RED SPOTTY CHILDS APRON,2434,4482.6,271,1.9307692307692308,0.025799427325094052,75.06647596612785,A,Fast Moving
47568,ENGLISH ROSE DESIGN PEG BAG,2262,4478.78,320,2.08595015576324,0.025777441465909233,75.09225340759376,A,Fast Moving
21713,CITRONELLA CANDLE FLOWERPOT,2565,4472.25,325,2.050757575757576,0.025739858308716338,75.11799326590247,A,Fast Moving
22772,PINK DRAWER KNOB ACRYLIC EDWARDIAN,3776,4466.91,213,1.2488317757009346,0.02570912414954175,75.14370239005201,A,Fast Moving
22604,SET OF 4 NAPKIN CHARMS CUTLERY,1906,4466.71,218,2.5365315315315318,0.025707973057437834,75.16941036310945,A,Fast Moving
20682,RED SPOTTY CHILDS UMBRELLA,1430,4464.5,213,3.2336448598130842,0.02569525348968955,75.19510561659914,A,Medium Moving
22583,PACK OF 6 HANDBAG GIFT BOXES,1764,4455.6,284,2.547466216216216,0.025644029891065245,75.2207496464902,A,Medium Moving
85063,CREAM SWEETHEART MAGAZINE RACK,275,4455.25,150,16.723333333333333,0.025642015479883384,75.2463916619701,A,Medium Moving
22304,COFFEE MUG BLUE PAISLEY DESIGN,2330,4455.110000000001,142,2.507957746478873,0.025641209715410646,75.27203287168551,A,Fast Moving
21614,SET OF 12 ROSE BOTANICAL T-LIGHTS,1607,4452.650000000001,178,2.927900552486188,0.025627051282532464,75.29765992296804,A,Medium Moving
22199,FRYING PAN RED POLKADOT ,1153,4447.21,142,4.212517482517482,0.025595741577305917,75.32325566454534,A,Medium Moving
85184D,S/4 BLUE ROUND DECOUPAGE BOXES,8294,4445.139999999999,52,2.829615384615385,0.02558382777403037,75.34883949231937,A,Fast Moving
23010,CIRCUS PARADE BABY GIFT SET,285,4444.75,89,16.47808988764045,0.025581583144427735,75.3744210754638,A,Medium Moving
21718,RED METAL BEACH SPADE ,3691,4412.57,308,1.2533118971061092,0.025396372424907474,75.39981744788871,A,Fast Moving
22218,CAKE STAND LACE WHITE,1113,4406.75,183,4.192622950819672,0.02536287564468349,75.4251803235334,A,Medium Moving
22027,TEA PARTY BIRTHDAY CARD,10808,4395.65,636,0.42012558869701727,0.025298990032916083,75.45047931356632,A,Fast Moving
84467,ENGLISH ROSE DESIGN QUILTED THROW,306,4391.1,45,21.212222222222223,0.025272802687551978,75.47575211625387,A,Medium Moving
22203,MILK PAN RED RETROSPOT,1227,4386.64,270,3.677158671586716,0.025247133333634625,75.50099924958751,A,Medium Moving
23285,PINK VINTAGE SPOT BEAKER,4679,4384.83,132,0.8465909090909091,0.025236715950094173,75.52623596553761,A,Fast Moving
22672,FRENCH BATHROOM SIGN BLUE METAL,2723,4382.67,298,1.6521052631578945,0.02522428415537187,75.55146024969298,A,Fast Moving
15044B,BLUE PAPER PARASOL ,1624,4376.400000000001,148,2.9202702702702705,0.02518819741791407,75.5766484471109,A,Medium Moving
23176,ABC TREASURE BOOK BOX ,2088,4373.26,186,2.2636898395721925,0.02517012527188257,75.60181857238278,A,Fast Moving
22276,WASH BAG VINTAGE ROSE PAISLEY,1780,4372.5,303,2.5174342105263157,0.02516575112188768,75.62698432350467,A,Medium Moving
20977,36 PENCILS TUBE WOODLAND,3508,4357.64,357,1.2489473684210526,0.025080224978566643,75.65206454848324,A,Fast Moving
22241,GARLAND WOODEN HAPPY EASTER,3703,4354.31,326,1.2466060606060605,0.02506105929503643,75.67712560777828,A,Fast Moving
23198,PANTRY MAGNETIC  SHOPPING LIST,3063,4341.19,374,1.4806544502617802,0.024985547653019458,75.7021111554313,A,Fast Moving
21313,GLASS HEART T-LIGHT HOLDER ,5823,4338.75,258,0.8301538461538461,0.024971504329351673,75.72708265976065,A,Fast Moving
82581,TOILET METAL SIGN,8125,4337.97,728,0.551616847826087,0.024967015070146398,75.7520496748308,A,Fast Moving
22571,ROCKING HORSE RED CHRISTMAS ,5293,4336.8099999999995,379,0.8459897172236504,0.024960338735943673,75.77701001356674,A,Fast Moving
21471,STRAWBERRY RAFFIA FOOD COVER,1225,4324.95,229,3.729039301310044,0.02489207897418139,75.80190209254091,A,Medium Moving
21071,VINTAGE BILLBOARD DRINK ME MUG,3981,4299.7,314,1.215830721003135,0.024746753596061856,75.82664884613698,A,Fast Moving
21042,RED SPOTTY APRON ,764,4292.3,177,5.913276836158192,0.02470416318821693,75.8513530093252,A,Medium Moving
21243,PINK  SPOTTY PLATE ,2703,4291.59,205,1.6771219512195121,0.024700076811248018,75.87605308613644,A,Fast Moving
23275,SET OF 3 HANGING OWLS OLLIE BEAK,3613,4291.17,270,1.2882374100719425,0.024697659517829797,75.90075074565426,A,Fast Moving
22318,FIVE HEART HANGING DECORATION,1461,4281.150000000001,286,2.94448275862069,0.02463998980342355,75.92539073545768,A,Medium Moving
21578,WOODLAND DESIGN  COTTON TOTE BAG,1908,4275.0,276,2.242857142857143,0.024604593721228096,75.9499953291789,A,Fast Moving
22374,AIRLINE BAG VINTAGE JET SET RED,894,4273.34,341,4.924752186588921,0.024595039656765585,75.97459036883566,A,Medium Moving
21878,PACK OF 6 SANDCASTLE FLAGS ASSORTED,5383,4273.17,290,0.8482372881355932,0.02459406122847726,75.99918443006415,A,Fast Moving
23288,GREEN VINTAGE SPOT BEAKER,4505,4261.889999999999,134,0.8485925925925926,0.024529139633816328,76.02371356969796,A,Fast Moving
15044D,RED PAPER PARASOL,1544,4252.84,188,2.9333684210526316,0.02447705271611408,76.04819062241407,A,Medium Moving
22908,PACK OF 20 NAPKINS RED APPLES,5430,4246.44,410,0.8457894736842104,0.02444021776878873,76.07263084018285,A,Fast Moving
21967,PACK OF 12 SKULL TISSUES,15449,4246.29,371,0.30553191489361703,0.024439354449710796,76.09707019463256,A,Fast Moving
22593,CHRISTMAS GINGHAM STAR,5067,4246.11,311,0.875335463258786,0.024438318466817266,76.12150851309939,A,Fast Moving
23503,PLAYING CARDS KEEP CALM & CARRY ON,3432,4242.96,327,1.24811377245509,0.024420188766180576,76.14592870186557,A,Fast Moving
22361,GLASS JAR DAISY FRESH COTTON WOOL,1535,4242.650000000001,264,2.9243396226415097,0.024418404573419508,76.170347106439,A,Medium Moving
21564,PINK  HEART SHAPE LOVE BUCKET ,1897,4237.47,254,2.8632549019607842,0.02438859128792805,76.19473569772693,A,Fast Moving
22110,BIRD HOUSE HOT WATER BOTTLE,1866,4233.11,323,2.6974850299401196,0.024363497480062658,76.219099195207,A,Fast Moving
22611,VINTAGE UNION JACK SHOPPING BAG,896,4227.6,185,4.908157894736842,0.024331784892599746,76.24343098009959,A,Medium Moving
21249,WOODLAND  HEIGHT CHART STICKERS ,1553,4215.35,188,2.9090957446808514,0.02426128050123482,76.26769226060082,A,Medium Moving
20747,PICCADILLY TEA SET,309,4212.55,70,14.729999999999999,0.02424516521177998,76.2919374258126,A,Medium Moving
21916,SET 12 RETRO WHITE CHALK STICKS,10417,4211.9800000000005,537,0.42477231329690346,0.02424188459928382,76.31617931041188,A,Fast Moving
23530,WALL ART ONLY ONE PERSON ,1031,4211.55,73,4.749178082191781,0.024239409751260398,76.34041872016314,A,Medium Moving
23494,VINTAGE DOILY DELUXE SEWING KIT ,722,4194.900000000001,176,5.933050847457627,0.0241435813336093,76.36456230149675,A,Medium Moving
21506,"FANCY FONT BIRTHDAY CARD, ",10430,4186.92,544,0.4175824175824176,0.024097652758663005,76.38865995425542,A,Fast Moving
23167,SMALL CERAMIC TOP STORAGE JAR ,5666,4184.18,177,0.8270652173913042,0.02408188279683934,76.41274183705225,A,Fast Moving
22801,ANTIQUE GLASS PEDESTAL BOWL,1144,4175.85,226,3.760214592274678,0.024033939810711197,76.43677577686296,A,Medium Moving
22367,CHILDS APRON SPACEBOY DESIGN,2247,4174.35,289,1.9340206185567008,0.024025306619931817,76.46080108348289,A,Fast Moving
22348,TEA BAG PLATE RED RETROSPOT,5033,4171.19,353,0.8608938547486034,0.02400711936468992,76.48480820284759,A,Fast Moving
22653,BUTTON BOX ,2198,4158.36,231,1.9430769230769231,0.02393327680622364,76.5087414796538,A,Fast Moving
22180,RETROSPOT LAMP,424,4149.2,181,9.917955801104972,0.023880556787864236,76.53262203644167,A,Medium Moving
22299,PIG KEYRING WITH LIGHT & SOUND ,3795,4147.69,128,1.176875,0.023871866042479664,76.55649390248415,A,Fast Moving
20677,PINK POLKADOT BOWL,3563,4147.58,279,1.2566548042704626,0.023871232941822508,76.58036513542598,A,Fast Moving
15060B,FAIRY CAKE DESIGN UMBRELLA,1137,4138.17,274,3.7656204379562044,0.02381707405833321,76.6041822094843,A,Medium Moving
23389,SPACEBOY MINI BACKPACK,1030,4134.5,201,4.142118226600985,0.02379595151822633,76.62797816100253,A,Medium Moving
21590,KINGS CHOICE CIGAR BOX MATCHES ,3438,4128.78,280,1.2460553633217994,0.0237630302840543,76.65174119128659,A,Fast Moving
21609,SET 12 LAVENDER  BOTANICAL T-LIGHTS,1487,4127.450000000001,207,2.925,0.023755375521563257,76.67549656680815,A,Medium Moving
21591,COSY HOUR CIGAR BOX MATCHES ,3325,4124.33,356,1.248970189701897,0.023737418484742145,76.69923398529289,A,Fast Moving
79341,WILLOW BRANCH LIGHTS.,703,4121.25,63,6.628125,0.023719691666341823,76.72295367695924,A,Medium Moving
23404,HOME SWEET HOME BLACKBOARD,969,4108.58,136,4.863676470588236,0.023646769981558673,76.74660044694079,A,Medium Moving
48189,DOORMAT FRIENDSHIP ,795,4099.43,58,7.27448275862069,0.02359410751780447,76.7701945544586,A,Medium Moving
22476,EMPIRE UNION JACK TV DINNER TRAY,1221,4079.47,188,4.943121693121693,0.02347922852583354,76.79367378298443,A,Medium Moving
22070,SMALL RED RETROSPOT MUG IN BOX ,1426,4078.51,197,3.808693467336683,0.02347370328373474,76.81714748626817,A,Medium Moving
22426,ENAMEL WASH BOWL CREAM,1182,4073.3,273,3.677007299270073,0.023443717334427697,76.8405912036026,A,Medium Moving
21534,DAIRY MAID LARGE MILK JUG,851,4071.75,295,4.914765100671142,0.02343479637062234,76.86402599997322,A,Medium Moving
23397,FOOT STOOL HOME SWEET HOME ,434,4069.9,176,9.84772727272727,0.023424148768661106,76.88745014874188,A,Medium Moving
23241,TREASURE TIN GYMKHANA DESIGN,2005,4060.0,284,2.0751916376306623,0.02336716970951721,76.9108173184514,A,Fast Moving
21474,SWEETHEART CREAM STEEL FOLDIN BENCH,203,4049.85,92,19.95,0.023308751785243415,76.93412607023663,A,Medium Moving
10135,COLOURING PENCILS BROWN TUBE,3887,4048.14,249,1.2218650793650794,0.023298909947754923,76.95742498018438,A,Fast Moving
22760,"TRAY, BREAKFAST IN BED",337,4041.1499999999996,103,12.522815533980582,0.023258679278723018,76.98068365946311,A,Medium Moving
22075,6 RIBBONS ELEGANT CHRISTMAS ,2801,4031.27,256,1.5908429118773946,0.023201815328789517,77.0038854747919,A,Fast Moving
22601,CHRISTMAS RETROSPOT ANGEL WOOD,4923,4016.0699999999997,330,0.8705671641791044,0.023114332328891814,77.02699980712079,A,Fast Moving
22833,HALL CABINET WITH 3 DRAWERS,118,4013.59,11,43.27090909090909,0.023100058786803247,77.0500998659076,A,Medium Moving
22127,PARTY CONES CARNIVAL ASSORTED,3445,3998.45,146,1.2398666666666667,0.02301292111453672,77.07311278702214,A,Fast Moving
21355,TOAST ITS - I LOVE YOU ,3339,3982.15,278,1.2429078014184398,0.022919107108067476,77.0960318941302,A,Fast Moving
22574,HEART WOODEN CHRISTMAS DECORATION,4684,3980.62,309,0.8735987261146497,0.02291030125347251,77.11894219538368,A,Fast Moving
21535,RETRO SPOT SMALL MILK JUG,1637,3969.15,243,2.5357142857142856,0.022844286121312864,77.141786481505,A,Medium Moving
22959,WRAP CHRISTMAS VILLAGE,9663,3950.46,280,0.4180782918149466,0.02273671656420181,77.16452319806919,A,Fast Moving
23163,REGENCY SUGAR TONGS,1714,3949.7000000000003,134,2.4349253731343286,0.02273234241420693,77.18725554048339,A,Medium Moving
22053,EMPIRE DESIGN ROSETTE,4518,3948.92,66,1.2406060606060605,0.022727853155001653,77.2099833936384,A,Fast Moving
22721,SET OF 3 CAKE TINS SKETCHBOOK,908,3942.82,246,4.831295546558704,0.02269274484583218,77.23267613848422,A,Medium Moving
23129,HEART SHAPED HOLLY WREATH,942,3933.1800000000003,165,4.418727272727273,0.022637262206423377,77.25531340069065,A,Medium Moving
22851,SET 20 NAPKINS FAIRY CAKES DESIGN ,4992,3931.8599999999997,451,0.853,0.02262966499853752,77.27794306568919,A,Fast Moving
20982,12 PENCILS TALL TUBE SKULLS,4601,3899.93,487,0.8489516129032257,0.022445893144147154,77.30038895883334,A,Fast Moving
22278,OVERNIGHT BAG VINTAGE ROSE PAISLEY,799,3899.05,239,4.9471311475409845,0.02244082833888992,77.32282978717222,A,Medium Moving
22474,SPACEBOY TV DINNER TRAY,888,3898.44,188,4.767526315789474,0.022437317507972974,77.3452671046802,A,Medium Moving
85132A,CHARLIE + LOLA BISCUITS TINS,1183,3896.65,147,5.674013605442177,0.022427015233642916,77.36769411991385,A,Medium Moving
22612,TEA COSY VINTAGE UNION JACK,988,3885.93,96,3.746938775510204,0.02236531669687296,77.39005943661073,A,Medium Moving
72807B,SET/3 OCEAN SCENT CANDLE JEWEL BOX,955,3884.51,162,4.218192771084338,0.02235714394293515,77.41241658055367,A,Medium Moving
22790,"MIRROR, ARCHED GEORGIAN",200,3884.000000000001,1,19.42,0.022354208658070165,77.43477078921174,A,Medium Moving
20677,PINK SPOTTY BOWL,3325,3882.65,266,1.238037037037037,0.022346438786368716,77.45711722799811,A,Fast Moving
20979,36 PENCILS TUBE RED SPOTTY,3225,3882.29,202,1.2434803921568627,0.022344366820581666,77.47946159481869,A,Fast Moving
23144,ZINC T-LIGHT HOLDER STARS SMALL,4894,3879.98,237,0.8369747899159663,0.022331071706781426,77.50179266652547,A,Fast Moving
23340,VINTAGE CHRISTMAS CAKE FRILL,2453,3879.4500000000003,122,1.645121951219512,0.022328021312706045,77.52412068783818,A,Fast Moving
23486,ANTIQUE HEART SHELF UNIT,267,3879.15,68,16.44705882352941,0.02232629467455017,77.54644698251273,A,Medium Moving
21844,RETRO SPOT MUG,1396,3878.2000000000003,125,2.902,0.022320826987056563,77.56876780949979,A,Medium Moving
37447,CERAMIC CAKE DESIGN SPOTTED PLATE,2693,3876.97,264,1.477781954887218,0.02231374777061747,77.59108155727041,A,Fast Moving
22548,HEADS AND TAILS SPORTING FUN,3315,3873.1,375,1.2533419689119172,0.022291474138406674,77.61337303140883,A,Fast Moving
23557,LANDMARK FRAME BAKER STREET ,347,3867.85,29,12.39310344827586,0.02226125797067885,77.63563428937951,A,Medium Moving
72802B,OCEAN SCENT CANDLE IN JEWELLED BOX,1478,3862.88,189,4.1466315789473684,0.022232653331896512,77.65786694271141,A,Medium Moving
23255,CHILDRENS CUTLERY CIRCUS PARADE,962,3852.44,143,4.164965034965035,0.022172566324072038,77.68003950903548,A,Medium Moving
46000M,POLYESTER FILLER PAD 45x45cm,2485,3851.75,342,1.55,0.022168595056313526,77.7022081040918,A,Fast Moving
20961,STRAWBERRY BATH SPONGE ,3138,3850.66,314,1.274245283018868,0.02216232160434718,77.72437042569614,A,Fast Moving
21987,PACK OF 6 SKULL PAPER CUPS,6320,3848.8,347,0.6476338028169014,0.02215161644778075,77.74652204214392,A,Fast Moving
84509A,SET OF 4 ENGLISH ROSE PLACEMATS,1072,3842.84,245,3.7693061224489797,0.02211731390308402,77.768639356047,A,Medium Moving
21901,"KEY FOB , BACK DOOR ",6014,3833.42,575,0.6605387205387205,0.022063097464989523,77.790702453512,A,Fast Moving
21153,RED SPOTTY TABLECLOTH ,370,3832.5,123,10.632439024390244,0.022057802441311503,77.81276025595331,A,Medium Moving
21523,FANCY FONT HOME SWEET HOME DOORMAT,622,3822.5,128,6.4125,0.02200024783611565,77.83476050378943,A,Medium Moving
21143,ANTIQUE GLASS HEART DECORATION ,2003,3819.45,152,1.944267515923567,0.021982693681530913,77.85674319747096,A,Fast Moving
21068,VINTAGE BILLBOARD LOVE/HATE MUG,3901,3817.23,257,1.1899615384615385,0.021969916559177433,77.87871311403013,A,Fast Moving
22896,PEG BAG APPLES DESIGN,1586,3813.67,263,2.5858867924528304,0.02194942711972771,77.90066254114986,A,Medium Moving
21244,BLUE POLKADOT PLATE ,2395,3805.6299999999997,184,1.6758064516129032,0.021903153217150237,77.92256569436701,A,Fast Moving
21539,RETRO SPOTS BUTTER DISH,830,3793.5,147,4.88,0.021833339481047667,77.94439903384806,A,Medium Moving
22600,CHRISTMAS RETROSPOT STAR WOOD,4594,3793.3599999999997,345,0.8652285714285713,0.021832533716574926,77.96623156756463,A,Fast Moving
71038,WHITE HANGING BEADS CANDLE HOLDER,717,3789.25,144,5.411379310344827,0.02180887877383943,77.98804044633847,A,Medium Moving
22747,POPPY'S PLAYHOUSE BATHROOM,1870,3789.0,327,2.0954682779456193,0.021807439908709533,78.00984788624719,A,Fast Moving
51014A,"FEATHER PEN,HOT PINK",6048,3787.7599999999998,247,0.6347368421052632,0.021800303137665244,78.03164818938485,A,Fast Moving
21524,SPOTTY  HOME SWEET HOME DOORMAT,650,3785.5,108,6.6,0.021787295796890985,78.05343548518175,A,Medium Moving
23205,CHARLOTTE BAG VINTAGE ALPHABET ,4750,3784.52,323,0.8527999999999999,0.02178165544558179,78.07521714062733,A,Fast Moving
22530,MAGIC DRAWING SLATE DOLLY GIRL ,9438,3781.8,371,0.416498673740053,0.02176600059296852,78.09698314122029,A,Fast Moving
22639,SET OF 4 NAPKIN CHARMS HEARTS,1598,3776.2200000000003,248,2.5017716535433068,0.021733885123269233,78.11871702634356,A,Medium Moving
20967,GREY FLORAL FELTCRAFT SHOULDER BAG,1023,3771.09,272,3.7434420289855073,0.021704359610803758,78.14042138595437,A,Medium Moving
23283,DOORMAT VINTAGE LEAF,541,3766.57,121,8.092231404958678,0.02167834492925523,78.16209973088363,A,Medium Moving
23012,GLASS APOTHECARY BOTTLE PERFUME,1014,3763.6400000000003,198,3.8817000000000004,0.021661481429932846,78.18376121231356,A,Medium Moving
23050,RECYCLED ACAPULCO MAT GREEN,459,3763.55,176,8.240909090909092,0.021660963438486086,78.20542217575205,A,Medium Moving
23306,SET OF 36 DOILIES PANTRY DESIGN,2653,3761.9199999999996,195,1.454438775510204,0.021651582037839154,78.22707375778988,A,Fast Moving
22892,SET OF SALT AND PEPPER TOADSTOOLS,3084,3759.2400000000002,248,1.2446370967741935,0.02163615740364667,78.24870991519353,A,Fast Moving
21679,SKULLS  STICKERS,4691,3756.47,268,0.8471003717472119,0.021620214778007414,78.27033012997154,A,Fast Moving
22926,IVORY GIANT GARDEN THERMOMETER,649,3753.55,201,5.935148514851486,0.02160340883329023,78.29193353880483,A,Medium Moving
23193,BUFFALO BILL TREASURE BOOK BOX,1847,3750.57,137,2.265912408759124,0.021586257560941863,78.31351979636577,A,Fast Moving
23184,BULL DOG BOTTLE OPENER,778,3749.5,197,5.097939698492462,0.021580099218185905,78.33509989558395,A,Medium Moving
23534,WALL ART STOP FOR TEA ,688,3748.1800000000003,153,5.909285714285714,0.021572502010300053,78.35667239759425,A,Medium Moving
22573,STAR WOODEN CHRISTMAS DECORATION,4502,3739.3399999999997,290,0.8800680272108844,0.021521623739306914,78.37819402133356,A,Fast Moving
21955,UNION JACK GUNS & ROSES  DOORMAT,747,3737.4500000000003,87,6.29655172413793,0.021510745918924903,78.39970476725249,A,Medium Moving
22736,RIBBON REEL MAKING SNOWMEN ,2274,3735.2599999999998,293,1.6875593220338982,0.021498141460387005,78.42120290871287,A,Fast Moving
72349B,SET/6 PURPLE BUTTERFLY T-LIGHTS,1914,3734.0400000000004,237,2.076182572614108,0.021491119798553115,78.44269402851143,A,Fast Moving
20963,APPLE BATH SPONGE,3038,3729.29,293,1.2799328859060404,0.02146378136108508,78.46415780987252,A,Fast Moving
22782,SET 3 WICKER STORAGE BASKETS ,254,3712.2999999999997,84,19.985714285714284,0.021365996086857325,78.48552380595937,A,Medium Moving
22797,CHEST OF DRAWERS GINGHAM HEART ,222,3711.24,125,16.984719999999996,0.021359895298706563,78.50688370125808,A,Medium Moving
22800,ANTIQUE TALL SWIRLGLASS TRINKET POT,1003,3709.63,189,3.7835449735449735,0.02135062900727003,78.52823433026535,A,Medium Moving
21714,CITRONELLA CANDLE GARDEN POT,3357,3707.37,322,1.2383024691358024,0.021337621666495766,78.54957195193184,A,Fast Moving
85040B,SET/4 BLUE FLOWER CANDLES IN BOWL,2415,3703.95,232,1.6381856540084387,0.021317937991518786,78.57088988992335,A,Fast Moving
21810,CHRISTMAS HANGING STAR WITH BELL,6281,3698.65,241,0.7628015564202334,0.021287434050764983,78.59217732397411,A,Fast Moving
23309,SET OF 60 I LOVE LONDON CAKE CASES ,7670,3697.7,294,0.5688925081433225,0.021281966363271374,78.61345929033739,A,Fast Moving
21495,SKULLS AND CROSSBONES WRAP,9065,3695.3,267,0.41797752808988764,0.02126815325802437,78.63472744359541,A,Fast Moving
23351,ROLL WRAP 50'S CHRISTMAS,3054,3694.02,271,1.2438909090909092,0.0212607862685593,78.65598822986396,A,Fast Moving
20981,12 PENCILS TALL TUBE WOODLAND,4431,3691.47,427,0.8490909090909091,0.02124610984423436,78.67723433970819,A,Fast Moving
21034,REX CASH+CARRY JUMBO SHOPPER,3884,3689.7999999999997,1857,0.95,0.02123649822516665,78.69847083793336,A,Fast Moving
72802A,ROSE SCENT CANDLE IN JEWELLED BOX,900,3689.2799999999997,169,4.2798823529411765,0.021233505385696464,78.71970434331905,A,Medium Moving
21470,FLOWER VINE RAFFIA FOOD COVER,1011,3687.1800000000003,266,3.782453531598513,0.02122141891860534,78.74092576223765,A,Medium Moving
22723,SET OF 6 HERB TINS SKETCHBOOK,1054,3686.1400000000003,235,3.7472268907563024,0.021215433239664967,78.76214119547731,A,Medium Moving
22272,FELTCRAFT DOLL MARIA,1343,3684.9100000000003,276,2.932,0.021208354023225878,78.78334954950054,A,Medium Moving
84950,ASSORTED COLOUR T-LIGHT HOLDER,5610,3677.1400000000003,221,0.7336486486486486,0.021163634094988698,78.80451318359553,A,Fast Moving
85184C,S/4 VALENTINE DECOUPAGE HEART BOX,1947,3675.55,211,2.657511737089202,0.02115448291276256,78.8256676665083,A,Fast Moving
23110,PARISIENNE KEY CABINET ,662,3673.7,219,5.713636363636364,0.021143835310801322,78.84681150181909,A,Medium Moving
21472,LADYBIRD + BEE RAFFIA FOOD COVER,999,3669.45,235,3.743248945147679,0.021119374603593085,78.86793087642268,A,Medium Moving
85053,FRENCH ENAMEL CANDLEHOLDER,1845,3667.29,277,2.12565371024735,0.02110694280887078,78.88903781923155,A,Fast Moving
22284,HEN HOUSE DECORATION,2341,3665.25,233,1.6464285714285714,0.021095201669410826,78.91013302090096,A,Fast Moving
22594,CHRISTMAS GINGHAM TREE,4354,3661.12,290,0.8803780068728523,0.02107143161746494,78.93120445251843,A,Fast Moving
22980,PANTRY SCRUBBING BRUSH,2286,3656.94,242,1.674590163934426,0.02104737379249307,78.95225182631093,A,Fast Moving
21494,ROTATING LEAVES T-LIGHT HOLDER,2813,3655.28,241,1.4743724696356275,0.02103781972803056,78.97328964603896,A,Fast Moving
22823,CHEST NATURAL WOOD 20 DRAWERS,32,3655.0,18,117.5,0.021036208199085072,78.99432585423804,A,Slow Moving
47580,TEA TIME DES TEA COSY,1533,3651.91,263,2.542142857142857,0.021018423826079553,79.01534427806412,A,Medium Moving
20675,BLUE POLKADOT BOWL,3116,3649.9700000000003,275,1.2427338129496404,0.02100725823267156,79.03635153629679,A,Fast Moving
21238,RED SPOTTY CUP,4473,3649.17,360,0.8453698630136987,0.02100265386425589,79.05735419016105,A,Fast Moving
21592,RETRO SPOT  CIGAR BOX MATCHES ,3101,3648.25,187,1.2429629629629628,0.020997358840577872,79.07835154900162,A,Fast Moving
21795,SET OF 3 BLUE STRIPE BASKET,436,3632.9700000000003,76,12.6725,0.02090941540383861,79.09926096440546,A,Medium Moving
22359,GLASS JAR KINGS CHOICE,1185,3631.87,147,2.96265306122449,0.020903084397267062,79.12016404880272,A,Medium Moving
85049C,ROMANTIC PINKS RIBBONS ,2927,3630.32,459,1.2517735042735043,0.020894163433461704,79.14105821223619,A,Fast Moving
22830,UTILTY CABINET WITH HOOKS,178,3623.2,16,24.37625,0.020853184554562254,79.16191139679076,A,Medium Moving
21064,BOOM BOX SPEAKER BOYS,721,3620.65,103,5.382075471698113,0.020838508130237313,79.182749904921,A,Medium Moving
23064,CINDERELLA CHANDELIER ,220,3617.6000000000004,22,43.01136363636363,0.020820953975652576,79.20357085889665,A,Medium Moving
21243,PINK  POLKADOT PLATE ,2282,3614.66,172,1.6747398843930636,0.020804032921724995,79.22437489181839,A,Fast Moving
22544,MINI JIGSAW SPACEBOY,9209,3613.4,261,0.4150381679389313,0.020796781041470317,79.24517167285985,A,Fast Moving
22788,BROCANTE COAT RACK,459,3609.95,68,9.792794117647059,0.020776924702677745,79.26594859756253,A,Medium Moving
21911,GARDEN METAL SIGN ,2374,3609.9,256,1.6453307392996108,0.020776636929651766,79.28672523449218,A,Fast Moving
21244,BLUE  SPOTTY PLATE ,2272,3609.2799999999997,179,1.6780662983425416,0.020773068544129622,79.30749830303631,A,Fast Moving
21899,"KEY FOB , GARAGE DESIGN",5785,3601.73,408,0.6482692307692308,0.020729614817206754,79.32822791785352,A,Fast Moving
22458,CAST IRON HOOK GARDEN FORK,1487,3599.6099999999997,151,2.5394039735099336,0.02071741324090523,79.34894533109443,A,Medium Moving
22843,BISCUIT TIN VINTAGE GREEN,573,3591.73,161,6.695889570552148,0.020672060212010897,79.36961739130643,A,Medium Moving
22775,PURPLE DRAWERKNOB ACRYLIC EDWARDIAN,2949,3590.06,182,1.2572340425531916,0.02066244859294319,79.39027983989938,A,Fast Moving
21913,VINTAGE SEASIDE JIGSAW PUZZLES,988,3590.02,204,3.7739024390243903,0.020662218374522406,79.4109420582739,A,Medium Moving
20754,RETROSPOT RED WASHING UP GLOVES,1804,3581.76,341,2.0916811594202898,0.020614678270630633,79.43155673654454,A,Medium Moving
22398,MAGNETS PACK OF 4 SWALLOWS,4186,3573.95,394,0.8960598503740648,0.020569728123972668,79.45212646466851,A,Fast Moving
23049,RECYCLED ACAPULCO MAT RED,435,3572.75,169,8.24526627218935,0.020562821571349164,79.47268928623986,A,Medium Moving
23092,LARGE ANTIQUE WHITE PHOTO FRAME,507,3568.26,125,7.80144,0.020536979553616226,79.49322626579347,A,Medium Moving
22245,"HOOK, 1 HANGER ,MAGIC GARDEN",4371,3563.5499999999997,273,0.8435611510791367,0.02050987133456898,79.51373613712803,A,Fast Moving
21042,RED RETROSPOT APRON ,637,3556.15,159,5.934049079754601,0.020467280926724046,79.53420341805476,A,Medium Moving
35924,HANGING FAIRY CAKE DECORATION,2003,3554.4,100,2.0211538461538465,0.020457208870814772,79.55466062692557,A,Fast Moving
22704,WRAP RED APPLES ,8650,3553.0,293,0.41890784982935153,0.020449151226087352,79.57510977815166,A,Fast Moving
23299,FOOD COVER WITH BEADS SET 2 ,977,3545.17,121,3.7934710743801654,0.020404085970218998,79.59551386412187,A,Medium Moving
84598,BOYS ALPHABET IRON ON PATCHES,18241,3542.61,41,0.20609756097560974,0.02038935199128886,79.61590321611315,A,Fast Moving
22244,"HOOK, 3 HANGER ,MAGIC GARDEN",1919,3533.2499999999995,141,1.9308510638297873,0.020335480880825534,79.63623869699398,A,Fast Moving
20750, RED/WHITE DOT MINI CASES,478,3528.18,138,7.811,0.020306300695991236,79.65654499768998,A,Medium Moving
21181,PLEASE ONE PERSON  METAL SIGN,1787,3524.7000000000003,150,2.0768211920529804,0.02028627169338308,79.67683126938336,A,Medium Moving
22125,UNION JACK HOT WATER BOTTLE ,608,3514.6000000000004,157,5.925460122699387,0.02022814154213527,79.69705941092549,A,Medium Moving
22497,SET OF 2 TINS VINTAGE BATHROOM ,838,3511.5,205,4.245145631067961,0.02021029961452455,79.71726971054001,A,Medium Moving
22080,RIBBON REEL SPOTS DESIGN ,2157,3509.05,244,1.647560975609756,0.02019619873625157,79.73746590927627,A,Fast Moving
23236,STORAGE TIN VINTAGE DOILY ,1235,3502.15,158,2.9887500000000005,0.02015648605866643,79.75762239533493,A,Medium Moving
22353,LUNCH BOX WITH CUTLERY FAIRY CAKES ,1429,3498.15,217,2.537671232876712,0.020133464216588084,79.77775585955152,A,Medium Moving
70006,LOVE HEART POCKET WARMER,4184,3495.5,171,1.4014772727272726,0.020118212246211183,79.79787407179774,A,Fast Moving
23089,GLASS BON BON JAR,2135,3495.27,134,1.7758394160583941,0.020116888490291678,79.81799096028803,A,Fast Moving
21499,BLUE POLKADOT WRAP,8675,3493.5,262,0.4162595419847328,0.020106701325172012,79.8380976616132,A,Fast Moving
22744,MAKE YOUR OWN MONSOON CARD KIT,1391,3489.4900000000002,254,2.7963320463320462,0.020083621928488476,79.8581812835417,A,Medium Moving
22057,CERAMIC PLATE STRAWBERRY DESIGN,2903,3484.35,173,1.3855491329479768,0.020054038861417805,79.87823532240311,A,Fast Moving
71477,COLOURED GLASS STAR T-LIGHT HOLDER,996,3474.88,42,3.98139534883721,0.01999953465029733,79.89823485705341,A,Medium Moving
23081,GREEN METAL BOX ARMY SUPPLIES,437,3474.39,111,8.34018018018018,0.019996714474642734,79.91823157152805,A,Medium Moving
22591,CARDHOLDER GINGHAM CHRISTMAS TREE,1284,3474.14,174,2.960285714285714,0.019995275609512836,79.93822684713757,A,Medium Moving
22118,JOY WOODEN BLOCK LETTERS,765,3466.03,243,4.730564516129032,0.019948598824699,79.95817544596227,A,Medium Moving
23111,PARISIENNE SEWING BOX,296,3464.8,124,12.281600000000001,0.01994151960825991,79.97811696557054,A,Medium Moving
22334,DINOSAUR PARTY BAG + STICKER SET,2196,3460.24,246,1.64856,0.019915274708290596,79.99803224027883,A,Fast Moving
23349,ROLL WRAP VINTAGE CHRISTMAS,2847,3450.39,246,1.245,0.01985858342217268,80.01789082370101,B,Fast Moving
84558A,3D DOG PICTURE PLAYING CARDS,1207,3445.4500000000003,169,2.947701149425287,0.019830151447205933,80.03772097514822,B,Medium Moving
23085,ANTIQUE SILVER BAUBLE LAMP  ,369,3437.7000000000003,72,10.069230769230769,0.01978554662817914,80.0575065217764,B,Medium Moving
23112,PARISIENNE CURIO CABINET,471,3437.3,183,7.453551912568306,0.01978324444397131,80.07728976622037,B,Medium Moving
85206A,CREAM FELT EASTER EGG BASKET,2148,3436.2,283,1.642334494773519,0.019776913437399762,80.09706667965777,B,Fast Moving
21992,VINTAGE PAISLEY STATIONERY SET,2064,3436.04,308,1.9305414012738855,0.019775992563716628,80.1168426722215,B,Fast Moving
23130,MISTLETOE HEART WREATH GREEN,838,3435.62,162,4.239876543209877,0.019773575270298403,80.13661624749179,B,Medium Moving
20692,FLORAL ELEPHANT SOFT TOY,879,3434.25,116,4.177966101694915,0.01976569028938657,80.15638193778118,B,Medium Moving
21743,STAR PORTABLE TABLE LIGHT ,1229,3433.55,139,2.924647887323944,0.019761661467022865,80.1761435992482,B,Medium Moving
23497,CLASSIC CHROME BICYCLE BELL ,2451,3431.35,170,1.4393142857142858,0.01974899945387977,80.19589259870209,B,Fast Moving
84968B,S/16 VINTAGE IVORY CUTLERY,276,3420.0,76,12.702631578947368,0.019683674976982476,80.21557627367908,B,Medium Moving
23194,GYMKHANA TREASURE BOOK BOX,1630,3417.83,156,2.2552201257861633,0.019671185627654977,80.23524745930673,B,Medium Moving
23535,WALL ART BICYCLE SAFETY,644,3412.52,120,5.89611570247934,0.019640624132295975,80.25488808343903,B,Medium Moving
21041,RED SPOTTY OVEN GLOVE DOUBLE,1232,3408.4,130,2.9349624060150377,0.019616911634955284,80.27450499507398,B,Medium Moving
21509,COWBOYS AND INDIANS BIRTHDAY CARD ,8455,3396.07,498,0.4177955911823647,0.019545946806748798,80.29405094188073,B,Fast Moving
23191,BUNDLE OF 3 RETRO NOTE BOOKS,2099,3393.35,240,1.6760162601626014,0.019530291954135522,80.31358123383487,B,Fast Moving
22320,BIRDS MOBILE VINTAGE DESIGN,578,3390.46,169,6.0083431952662725,0.01951365867323392,80.3330948925081,B,Medium Moving
22602,CHRISTMAS RETROSPOT HEART WOOD,4217,3384.77,241,0.8442570281124498,0.019480910102877478,80.35257580261097,B,Fast Moving
20748,KENSINGTON COFFEE SET,359,3371.25,114,12.162280701754385,0.01940309627665268,80.37197889888762,B,Medium Moving
22764,"RUSTIC WOODEN CABINET, GLASS DOORS",181,3362.5699999999997,24,23.5275,0.019353138879342677,80.39133203776696,B,Medium Moving
22356,"CHARLOTTE BAG , PINK/WHITE SPOTS",4216,3360.0,262,0.8425572519083969,0.019338347345807347,80.41067038511277,B,Fast Moving
84508A,CAMOFLAGE DESIGN TEDDY,1584,3358.8,42,2.4244186046511627,0.019331440793183843,80.43000182590595,B,Medium Moving
21717,EASTER TIN BUCKET,1405,3355.95,143,2.5059440559440556,0.019315037730703026,80.44931686363665,B,Medium Moving
21238,RED RETROSPOT CUP,4175,3355.05,340,0.8473546511627907,0.0193098578162354,80.46862672145289,B,Fast Moving
22425,ENAMEL COLANDER CREAM,692,3352.01,240,4.953360995850622,0.019292361216255858,80.48791908266915,B,Medium Moving
23032,DRAWER KNOB CRACKLE GLAZE IVORY,2076,3348.6,177,1.6455801104972374,0.01927273509588407,80.50719181776503,B,Fast Moving
22047,EMPIRE GIFT WRAP,8225,3340.5,260,0.4179230769230769,0.01922611586567543,80.52641793363071,B,Fast Moving
48197,DOOR MAT BIRD ON THE WIRE,562,3337.8,121,7.0340495867768595,0.01921057612227255,80.54562850975299,B,Medium Moving
23294,SET OF 6 SNACK LOAF BAKING CASES,4264,3336.94,291,0.8247796610169491,0.019205626426225704,80.56483413617921,B,Fast Moving
22478,BIRDHOUSE GARDEN MARKER ,2537,3336.85,216,1.2521296296296296,0.01920510843477894,80.58403924461399,B,Fast Moving
23552,BICYCLE PUNCTURE REPAIR KIT ,1730,3336.7200000000003,103,2.062181818181818,0.0192043602249114,80.6032436048389,B,Medium Moving
22743,MAKE YOUR OWN FLOWERPOWER CARD KIT,1309,3334.51,263,2.8716296296296298,0.01919164065716311,80.62243524549606,B,Medium Moving
47505,MINATURE COLOURED GARDENING SET,716,3331.7000000000003,160,4.848456790123457,0.019175467813103076,80.64161071330916,B,Medium Moving
22777,GLASS CLOCHE LARGE,420,3324.3500000000004,75,8.386666666666667,0.019133165178284124,80.66074387848745,B,Medium Moving
72807A,SET/3 ROSE CANDLE IN JEWELLED BOX,815,3320.31,137,4.215179856115108,0.019109913117784996,80.67985379160524,B,Medium Moving
23189,SET OF 12 FORK CANDLES,1215,3319.35,113,2.858421052631579,0.019104387875686194,80.69895817948093,B,Medium Moving
22314,OFFICE MUG WARMER CHOC+BLUE,1020,3315.5400000000004,180,3.553567567567568,0.019082459571106575,80.71804063905203,B,Medium Moving
23210,WHITE ROCKING HORSE HAND PAINTED,2750,3311.5,154,1.2435975609756096,0.019059207510607447,80.73709984656264,B,Fast Moving
22445,PENCIL CASE LIFE IS BEAUTIFUL,1138,3311.3,208,2.9947706422018348,0.01905805641850353,80.75615790298114,B,Medium Moving
84596B,SMALL DOLLY MIX DESIGN ORANGE BOWL,5484,3304.59,509,0.701937984496124,0.019019437278417112,80.77517734025956,B,Fast Moving
21067,VINTAGE RED TEATIME MUG,4517,3302.7200000000003,180,1.093756906077348,0.01900867456724549,80.7941860148268,B,Fast Moving
23571,TRADITIONAL NAUGHTS & CROSSES,2018,3300.9,216,1.6490950226244343,0.018998199629099842,80.8131842144559,B,Fast Moving
21500,PINK POLKADOT WRAP ,8125,3298.5,260,0.4165384615384615,0.01898438652385284,80.83216860097976,B,Fast Moving
23156,SET OF 5 MINI GROCERY MAGNETS,1631,3297.2200000000003,184,2.0946236559139786,0.018977019534387768,80.85114562051415,B,Medium Moving
18097C,WHITE TALL PORCELAIN T-LIGHT HOLDER,1534,3293.7,159,2.5075,0.018956760313358825,80.8701023808275,B,Medium Moving
22962,JAM JAR WITH PINK LID,4141,3293.65,257,0.8439534883720929,0.018956472540332846,80.88905885336784,B,Fast Moving
21787,RAIN PONCHO WITH RED SPOTS,4462,3288.7,118,0.8281512605042016,0.018927983010760898,80.9079868363786,B,Fast Moving
21556,CERAMIC STRAWBERRY MONEY BOX,1370,3281.1,174,2.5381355932203387,0.01888424151081205,80.92687107788942,B,Medium Moving
23091,ZINC HERB GARDEN CONTAINER,535,3279.82,187,6.293191489361702,0.01887687452134698,80.94574795241077,B,Medium Moving
22536,MAGIC DRAWING SLATE PURDEY,8378,3265.56,313,0.41618012422360245,0.018794801654337688,80.9645427540651,B,Fast Moving
23009,I LOVE LONDON BABY GIFT SET,209,3262.5499999999997,61,16.425409836065572,0.018777477718173737,80.98332023178328,B,Medium Moving
22807,SET OF 6 T-LIGHTS TOADSTOOLS,1192,3257.0400000000004,183,2.850744680851064,0.018745765130710825,81.002065996914,B,Medium Moving
23332,IVORY WICKER HEART LARGE,1979,3255.75,267,1.6485507246376812,0.018738340586640558,81.02080433750064,B,Fast Moving
22778,GLASS CLOCHE SMALL,890,3255.66,143,3.8861073825503354,0.01873782259519379,81.03954216009583,B,Medium Moving
21902,"KEY FOB , FRONT  DOOR ",5225,3244.59,408,0.6598584905660378,0.018674109647241983,81.05821626974307,B,Fast Moving
22603,CHRISTMAS RETROSPOT TREE WOOD,3949,3239.65,301,0.8647249190938511,0.018645677672275228,81.07686194741535,B,Fast Moving
21559,STRAWBERRY LUNCHBOX WITH CUTLERY,1402,3236.7,153,2.521153846153846,0.01862869906374245,81.09549064647909,B,Medium Moving
22355,"CHARLOTTE BAG , SUKI DESIGN",4072,3233.7,234,0.8366666666666667,0.018611432682183692,81.11410207916127,B,Fast Moving
84352,SILVER CHRISTMAS TREE BAUBLE STAND ,198,3232.1,118,16.72966101694915,0.018602223945352356,81.13270430310662,B,Medium Moving
20983,12 PENCILS TALL TUBE RED RETROSPOT,3807,3229.71,336,0.8496275071633237,0.01858846839471055,81.15129277150133,B,Fast Moving
84580,MOUSE TOY WITH PINK T-SHIRT,860,3228.8,312,3.755956112852665,0.018583230925637725,81.16987600242697,B,Medium Moving
21794,CLASSIC FRENCH STYLE BASKET NATURAL,677,3226.87,152,5.299144736842106,0.018572122886834925,81.18844812531381,B,Medium Moving
21917,SET 12 KIDS  WHITE CHALK STICKS,7892,3226.38,381,0.42301298701298695,0.01856930271118033,81.207017428025,B,Fast Moving
22967,SET 3 SONG BIRD PAPER EGGS ASSORTED,1159,3224.65,131,2.9286259541984734,0.01855934576448145,81.22557677378948,B,Medium Moving
22440,BALLOON WATER BOMB PACK OF 35,8296,3224.52,258,0.41796992481203005,0.0185585975546139,81.2441353713441,B,Fast Moving
22353,LUNCHBOX WITH CUTLERY FAIRY CAKES ,1371,3215.25,154,2.526923076923077,0.01850524443559734,81.2626406157797,B,Medium Moving
22352,LUNCHBOX WITH CUTLERY RETROSPOT ,1359,3214.35,191,2.468814432989691,0.018500064521129716,81.28114068030084,B,Medium Moving
22461,SAVOY ART DECO CLOCK,394,3214.2999999999997,130,10.863846153846154,0.018499776748103734,81.29964045704894,B,Medium Moving
23013,GLASS APOTHECARY BOTTLE TONIC,865,3211.09,180,3.885580110497238,0.018481301719835867,81.31812175876877,B,Medium Moving
22765,NEWSPAPER STAND,300,3210.2999999999997,42,14.471666666666666,0.01847675490602539,81.33659851367479,B,Medium Moving
21732,RED HANGING METAL STAR TLIGHT HLDR,923,3199.17,56,3.681724137931034,0.018412696630442406,81.35501121030524,B,Medium Moving
22769,CHALKBOARD KITCHEN ORGANISER,164,3198.8,35,24.290285714285712,0.018410567110050163,81.37342177741529,B,Medium Moving
22589,CARDHOLDER GINGHAM STAR,1225,3197.39,197,2.724321608040201,0.018402451910717543,81.391824229326,B,Medium Moving
20675,BLUE SPOTTY BOWL,2700,3197.16,258,1.2411969111969112,0.018401128154798038,81.4102253574808,B,Fast Moving
23230,WRAP ALPHABET DESIGN,7925,3196.5,232,0.41732758620689653,0.018397329550855112,81.42862268703165,B,Fast Moving
21349,IVY HEART WREATH,492,3193.0,127,6.7,0.018377185439036565,81.44699987247068,B,Medium Moving
21211,SET OF 72 SKULL PAPER  DOILIES,2321,3192.6499999999996,184,1.4456756756756757,0.018375171027854707,81.46537504349854,B,Fast Moving
21112,"SWISS ROLL TOWEL, PINK  SPOTS",1411,3190.4500000000003,101,2.7137254901960786,0.018362509014711623,81.48373755251325,B,Medium Moving
22312,OFFICE MUG WARMER POLKADOT,995,3186.7900000000004,188,3.4635449735449737,0.01834144402920994,81.50207899654245,B,Medium Moving
23426,METAL SIGN DROP YOUR PANTS,1230,3186.7799999999997,171,2.854450867052023,0.01834138647460474,81.52042038301705,B,Medium Moving
20966,SANDWICH BATH SPONGE,2576,3182.0,232,1.2491949152542372,0.018313875373321124,81.53873425839038,B,Fast Moving
20702,PINK PADDED MOBILE,758,3178.0,237,4.235416666666667,0.01829085353124278,81.55702511192162,B,Medium Moving
21584,RETRO SPOT SMALL TUBE MATCHES,2001,3176.85,128,1.6469696969696968,0.018284234751645256,81.57530934667327,B,Fast Moving
21845,DAIRY MAID STRIPE MUG,2419,3176.05,144,1.8861111111111113,0.01827963038322959,81.5935889770565,B,Fast Moving
21993,FLORAL FOLK STATIONERY SET,2051,3171.4,282,1.8304210526315787,0.01825286749181352,81.61184184454831,B,Fast Moving
23127,FELTCRAFT GIRL NICOLE KIT,645,3169.79,170,4.97,0.018243601200376984,81.63008544574869,B,Medium Moving
22822,CREAM WALL PLANTER HEART SHAPED,562,3169.41,168,5.93526627218935,0.01824141412537954,81.64832685987408,B,Medium Moving
22459,CAST IRON HOOK GARDEN TROWEL,1336,3164.96,148,2.5354,0.018215802326067385,81.66654266220014,B,Medium Moving
20886,BOX OF 9 PEBBLE CANDLES,1686,3161.4,244,1.9379518072289157,0.018195312886617663,81.68473797508676,B,Medium Moving
22579,WOODEN TREE CHRISTMAS SCANDINAVIAN,6566,3161.14,457,0.5830543933054393,0.01819381646688257,81.70293179155364,B,Fast Moving
84356,POMPOM CURTAIN,660,3155.0,94,6.056382978723405,0.018158477939292317,81.72109026949293,B,Medium Moving
23350,ROLL WRAP VINTAGE SPOT ,2584,3154.4,246,1.2466666666666668,0.01815502466298056,81.73924529415591,B,Fast Moving
22356,CHARLOTTE BAG PINK WITH WHITE SPOTS,3952,3151.2,246,0.8410162601626016,0.018136607189317887,81.75738190134523,B,Fast Moving
21469,POLKA DOT RAFFIA FOOD COVER,1091,3148.16,176,3.681306818181818,0.018119110589338346,81.77550101193457,B,Medium Moving
23239,SET OF 4 KNICK KNACK TINS POPPIES,812,3142.4,155,3.9050632911392404,0.018085959136745537,81.7935869710713,B,Medium Moving
21648,ASSORTED TUTTI FRUTTI SMALL PURSE,2612,3141.88,120,1.2390983606557375,0.018082966297275353,81.81166993736858,B,Fast Moving
23388,WOODLAND MINI BACKPACK,784,3133.6000000000004,133,4.1379699248120305,0.018035311084173184,81.82970524845275,B,Medium Moving
85040A,S/4 PINK FLOWER CANDLES IN BOWL,1905,3131.09,314,1.6724924012158056,0.018020864878269025,81.84772611333102,B,Fast Moving
22059,CERAMIC STRWBERRY DESIGN MUG,2269,3130.25,166,1.4749142857142858,0.018016030291432575,81.86574214362246,B,Fast Moving
22700,BLACK AND WHITE DOG BOWL,1377,3114.27,92,2.640217391304348,0.017924058032329597,81.88366620165479,B,Medium Moving
21054,NURSE'S BAG SOFT TOY,350,3112.5,163,8.94390243902439,0.01791387086720993,81.901580072522,B,Medium Moving
21500,PINK SPOTS  WRAP ,7725,3102.5,229,0.41615720524017463,0.017856316262014074,81.919436388784,B,Fast Moving
79323GR,GREEN CHERRY LIGHTS,524,3100.2000000000003,76,6.493421052631579,0.01784307870281903,81.93727946748683,B,Medium Moving
22494,EMERGENCY FIRST AID TIN ,2502,3099.4,294,1.2888215488215486,0.01783847433440336,81.95511794182123,B,Fast Moving
22702,BLACK AND WHITE CAT BOWL,1573,3097.7999999999997,82,1.9385542168674699,0.01782926559757202,81.9729472074188,B,Medium Moving
21154,RED SPOTTY OVEN GLOVE ,2556,3095.44,249,1.2470196078431373,0.0178156827107458,81.99076289012955,B,Fast Moving
23308,SET OF 60 VINTAGE LEAF CAKE CASES ,5955,3091.61,305,0.5637820512820513,0.01779363929695579,82.0085565294265,B,Fast Moving
22902,TOTE BAG I LOVE LONDON,1610,3091.54,140,2.059577464788733,0.017793236414719416,82.02634976584122,B,Medium Moving
20992,JAZZ HEARTS PURSE NOTEBOOK,6030,3069.62,377,0.5896455696202532,0.0176670767201301,82.04401684256135,B,Fast Moving
23353,6 GIFT TAGS VINTAGE CHRISTMAS ,3726,3068.82,253,0.8295719844357976,0.017662472351714434,82.06167931491306,B,Fast Moving
22059,CERAMIC STRAWBERRY DESIGN MUG,2534,3064.3799999999997,199,1.3533492822966509,0.017636918107007474,82.07931623302007,B,Fast Moving
21830,ASSORTED CREEPY CRAWLIES,7387,3059.95,225,0.42616740088105726,0.01761142141690571,82.09692765443697,B,Fast Moving
21986,PACK OF 12 PINK SPOT TISSUES ,8151,3058.93,155,0.29229299363057326,0.01760555084717573,82.11453320528415,B,Fast Moving
21466,RED FLOWER CROCHET FOOD COVER,823,3057.89,240,3.798298755186722,0.017599565168235364,82.13213277045239,B,Medium Moving
22531,MAGIC DRAWING SLATE CIRCUS PARADE  ,7504,3053.76,332,0.41964391691394654,0.017575795116289476,82.14970856556867,B,Fast Moving
22475,SKULL DESIGN TV DINNER TRAY,690,3052.9,200,4.7642364532019705,0.017570845420242634,82.16727941098891,B,Medium Moving
22122,SET OF 2 FANCY FONT TEA TOWELS,1053,3042.3500000000004,156,2.9475155279503107,0.017510125311761007,82.18478953630067,B,Medium Moving
84975,HEART SHAPED MIRROR,1923,3041.07,167,1.6757988165680473,0.017502758322295937,82.20229229462296,B,Fast Moving
21179,NO JUNK MAIL METAL SIGN,4039,3040.07,359,0.9829076086956521,0.017497002861776353,82.21978929748474,B,Fast Moving
23168,CLASSIC CAFE SUGAR DISPENSER,2633,3037.1,208,1.2297619047619048,0.017479909144033183,82.23726920662877,B,Fast Moving
21588,RETRO SPOT GIANT  TUBE MATCHES,1295,3034.9500000000003,102,2.5240384615384617,0.017467534903916074,82.25473674153268,B,Medium Moving
23342,MINT DINER WALL CLOCK,363,3034.5,154,8.483441558441559,0.01746494494668226,82.27220168647936,B,Medium Moving
21364,PEACE SMALL WOOD LETTERS,439,3031.65,144,6.752638888888889,0.01744854188420144,82.28965022836357,B,Medium Moving
22076,6 RIBBONS EMPIRE  ,2100,3030.42,240,1.5456378600823044,0.01744146266776235,82.30709169103133,B,Fast Moving
37410,BLACK AND WHITE PAISLEY FLOWER MUG,25685,3019.57,18,1.045,0.017379015921124848,82.32447070695245,B,Fast Moving
21351,CINAMMON & ORANGE WREATH,986,3018.7,135,5.231751824817518,0.017374008670472806,82.34184471562293,B,Medium Moving
23253,16 PIECE CUTLERY SET PANTRY DESIGN,210,3018.2999999999997,46,15.65,0.017371706486264973,82.35921642210918,B,Medium Moving
21707,"FOLDING UMBRELLA , BLACK/BLUE  SPOT",768,3015.6,62,4.648387096774194,0.01735616674286209,82.37657258885204,B,Medium Moving
37501,TEA TIME TEA SET IN GIFT BOX,436,3006.2000000000003,146,6.943150684931507,0.01730206541397799,82.39387465426601,B,Medium Moving
22863,SOAP DISH BROCANTE,1070,3002.9,148,2.928523489932886,0.017283072394263358,82.41115772666028,B,Medium Moving
85232D,SET/3 DECOUPAGE STACKING TINS,633,2998.95,175,4.926,0.017260338325210994,82.4284180649855,B,Medium Moving
22732,3D VINTAGE CHRISTMAS STICKERS ,2407,2995.59,205,1.3051674641148323,0.017240999977865188,82.44565906496337,B,Fast Moving
22862,LOVE HEART NAPKIN BOX ,708,2993.0,184,4.247326203208556,0.01722609333511946,82.46288515829849,B,Medium Moving
20681,PINK SPOTTY CHILDS UMBRELLA,949,2991.25,175,3.2386363636363638,0.017216021279210184,82.4801011795777,B,Medium Moving
22136,LOVE HEART SOCK HANGER,1882,2990.1,191,1.643877551020408,0.017209402499612662,82.49731058207732,B,Fast Moving
22366,DOOR MAT AIRMAIL ,427,2988.53,114,7.3270175438596485,0.017200366426596912,82.51451094850391,B,Medium Moving
23065,LARGE DECO JEWELLERY STAND,246,2977.8,88,12.469318181818181,0.017138610335221762,82.53164955883913,B,Medium Moving
21936,RED/WHITE SPOT PICNIC BAG,1091,2974.45,82,2.911904761904762,0.017119329542481146,82.54876888838162,B,Medium Moving
21473,SWEETHEART CREAM STEEL TABLE RECT,149,2972.5499999999997,86,19.95,0.017108394167493934,82.56587728254911,B,Medium Moving
23237,SET OF 4 KNICK KNACK TINS LEAF,739,2970.85,116,4.136206896551725,0.017098609884610642,82.58297589243372,B,Medium Moving
23346,SPACEBOY BEAKER,2567,2970.75,138,1.2439285714285715,0.017098034338558683,82.60007392677228,B,Fast Moving
22176,BLUE OWL SOFT TOY,1027,2968.05,216,2.9426605504587156,0.017082494595155803,82.61715642136744,B,Medium Moving
22477,WATERING CAN GARDEN MARKER,2243,2967.45,183,1.2514754098360656,0.01707904131884405,82.63423546268628,B,Fast Moving
22402,MAGNETS PACK OF 4 VINTAGE COLLAGE,3398,2962.81,239,0.8713991769547325,0.017052335982033175,82.6512877986683,B,Fast Moving
21477,STRING OF 20 ROSE LIGHTS,262,2962.5,37,12.458108108108108,0.017050551789272103,82.66833835045757,B,Medium Moving
22107,PIZZA PLATE IN BOX,841,2957.3,185,3.6592063492063494,0.017020623394570257,82.68535897385215,B,Medium Moving
23323,WHITE WICKER STAR ,1422,2954.7000000000003,270,2.096402877697842,0.017005659197219334,82.70236463304937,B,Medium Moving
23014,GLASS APOTHECARY BOTTLE ELIXIR,798,2951.78,160,3.9079012345679014,0.016988853252502146,82.71935348630187,B,Medium Moving
21864,UNION JACK FLAG PASSPORT COVER ,1483,2947.02,259,2.084528301886792,0.016961457260428917,82.7363149435623,B,Medium Moving
22965,3 TRADITIONAl BISCUIT CUTTERS  SET,1423,2946.92,218,2.124383561643836,0.01696088171437696,82.75327582527669,B,Medium Moving
21333,CLASSIC WHITE FRAME,1007,2946.65,197,2.9439086294416246,0.016959327740036674,82.77023515301673,B,Medium Moving
22406,MONEY BOX KINGS CHOICE DESIGN,2380,2942.78,171,1.2328323699421966,0.016937054107825877,82.78717220712456,B,Fast Moving
21829,DINOSAUR KEYRINGS ASSORTED,14192,2940.0299999999997,300,0.2105960264900662,0.016921226591397016,82.80409343371595,B,Fast Moving
23236,DOILEY STORAGE TIN,1082,2934.98,112,2.8652212389380534,0.016892161515773108,82.82098559523172,B,Medium Moving
48189,DOOR MAT FRIENDSHIP ,431,2934.31,149,7.14248322147651,0.01688830535722499,82.83787390058895,B,Medium Moving
84849B,FAIRY SOAP SOAP HOLDER,1819,2932.99,226,1.6825991189427312,0.016880708149339133,82.85475460873829,B,Fast Moving
22774,RED DRAWER KNOB ACRYLIC EDWARDIAN,2483,2918.71,135,1.2436029411764706,0.016798520173119454,82.87155312891142,B,Fast Moving
22194,BLACK DINER WALL CLOCK,353,2918.05,142,8.458098591549296,0.016794721569176524,82.88834785048059,B,Medium Moving
84837,WHITE SWEETHEARTS CABINET 4 DRAWERS,239,2915.25,133,12.615671641791044,0.016778606279721688,82.9051264567603,B,Medium Moving
21812,GARLAND WITH HEARTS AND BELLS,597,2913.15,124,4.9332,0.016766519812630557,82.92189297657293,B,Medium Moving
22428,ENAMEL FIRE BUCKET CREAM,421,2910.9300000000003,158,6.980062893081761,0.016753742690277077,82.93864671926322,B,Medium Moving
23461,SWEETHEART BIRD HOUSE,829,2908.55,83,4.1359550561797755,0.016740044694240463,82.95538676395746,B,Medium Moving
21467,CHERRY CROCHET FOOD COVER,951,2905.27,212,3.7342056074766354,0.01672116678373622,82.9721079307412,B,Medium Moving
23188,VINTAGE  2 METER FOLDING RULER,1775,2902.4700000000003,155,1.6787898089171973,0.016705051494281385,82.98881298223549,B,Medium Moving
22313,OFFICE MUG WARMER PINK,952,2899.54,106,3.3494444444444444,0.016688187994958997,83.00550117023045,B,Medium Moving
21240,BLUE POLKADOT CUP,3655,2898.75,270,0.8423529411764706,0.016683641181148522,83.02218481141159,B,Fast Moving
22733,3D TRADITIONAL CHRISTMAS STICKERS,2296,2893.04,217,1.3036486486486487,0.01665077750158169,83.03883558891317,B,Fast Moving
22347,PIZZA SLICE DISH,2605,2891.4500000000003,74,1.2294594594594594,0.016641626319355552,83.05547721523253,B,Fast Moving
21041,RED RETROSPOT OVEN GLOVE DOUBLE,996,2890.2000000000003,200,2.948019801980198,0.01663443199370607,83.07211164722624,B,Medium Moving
21055,TOOL BOX SOFT TOY ,316,2889.64,176,9.210338983050846,0.0166312089358151,83.08874285616206,B,Medium Moving
23242,TREASURE TIN BUFFALO BILL ,1430,2886.0800000000004,187,2.0739473684210528,0.01661071949636538,83.10535357565843,B,Medium Moving
21592,RETROSPOT CIGAR BOX MATCHES ,2760,2885.46,279,1.1584375,0.01660715111084323,83.12196072676927,B,Fast Moving
21705,BAG 500g SWIRLY MARBLES,2401,2883.21,183,1.5597849462365592,0.016594201324674165,83.13855492809395,B,Fast Moving
21447,12 IVORY ROSE PEG PLACE SETTINGS,2377,2882.33,228,1.2467381974248928,0.01658913651941693,83.15514406461337,B,Fast Moving
21584,RETROSPOT SMALL TUBE MATCHES,1761,2881.65,219,1.6482758620689655,0.01658522280626361,83.17172928741964,B,Medium Moving
82578,KITCHEN METAL SIGN,5391,2879.3500000000004,544,0.553768115942029,0.016571985247068568,83.1883012726667,B,Fast Moving
21519,GIN & TONIC DIET GREETING CARD ,7017,2868.66,436,0.4139588100686499,0.016510459374114196,83.20481173204082,B,Fast Moving
21100,CHARLIE AND LOLA CHARLOTTE BAG,2221,2864.05,159,1.5760625,0.01648392670111891,83.22129565874194,B,Fast Moving
23035,DRAWER KNOB CERAMIC IVORY,2035,2863.39,165,1.453855421686747,0.016480128097175983,83.23777578683911,B,Fast Moving
21537,RED RETROSPOT PUDDING BOWL,686,2862.5,162,4.2379518072289155,0.01647500573731355,83.25425079257643,B,Medium Moving
23393,HOME SWEET HOME CUSHION COVER ,763,2861.25,201,3.75,0.016467811411664066,83.27071860398809,B,Medium Moving
22794,SWEETHEART WIRE MAGAZINE RACK,362,2851.5,183,7.93688524590164,0.016411695671598107,83.28713029965968,B,Medium Moving
22309,TEA COSY RED  STRIPE,1208,2850.93,169,2.5713529411764706,0.016408415059101945,83.30353871471878,B,Medium Moving
15039,SANDALWOOD FAN,4146,2848.9,180,0.8306593406593407,0.016396731474247188,83.31993544619303,B,Fast Moving
21192,WHITE BELL HONEYCOMB PAPER ,1845,2842.25,113,1.6298319327731092,0.016358457661791944,83.33629390385482,B,Fast Moving
22172,METAL SHELF WITH RAIL ,339,2839.0,156,8.472929936305732,0.01633975241510329,83.35263365626993,B,Medium Moving
23390,DOLLY GIRL MINI BACKPACK,713,2838.9500000000003,144,4.139115646258504,0.016339464642077313,83.368973120912,B,Medium Moving
84968D,S/16 VINTAGE RED CUTLERY,253,2836.95,17,12.43235294117647,0.016327953721038138,83.38530107463303,B,Medium Moving
23283,DOORMAT VINTAGE LEAVES DESIGN ,426,2833.7000000000003,88,7.66625,0.01630924847434949,83.40161032310738,B,Medium Moving
18098C,PORCELAIN BUTTERFLY OIL BURNER,1123,2832.8500000000004,177,2.891304347826087,0.01630435633290784,83.41791467944029,B,Medium Moving
85049D,BRIGHT BLUES RIBBONS ,2283,2826.39,372,1.2494986807387862,0.016267176057951315,83.43418185549824,B,Fast Moving
22071,SMALL WHITE RETROSPOT MUG IN BOX ,1125,2825.37,159,3.689565217391304,0.01626130548822134,83.45044316098645,B,Medium Moving
84279B,CHERRY BLOSSOM DECORATIVE FLASK,777,2820.15,188,3.7289361702127657,0.016231261984309103,83.46667442297075,B,Medium Moving
21206,STRAWBERRY HONEYCOMB  GARLAND ,2058,2819.7,190,1.6083333333333334,0.01622867202707529,83.48290309499782,B,Fast Moving
21990,MODERN FLORAL STATIONERY SET,1786,2818.3,233,1.805169491525424,0.01622061438234787,83.49912370938017,B,Medium Moving
22154,ANGEL DECORATION 3 BUTTONS ,6808,2816.16,227,0.41949790794979075,0.016208297696835957,83.515332007077,B,Fast Moving
22944,CHRISTMAS METAL POSTCARD WITH BELLS,4185,2813.03,102,0.8347663551401869,0.016190283105409656,83.53152229018242,B,Fast Moving
23182,TOILET SIGN OCCUPIED OR VACANT,3378,2807.69,254,0.8792635658914728,0.016159548946235065,83.54768183912866,B,Fast Moving
22037,ROBOT BIRTHDAY CARD,6751,2806.0,474,0.4201052631578947,0.01614982221795697,83.56383166134661,B,Fast Moving
22972,CHILDREN'S SPACEBOY MUG,1722,2802.26,186,1.653422459893048,0.01612829679561372,83.57995995814223,B,Medium Moving
21706,"FOLDING UMBRELLA , RED/WHITE SPOT",900,2799.0,90,4.516666666666667,0.01610953399431987,83.59606949213655,B,Medium Moving
21354,TOAST ITS - BEST MUM,2401,2797.25,169,1.2229411764705882,0.016099461938410595,83.61216895407496,B,Fast Moving
23329,DECORATIVE WICKER HEART LARGE,1701,2794.65,215,1.6482758620689655,0.016084497741059675,83.62825345181602,B,Medium Moving
22710,WRAP I LOVE LONDON ,7104,2787.68,168,0.41583333333333333,0.01604438218123816,83.64429783399726,B,Fast Moving
84909A,PINK PAISLEY QUILT ,208,2784.8,29,17.329310344827586,0.016027806454941756,83.6603256404522,B,Medium Moving
21507,"ELEPHANT, BIRTHDAY CARD, ",6890,2782.92,398,0.41609022556390973,0.016016986189164934,83.67634262664137,B,Fast Moving
22712,CARD DOLLY GIRL ,7009,2777.73,345,0.42771014492753623,0.015987115349068284,83.69232974199043,B,Fast Moving
23056,FLOWERS CHANDELIER T-LIGHT HOLDER,863,2770.91,36,6.1529729729729725,0.01594786310832471,83.70827760509876,B,Medium Moving
47504K,ENGLISH ROSE GARDEN SECATEURS,2580,2769.64,263,1.3644776119402986,0.015940553673464836,83.72421815877222,B,Fast Moving
21796,SET OF 3 RED STRIPE BASKETS,323,2769.44,66,12.660757575757575,0.01593940258136092,83.74015756135358,B,Medium Moving
84279P,CHERRY BLOSSOM  DECORATIVE FLASK,749,2762.67,215,3.7316666666666665,0.015900438113643327,83.75605799946723,B,Medium Moving
21626,VINTAGE UNION JACK PENNANT,1415,2759.25,159,1.95,0.015880754438666343,83.7719387539059,B,Medium Moving
23290,SPACEBOY CHILDRENS BOWL,2367,2757.15,174,1.2419540229885058,0.015868667971575216,83.78780742187747,B,Fast Moving
21239,PINK  SPOTTY CUP,3390,2756.7,296,0.8456521739130435,0.015866078014341402,83.80367349989181,B,Fast Moving
85114B,IVORY ENCHANTED FOREST PLACEMAT,1753,2756.45,157,1.6424050632911393,0.015864639149211504,83.81953813904103,B,Medium Moving
23345, DOLLY GIRL BEAKER,2394,2754.5,133,1.2437037037037038,0.01585341600119831,83.83539155504222,B,Fast Moving
23354,6 GIFT TAGS 50'S CHRISTMAS ,3343,2750.9300000000003,261,0.8295910780669145,0.015832869007143396,83.85122442404936,B,Fast Moving
22925,BLUE GIANT GARDEN THERMOMETER,465,2743.77,171,5.982034883720931,0.01579165990982316,83.86701608395919,B,Medium Moving
22674,FRENCH TOILET SIGN BLUE METAL,2267,2741.48,243,1.2510569105691056,0.01577847990523331,83.88279456386442,B,Fast Moving
23051,RECYCLED ACAPULCO MAT BLUE,335,2741.35,133,8.237969924812031,0.015777731695365765,83.89857229555979,B,Medium Moving
22095,LADS ONLY TISSUE BOX,2820,2741.16,188,0.8948979591836735,0.01577663815786704,83.91434893371766,B,Fast Moving
22955,36 FOIL STAR CAKE CASES ,1404,2740.04,156,2.0379754601226994,0.01577019204208511,83.93011912575975,B,Medium Moving
22963,JAM JAR WITH GREEN LID,3450,2733.6,220,0.8435294117647059,0.015733126876338974,83.94585225263609,B,Fast Moving
22480,RED TEA TOWEL CLASSIC DESIGN,2272,2730.56,245,1.245421686746988,0.015715630276359437,83.96156788291245,B,Fast Moving
21820,GLITTER HEART GARLAND WITH BELLS ,740,2724.71,134,3.763840579710145,0.01568196083231986,83.97724984374477,B,Medium Moving
84813,SET OF 4 DIAMOND NAPKIN RINGS,379,2722.47,69,10.521159420289855,0.015669068600755988,83.99291891234553,B,Medium Moving
16161U,WRAP SUKI AND FRIENDS,6676,2721.92,208,0.4185576923076923,0.015665903097470218,84.008584815443,B,Fast Moving
22285,"DECORATION HEN ON NEST, HANGING",1837,2718.4500000000003,125,1.6403846153846153,0.01564593164946726,84.02423074709247,B,Fast Moving
22067,CHOC TRUFFLE GOLD TRINKET POT ,1765,2717.13,180,1.5999999999999999,0.015638334441581404,84.03986908153405,B,Medium Moving
22242,5 HOOK HANGER MAGIC TOADSTOOL,1757,2707.05,96,1.6355670103092783,0.015580319399543982,84.0554494009336,B,Medium Moving
22757,LARGE RED BABUSHKA NOTEBOOK ,2532,2703.73,223,1.1777433628318585,0.015561211270618958,84.07101061220422,B,Fast Moving
21272,SALLE DE BAIN HOOK,2179,2703.11,230,1.2497021276595746,0.015557642885096815,84.08656825508932,B,Fast Moving
21328,BALLOONS  WRITING SET ,1632,2691.4,374,1.6662105263157894,0.015490246442412467,84.10205850153173,B,Medium Moving
23190,BUNDLE OF 3 SCHOOL EXERCISE BOOKS  ,1678,2691.14,179,1.6513333333333333,0.015488750022677375,84.11754725155441,B,Medium Moving
21949,SET OF 6 STRAWBERRY CHOPSTICKS,2343,2682.79,135,1.2670370370370372,0.015440691927338837,84.13298794348175,B,Fast Moving
22949,36 DOILIES DOLLY GIRL,1929,2681.85,131,1.446946564885496,0.015435281794450424,84.1484232252762,B,Fast Moving
22667,RECIPE BOX RETRO SPOT DESIGN,952,2674.0000000000005,175,2.938636363636364,0.01539010142937168,84.16381332670558,B,Medium Moving
22162,HEART GARLAND RUSTIC PADDED,925,2671.15,133,2.9471014492753627,0.015373698366890861,84.17918702507247,B,Medium Moving
21728,METAL MEDINA LANTERN ,294,2670.6,36,12.386111111111111,0.015370532863605088,84.19455755793606,B,Medium Moving
84510A,SET OF 4 ENGLISH ROSE COASTERS,2166,2670.54,307,1.2598709677419355,0.015370187535973913,84.20992774547204,B,Fast Moving
22990,COTTON APRON PANTRY DESIGN,602,2670.54,140,4.760140845070423,0.015370187535973913,84.22529793300802,B,Medium Moving
23147,SINGLE ANTIQUE ROSE HOOK IVORY,1843,2669.95,250,1.4492125984251967,0.015366791814267356,84.2406647248223,B,Fast Moving
21682,LARGE MEDINA STAMPED METAL BOWL ,548,2667.21,141,4.980567375886524,0.015351021852443695,84.25601574667473,B,Medium Moving
90057,DIAMANTE RING ASSORTED IN BOX.,1800,2660.88,34,1.6276470588235294,0.015314589787354718,84.27133033646209,B,Medium Moving
22066,LOVE HEART TRINKET POT,3406,2654.64,254,1.014846153846154,0.015278675713712503,84.2866090121758,B,Fast Moving
84968A,SET OF 16 VINTAGE ROSE CUTLERY,218,2649.8999999999996,68,12.671739130434784,0.015251394830849665,84.30186040700666,B,Medium Moving
22436,12 COLOURED PARTY BALLOONS,4157,2637.85,255,0.6538461538461539,0.015182041531588662,84.31704244853825,B,Fast Moving
21329,DINOSAURS  WRITING SET ,1615,2635.99,369,1.6639733333333333,0.01517133637502223,84.33221378491326,B,Medium Moving
23427,STOOL HOME SWEET HOME ,227,2635.9,106,12.30373831775701,0.01517081838357547,84.34738460329685,B,Medium Moving
22754,SMALL RED BABUSHKA NOTEBOOK ,3671,2635.81,379,0.806151832460733,0.015170300392128709,84.36255490368897,B,Fast Moving
22277,COSMETIC BAG VINTAGE ROSE PAISLEY,1303,2633.42,189,2.134842105263158,0.0151565448414869,84.37771144853046,B,Medium Moving
23211,RED ROCKING HORSE HAND PAINTED,2206,2631.5,116,1.2411016949152542,0.015145494357289294,84.39285694288775,B,Fast Moving
21360,JOY LARGE WOOD LETTERS,433,2631.35,92,9.241847826086955,0.015144631038211355,84.40800157392596,B,Medium Moving
22482,BLUE TEA TOWEL CLASSIC DESIGN,2233,2627.09,201,1.2416585365853658,0.015120112776397923,84.42312168670236,B,Fast Moving
22755,SMALL PURPLE BABUSHKA NOTEBOOK ,3543,2624.6,395,0.8190322580645161,0.015105781679704153,84.43822746838207,B,Fast Moving
84596F,SMALL MARSHMALLOWS PINK BOWL,4174,2623.46,410,0.7151551312649164,0.015099220454711827,84.45332668883678,B,Fast Moving
21765,HANGING METAL BIRD BATH,338,2613.9,119,7.900413223140497,0.01504419825214459,84.46837088708892,B,Medium Moving
21508,VINTAGE KID DOLLY CARD ,6472,2611.57,409,0.4152078239608802,0.015030788029133957,84.48340167511806,B,Fast Moving
21683,MEDIUM MEDINA STAMPED METAL BOWL ,910,2607.7000000000003,132,2.9439849624060153,0.015008514396923162,84.49841018951498,B,Medium Moving
22046,TEA PARTY  WRAPPING PAPER ,6350,2603.0,207,0.4184541062801932,0.014981463732481107,84.51339165324747,B,Fast Moving
22675,FRENCH KITCHEN SIGN BLUE METAL,2146,2599.91,226,1.2775545851528385,0.014963679359475589,84.52835533260695,B,Fast Moving
22671,FRENCH LAUNDRY SIGN BLUE METAL,1618,2599.46,190,1.681204188481675,0.014961089402241775,84.5433164220092,B,Medium Moving
22167,"WALL MIRROR , DIAMANTE OVAL SHAPE",387,2591.85,99,9.321,0.014917290347687729,84.55823371235688,B,Medium Moving
23053,RECYCLED ACAPULCO MAT PINK,318,2589.9,129,8.231395348837209,0.014906067199674538,84.57313977955656,B,Medium Moving
21897,POTTING SHED CANDLE CITRONELLA,857,2588.27,100,2.9407843137254908,0.014896685799027613,84.58803646535559,B,Medium Moving
85049B,LUSH GREENS RIBBONS,2092,2585.36,317,1.2488087774294672,0.01487993740891562,84.6029164027645,B,Fast Moving
85183B,CHARLIE & LOLA WASTEPAPER BIN FLORA,1696,2583.5,154,2.0251612903225804,0.01486923225234919,84.61778563501686,B,Medium Moving
22473,TV DINNER TRAY VINTAGE PAISLEY,732,2580.44,166,4.595722891566265,0.01485162054315926,84.63263725556001,B,Medium Moving
22177,5 HOOK BLACKBOARD ORGANISER ,300,2579.64,102,9.875294117647059,0.014847016174743589,84.64748427173475,B,Medium Moving
23164,REGENCY CAKE SLICE,564,2579.21,80,4.922625,0.01484454132672017,84.66232881306148,B,Medium Moving
21214,SET OF 72 IVORY PAPER DOILIES,1884,2578.2,125,1.4421259842519685,0.014838728311595384,84.67716754137308,B,Fast Moving
22696,WICKER WREATH LARGE,1360,2577.2599999999998,245,1.9676190476190476,0.014833318178706974,84.69200085955178,B,Medium Moving
21439,BASKET OF TOADSTOOLS,2123,2576.23,162,1.2488484848484849,0.014827390054371803,84.70682824960616,B,Fast Moving
79164,BLACK WINE GLASS,3624,2573.76,67,1.2999999999999998,0.014813174066888429,84.72164142367305,B,Fast Moving
85132B,CHARLIE AND LOLA TABLE TINS,893,2573.35,100,4.39,0.014810814328075397,84.73645223800112,B,Medium Moving
21589,SWALLOW GIANT TUBE MATCHES,1115,2573.25,86,2.503448275862069,0.014810238782023439,84.75126247678314,B,Medium Moving
23534,STOP FOR TEA WALL ART,518,2572.7,41,5.775853658536586,0.014807073278737665,84.76606955006187,B,Medium Moving
21096,SET/6 FRUIT SALAD  PAPER PLATES,15776,2572.34,101,0.5442574257425743,0.014805001312950615,84.78087455137482,B,Fast Moving
22080,RIBBON REEL POLKADOTS ,1588,2572.2,194,1.6479695431472081,0.014804195548477872,84.7956787469233,B,Medium Moving
22145,CHRISTMAS CRAFT HEART STOCKING ,1260,2566.0,169,2.091329479768786,0.014768511693256443,84.81044725861656,B,Medium Moving
85049F,BABY BOOM RIBBONS ,2074,2565.14,295,1.2493666666666667,0.014763561997209598,84.82521082061378,B,Fast Moving
22828,REGENCY MIRROR WITH SHUTTERS,17,2565.0,11,154.0909090909091,0.01476275623273686,84.83997357684652,B,Slow Moving
23212,HEART WREATH DECORATION WITH BELL,2163,2562.63,144,1.238724832214765,0.014749115791305441,84.85472269263782,B,Fast Moving
23100,SILVER BELLS TABLE DECORATION,2090,2562.1,213,1.246164383561644,0.01474606539723006,84.86946875803505,B,Fast Moving
22773,GREEN DRAWER KNOB ACRYLIC EDWARDIAN,2106,2561.46,170,1.2504597701149427,0.014742381902497523,84.88421113993755,B,Fast Moving
22572,ROCKING HORSE GREEN CHRISTMAS ,3115,2560.39,264,0.846690909090909,0.014736223559741569,84.89894736349729,B,Fast Moving
21788,KIDS RAIN MAC BLUE,3213,2559.0299999999997,174,0.8476795580110498,0.014728396133434931,84.91367575963072,B,Fast Moving
23395,BELLE JARDINIERE CUSHION COVER,683,2555.73,175,3.7473863636363633,0.014709403113720298,84.92838516274445,B,Medium Moving
21499,BLUE SPOTS  WRAP,6350,2555.0,196,0.41673469387755097,0.014705201627541003,84.94309036437198,B,Fast Moving
22519,CHILDS GARDEN BRUSH PINK,1320,2554.98,203,2.0779024390243905,0.01470508651833061,84.95779545089032,B,Medium Moving
22372,AIRLINE BAG VINTAGE WORLD CHAMPION ,526,2554.08,228,4.944649122807017,0.014699906603862984,84.97249535749418,B,Medium Moving
21742,LARGE ROUND WICKER PLATTER ,429,2552.55,189,5.95,0.01469110074926802,84.98718645824346,B,Medium Moving
21240,BLUE  SPOTTY CUP,3123,2542.23,298,0.846086956521739,0.014631704396705894,85.00181816264016,B,Fast Moving
22905,CALENDAR IN SEASON DESIGN,935,2541.6400000000003,143,2.852013888888889,0.014628308674999342,85.01644647131516,B,Medium Moving
37340,MULTICOLOUR SPRING FLOWER MUG,13083,2539.31,95,0.5329166666666666,0.014614898451988705,85.03106136976716,B,Fast Moving
20956,PORCELAIN T-LIGHT HOLDERS ASSORTED,2120,2538.43,140,1.2639310344827588,0.01460983364673147,85.04567120341389,B,Fast Moving
22349,"DOG BOWL , CHASING BALL DESIGN",695,2537.13,118,3.722542372881356,0.01460235154805601,85.06027355496194,B,Medium Moving
21980,PACK OF 12 RED RETROSPOT TISSUES ,8425,2533.77,345,0.3173121387283237,0.014583013200710203,85.07485656816264,B,Fast Moving
22762,CUPBOARD 3 DRAWER MA CAMPAGNE,177,2531.75,107,14.785514018691588,0.01457138717046064,85.08942795533311,B,Medium Moving
20985,HEART CALCULATOR,2131,2531.53,216,1.2602678571428572,0.014570120969146332,85.10399807630225,B,Fast Moving
23266,SET OF 3 WOODEN STOCKING DECORATION,1964,2529.64,274,1.3111301369863015,0.014559243148764315,85.11855731945101,B,Fast Moving
23146,TRIPLE HOOK ANTIQUE IVORY ROSE,778,2526.02,211,3.2825233644859817,0.014538408381683415,85.1330957278327,B,Medium Moving
22208,WOOD STAMP SET THANK YOU,2082,2525.87,311,1.2248902821316614,0.014537545062605475,85.1476332728953,B,Fast Moving
82600,N0 SINGING METAL SIGN,1197,2523.78,35,2.091142857142857,0.014525516150119546,85.16215878904542,B,Medium Moving
22132,RED LOVE HEART SHAPE CUP,3044,2521.88,238,0.85,0.01451458077513233,85.17667336982055,B,Fast Moving
22415,WHITE TISSUE REAM,317,2520.15,204,7.95,0.014504623828433448,85.19117799364898,B,Medium Moving
84012,MAGIC SHEEP WOOL GROWING FROM PAPER,1781,2516.75,155,1.6448717948717946,0.014485055262666857,85.20566304891165,B,Medium Moving
22518,CHILDS GARDEN BRUSH BLUE,1304,2515.38,201,2.0763366336633666,0.014477170281755025,85.2201402191934,B,Medium Moving
22930,BAKING MOULD HEART MILK CHOCOLATE,1040,2513.12,145,2.5655479452054792,0.01446416294098076,85.23460438213438,B,Medium Moving
22179,SET 10 NIGHT OWL LIGHTS,388,2510.34,101,6.759126213592234,0.014448162760736315,85.24905254489512,B,Medium Moving
21688,SILVER PLATE CANDLE BOWL SMALL,850,2507.5000000000005,108,2.95,0.014431817252860694,85.26348436214798,B,Medium Moving
22974,CHILDRENS DOLLY GIRL MUG,1550,2502.54,163,1.6851219512195124,0.014403270168683544,85.27788763231666,B,Medium Moving
23333,IVORY WICKER HEART MEDIUM,2009,2498.65,216,1.2481415929203539,0.01438088142726236,85.29226851374392,B,Fast Moving
84944,SET OF 6 KASHMIR FOLKART BAUBLES,911,2493.75,149,3.2513245033112583,0.014352679670716389,85.30662119341464,B,Medium Moving
21111,"SWISS ROLL TOWEL, CHOCOLATE  SPOTS",1208,2493.3,128,2.621538461538462,0.014350089713482575,85.32097128312813,B,Medium Moving
22152,PLACE SETTING WHITE STAR,6129,2493.11,219,0.424273127753304,0.014348996175983855,85.33532027930411,B,Fast Moving
21327,SKULLS WRITING SET ,1512,2492.4,333,1.649406528189911,0.014344909799014949,85.34966518910313,B,Medium Moving
84519A,TOMATO CHARLIE+LOLA COASTER SET,1139,2488.8900000000003,158,2.340759493670886,0.014324708132591206,85.36398989723573,B,Medium Moving
84849D,HOT BATHS SOAP HOLDER,1518,2484.78,227,1.6868421052631577,0.014301053189855707,85.37829095042558,B,Medium Moving
21923,RED/CREAM STRIPE FRINGE HAMMOCK,325,2483.75,108,7.875925925925926,0.014295125065520536,85.3925860754911,B,Medium Moving
22200,FRYING PAN PINK POLKADOT ,600,2483.0,120,4.229166666666667,0.014290808470130846,85.40687688396123,B,Medium Moving
84968C,S/16 VINTAGE PISTACHIO CUTLERY,215,2482.0499999999997,30,12.629999999999999,0.014285340782637237,85.42116222474387,B,Medium Moving
22365,DOOR MAT RESPECTABLE HOUSE,358,2479.86,104,7.296538461538462,0.014272736324099347,85.43543496106797,B,Medium Moving
21239,PINK  POLKADOT CUP,3090,2477.52,255,0.8464591439688716,0.014259268546483515,85.44969422961445,B,Fast Moving
22927,GREEN GIANT GARDEN THERMOMETER,428,2474.6,140,5.935714285714286,0.014242462601766327,85.46393669221622,B,Medium Moving
22664,TOY TIDY DOLLY GIRL DESIGN,1304,2474.38,178,2.1019662921348314,0.014241196400452018,85.47817788861667,B,Medium Moving
22028,PENNY FARTHING BIRTHDAY CARD,6083,2474.29,365,0.42311475409836063,0.014240678409005255,85.49241856702568,B,Fast Moving
85035C,ROSE 3 WICK MORRIS BOX CANDLE,1302,2470.82,168,2.9387356321839078,0.014220706961002295,85.50663927398668,B,Medium Moving
21486,PINK HEART DOTS HOT WATER BOTTLE,841,2466.87,168,3.628235294117647,0.01419797289194993,85.52083724687863,B,Medium Moving
21188,3D HEARTS  HONEYCOMB PAPER GARLAND,856,2463.6000000000004,94,2.9295918367346943,0.01417915253605089,85.53501639941467,B,Medium Moving
21171,BATHROOM METAL SIGN ,1810,2461.2999999999997,226,1.4244493392070483,0.014165914976855837,85.54918231439153,B,Medium Moving
22576,SWALLOW WOODEN CHRISTMAS DECORATION,2905,2456.77,243,0.87,0.014139842740702117,85.56332215713223,B,Fast Moving
21465,PINK FLOWER CROCHET FOOD COVER,695,2456.36,157,3.7685350318471333,0.014137483001889087,85.57745964013412,B,Medium Moving
22479,DAISY GARDEN MARKER,1832,2453.7,154,1.251741935483871,0.014122173476906988,85.59158181361103,B,Fast Moving
21422,PORCELAIN ROSE SMALL,3056,2448.36,107,0.8716666666666667,0.014091439317732404,85.60567325292877,B,Fast Moving
47480,HANGING PHOTO CLIP ROPE LADDER,1556,2441.68,99,1.7518181818181815,0.01405299284146157,85.61972624577022,B,Medium Moving
22073,RETRO SPOT STORAGE JAR,675,2439.09,120,3.7148780487804878,0.014038086198715844,85.63376433196893,B,Medium Moving
22816,CARD MOTORBIKE SANTA,5948,2438.4,299,0.41760797342192685,0.014034114930957332,85.64779844689988,B,Fast Moving
21224,SET/4 SKULL BADGES,1956,2437.4,207,1.2472985781990522,0.014028359470437745,85.66182680637033,B,Fast Moving
22449,SILK PURSE BABUSHKA PINK,729,2437.08,157,3.336289308176101,0.014026517723071476,85.6758533240934,B,Medium Moving
23681,LUNCH BAG RED VINTAGE DOILY,1547,2432.55,118,1.6415966386554621,0.014000445486917756,85.68985376958031,B,Medium Moving
22439,6 ROCKET BALLOONS ,3699,2431.95,307,0.6707006369426751,0.013996992210606003,85.70385076179092,B,Fast Moving
22914,BLUE COAT RACK PARIS FASHION,529,2429.19,149,4.925466666666667,0.013981107139571949,85.71783186893049,B,Medium Moving
15044C,PURPLE PAPER PARASOL,862,2428.5,160,2.932608695652174,0.013977135871813434,85.7318090048023,B,Medium Moving
23407,SET OF 2 TRAYS HOME SWEET HOME,248,2426.72,118,9.925254237288135,0.01396689115208857,85.7457758959544,B,Medium Moving
22792,FLUTED ANTIQUE CANDLE HOLDER,2951,2421.25,171,0.8606432748538011,0.01393540878304644,85.75971130473744,B,Fast Moving
22291,"SPRING DEC , HANGING CHICK CREAM",1872,2419.2,118,1.405371900826446,0.013923610088981289,85.77363491482642,B,Fast Moving
22503,CABIN BAG VINTAGE PAISLEY,105,2417.15,35,26.92142857142857,0.01391181139491614,85.78754672622134,B,Medium Moving
79320,FLAMINGO LIGHTS,527,2416.85,76,4.8578947368421055,0.013910084756760263,85.8014568109781,B,Medium Moving
22081,RIBBON REEL FLORA + FAUNA ,1455,2411.87,212,1.6873831775700934,0.013881422563372726,85.81533823354147,B,Medium Moving
21324,HANGING MEDINA LANTERN SMALL,938,2410.7000000000003,126,2.9269531250000003,0.013874688674564813,85.82921292221603,B,Medium Moving
21821,GLITTER STAR GARLAND WITH BELLS ,651,2408.85,107,3.740091743119266,0.013864041072603576,85.84307696328864,B,Medium Moving
22650,CERAMIC PIRATE CHEST MONEY BANK,1689,2403.45,221,1.4455156950672645,0.013832961585797816,85.85690992487443,B,Medium Moving
23542,WALL ART 70'S ALPHABET ,334,2399.58,55,8.062000000000001,0.01381068795358702,85.87072061282802,B,Medium Moving
85041,SET/4 PINK ORCHID CANDLES IN BOWL,1818,2397.7799999999997,79,1.6186585365853656,0.013800328124651765,85.88452094095267,B,Medium Moving
21653,GLASS ETCHED T-LIGHT HOLDER LARGE,1203,2397.3,100,2.080769230769231,0.013797565503602366,85.89831850645628,B,Medium Moving
23264,SET OF 3 WOODEN SLEIGH DECORATIONS,1842,2396.7,249,1.3229924242424242,0.013794112227290614,85.91211261868357,B,Fast Moving
21693,SMALL HAMMERED SILVER CANDLEPOT ,810,2387.1000000000004,99,2.945959595959596,0.013738859806302595,85.92585147848986,B,Medium Moving
22202,MILK PAN PINK RETROSPOT,660,2385.7200000000003,116,3.7284615384615387,0.013730917270785568,85.93958239576065,B,Medium Moving
22500,SET OF 2 TINS JARDIN DE PROVENCE,553,2383.85,177,4.551123595505618,0.01372015455961394,85.95330255032026,B,Medium Moving
23535,BICYCLE SAFTEY WALL ART,458,2371.94,39,5.782307692307692,0.013651607024825678,85.96695415734509,B,Medium Moving
21792,CLASSIC FRENCH STYLE BASKET GREEN ,478,2368.1,132,5.598484848484849,0.01362950605643047,85.98058366340152,B,Medium Moving
22891,TEA FOR ONE POLKADOT,549,2362.0099999999998,155,4.497741935483871,0.01359445530186619,85.99417811870339,B,Medium Moving
22937,BAKING MOULD CHOCOLATE CUPCAKES,915,2358.89,133,2.6142647058823525,0.013576498265045086,86.00775461696843,B,Medium Moving
22651,GENTLEMAN SHIRT REPAIR KIT ,2923,2356.63,150,0.8756578947368421,0.013563490924270824,86.0213181078927,B,Fast Moving
22419,LIPSTICK PEN RED,5641,2350.86,287,0.432406779661017,0.013530281917072815,86.03484838980977,B,Fast Moving
21898,POTTING SHED ROSE CANDLE,760,2349.88,88,2.950652173913044,0.01352464156576362,86.04837303137553,B,Medium Moving
21813,GARLAND WITH STARS AND BELLS,484,2345.4,87,4.926404494382022,0.013498857102635877,86.06187188847817,B,Medium Moving
22197,"POPCORN HOLDER , SMALL ",3070,2344.2999999999997,81,0.8373170731707317,0.013492526096064333,86.07536441457422,B,Fast Moving
23292,SPACEBOY CHILDRENS CUP,1951,2343.07,159,1.2651875000000001,0.013485446879625244,86.08884986145385,B,Fast Moving
22146,EASTER CRAFT IVY WREATH WITH CHICK,1343,2342.85,99,1.9113861386138613,0.013484180678310934,86.10233404213216,B,Medium Moving
22231,JIGSAW TREE WITH BIRDHOUSE,1948,2340.58,220,1.1977678571428572,0.013471115782931475,86.11580515791509,B,Fast Moving
84754,S/15 SILVER GLASS BAUBLES IN BAG,1958,2338.06,161,1.2431736526946109,0.01345661202242212,86.12926176993751,B,Fast Moving
21204,DAISIES  HONEYCOMB GARLAND ,1478,2337.9,144,1.6404109589041096,0.013455691148738985,86.14271746108625,B,Medium Moving
22540,MINI JIGSAW CIRCUS PARADE ,6063,2337.06,151,0.4154304635761589,0.013450856561902534,86.15616831764815,B,Fast Moving
22217,T-LIGHT HOLDER HANGING LACE,2176,2336.02,172,1.150632183908046,0.013444870882962166,86.16961318853112,B,Fast Moving
82597,BOMBS AWAY METAL SIGN,1153,2332.7400000000002,163,2.082606060606061,0.013425992972457926,86.18303918150357,B,Medium Moving
23131,MISTLETOE HEART WREATH CREAM,575,2332.13,103,4.2142307692307694,0.01342248214154098,86.19646166364511,B,Medium Moving
22939,APRON APPLE DELIGHT,492,2330.4,112,4.93125,0.013412525194842094,86.20987418883995,B,Medium Moving
22315,200 RED + WHITE BENDY STRAWS,1930,2325.86,296,1.2461744966442954,0.013386395404083179,86.22326058424403,B,Fast Moving
21191,LARGE WHITE HONEYCOMB PAPER BELL  ,1210,2323.7000000000003,115,2.068189655172414,0.013373963609360873,86.2366345478534,B,Medium Moving
22495,SET OF 2 ROUND TINS CAMEMBERT ,879,2322.3300000000004,189,2.8193193717277487,0.013366078628449041,86.25000062648185,B,Medium Moving
51014C,"FEATHER PEN,COAL BLACK",3843,2321.47,175,0.6531250000000001,0.013361128932402194,86.26336175541425,B,Fast Moving
22818,CARD CHRISTMAS VILLAGE,5574,2319.48,288,0.4189583333333333,0.013349675565968222,86.27671143098021,B,Fast Moving
23341,PINK DINER WALL CLOCK,281,2317.1,98,8.456632653061224,0.013335977569931608,86.29004740855015,B,Medium Moving
22270,HAPPY EASTER HANGING DECORATION,631,2314.41,129,3.741940298507463,0.013320495381133921,86.30336790393129,B,Medium Moving
22811,SET OF 6 T-LIGHTS CACTI ,891,2310.9300000000003,69,2.9921428571428574,0.013300466378525765,86.31666837030981,B,Medium Moving
21924,BLUE/CREAM STRIPE FRINGE HAMMOCK,304,2307.8,112,7.870353982300885,0.013282451787099463,86.32995082209692,B,Medium Moving
22155,STAR DECORATION RUSTIC,5487,2304.54,221,0.42,0.013263688985805613,86.34321451108272,B,Fast Moving
85206B,PINK FELT EASTER EGG BASKET,1474,2303.3,162,1.6377300613496932,0.013256552214761328,86.35647106329748,B,Medium Moving
22613,PACK OF 20 SPACEBOY NAPKINS,2962,2302.48,226,0.8442241379310345,0.013251832737135266,86.36972289603462,B,Fast Moving
37502,TEA TIME MUG IN GIFT BOX,806,2300.9,148,2.942,0.013242739109514323,86.38296563514413,B,Medium Moving
22758,LARGE PURPLE BABUSHKA NOTEBOOK  ,2292,2299.64,221,1.168125,0.013235487229259645,86.3962011223734,B,Fast Moving
21948,SET OF 6 CAKE CHOPSTICKS,1990,2298.31,114,1.318695652173913,0.013227832466768596,86.40942895484017,B,Fast Moving
84509F,SET OF 4 NEW ENGLAND PLACEMATS,2744,2298.0,33,3.659090909090909,0.013226048274007524,86.42265500311417,B,Fast Moving
21686,MEDINA STAMPED METAL STOOL,61,2296.9500000000003,29,39.087931034482764,0.013220005040461962,86.43587500815464,B,Slow Moving
23570,TRADITIONAL PICK UP STICKS GAME ,1836,2295.0,231,1.25,0.013208781892448769,86.44908379004708,B,Fast Moving
85036A,GARDENIA 1 WICK MORRIS BOXED CANDLE,605,2293.17,155,3.970993788819876,0.013198249399697925,86.46228203944678,B,Medium Moving
22911,PAPER CHAIN KIT LONDON,817,2292.9900000000002,143,2.955874125874126,0.013197213416804403,86.47547925286358,B,Medium Moving
22789,T-LIGHT HOLDER SWEETHEART HANGING,1201,2292.09,180,1.9741304347826087,0.013192033502336773,86.48867128636591,B,Medium Moving
20668,DISCO BALL CHRISTMAS DECORATION,20550,2292.04,309,0.1186624203821656,0.013191745729310795,86.50186303209523,B,Fast Moving
84912A,PINK ROSE WASHBAG,891,2291.25,97,3.732142857142857,0.013187198915500322,86.51505023101073,B,Medium Moving
21747,SMALL SKULL WINDMILL,1983,2289.03,128,1.2396124031007751,0.013174421793146844,86.52822465280389,B,Fast Moving
22581,WOOD STOCKING CHRISTMAS SCANDISPOT,2998,2282.2799999999997,263,0.8076470588235294,0.013135572434639638,86.54136022523852,B,Fast Moving
21431,GREEN GINGHAM FLOWER JEWELLERY BOX,1412,2281.7999999999997,225,1.6482300884955752,0.013132809813590237,86.5544930350521,B,Medium Moving
84968E,S/16 VINTAGE BLACK CUTLERY,199,2278.0499999999997,27,12.55,0.01311122683664179,86.56760426188875,B,Medium Moving
21784,SHOE SHINE BOX ,231,2275.25,135,9.93925925925926,0.013095111547186953,86.58069937343593,B,Medium Moving
23437, 50'S CHRISTMAS GIFT BAG LARGE,1885,2272.25,109,1.2480733944954128,0.013077845165628196,86.59377721860156,B,Fast Moving
22933,BAKING MOULD EASTER EGG MILK CHOC,876,2272.2000000000003,91,2.922826086956522,0.013077557392602218,86.60685477599417,B,Medium Moving
21642,ASSORTED TUTTI FRUTTI PEN,4217,2270.85,184,0.6241752577319587,0.013069787520900777,86.61992456351507,B,Fast Moving
23412,HEART MIRROR ANTIQUE WHITE,351,2269.14,71,7.394583333333333,0.013059945683412285,86.63298450919848,B,Medium Moving
22805,BLUE DRAWER KNOB ACRYLIC EDWARDIAN,1848,2266.68,148,1.2461486486486486,0.013045787250534104,86.64603029644901,B,Fast Moving
21464,DISCO BALL ROTATOR BATTERY OPERATED,534,2265.5,214,4.2453271028037385,0.013038995807120994,86.65906929225613,B,Medium Moving
23526,WALL ART DOG LICENCE ,474,2265.18,62,5.846507936507936,0.013037154059754726,86.6721064463159,B,Medium Moving
21973,SET OF 36 MUSHROOM PAPER DOILIES,1614,2253.9,161,1.4413043478260867,0.012972232465093802,86.68507867878098,B,Medium Moving
84795C,OCEAN STRIPE HAMMOCK ,294,2253.3,105,7.893396226415095,0.012968779188782052,86.69804745796976,B,Medium Moving
85015,SET OF 12  VINTAGE POSTCARD SET,2709,2250.87,144,1.3216666666666665,0.012954793419719458,86.71100225138949,B,Fast Moving
23048,SET OF 10 LANTERNS FAIRY LIGHT STAR,560,2248.14,85,4.192500000000001,0.012939081012500988,86.72394133240199,B,Medium Moving
23400,SHELF WITH 4 HOOKS HOME SWEET HOME,448,2247.36,95,6.153333333333333,0.012934591753295714,86.73687592415529,B,Medium Moving
23489,VINTAGE BELLS GARLAND,784,2246.56,127,2.886992481203008,0.012929987384880043,86.74980591154016,B,Medium Moving
21789,KIDS RAIN MAC PINK,2754,2245.68,177,0.8487777777777777,0.012924922579622808,86.7627308341198,B,Fast Moving
22537,MAGIC DRAWING SLATE DINOSAUR,5563,2244.3,282,0.41876288659793814,0.012916980044105783,86.7756478141639,B,Fast Moving
22153,ANGEL DECORATION STARS ON DRESS,5389,2243.2200000000003,191,0.41940298507462687,0.01291076414674463,86.78855857831064,B,Fast Moving
72799E,IVORY PILLAR CANDLE SILVER FLOCK,1132,2242.84,132,2.698571428571429,0.012908577071747189,86.80146715538238,B,Medium Moving
23196,VINTAGE LEAF MAGNETIC NOTEPAD,1593,2242.65,211,1.4434883720930232,0.012907483534248466,86.81437463891663,B,Medium Moving
85035B,CHOCOLATE 3 WICK MORRIS BOX CANDLE,916,2242.12,98,3.492857142857143,0.012904433140173085,86.82727907205681,B,Medium Moving
21616,4 PEAR BOTANICAL DINNER CANDLES,1081,2241.25,155,2.346875,0.012899425889521044,86.84017849794633,B,Medium Moving
21203,BUTTERFLIES  HONEYCOMB GARLAND,1445,2240.25,106,1.6334862385321098,0.012893670429001462,86.85307216837533,B,Medium Moving
85034B,3 WHITE CHOC MORRIS BOXED CANDLES,1105,2232.73,111,2.4595575221238937,0.012850389365894176,86.86592255774123,B,Medium Moving
21352,EUCALYPTUS & PINECONE  WREATH,742,2232.7000000000003,82,4.174096385542168,0.01285021670207859,86.8787727744433,B,Medium Moving
22642,SET OF 4 NAPKIN CHARMS STARS   ,959,2230.7000000000003,130,2.4238518518518517,0.012838705781039421,86.89161148022434,B,Medium Moving
21462,"NURSERY A,B,C PAINTED LETTERS",397,2230.15,157,6.3780254777070065,0.012835540277753648,86.90444702050209,B,Medium Moving
22742,MAKE YOUR OWN PLAYTIME CARD KIT,960,2227.4400000000005,161,2.775276073619632,0.012819942979745572,86.91726696348184,B,Medium Moving
21823,PAINTED METAL HEART WITH HOLLY BELL,2268,2224.24,166,1.1527932960893854,0.012801525506082894,86.93006848898791,B,Fast Moving
85034C,3 ROSE MORRIS BOXED CANDLES,1237,2223.73,158,2.183818181818182,0.012798590221217907,86.94286707920914,B,Medium Moving
84031A,CHARLIE+LOLA RED HOT WATER BOTTLE ,716,2223.32,133,4.19162962962963,0.012796230482404879,86.95566330969154,B,Medium Moving
85199S,SMALL HANGING IVORY/RED WOOD BIRD,5336,2222.99,291,0.4319801980198019,0.012794331180433414,86.96845764087197,B,Fast Moving
21437,24 HANGING EASTER EGGS FLORAL TUB,654,2222.1,99,3.7344660194174755,0.012789208820570983,86.98124684969254,B,Medium Moving
22609,PENS ASSORTED SPACEBALL,6758,2221.1,152,0.4026797385620915,0.012783453360051397,86.9940303030526,B,Fast Moving
22072,TEA CUP AND SAUCER RETRO SPOT,614,2218.98,103,3.7397142857142858,0.012771251783749875,87.00680155483634,B,Medium Moving
22897,OVEN MITT APPLES DESIGN,1549,2214.61,218,1.528538812785388,0.012746100421279289,87.01954765525763,B,Medium Moving
22713,CARD I LOVE LONDON ,5625,2214.2799999999997,240,0.4191701244813278,0.012744201119307822,87.03229185637693,B,Fast Moving
84912B,GREEN ROSE WASHBAG,870,2212.5,84,3.729651162790698,0.012733956399582962,87.04502581277652,B,Medium Moving
23316,RED REFECTORY CLOCK ,235,2212.25,95,9.817368421052631,0.012732517534453066,87.05775833031097,B,Medium Moving
21809,CHRISTMAS HANGING TREE WITH BELL,2868,2202.69,148,0.9520915032679738,0.012677495331885828,87.07043582564286,B,Fast Moving
21323,HANGING MEDINA LANTERN LARGE,704,2201.25,54,4.1685185185185185,0.012669207468737623,87.0831050331116,B,Medium Moving
72800E,4 IVORY DINNER CANDLES SILVER FLOCK,1268,2200.2,226,2.2464529914529914,0.012663164235192058,87.09576819734679,B,Medium Moving
23498,CLASSIC BICYCLE CLIPS ,1587,2200.15,86,1.4402247191011237,0.012662876462166081,87.10843107380896,B,Medium Moving
23188,VINTAGE  2 METRE FOLDING RULER,1321,2197.69,127,1.7389922480620155,0.012648718029287902,87.12107979183824,B,Medium Moving
85183A,CHARLIE & LOLA WASTEPAPER BIN BLUE,1497,2194.75,132,2.109328358208955,0.01263179697536032,87.1337115888136,B,Medium Moving
84840,SWEETHEART CARRY-ALL BASKET,263,2194.7,126,8.45952380952381,0.01263150920233434,87.14634309801593,B,Medium Moving
22451,SILK PURSE BABUSHKA RED,668,2194.6000000000004,117,3.3433333333333333,0.012630933656282381,87.15897403167222,B,Medium Moving
22731,3D CHRISTMAS STAMPS STICKERS ,1756,2192.68,169,1.3111046511627906,0.012619883172084777,87.1715939148443,B,Medium Moving
22281,EASTER TREE YELLOW BIRDS,423,2192.25,98,5.915816326530612,0.012617408324061354,87.18421132316836,B,Medium Moving
21873,IF YOU CAN'T STAND THE HEAT MUG,1943,2191.75,150,1.2633999999999999,0.012614530593801562,87.19682585376216,B,Fast Moving
23054,RECYCLED ACAPULCO MAT LAVENDER,266,2189.7,109,8.242660550458716,0.012602731899736411,87.2094285856619,B,Medium Moving
23330,DECORATIVE WICKER HEART MEDIUM,1751,2181.19,195,1.2489603960396038,0.012553752930714741,87.22198233859261,B,Medium Moving
23079,TOADSTOOL BEDSIDE LIGHT ,246,2180.7,103,8.936538461538461,0.01255093275506014,87.23453327134767,B,Medium Moving
21680,WOODLAND  STICKERS,2652,2179.3199999999997,149,0.8482666666666666,0.012542990219543113,87.24707626156722,B,Fast Moving
22711,WRAP CIRCUS PARADE,5302,2178.84,178,0.4191011235955056,0.012540227598493716,87.25961648916571,B,Fast Moving
22776,SWEETHEART 3 TIER CAKE STAND ,222,2174.1,122,9.92642276422764,0.012512946715630878,87.27212943588134,B,Medium Moving
21819,GLITTER CHRISTMAS STAR ,3780,2173.7599999999998,231,0.6609999999999999,0.012510989859054219,87.28464042574039,B,Fast Moving
85227,SET OF 6 3D KIT CARDS FOR KIDS,2575,2172.1299999999997,261,0.8636666666666667,0.012501608458407294,87.2971420341988,B,Fast Moving
22375,AIRLINE BAG VINTAGE JET SET BROWN,471,2171.25,194,4.702307692307692,0.012496543653150059,87.30963857785196,B,Medium Moving
22566,FELTCRAFT HAIRBAND PINK AND PURPLE,2654,2170.1,242,0.871578947368421,0.012489924873552535,87.3221285027255,B,Fast Moving
20960,WATERMELON BATH SPONGE,1739,2169.95,141,1.2486805555555556,0.0124890615544746,87.33461756427998,B,Medium Moving
79072,TEATIME CAKE TIN WITH HANDLE,230,2168.5,63,9.71190476190476,0.0124807161367212,87.3470982804167,B,Medium Moving
85014C,BLUE/BROWN DOTS RUFFLED UMBRELLA,539,2167.85,65,5.843846153846155,0.012476975087383468,87.35957525550408,B,Medium Moving
21696,SMALL SILVER TRELLIS CANDLEPOT,734,2165.3,95,2.95,0.012462298663058527,87.37203755416714,B,Medium Moving
21681,GIANT MEDINA STAMPED METAL BOWL ,228,2164.2,74,9.892,0.01245596765648698,87.38449352182363,B,Medium Moving
22831,WHITE BROCANTE SOAP DISH,751,2157.8500000000004,118,2.9466666666666668,0.012419420482187615,87.39691294230582,B,Medium Moving
22306,SILVER MUG BONE CHINA TREE OF LIFE,1578,2157.17,148,1.4821333333333333,0.012415506769034294,87.40932844907485,B,Medium Moving
23401,RUSTIC MIRROR WITH LACE HEART,443,2155.51,70,6.0931428571428565,0.012405952704571784,87.42173440177942,B,Medium Moving
21615,4 LAVENDER BOTANICAL DINNER CANDLES,1116,2154.5,134,2.1806569343065694,0.012400139689447002,87.43413454146886,B,Medium Moving
35001W,HAND OPEN SHAPE DECO.WHITE,750,2154.2400000000002,108,3.3954545454545455,0.01239864326971191,87.44653318473857,B,Medium Moving
22824,3 TIER SWEETHEART GARDEN SHELF,61,2153.9500000000003,48,35.7,0.012396974186161232,87.45893015892473,B,Slow Moving
23265,SET OF 3 WOODEN TREE DECORATIONS,1665,2153.71,246,1.31984496124031,0.01239559287563653,87.47132575180036,B,Medium Moving
22091,EMPIRE TISSUE BOX,3039,2152.81,242,0.8621074380165289,0.012390412961168901,87.48371616476153,B,Fast Moving
22539,MINI JIGSAW DOLLY GIRL,5512,2150.5699999999997,169,0.41087719298245606,0.012377520729605029,87.49609368549113,B,Fast Moving
22952,72 CAKE CASES VINTAGE CHRISTMAS,4293,2148.99,99,0.5394949494949496,0.012368427101984084,87.50846211259312,B,Fast Moving
23406,HOME SWEET HOME KEY HOLDER,434,2148.54,94,6.1423404255319145,0.01236583714475027,87.52082794973788,B,Medium Moving
22376,AIRLINE BAG VINTAGE JET SET WHITE,449,2148.09,191,4.868247422680412,0.01236324718751646,87.5331911969254,B,Medium Moving
21126,SET OF 6 GIRLS CELEBRATION CANDLES,2197,2147.93,209,1.2210328638497652,0.012362326313833324,87.54555352323924,B,Fast Moving
22735,RIBBON REEL SOCKS AND MITTENS,1318,2146.38,159,1.698447204968944,0.012353405350027968,87.55790692858926,B,Medium Moving
22829,SWEETHEART WIRE WALL TIDY,223,2146.35,103,9.865533980582525,0.01235323268621238,87.57026016127547,B,Medium Moving
22525,CHILDRENS GARDEN GLOVES PINK,1741,2145.85,240,1.2468464730290456,0.012350354955952585,87.58261051623143,B,Medium Moving
85034A,3 GARDENIA MORRIS BOXED CANDLES,819,2145.11,110,2.994273504273504,0.012346095915168094,87.59495661214659,B,Medium Moving
21012,ANTIQUE ALL GLASS CANDLESTICK,1470,2143.08,141,2.027692307692308,0.012334412330313335,87.60729102447691,B,Medium Moving
22524,CHILDRENS GARDEN GLOVES BLUE,1735,2142.91,232,1.2467521367521368,0.012333433902025006,87.61962445837894,B,Medium Moving
22325,MOBILE VINTAGE HEARTS ,439,2137.35,155,4.941025641025641,0.01230143354153611,87.63192589192047,B,Medium Moving
21468,BUTTERFLY CROCHET FOOD COVER,619,2136.67,118,3.798099173553719,0.012297519828382793,87.64422341174885,B,Medium Moving
84795B,SUNSET CHECK HAMMOCK,283,2135.85,83,7.841566265060242,0.012292800350756732,87.6565162120996,B,Medium Moving
21744,SNOWFLAKE PORTABLE TABLE LIGHT ,708,2134.0400000000004,154,3.0758227848101267,0.012282382967216286,87.66879859506682,B,Medium Moving
21330,WOODLAND ANIMAL  WRITING SET ,1357,2133.0499999999997,127,1.6453488372093024,0.012276685061301891,87.68107528012813,B,Medium Moving
23445,ICE CREAM BUBBLES,2647,2131.0099999999998,94,0.8265263157894737,0.012264943921841938,87.69334022404996,B,Fast Moving
22708,WRAP DOLLY GIRL,5300,2130.0,158,0.4184810126582279,0.012259130906717156,87.70559935495668,B,Fast Moving
23252,VINTAGE RED ENAMEL TRIM JUG ,578,2123.34,123,3.7425203252032517,0.01222079953965672,87.71782015449634,B,Medium Moving
23093,SMALL PARISIENNE HEART PHOTO FRAME ,915,2122.67,123,2.472845528455285,0.012216943381108595,87.73003709787744,B,Medium Moving
84818,DANISH ROSE PHOTO FRAME,1691,2122.61,153,1.7669934640522873,0.01221659805347742,87.74225369593093,B,Medium Moving
17091J,VANILLA INCENSE IN TIN,3931,2122.19,161,0.731987951807229,0.012214180760059192,87.75446787669098,B,Fast Moving
85107,CUT GLASS T-LIGHT HOLDER OCTAGON,1169,2118.21,64,2.265151515151515,0.012191274027191244,87.76665915071817,B,Medium Moving
22409,MONEY BOX BISCUITS DESIGN,1590,2112.8999999999996,119,1.2483333333333335,0.012160712531832242,87.77881986325,B,Medium Moving
85035A,GARDENIA 3 WICK MORRIS BOXED CANDLE,613,2112.17,154,3.800379746835443,0.012156511045652947,87.79097637429565,B,Medium Moving
22452,MEASURING TAPE BABUSHKA PINK,749,2111.3500000000004,124,2.91,0.012151791568026888,87.80312816586368,B,Medium Moving
21611,SET OF 12 LILY BOTANICAL T-LIGHTS,735,2110.65,134,2.941240875912409,0.012147762745663178,87.81527592860935,B,Medium Moving
23232,WRAP VINTAGE LEAF DESIGN,5251,2109.42,134,0.4173333333333333,0.012140683529224088,87.82741661213858,B,Fast Moving
ADJUST,Adjustment by john on 26/01/2010 16,18,2107.41,18,117.07833333333332,0.01212911505357972,87.83954572719216,B,Slow Moving
22021,BLUE FELT EASTER EGG BASKET,1305,2106.45,208,1.6434272300469481,0.012123589811480916,87.85166931700364,B,Medium Moving
23233,WRAP POPPIES  DESIGN,5175,2105.5,158,0.41861635220125787,0.012118122123987312,87.86378743912763,B,Fast Moving
22983,CARD BILLBOARD FONT,5122,2103.75,335,0.42713432835820897,0.012108050068078037,87.87589548919571,B,Fast Moving
23501,KEY RING BASEBALL BOOT UNION JACK,1770,2103.3,85,1.2379310344827588,0.012105460110844225,87.88800094930656,B,Medium Moving
85045,GREEN CHRISTMAS TREE STRING 20LIGHT,457,2102.55,70,4.891666666666667,0.012101143515454535,87.90010209282201,B,Medium Moving
47570,ENGLISH ROSE TABLE CLOTH,207,2096.55,66,10.61776119402985,0.012066610752337023,87.91216870357435,B,Medium Moving
22200,FRYING PAN PINK POLKADOT,549,2094.29,108,3.979724770642202,0.012053603411562757,87.92422230698591,B,Medium Moving
85199L,LARGE HANGING IVORY & RED WOOD BIRD,3303,2092.23,188,0.6474869109947644,0.012041747162892412,87.93626405414881,B,Fast Moving
23046,PAPER LANTERN 9 POINT DELUXE STAR,347,2091.55,34,6.623529411764706,0.012037833449739094,87.94830188759855,B,Medium Moving
84469,ROSE DES PADDED FLOOR CUSHION,653,2090.68,39,4.370769230769231,0.012032826199087052,87.96033471379764,B,Medium Moving
21125,SET 6 FOOTBALL CELEBRATION CANDLES,2045,2087.77,199,1.2209708737864078,0.01201607780897506,87.97235079160662,B,Fast Moving
85054,FRENCH ENAMEL POT W LID,843,2083.9100000000003,159,2.8583435582822085,0.011993861731369461,87.98434465333798,B,Medium Moving
21109,LARGE CAKE TOWEL CHOCOLATE SPOTS,829,2082.15,64,4.020588235294118,0.01198373212085499,87.99632838545884,B,Medium Moving
23526,DOG LICENCE WALL ART,408,2081.64,29,5.745172413793104,0.01198079683599,88.00830918229482,B,Medium Moving
21245,GREEN  SPOTTY PLATE ,1284,2077.7999999999997,131,1.682781954887218,0.011958695867594791,88.02026787816241,B,Medium Moving
23504,PLAYING CARDS JUBILEE UNION JACK,1661,2073.73,190,1.2489447236180904,0.01193527114328008,88.0322031493057,B,Medium Moving
21826,EIGHT PIECE DINOSAUR SET,1691,2072.71,188,1.2471065989847716,0.011929400573550103,88.04413254987925,B,Medium Moving
23536,VILLAGE SHOW WALL ART,386,2072.42,18,5.735555555555556,0.011927731489999423,88.05606028136926,B,Medium Moving
22024,RAINY LADIES BIRTHDAY CARD,5155,2069.53,292,0.42068493150684927,0.011911098209097823,88.06797137957835,B,Fast Moving
21866,UNION JACK FLAG LUGGAGE TAG,1659,2068.4,294,1.2676333333333334,0.01190459453871069,88.07987597411706,B,Medium Moving
23436,VINTAGE CHRISTMAS GIFT BAG LARGE ,1781,2066.65,83,1.239879518072289,0.011894522482801415,88.09177049659986,B,Medium Moving
22716,CARD CIRCUS PARADE,5020,2066.43,341,0.42202346041055716,0.011893256281487104,88.10366375288135,B,Fast Moving
21638,ASSORTED TUTTI FRUTTI NOTEBOOK,982,2062.2000000000003,118,2.1,0.01186891068348926,88.11553266356484,B,Medium Moving
21421,PORCELAIN ROSE LARGE ,1767,2060.55,88,1.2353846153846153,0.011859414173631943,88.12739207773846,B,Medium Moving
23029,DRAWER KNOB CRACKLE GLAZE GREEN,1272,2060.4,136,1.6470588235294117,0.011858550854554005,88.13925062859302,B,Medium Moving
22223,CAKE PLATE LOVEBIRD PINK,559,2060.25,125,4.627952755905512,0.011857687535476067,88.1511083161285,B,Medium Moving
21651,HANGING GLASS ETCHED TEALIGHT,1301,2060.25,107,1.6370370370370368,0.011857687535476067,88.16296600366398,B,Medium Moving
22350,CAT BOWL ,862,2057.7,97,2.5270408163265303,0.011843011111151124,88.17480901477514,B,Medium Moving
20665,RED SPOTTY PURSE ,698,2051.9,123,2.9434959349593495,0.01180962944013753,88.18661864421527,B,Medium Moving
84670,JAPANESE CROCHETED ANIMAL,5092,2045.04,168,0.4158857142857143,0.01177014698097317,88.19838879119625,B,Fast Moving
21288,STRIPEY CHOCOLATE NESTING BOXES,851,2036.8500000000001,130,2.7946153846153847,0.011723009759317766,88.21011180095557,B,Medium Moving
84691,PACK 20 DOLLY PEGS,2616,2036.3999999999999,179,0.8406111111111111,0.01172041980208395,88.22183222075766,B,Fast Moving
21531,RETRO SPOT SUGAR JAM BOWL,853,2034.75,141,2.5183098591549293,0.011710923292226637,88.23354314404989,B,Medium Moving
22363,GLASS JAR MARMALADE ,735,2034.2900000000002,128,2.9503053435114506,0.011708275780387628,88.24525141983028,B,Medium Moving
22191,EAU DE NIL DINER WALL CLOCK,244,2033.2,116,8.470689655172414,0.01170200232842128,88.2569534221587,B,Medium Moving
21811,CHRISTMAS HANGING HEART WITH BELL,1647,2031.3899999999999,132,1.2486428571428572,0.011691584944880828,88.26864500710359,B,Medium Moving
22342,HOME GARLAND PAINTED ZINC ,1608,2029.2,115,1.3465217391304347,0.011678980486342937,88.28032398758992,B,Medium Moving
22920,HERB MARKER BASIL,3370,2027.0000000000002,195,0.6489847715736041,0.01166631847319985,88.29199030606313,B,Fast Moving
22973,CHILDREN'S CIRCUS PARADE MUG,1254,2026.78,117,1.6710169491525422,0.011665052271885539,88.303655358335,B,Medium Moving
21804,WHITE CHRISTMAS GARLAND STARS TREES,543,2025.45,106,3.7402702702702704,0.01165739750939449,88.3153127558444,B,Medium Moving
22400,MAGNETS PACK OF 4 HOME SWEET HOME,2440,2024.81,224,0.8241409691629956,0.011653714014661955,88.32696646985906,B,Fast Moving
21655,HANGING RIDGE GLASS T-LIGHT HOLDER,1302,2024.7,70,1.6454285714285712,0.0116530809140048,88.33861955077306,B,Medium Moving
21709,FOLDING UMBRELLA  CHOC/WHITE  SPOT,524,2023.8,40,4.6325,0.011647900999537174,88.3502674517726,B,Medium Moving
23438, RED SPOT GIFT BAG LARGE,1686,2023.5,92,1.247717391304348,0.011646174361381299,88.36191362613398,B,Medium Moving
21408,SPOTTY PINK DUCK DOORSTOP,580,2017.34,139,4.1441726618705035,0.01161072072458065,88.37352434685856,B,Medium Moving
22471,TV DINNER TRAY AIR HOSTESS ,553,2017.33,122,4.61344262295082,0.011610663169975456,88.38513501002853,B,Medium Moving
22714,CARD BIRTHDAY COWBOY,5097,2016.93,253,0.418498023715415,0.011608360985767622,88.3967433710143,B,Fast Moving
84676,BATH DUCK WATERING CAN,832,2016.5200000000002,98,2.8837755102040816,0.011606001246954593,88.40834937226126,B,Medium Moving
23543,KEEP CALM WALL ART ,269,2015.97,20,7.9465,0.01160283574366882,88.41995220800493,B,Medium Moving
22336,DOVE DECORATION PAINTED ZINC ,4442,2014.76,150,0.5811392405063291,0.011595871636440122,88.43154807964137,B,Fast Moving
51014L,"FEATHER PEN,LIGHT PINK",3238,2014.56,164,0.6444242424242425,0.011594720544336204,88.44314280018571,B,Fast Moving
21274,EMBOSSED HEART 3 DRAWER SHELF,159,2012.85,89,12.73,0.011584878706847714,88.45472767889255,B,Medium Moving
22292,"SPRING DEC , HANGING CHICK  YELLOW",1550,2009.8999999999999,92,1.4413978494623654,0.011567900098314935,88.46629557899087,B,Medium Moving
21808,"CHRISTMAS GARLAND STARS,TREES",801,2008.75,79,3.3796296296296298,0.011561281318717411,88.47785686030959,B,Medium Moving
84990,60 GOLD AND SILVER FAIRY CAKE CASES,4201,2006.23,161,0.5397604790419162,0.011546777558208057,88.4894036378678,B,Fast Moving
21246,RED SPOTTY BIG BOWL,408,2002.8000000000002,87,4.941954022988505,0.01152703632862588,88.50093067419643,B,Medium Moving
40018F,CHERRY DESIGN PAPERLANTERNS,1064,2000.4399999999998,97,1.9393877551020409,0.011513453441799656,88.51244412763822,B,Medium Moving
23326,HANGING MINI COLOURED BOTTLES,3369,1999.59,55,0.6192727272727273,0.011508561300358008,88.52395268893858,B,Fast Moving
22129,PARTY CONES CANDY TREE DECORATION,2510,1998.56,98,0.8394949494949495,0.011502633176022835,88.5354553221146,B,Fast Moving
23152,IVORY SWEETHEART WIRE LETTER RACK ,541,1998.51,149,3.7428,0.011502345402996857,88.5469576675176,B,Medium Moving
47503J,SET/3 FLORAL GARDEN TOOLS IN BAG,280,1994.0,42,7.7023809523809526,0.011476388276053526,88.55843405579365,B,Medium Moving
21077,SET/20 WOODLAND PAPER NAPKINS ,2745,1990.53,167,0.830235294117647,0.011456416828050564,88.56989047262171,B,Fast Moving
22454,MEASURING TAPE BABUSHKA RED,707,1989.65,106,2.924074074074074,0.01145135202279333,88.5813418246445,B,Medium Moving
21106,CREAM SLICE FLANNEL CHOCOLATE SPOT ,698,1982.3000000000002,120,2.9136363636363636,0.011409049387974378,88.59275087403248,B,Medium Moving
23302,KNEELING MAT HOUSEWORK  DESIGN,1473,1980.71,187,1.5788947368421054,0.011399898205748235,88.60415077223823,B,Medium Moving
23403,LETTER HOLDER HOME SWEET HOME,595,1980.31,110,3.7067567567567568,0.011397596021540399,88.61554836825977,B,Medium Moving
23268,SET OF 2 CERAMIC CHRISTMAS REINDEER,1434,1980.1799999999998,78,1.5176923076923077,0.011396847811672854,88.62694521607143,B,Medium Moving
22514,CHILDS GARDEN SPADE BLUE,1022,1978.68,193,2.0843005181347154,0.011388214620893476,88.63833343069233,B,Medium Moving
21905,MORE BUTTER METAL SIGN ,1520,1977.8500000000001,195,1.6186153846153846,0.011383437588662221,88.64971686828099,B,Medium Moving
21617,4 LILY  BOTANICAL DINNER CANDLES,778,1970.0,142,2.95,0.011338257223583474,88.66105512550457,B,Medium Moving
17084R,ASSORTED INCENSE PACK,10625,1968.45,66,0.20318181818181819,0.011329336259778116,88.67238446176435,B,Fast Moving
23031,DRAWER KNOB CRACKLE GLAZE PINK,1216,1968.0,136,1.6470588235294117,0.011326746302544302,88.6837112080669,B,Medium Moving
23424,GINGHAM RECIPE BOOK BOX,409,1966.95,103,4.926699029126214,0.011320703068998739,88.6950319111359,B,Medium Moving
23490,T-LIGHT HOLDER HANGING LOVE BIRD,533,1965.63,95,3.740315789473684,0.011313105861112886,88.706345016997,B,Medium Moving
23020,GLASS  SONGBIRD STORAGE JAR,165,1965.3,69,12.343478260869565,0.011311206559141421,88.71765622355615,B,Medium Moving
22935,BAKING MOULD ROSE MILK CHOCOLATE,673,1964.25,52,3.1634615384615383,0.011305163325595858,88.72896138688175,B,Medium Moving
15058C,ICE CREAM DESIGN GARDEN PARASOL,413,1963.35,71,6.597887323943662,0.011299983411128228,88.74026137029288,B,Medium Moving
23352,ROLL WRAP 50'S RED CHRISTMAS ,1593,1961.01,162,1.2474233128834356,0.011286515633512401,88.7515478859264,B,Medium Moving
16237,SLEEPING CAT ERASERS,9730,1959.3,340,0.20797101449275363,0.01127667379602391,88.76282455972242,B,Fast Moving
23396,LE JARDIN BOTANIQUE CUSHION COVER,521,1948.23,139,3.7468055555555555,0.011212960848072096,88.77403752057049,B,Medium Moving
23227,FILIGREE HEART BUTTERFLY WHITE ,1592,1947.06,87,1.26816091954023,0.011206226959264182,88.78524374752975,B,Medium Moving
21187,WHITE BELL HONEYCOMB PAPER GARLAND ,1251,1946.55,108,1.6357142857142857,0.011203291674399193,88.79644703920415,B,Medium Moving
23374,RED SPOT PAPER GIFT BAG,2444,1944.08,122,0.8175409836065574,0.011189075686915817,88.80763611489107,B,Fast Moving
21504,SKULLS GREETING CARD,4838,1942.68,284,0.4090526315789474,0.011181018042188398,88.81881713293326,B,Fast Moving
23251,VINTAGE RED ENAMEL TRIM MUG ,1633,1940.45,101,1.2396039603960396,0.011168183365229721,88.82998531629849,B,Medium Moving
22023,EMPIRE BIRTHDAY CARD,4812,1939.47,311,0.4116666666666667,0.011162543013920528,88.84114785931241,B,Fast Moving
20703,BLUE PADDED SOFT MOBILE,459,1938.25,165,4.234848484848484,0.011155521352086634,88.8523033806645,B,Medium Moving
22190,LOCAL CAFE MUG,1164,1935.93,124,1.95896,0.011142168683681196,88.86344554934817,B,Medium Moving
22932,BAKING MOULD TOFFEE CUP CHOCOLATE,866,1935.6000000000001,63,2.5,0.011140269381709733,88.87458581872988,B,Medium Moving
23360,SET 8 CANDLES VINTAGE DOILY,1024,1932.0,100,1.9441176470588233,0.011119549723839224,88.88570536845373,B,Medium Moving
20674,GREEN POLKADOT BOWL,1599,1931.56,184,1.2513903743315506,0.011117017321210605,88.89682238577494,B,Medium Moving
23500,KEY RING BASEBALL BOOT ASSORTED ,1580,1928.8,84,1.2428409090909092,0.01110113225017655,88.90792351802511,B,Medium Moving
23213,STAR WREATH DECORATION WITH BELL,1594,1921.94,121,1.2432258064516128,0.011061649791012193,88.91898516781613,B,Medium Moving
21824,PAINTED METAL STAR WITH HOLLY BELLS,2304,1918.1599999999999,159,1.0639285714285716,0.01103989415024816,88.93002506196638,B,Fast Moving
22803,IVORY EMBROIDERED QUILT ,51,1915.65,30,38.41,0.011025447944344001,88.94105050991072,B,Slow Moving
23231,WRAP DOILEY DESIGN,4675,1915.5,162,0.4185185185185185,0.011024584625266062,88.95207509453599,B,Fast Moving
22913,RED COAT RACK PARIS FASHION,425,1914.39,105,4.914952380952381,0.011018196064089323,88.96309329060007,B,Medium Moving
21359,RELAX LARGE WOOD LETTERS,202,1913.9,67,12.906521739130435,0.011015375888434726,88.9741086664885,B,Medium Moving
21612,SET 12 WILDFLOWER BOTANICAL T-LIGHT,676,1912.6000000000001,97,2.9255102040816325,0.011007893789759264,88.98511656027826,B,Medium Moving
10133,COLOURING PENCILS BROWN TUBE,3307,1910.79,203,0.655320197044335,0.010997476406218815,88.99611403668447,B,Fast Moving
22515,CHILDS GARDEN SPADE PINK,990,1908.48,166,2.081964285714286,0.010984181292418573,89.00709821797689,B,Medium Moving
22251,BIRDHOUSE DECORATION MAGIC GARDEN,1605,1906.69,184,1.2276470588235293,0.010973879018088514,89.01807209699498,B,Medium Moving
21811,HANGING HEART WITH BELL,4112,1906.58,138,0.5571232876712329,0.01097324591743136,89.02904534291241,B,Fast Moving
85162B,BLACK RETRODISC LAMPSHADE,977,1905.15,13,1.9499999999999997,0.010965015608888353,89.0400103585213,B,Medium Moving
84459B,YELLOW METAL CHICKEN HEART ,1341,1903.05,137,1.4831914893617022,0.010952929141797223,89.0509632876631,B,Medium Moving
23197,SKETCHBOOK MAGNETIC SHOPPING LIST,1318,1900.9399999999998,180,1.5450276243093921,0.010940785120100896,89.0619040727832,B,Medium Moving
23161,REGENCY CAKE FORK,1608,1896.6,68,1.2283823529411766,0.010915806421445896,89.07281987920464,B,Medium Moving
23145,ZINC T-LIGHT HOLDER STAR LARGE,2030,1896.54,148,0.9608724832214764,0.010915461093814721,89.08373534029846,B,Fast Moving
22859,EASTER TIN BUNNY BOUQUET,1188,1895.4,132,1.6455223880597014,0.010908899868822394,89.09464424016728,B,Medium Moving
23315,IVORY REFECTORY CLOCK,202,1894.6999999999998,76,9.83157894736842,0.010904871046458682,89.10554911121375,B,Medium Moving
22362,GLASS JAR PEACOCK BATH SALTS,658,1893.9800000000002,177,2.9753107344632768,0.010900727114884585,89.11644983832863,B,Medium Moving
16169E,WRAP 50'S  CHRISTMAS,4563,1892.46,149,0.41919999999999996,0.010891978814894813,89.12734181714353,B,Fast Moving
21348,PINK SPOTS CHOCOLATE NESTING BOXES ,816,1891.2000000000003,115,2.7655172413793103,0.010884726934640137,89.13822654407817,B,Medium Moving
21482,MUSHROOM BLUE HOT WATER BOTTLE,665,1889.7500000000002,136,2.938321167883212,0.010876381516886737,89.14910292559505,B,Medium Moving
20984,12 PENCILS TALL TUBE POSY,5821,1887.29,225,0.44865800865800864,0.010862223084008554,89.15996514867905,B,Fast Moving
84797A,PINK HAWAIIAN PICNIC HAMPER FOR 4,349,1883.55,25,10.23,0.010840697661665304,89.17080584634071,B,Medium Moving
84536A,ENGLISH ROSE NOTEBOOK A7 SIZE,4478,1881.58,413,0.4219294117647059,0.010829359404441722,89.18163520574515,B,Fast Moving
23291,DOLLY GIRL CHILDRENS CUP,1548,1880.1399999999999,144,1.2695172413793103,0.010821071541293517,89.19245627728644,B,Medium Moving
22852,DOG BOWL VINTAGE CREAM,444,1878.42,137,4.245401459854015,0.010811172149199832,89.20326744943564,B,Medium Moving
20983,12 PENCILS TALL TUBE RED SPOTTY,2239,1878.1899999999998,210,0.8493809523809523,0.010809848393280325,89.21407729782892,B,Fast Moving
85176,SEWING SUSAN 21 NEEDLE SET,2408,1875.4999999999998,174,0.8789655172413793,0.01079436620448264,89.2248716640334,B,Fast Moving
22996,TRAVEL CARD WALLET VINTAGE TICKET,4540,1875.12,292,0.4193959731543624,0.0107921791294852,89.23566384316288,B,Fast Moving
22931,BAKING MOULD HEART WHITE CHOCOLATE,792,1873.51,110,2.5514414414414412,0.010782912838048666,89.24644675600094,B,Medium Moving
21846,PINK DIAMANTE PEN IN GIFT BOX,944,1873.42,87,4.232954545454546,0.010782394846601906,89.25722915084754,B,Medium Moving
23274,STAR T-LIGHT HOLDER WILLIE WINKIE,1139,1870.11,98,1.7453535353535352,0.010763344272282076,89.26799249511981,B,Medium Moving
71459,HANGING JAM JAR T-LIGHT HOLDERS,2413,1867.33,69,0.8508695652173913,0.010747344092037628,89.27873983921185,B,Fast Moving
22903,CALENDAR FAMILY FAVOURITES,684,1865.88,50,2.8118,0.01073899867428423,89.28947883788614,B,Medium Moving
16016,LARGE CHINESE STYLE SCISSOR,2307,1864.75,105,0.840095238095238,0.010732495003897098,89.30021133289003,B,Fast Moving
23491,VINTAGE JINGLE BELLS HEART,226,1864.5,76,8.25,0.010731056138767202,89.3109423890288,B,Medium Moving
21476,STEEL SWEETHEART ROUND TABLE CREAM,127,1864.0,74,14.883108108108107,0.010728178408507408,89.32167056743731,B,Medium Moving
21538,DAIRY MAID  PUDDING BOWL,1296,1860.0,44,3.6931818181818183,0.010705156566429067,89.33237572400374,B,Medium Moving
23289,DOLLY GIRL CHILDRENS BOWL,1553,1854.8500000000001,141,1.245774647887324,0.010675515944753201,89.3430512399485,B,Medium Moving
22451,SILK PURSE RUSSIAN DOLL RED,575,1854.25,80,3.3403614457831323,0.01067206266844145,89.35372330261694,B,Medium Moving
22405,MONEY BOX POCKET MONEY DESIGN,1573,1854.05,190,1.210618556701031,0.010670911576337533,89.36439421419328,B,Medium Moving
22799,SWEETHEART WIRE FRUIT BOWL,241,1853.1,96,8.184375000000001,0.010665443888843926,89.37505965808212,B,Medium Moving
21245,GREEN POLKADOT PLATE ,1150,1852.9399999999998,123,1.69512,0.010664523015160791,89.38572418109729,B,Medium Moving
23068,ALUMINIUM STAMPED HEART,771,1852.5500000000002,124,2.476984126984127,0.010662278385558156,89.39638645948284,B,Medium Moving
85106,CUT GLASS HEXAGON T-LIGHT HOLDER,1022,1849.0,44,2.3779999999999997,0.010641846500713625,89.40702830598356,B,Medium Moving
72799F,IVORY PILLAR CANDLE GOLD FLOCK,1065,1846.95,72,2.698684210526316,0.010630047806648476,89.4176583537902,B,Medium Moving
22521,CHILDS GARDEN TROWEL PINK,2196,1846.32,324,0.8484242424242425,0.010626421866521135,89.42828477565672,B,Fast Moving
21085,SET/6 WOODLAND PAPER CUPS,13712,1843.1200000000001,56,0.6363793103448276,0.010608004392858464,89.43889278004958,B,Fast Moving
82567,"AIRLINE LOUNGE,METAL SIGN",892,1840.91,290,2.077724137931035,0.01059528482511018,89.4494880648747,B,Medium Moving
22520,CHILDS GARDEN TROWEL BLUE ,2185,1840.09,327,0.8484431137724551,0.010590565347484118,89.46007863022218,B,Fast Moving
21627,ELEPHANT CARNIVAL POUFFE,130,1837.8999999999999,54,14.827777777777776,0.010577960888946225,89.47065659111114,B,Medium Moving
23094,LE GRAND TRAY CHIC SET,147,1837.5,74,12.5,0.010575658704738393,89.48123224981587,B,Medium Moving
21070,VINTAGE BILLBOARD MUG ,1908,1836.16,163,1.252710843373494,0.010567946387642147,89.49180019620351,B,Fast Moving
22199,FRYING PAN RED RETROSPOT,508,1834.5,131,3.9064885496183206,0.010558392323179636,89.50235858852669,B,Medium Moving
21619,4 VANILLA BOTANICAL CANDLES,1052,1832.5,168,2.2115384615384617,0.010546881402140464,89.51290546992882,B,Medium Moving
23357,HOT WATER BOTTLE SEX BOMB,432,1832.0,88,4.479213483146068,0.01054400367188067,89.5234494736007,B,Medium Moving
23066,SMALL DECO JEWELLERY STAND,229,1831.65,70,8.227142857142857,0.010541989260698818,89.53399146286141,B,Medium Moving
20770,ABSTRACT CIRCLE JOURNAL ,902,1831.2,113,2.4328947368421048,0.010539399303465003,89.54453086216488,B,Medium Moving
23235,STORAGE TIN VINTAGE LEAF,702,1831.1,93,2.7493548387096776,0.010538823757413045,89.55506968592229,B,Medium Moving
21692,SILVER LATTICE VANILLA CANDLE POT,493,1830.03,104,3.7436283185840704,0.010532665414657088,89.56560235133695,B,Medium Moving
21389,IVORY HANGING DECORATION  BIRD,2153,1826.9299999999998,194,0.8493532338308457,0.010514823487046373,89.57611717482399,B,Fast Moving
21058,PARTY INVITES WOODLAND,2216,1824.32,207,0.853696682464455,0.010499801735090256,89.58661697655909,B,Fast Moving
22695,WICKER WREATH SMALL,1378,1822.02,184,1.3874603174603175,0.010486564175895208,89.59710354073498,B,Medium Moving
22133,PINK LOVE HEART SHAPE CUP,2198,1819.9399999999998,171,0.8568023255813954,0.01047459281801447,89.60757813355299,B,Fast Moving
23075,PARLOUR CERAMIC WALL HOOK,443,1819.25,72,4.144444444444445,0.010470621550255957,89.61804875510325,B,Medium Moving
20686,DOLLY MIXTURE CHILDREN'S UMBRELLA,561,1817.63,160,3.264875,0.010461297704214228,89.62851005280746,B,Medium Moving
21091,SET/6 WOODLAND PAPER PLATES,13668,1817.16,34,0.8165714285714285,0.010458592637770023,89.63896864544523,B,Fast Moving
79323G,GOLD  CHERRY LIGHTS,300,1817.0,51,6.54607843137255,0.01045767176408689,89.64942631720932,B,Medium Moving
20674,GREEN SPOTTY BOWL,1497,1816.53,176,1.2456818181818183,0.010454966697642685,89.65988128390696,B,Medium Moving
22522,CHILDS GARDEN FORK BLUE ,2185,1815.1299999999999,307,0.8479166666666667,0.010446909052915263,89.67032819295987,B,Fast Moving
21761,WOOD AND GLASS MEDICINE CABINET,65,1814.75,24,29.575,0.010444721977917822,89.68077291493779,B,Slow Moving
85114A,BLACK ENCHANTED FOREST PLACEMAT,1179,1813.35,83,1.630722891566265,0.0104366643331904,89.69120957927097,B,Medium Moving
21741,COSY SLIPPER SHOES LARGE GREEN,618,1803.9000000000003,132,2.9440298507462686,0.010382275231280321,89.70159185450225,B,Medium Moving
23367,SET 12 COLOUR PENCILS SPACEBOY ,2778,1803.3,231,0.6495726495726496,0.010378821954968568,89.71197067645723,B,Fast Moving
21613,S/12 VANILLA  BOTANICAL T-LIGHTS,620,1802.6000000000001,135,2.9384057971014492,0.010374793132604858,89.72234546958983,B,Medium Moving
84856S,SMALL TAHITI BEACH BAG,457,1802.49,29,4.534137931034483,0.010374160031947702,89.73271962962177,B,Medium Moving
21287,SCENTED VELVET LOUNGE CANDLE ,4077,1799.82,83,0.6630120481927712,0.01035879295236041,89.74307842257413,B,Fast Moving
47591C,BLUE FAIRY CAKE CHILD'S APRON,991,1792.6499999999999,142,1.9288732394366195,0.010317526300434981,89.75339594887457,B,Medium Moving
84969,BOX OF 6 ASSORTED COLOUR TEASPOONS,418,1790.74,105,4.356285714285714,0.010306533370842573,89.7637024822454,B,Medium Moving
22496,SET OF 2 ROUND TINS DUTCH CHEESE,698,1790.5400000000002,174,2.8343428571428575,0.010305382278738657,89.77400786452415,B,Medium Moving
84327A,PINK JUMPER LARRY THE LAMB,949,1788.72,117,2.0614529914529913,0.010294907340593011,89.78430277186474,B,Medium Moving
84828,JUNGLE POPSICLES ICE LOLLY HOLDERS,1467,1788.15,137,1.243065693430657,0.010291626728096848,89.79459439859284,B,Medium Moving
21841,BABY MOUSE RED GINGHAM DRESS,427,1785.25,123,4.23,0.01027493589259005,89.80486933448543,B,Medium Moving
22523,CHILDS GARDEN FORK PINK,2122,1783.4199999999998,313,0.8483699059561128,0.010264403399839207,89.81513373788528,B,Fast Moving
21112,SWISS ROLL TOWEL PINK  SPOTS,666,1782.18,27,3.1581481481481486,0.010257266628794922,89.82539100451407,B,Medium Moving
20684,STRAWBERRY DREAM CHILDS UMBRELLA,560,1781.0,157,3.240506329113924,0.01025047518538181,89.83564147969946,B,Medium Moving
84763,ZINC FINISH 15CM PLANTER POTS,1467,1778.27,148,1.2461744966442954,0.01023476277816334,89.84587624247763,B,Medium Moving
21983,PACK OF 12 BLUE PAISLEY TISSUES ,6000,1776.84,263,0.3190566037735849,0.010226532469620334,89.85610277494725,B,Fast Moving
20931,BLUE POT PLANT CANDLE ,611,1776.2500000000002,102,3.3859223300970873,0.01022313674791378,89.86632591169516,B,Medium Moving
23371,SET 36 COLOUR PENCILS SPACEBOY ,1498,1775.22,133,1.2443283582089553,0.010217208623578606,89.87654312031873,B,Medium Moving
85162C,WHITE RETRODISC LAMPSHADE,898,1775.1,41,2.145121951219512,0.010216517968316255,89.88675963828705,B,Medium Moving
47585A,PINK FAIRY CAKE CUSHION COVER,913,1773.75,83,3.2078313253012047,0.010208748096614815,89.89696838638366,B,Medium Moving
84968C,SET OF 16 VINTAGE PISTACHIO CUTLERY,139,1772.25,67,12.75,0.010200114905835436,89.9071685012895,B,Medium Moving
23005,TRAVEL CARD WALLET I LOVE LONDON,4346,1767.72,175,0.4193258426966292,0.010174042669681714,89.91734254395918,B,Fast Moving
22291,HANGING CHICK CREAM DECORATION,1218,1766.1,91,1.45,0.010164718823639986,89.92750726278283,B,Medium Moving
21082,SET/20 FRUIT SALAD PAPER NAPKINS ,7062,1764.3,117,0.8332773109243697,0.010154358994704732,89.93766162177754,B,Fast Moving
22338,STAR DECORATION PAINTED ZINC ,5509,1763.25,180,0.43270270270270267,0.010148315761159167,89.9478099375387,B,Fast Moving
21557,SET OF 6 FUNKY BEAKERS,609,1758.39,133,3.0433333333333334,0.010120344223033982,89.95793028176173,B,Medium Moving
21540,DAIRY MAID BUTTER DISH,1193,1758.25,34,4.132352941176471,0.01011953845856124,89.9680498202203,B,Medium Moving
22454,MEASURING TAPE RUSSIAN DOLL RED,647,1755.0500000000002,57,2.942982456140351,0.010101120984898567,89.9781509412052,B,Medium Moving
22832,BROCANTE SHELF WITH HOOKS,165,1752.95,74,10.728378378378379,0.010089034517807438,89.988239975723,B,Medium Moving
85217,ASSORTED ICE CREAM FRIDGE MAGNETS,2811,1751.91,136,0.6447445255474452,0.010083048838867069,89.99832302456187,B,Fast Moving
23028,DRAWER KNOB CRACKLE GLAZE BLUE,1079,1751.79,111,1.6610714285714285,0.010082358183604718,90.00840538274548,B,Medium Moving
85216,ASSORTED CAKES FRIDGE MAGNETS,2790,1744.38,149,0.646,0.01003971022115459,90.01844509296663,B,Fast Moving
21760,FRENCH STYLE WALL DRESSER,15,1740.0,12,116.92307692307692,0.010014501304078804,90.02845959427071,B,Slow Moving
21424,WOODLAND STORAGE BOX LARGE ,782,1739.5400000000002,61,2.7686885245901642,0.010011853792239796,90.03847144806295,B,Medium Moving
21445,12 PINK ROSE PEG PLACE SETTINGS,1458,1733.58,115,1.2450434782608697,0.009977551247543065,90.0484489993105,B,Medium Moving
35001G,HAND OPEN SHAPE GOLD,600,1731.42,60,3.7051612903225806,0.00996511945282076,90.05841411876331,B,Medium Moving
22858,EASTER TIN KEEPSAKE,1086,1727.1,112,1.6446902654867257,0.00994025586337615,90.06835437462668,B,Medium Moving
23228,FILIGREE HEART BIRD WHITE ,1397,1726.3,78,1.3925316455696204,0.009935651494960483,90.07829002612164,B,Medium Moving
22853,CAT BOWL VINTAGE CREAM,536,1726.2,123,3.2434959349593493,0.009935075948908524,90.08822510207054,B,Medium Moving
21200,MULTICOLOUR HONEYCOMB PAPER GARLAND,1287,1724.3500000000001,75,1.5684210526315787,0.009924428346947291,90.09814953041749,B,Medium Moving
22948,METAL DECORATION NAUGHTY CHILDREN ,1971,1724.31,130,0.9066911764705883,0.009924198128526508,90.10807372854602,B,Fast Moving
21088,SET/6 FRUIT SALAD PAPER CUPS,16503,1723.3300000000002,104,0.3534285714285714,0.009918557777217315,90.11799228632323,B,Fast Moving
23090,VINTAGE GLASS T-LIGHT HOLDER,2129,1722.7900000000002,122,0.8575999999999999,0.009915449828536739,90.12790773615177,B,Fast Moving
20764,ABSTRACT CIRCLES SKETCHBOOK ,597,1721.88,144,3.6902068965517243,0.009910212359463915,90.13781794851123,B,Medium Moving
20772,GARDEN PATH JOURNAL,926,1721.56,130,2.3989312977099235,0.009908370612097647,90.14772631912332,B,Medium Moving
84031B,CHARLIE LOLA BLUE HOT WATER BOTTLE ,544,1720.04,109,4.184774774774775,0.009899622312107876,90.15762594143543,B,Medium Moving
22466,FAIRY TALE COTTAGE NIGHT LIGHT,912,1717.1999999999998,81,1.9390243902439024,0.009883276804232254,90.16750921823966,B,Medium Moving
23359,SET OF 12 T-LIGHTS VINTAGE DOILY,915,1715.85,70,1.9285714285714286,0.009875506932530814,90.17738472517219,B,Medium Moving
21280,VINTAGE KITCHEN PRINT VEGETABLES,3316,1714.2,53,2.3264150943396227,0.009866010422673498,90.18725073559486,B,Fast Moving
20871,OPULENT VELVET SET/3 CANDLES,1202,1713.3,76,1.8384615384615386,0.009860830508205869,90.19711156610306,B,Medium Moving
23148,MINIATURE ANTIQUE ROSE HOOK IVORY,2065,1711.5500000000002,230,0.829620253164557,0.009850758452296597,90.20696232455536,B,Fast Moving
23128,FELTCRAFT BOY JEAN-PAUL KIT,349,1711.23,117,4.9796581196581196,0.009848916704930329,90.21681124126029,B,Medium Moving
21039,RED SPOTTY SHOPPING BAG,671,1708.3500000000001,103,2.545631067961165,0.009832340978633924,90.22664358223892,B,Medium Moving
21947,SET OF 6 HEART CHOPSTICKS,1371,1708.17,169,1.3034482758620691,0.009831304995740397,90.23647488723466,B,Medium Moving
22074,6 RIBBONS SHIMMERING PINKS ,1741,1707.59,152,1.391153846153846,0.009827966828639036,90.2463028540633,B,Medium Moving
22210,WOOD STAMP SET BEST WISHES,1461,1707.56,226,1.2158547008547007,0.009827794164823449,90.25613064822812,B,Medium Moving
20716,PARTY FOOD SHOPPER BAG,1392,1705.8,169,1.2444767441860465,0.00981766455430898,90.26594831278243,B,Medium Moving
22098,BOUDOIR SQUARE TISSUE BOX,2762,1702.83,231,0.8666666666666667,0.009800570836565811,90.27574888361899,B,Fast Moving
22533,MAGIC DRAWING SLATE BAKE A CAKE ,4399,1699.26,197,0.4159701492537313,0.00978002384251089,90.2855289074615,B,Fast Moving
22227,HANGING HEART MIRROR DECORATION ,2607,1691.55,213,0.6617391304347827,0.009735649241904886,90.2952645567034,B,Fast Moving
22706,WRAP COWBOYS  ,4215,1690.3,123,0.4173983739837398,0.009728454916255404,90.30499301161966,B,Fast Moving
21640,ASSORTED TUTTI FRUTTI  FOB NOTEBOOK,2002,1689.2199999999998,135,0.8490972222222222,0.00972223901889425,90.31471525063856,B,Fast Moving
85172,HYACINTH BULB T-LIGHT CANDLES,4178,1688.52,137,0.4174285714285714,0.009718210196530542,90.32443346083508,B,Fast Moving
22227,"DECORATION, HANGING HEART+MIRROR ",2608,1688.0,168,0.6482456140350877,0.009715217357060357,90.33414867819214,B,Fast Moving
23358,HOT STUFF HOT WATER BOTTLE,527,1686.15,67,3.437761194029851,0.009704569755099124,90.34385324794724,B,Medium Moving
23073,GEORGIAN TRINKET BOX,141,1681.5,59,12.408474576271187,0.009677806863683051,90.35353105481092,B,Medium Moving
21677,HEARTS  STICKERS,1973,1677.83,197,0.875736040609137,0.009656684323576172,90.36318773913449,B,Fast Moving
21695,SMALL SILVER FLOWER CANDLE POT,572,1677.8000000000002,75,2.9286666666666665,0.009656511659760586,90.37284425079424,B,Medium Moving
23109,LED TEA LIGHTS,595,1676.35,54,2.8754545454545455,0.009648166242007185,90.38249241703625,B,Medium Moving
22513,DOORSTOP FOOTBALL DESIGN,556,1675.96,143,3.7363888888888885,0.009645921612404547,90.39213833864865,B,Medium Moving
22614,PACK OF 12 SPACEBOY TISSUES,5427,1673.6499999999999,298,0.3218811881188119,0.009632626498604304,90.40177096514725,B,Fast Moving
23155,KNICKERBOCKERGLORY MAGNET ASSORTED ,2094,1669.38,111,0.8220720720720721,0.009608050682185676,90.41137901582944,B,Fast Moving
90167,BEADED LOVE HEART JEWELLERY SET,2098,1667.86,75,0.8413333333333334,0.009599302382195904,90.42097831821164,B,Fast Moving
85221,ASSORTED COLOUR SILK COIN PURSE,3551,1667.5900000000001,43,0.8854545454545455,0.009597748407855617,90.4305760666195,B,Fast Moving
21547,CERAMIC BIRDHOUSE CRESTED TIT SMALL,684,1662.45,90,2.9206521739130435,0.009568165340784947,90.44014423196028,B,Medium Moving
21241,GREEN SPOTTY CUP,2029,1662.25,205,0.8468446601941747,0.00956701424868103,90.44971124620896,B,Fast Moving
22753,SMALL YELLOW BABUSHKA NOTEBOOK ,2176,1662.09,331,0.8096726190476191,0.009566093374997895,90.45927733958396,B,Fast Moving
22586,FELTCRAFT HAIRBAND PINK AND BLUE,1975,1660.03,235,0.8494583333333333,0.00955423712632755,90.46883157671029,B,Fast Moving
20785,FUSCHIA RETRO BAR STOOL,44,1657.8,17,39.24411764705883,0.009541402449368875,90.47837297915966,B,Slow Moving
22354,RETRO SPOT PADDED SEAT CUSHION,467,1657.65,52,3.666923076923077,0.009540539130290937,90.48791351828994,B,Medium Moving
85059,FRENCH ENAMEL WATER BASIN,536,1655.31,142,3.5215972222222223,0.009527071352675106,90.49744058964262,B,Medium Moving
21647,ASSORTED TUTTI FRUTTI LARGE PURSE,788,1654.8000000000002,109,2.1,0.00952413606781012,90.50696472571043,B,Medium Moving
84797B,BLUE SAVANNAH PICNIC HAMPER FOR 4,310,1654.5,24,8.450000000000001,0.009522409429654242,90.51648713514008,B,Medium Moving
84509B,SET OF 4 FAIRY CAKE PLACEMATS,459,1654.05,117,3.723109243697479,0.009519819472420428,90.5260069546125,B,Medium Moving
85049H,URBAN BLACK RIBBONS ,1627,1653.3,210,1.186588785046729,0.009515502877030738,90.53552245748953,B,Medium Moving
84968A,S/16 VINTAGE ROSE CUTLERY,133,1652.55,48,12.7125,0.00951118628164105,90.54503364377118,B,Medium Moving
23160,REGENCY TEA SPOON,1392,1651.8,60,1.2289999999999999,0.00950686968625136,90.55454051345743,B,Medium Moving
22453,MEASURING TAPE BABUSHKA BLUE,585,1651.3500000000001,82,2.925609756097561,0.009504279729017549,90.56404479318644,B,Medium Moving
84581,DOG TOY WITH PINK CROCHET SKIRT,441,1650.19,177,3.748212290502793,0.009497603394814829,90.57354239658126,B,Medium Moving
21123,SET/10 IVORY POLKADOT PARTY CANDLES,1320,1647.06,115,1.239322033898305,0.009479588803388525,90.58302198538465,B,Medium Moving
84796B,BLUE SAVANNAH PICNIC HAMPER FOR 2,230,1645.3,32,10.325,0.009469459192874055,90.59249144457752,B,Medium Moving
22307,GOLD MUG BONE CHINA TREE OF LIFE,1153,1640.4099999999999,101,1.541078431372549,0.009441314990933281,90.60193275956846,B,Medium Moving
85060,WOOD FAN WITH FLOWER DESIGN,1391,1638.43,74,1.232027027027027,0.009429919179104502,90.61136267874755,B,Medium Moving
22279,POCKET BAG BLUE PAISLEY RED SPOT,1073,1636.86,121,1.5763709677419355,0.009420883106088752,90.62078356185364,B,Medium Moving
22438,BALLOON ART MAKE YOUR OWN FLOWERS,1323,1636.65,129,1.7183823529411764,0.009419674459379641,90.63020323631302,B,Medium Moving
22416,SET OF 36 DOILIES SPACEBOY DESIGN ,1188,1636.1999999999998,95,1.443684210526316,0.009417084502145826,90.63962032081517,B,Medium Moving
35953,FOLKART STAR CHRISTMAS DECORATIONS,3300,1636.1599999999999,106,0.6345871559633027,0.009416854283725044,90.6490371750989,B,Fast Moving
22319,HAIRCLIPS FORTIES FABRIC ASSORTED,2957,1635.01,163,0.6189570552147239,0.00941023550412752,90.65844741060303,B,Fast Moving
35971,ROSE FOLKART HEART DECORATIONS,1836,1633.45,122,1.2735658914728683,0.009401256985716968,90.66784866758874,B,Fast Moving
21357,TOAST ITS - DINOSAUR,1310,1630.42,164,1.246508875739645,0.009383817940342622,90.67723248552909,B,Medium Moving
21394,RED POLKADOT BEAKER ,3876,1629.52,116,0.46534482758620693,0.009378638025874996,90.68661112355497,B,Fast Moving
21593,SWALLOW CIGAR BOX MATCHES ,1390,1628.06,93,1.248,0.0093702350535164,90.69598135860848,B,Medium Moving
20846,ZINC HEART LATTICE T-LIGHT HOLDER,1321,1627.97,127,1.254885496183206,0.009369717062069639,90.70535107567055,B,Medium Moving
21643,ASSORTED TUTTI FRUTTI MIRROR,1320,1627.2,103,1.2444660194174757,0.009365285357469558,90.71471636102802,B,Medium Moving
21652,GLASS ETCHED T-LIGHT HOLDER MEDIUM,867,1625.85,72,1.9253424657534244,0.009357515485768115,90.7240738765138,B,Medium Moving
22211,WOOD STAMP SET FLOWERS,1281,1625.28,202,1.2276442307692308,0.009354234873271954,90.73342811138707,B,Medium Moving
23434,3 RAFFIA RIBBONS 50'S CHRISTMAS ,1782,1624.5,134,0.9046666666666667,0.009349745614066677,90.74277785700113,B,Medium Moving
84507B,STRIPES DESIGN MONKEY DOLL,1319,1622.85,89,2.3649999999999998,0.00934024910420936,90.75211810610534,B,Medium Moving
21687,SILVER PLATE CANDLE BOWL LARGE,446,1619.58,78,3.7326506024096386,0.009321428748310314,90.76143953485365,B,Medium Moving
21158,MOODY GIRL DOOR HANGER ,2509,1614.31,260,0.9521771217712178,0.0092910974713721,90.77073063232503,B,Fast Moving
23270,SET OF 2 CERAMIC PAINTED HEARTS ,1157,1612.85,118,1.4433884297520663,0.009282694499013505,90.78001332682403,B,Medium Moving
21161,KEEP OUT BOYS DOOR HANGER ,2285,1611.1699999999998,161,1.3766867469879518,0.0092730253253406,90.78928635214938,B,Fast Moving
22184,CAKE STAND VICTORIAN FILIGREE LARGE,268,1609.2,71,7.590845070422536,0.009261687068117018,90.7985480392175,B,Medium Moving
22035,VINTAGE CARAVAN GREETING CARD ,3930,1608.22,244,0.4209016393442623,0.009256046716807825,90.80780408593431,B,Fast Moving
23096,PETIT TRAY CHIC,993,1606.73,117,1.728974358974359,0.009247471080633642,90.81705155701493,B,Medium Moving
21865,PINK UNION JACK  PASSPORT COVER ,765,1601.5800000000002,207,2.0960765550239238,0.009217830458957778,90.82626938747389,B,Medium Moving
23214,JINGLE BELL HEART ANTIQUE GOLD,760,1599.8700000000001,91,2.1882608695652173,0.009207988621469286,90.83547737609535,B,Medium Moving
79323S, SILVER CHERRY LIGHTS,264,1594.8000000000002,35,6.712857142857143,0.009178808436634989,90.84465618453198,B,Medium Moving
22026,BANQUET BIRTHDAY  CARD  ,3880,1592.88,261,0.41402298850574715,0.009167757952437383,90.85382394248442,B,Fast Moving
22922,FRIDGE MAGNETS US DINER ASSORTED,1968,1592.6999999999998,99,0.8517171717171717,0.009166721969543856,90.86299066445397,B,Fast Moving
21659,GLASS CAKE STAND,110,1591.7,56,14.87142857142857,0.009160966509024272,90.872151630963,B,Medium Moving
22161,HEART DECORATION RUSTIC HANGING ,5388,1590.98,219,0.3471848739495798,0.00915682257745017,90.88130845354046,B,Fast Moving
22535,MAGIC DRAWING SLATE BUNNIES ,3995,1588.6200000000001,251,0.417755905511811,0.009143239690623948,90.89045169323109,B,Fast Moving
35160,BUDDHA INCENSE HOLDER ASSORTED,2176,1587.24,53,0.8152830188679245,0.00913529715510692,90.8995869903862,B,Fast Moving
22928,YELLOW GIANT GARDEN THERMOMETER,259,1583.17,91,6.3682417582417585,0.009111872430792207,90.90869886281699,B,Medium Moving
84459A,PINK METAL CHICKEN HEART ,1126,1582.7,107,1.4812727272727273,0.009109167364348003,90.91780803018133,B,Medium Moving
85231B,CINAMMON SET OF 9 T-LIGHTS,1868,1581.56,286,0.865189003436426,0.009102606139355674,90.92691063632068,B,Fast Moving
20990,SPRING FLOWER CHOPSTICKS SET/5,857,1581.1499999999999,87,1.94,0.009100246400542644,90.93601088272122,B,Medium Moving
22254,FELT TOADSTOOL LARGE,1294,1581.02,112,1.2483333333333333,0.009099498190675098,90.9451103809119,B,Medium Moving
79302M,"ART LIGHTS,FUNK MONKEY",589,1579.95,76,2.8564935064935066,0.009093339847919142,90.95420372075982,B,Medium Moving
22673,FRENCH GARDEN SIGN BLUE METAL,1280,1577.34,168,1.2609467455621302,0.009078318095963022,90.96328203885578,B,Medium Moving
21163,DO NOT TOUCH MY STUFF DOOR HANGER ,2734,1577.34,212,1.0295964125560537,0.009078318095963022,90.97236035695174,B,Fast Moving
85036C,ROSE 1 WICK MORRIS BOXED CANDLE,862,1575.68,120,3.0126016260162602,0.00906876403150051,90.98142912098324,B,Medium Moving
84509G,SET OF 4 FAIRY CAKE PLACEMATS ,686,1574.7,104,3.277884615384615,0.009063123680191318,90.99049224466343,B,Medium Moving
84535B,FAIRY CAKES NOTEBOOK A6 SIZE,2566,1570.97,248,0.6568503937007875,0.009041655812453264,90.99953390047588,B,Fast Moving
23101,SILVER STARS TABLE DECORATION,1942,1569.6200000000001,190,0.8265445026178011,0.009033885940751824,91.00856778641663,B,Fast Moving
22163,HEART STRING MEMO HOLDER HANGING,961,1569.19,104,2.2167889908256884,0.009031411092728401,91.01759919750937,B,Medium Moving
20996,JAZZ HEARTS ADDRESS BOOK,6123,1568.46,270,0.3014760147601476,0.009027209606549104,91.02662640711591,B,Fast Moving
23217,LAUREL HEART ANTIQUE SILVER,1290,1567.0,84,1.4022093023255815,0.00901880663419051,91.0356452137501,B,Medium Moving
21793,CLASSIC FRENCH STYLE BASKET BROWN,344,1564.44,93,4.999148936170213,0.00900407265526037,91.04464928640536,B,Medium Moving
85173,SET/6 FROG PRINCE T-LIGHT CANDLES,954,1563.27,102,2.317961165048543,0.008997338766452454,91.05364662517181,B,Medium Moving
10125,MINI FUNKY DESIGN TAPES,1970,1562.7,120,0.8158730158730159,0.008994058153956291,91.06264068332577,B,Fast Moving
23370,SET 36 COLOURING PENCILS DOILY,1289,1562.6100000000001,102,1.246346153846154,0.00899354016250953,91.07163422348827,B,Medium Moving
22286,"DECORATION , WOBBLY RABBIT , METAL ",1066,1561.5,99,1.6414141414141414,0.008987151601332788,91.0806213750896,B,Medium Moving
21123,SET/10 IVORY SPOTTY PARTY CANDLES,1252,1555.88,74,1.2449333333333334,0.008954805913212719,91.08957618100281,B,Medium Moving
22705,WRAP GREEN PEARS ,3700,1554.0,147,0.42,0.008943985647435898,91.09852016665025,B,Fast Moving
22410,MONEY BOX HOUSEKEEPING DESIGN,1304,1552.73,168,1.219107142857143,0.008936676212576024,91.10745684286282,B,Medium Moving
23122,PARTY CHARMS 50 PIECES,2091,1552.65,94,0.8202061855670103,0.008936215775734457,91.11639305863855,B,Fast Moving
23244,ROUND STORAGE TIN VINTAGE LEAF,853,1552.5099999999998,96,1.9766666666666666,0.008935410011261715,91.12532846864981,B,Medium Moving
22602,RETROSPOT WOODEN HEART DECORATION,1850,1552.22,164,0.8615384615384615,0.008933740927711036,91.13426220957753,B,Fast Moving
21281,VINTAGE KITCHEN PRINT SEAFOOD,3644,1552.2,37,2.3216216216216212,0.008933625818500645,91.14319583539603,B,Fast Moving
22565,FELTCRAFT HAIRBANDS PINK AND WHITE ,1825,1549.6899999999998,214,0.8851834862385322,0.008919179612596483,91.15211501500862,B,Fast Moving
85114C,RED ENCHANTED FOREST PLACEMAT,961,1549.65,127,1.6454545454545453,0.008918949394175701,91.16103396440279,B,Medium Moving
21645,ASSORTED TUTTI FRUTTI ROUND BOX,939,1549.35,114,1.65,0.008917222756019824,91.16995118715882,B,Medium Moving
21786,RAIN HAT WITH RED SPOTS,4288,1548.96,89,0.409010989010989,0.008914978126417186,91.17886616528523,B,Fast Moving
23317,BLUE REFECTORY CLOCK ,161,1547.95,70,9.872857142857141,0.008909165111292406,91.18777533039652,B,Medium Moving
20767,BLUE PAISLEY JOURNAL ,750,1546.52,148,2.516013513513513,0.008900934802749397,91.19667626519927,B,Medium Moving
21039,RED RETROSPOT SHOPPING BAG,612,1544.76,97,2.678969072164948,0.008890805192234928,91.20556707039151,B,Medium Moving
21276,TWO EMBOSSED HEART MINI DRAWERS,676,1544.2,28,3.8785714285714286,0.00888758213434396,91.21445465252586,B,Medium Moving
21895,POTTING SHED SOW 'N' GROW SET,529,1540.25,70,4.2021428571428565,0.008864848065291597,91.22331950059115,B,Medium Moving
23399,HOME SWEET HOME HANGING HEART,1815,1539.6299999999999,176,0.8492972972972973,0.008861279679769452,91.23218078027091,B,Medium Moving
21637,ASSORTED SANSKRIT MINI NOTEBOOK,1274,1537.78,45,1.2457777777777779,0.00885063207780822,91.24103141234872,B,Medium Moving
21548,CERAMIC BIRDHOUSE FINCH BLUE ROOF,641,1535.6000000000001,77,2.9153846153846152,0.008838085173875524,91.2498694975226,B,Medium Moving
21706,FOLDING UMBRELLA RED/WHITE POLKADOT,310,1535.53,94,5.041702127659574,0.008837682291639153,91.25870717981424,B,Medium Moving
85222,ASSORTED COLOUR SILK COSMETIC PURSE,1394,1535.4,41,1.8976744186046515,0.008836934081771606,91.26754411389601,B,Medium Moving
21657,MILK BOTTLE WITH GLASS STOPPER ,226,1534.7,92,6.9173913043478255,0.008832905259407896,91.27637701915542,B,Medium Moving
23273,HEART T-LIGHT HOLDER WILLIE WINKIE,928,1533.8400000000001,97,1.6793877551020406,0.008827955563361054,91.28520497471878,B,Medium Moving
79160,HEART SHAPE WIRELESS DOORBELL,813,1530.18,137,2.0797887323943662,0.008806890577859371,91.29401186529664,B,Medium Moving
16033,MINI HIGHLIGHTER PENS,15001,1530.12,49,0.1163265306122449,0.008806545250228195,91.30281841054686,B,Fast Moving
84519B,CARROT CHARLIE+LOLA COASTER SET,797,1528.7900000000002,156,1.9856050955414013,0.008798890487737148,91.3116173010346,B,Medium Moving
22934,BAKING MOULD EASTER EGG WHITE CHOC,560,1527.2,69,2.9152173913043478,0.008789739305511005,91.32040704034011,B,Medium Moving
21545,CERAMIC BIRDHOUSE BUTTERFLY SMALL,678,1527.05,64,2.891538461538462,0.008788875986433067,91.32919591632655,B,Medium Moving
23483,HANGING  BUTTERFLY T-LIGHT HOLDER,1310,1526.62,66,1.2280597014925374,0.008786401138409644,91.33798231746496,B,Medium Moving
22421,LIPSTICK PEN FUSCHIA,3725,1526.48,239,0.43748987854251015,0.008785595373936904,91.3467679128389,B,Fast Moving
75131,METAL TUBE CHIME ON BAMBOO,1210,1526.26,62,1.6220967741935484,0.008784329172622594,91.35555224201153,B,Medium Moving
82615,PINK MARSHMALLOW SCARF KNITTING KIT,567,1526.25,76,2.8973684210526316,0.0087842716180174,91.36433651362954,B,Medium Moving
22209,WOOD STAMP SET HAPPY BIRTHDAY,1263,1524.82,193,1.2383589743589742,0.008776041309474392,91.37311255493901,B,Medium Moving
22198,"POPCORN HOLDER , LARGE",954,1524.5,67,1.6380597014925373,0.008774199562108126,91.38188675450112,B,Medium Moving
79320, FLAMINGO LIGHTS,335,1523.8500000000001,46,4.828260869565217,0.008770458512770396,91.3906572130139,B,Medium Moving
22025,RING OF ROSES BIRTHDAY CARD,3817,1523.22,203,0.415,0.008766832572643055,91.39942404558654,B,Fast Moving
23372,SET 36 COLOUR PENCILS DOLLY GIRL,1294,1520.22,99,1.2426213592233009,0.0087495661910843,91.40817361177763,B,Medium Moving
22292,HANGING CHICK  YELLOW DECORATION,1088,1520.0,89,1.4478494623655915,0.008748299989769991,91.4169219117674,B,Medium Moving
21043,APRON MODERN VINTAGE COTTON,601,1519.95,89,3.5230337078651686,0.008748012216744011,91.42566992398415,B,Medium Moving
21618,4 WILDFLOWER BOTANICAL CANDLES,594,1519.0,98,2.783333333333333,0.008742544529250404,91.4344124685134,B,Medium Moving
21694,SMALL REGAL  SILVER CANDLEPOT ,540,1516.2000000000003,61,2.9368852459016392,0.008726429239795566,91.4431388977532,B,Medium Moving
15059A,ENGLISH ROSE EDWARDIAN PARASOL,505,1515.0,1,3.0,0.008719522687172063,91.45185842044037,B,Medium Moving
21109,"LARGE CAKE TOWEL, CHOCOLATE SPOTS",225,1513.95,98,6.725510204081633,0.008713479453626497,91.460571899894,B,Medium Moving
21099,SET/6 STRAWBERRY PAPER CUPS,13284,1506.6000000000001,29,0.6316666666666666,0.008671176818807545,91.46924307671281,B,Fast Moving
21092,SET/6 STRAWBERRY PAPER PLATES,12806,1504.94,18,0.7966666666666666,0.008661622754345032,91.47790469946716,B,Fast Moving
22587,FELTCRAFT HAIRBAND RED AND BLUE,1791,1503.6299999999999,239,0.8494736842105263,0.008654083101064374,91.48655878256822,B,Medium Moving
72803A,ROSE SCENT CANDLE JEWELLED DRAWER,715,1498.19,91,4.203956043956044,0.00862277339583783,91.49518155596407,B,Medium Moving
85036B,CHOCOLATE 1 WICK MORRIS BOX CANDLE,588,1498.06,79,3.0622784810126586,0.008622025185970284,91.50380358115004,B,Medium Moving
21283,NATURAL BARK CANDLE SMALL,491,1496.75,68,3.1847826086956523,0.008614485532689627,91.51241806668273,B,Medium Moving
21628,TRIANGULAR POUFFE VINTAGE ,106,1494.5,40,14.785,0.008601535746520558,91.52101960242925,B,Medium Moving
21610,SET 12 PEAR BOTANICAL T-LIGHTS,529,1493.3500000000001,87,2.9181818181818184,0.008594916966923036,91.52961451939618,B,Medium Moving
21710,FOLDING UMBRELLA  PINK/WHITE  SPOT,578,1493.1000000000001,43,4.2,0.008593478101793142,91.53820799749796,B,Medium Moving
21000,ROSE DU SUD COSMETICS BAG,616,1493.0,40,4.19375,0.00859290255574118,91.54680090005371,B,Medium Moving
22516,CHILDS GARDEN RAKE BLUE,786,1490.58,126,2.0763281250000003,0.008578974341283782,91.555379874395,B,Medium Moving
85039B,S/4 IVORY MINI ROSE CANDLE IN BOWL,1255,1488.43,110,1.5186607142857143,0.008566600101166675,91.56394647449616,B,Medium Moving
23181,BULL DOG BOTTLE TOP WALL CLOCK,185,1484.25,69,8.184782608695652,0.008542542276194809,91.57248901677235,B,Medium Moving
21581,SKULLS  DESIGN  COTTON TOTE BAG,1027,1484.1499999999999,128,2.1515503875968993,0.008541966730142849,91.5810309835025,B,Medium Moving
21620,SET OF 4 ROSE BOTANICAL CANDLES,873,1481.25,142,2.0086206896551726,0.008525275894636052,91.58955625939714,B,Medium Moving
23226,FILIGREE HEART DAISY WHITE,1199,1478.59,71,1.24125,0.008509966369653954,91.5980662257668,B,Medium Moving
21927,BLUE/CREAM STRIPE CUSHION COVER ,1195,1478.55,171,1.2477906976744186,0.008509736151233169,91.60657596191804,B,Medium Moving
21215,IVORY PAPER CUP CAKE CASES ,2839,1477.99,159,0.5451552795031056,0.008506513093342202,91.61508247501138,B,Fast Moving
21275,ZINC TOP  2 DOOR WOODEN SHELF ,242,1477.9,48,11.137500000000001,0.008505995101895439,91.62358847011328,B,Medium Moving
22310,IVORY KNITTED MUG COSY ,943,1477.59,82,1.7299999999999998,0.008504210909134367,91.63209268102241,B,Medium Moving
22770,MIRROR CORNICE,100,1477.3999999999999,63,14.915079365079364,0.008503117371635647,91.64059579839405,B,Medium Moving
22262,FELT EGG COSY CHICKEN,1734,1477.02,185,0.8578787878787878,0.008500930296638204,91.64909672869068,B,Medium Moving
21448,12 DAISY PEGS IN WOOD BOX,895,1476.75,178,1.6500000000000001,0.008499376322297917,91.65759610501297,B,Medium Moving
22804,PINK HANGING HEART T-LIGHT HOLDER,823,1476.13,66,3.186060606060606,0.008495807936775774,91.66609191294975,B,Medium Moving
21162,TOXIC AREA  DOOR HANGER ,2325,1475.9499999999998,239,0.9431535269709543,0.008494771953882247,91.67458668490363,B,Fast Moving
72008,FROSTED BOX 9 WHITE T-LIGHT CANDLES,3699,1470.42,193,0.4163636363636363,0.00846294425720894,91.68304962916083,B,Fast Moving
23394,POSTE FRANCE CUSHION COVER,392,1470.0,119,3.75,0.008460526963790715,91.69151015612462,B,Medium Moving
21541,DINOSAURS WATER TRANSFER TATTOOS ,1782,1469.8999999999999,147,0.845973154362416,0.008459951417738755,91.69997010754236,B,Medium Moving
21384,IVORY HANGING DECORATION  BUTTERFLY,1733,1466.81,113,0.8477391304347826,0.008442167044733237,91.70841227458709,B,Medium Moving
21294,ETCHED GLASS COASTER,2130,1465.3799999999999,116,0.8783050847457627,0.008433936736190228,91.71684621132329,B,Fast Moving
21785,RAIN PONCHO ,1972,1465.1999999999998,78,0.8322784810126582,0.008432900753296701,91.72527911207658,B,Fast Moving
84789,ENCHANTED BIRD PLANT CAGE,432,1464.0,112,3.6714285714285713,0.008425994200673201,91.73370510627726,B,Medium Moving
22929,SCHOOL DESK AND CHAIR ,23,1459.75,17,64.17058823529412,0.008401533493464963,91.74210663977072,B,Slow Moving
84795A,PASTEL STRIPE HAMMOCK ,194,1458.3000000000002,56,7.844736842105264,0.008393188075711565,91.75049982784644,B,Medium Moving
22517,CHILDS GARDEN RAKE PINK,772,1458.18,125,2.0757600000000003,0.008392497420449214,91.75889232526688,B,Medium Moving
85016,SET OF 6 VINTAGE NOTELETS KIT,1450,1457.3999999999999,70,2.142857142857143,0.008388008161243935,91.76728033342813,B,Medium Moving
85185B,PINK HORSE SOCK PUPPET,504,1455.6000000000001,131,2.93796992481203,0.008377648332308682,91.77565798176045,B,Medium Moving
21205,MULTICOLOUR 3D BALLS GARLAND,596,1455.0,109,2.538157894736842,0.008374195055996932,91.78403217681644,B,Medium Moving
22802,FAUX FUR CHOCOLATE THROW,86,1454.7,46,18.515217391304347,0.008372468417841056,91.79240464523428,B,Slow Moving
21146,ANTIQUE GLASS RIDGED HANGING BALL,775,1453.6499999999999,52,1.9384615384615385,0.00836642518429549,91.80077107041858,B,Medium Moving
21251,DINOSAUR HEIGHT CHART STICKER SET,546,1453.5000000000002,102,2.9334313725490198,0.008365561865217553,91.8091366322838,B,Medium Moving
22975,SPACEBOY CHILDRENS EGG CUP,1156,1453.47,147,1.2743624161073825,0.008365389201401965,91.8175020214852,B,Medium Moving
84472,PINK AND LILAC QUILTED THROW ,33,1450.4,25,44.272000000000006,0.008347719937606838,91.8258497414228,B,Slow Moving
21972,SET OF 36 DINOSAUR PAPER DOILIES,1000,1450.0,133,1.45,0.008345417753399004,91.8341951591762,B,Medium Moving
23391, I LOVE LONDON MINI BACKPACK,359,1449.8500000000001,68,4.138405797101449,0.008344554434321068,91.84253971361052,B,Medium Moving
21925,UNION STRIPE CUSHION COVER ,1178,1449.7,154,1.246346153846154,0.008343691115243128,91.85088340472576,B,Medium Moving
22449,SILK PURSE RUSSIAN DOLL PINK,447,1449.45,77,3.3398734177215195,0.008342252250113232,91.85922565697588,B,Medium Moving
23287,RED VINTAGE SPOT BEAKER,1774,1445.5,146,0.845608108108108,0.008319518181060869,91.86754517515693,B,Medium Moving
22986,GINGHAM ROSE WRAP,3515,1444.3,121,0.41933884297520657,0.008312611628437366,91.87585778678537,B,Fast Moving
84619,BLUE GINGHAM ROSE QUILT ,69,1444.15,26,33.18076923076923,0.00831174830935943,91.88416953509473,B,Slow Moving
21542,WOODLAND WATER TRANSFER TATTOOS ,1748,1443.3999999999999,145,0.8472602739726027,0.008307431713969738,91.8924769668087,B,Medium Moving
21332,MOROCCAN BEATEN METAL MIRROR,262,1442.9,42,9.473809523809523,0.008304553983709946,91.9007815207924,B,Medium Moving
23462,ROCOCO WALL MIRROR WHITE,75,1442.25,43,19.740697674418605,0.008300812934372214,91.90908233372677,B,Slow Moving
85177,BASKET OF FLOWERS SEWING KIT,1765,1442.11,112,0.8620535714285714,0.008300007169899473,91.91738234089667,B,Medium Moving
22450,SILK PURSE BABUSHKA BLUE,431,1441.45,101,3.3461165048543693,0.008296208565956547,91.92567854946262,B,Medium Moving
22183,CAKE STAND VICTORIAN FILIGREE MED,282,1438.05,63,6.283333333333334,0.008276640000189956,91.93395518946281,B,Medium Moving
21550,CERAMIC BIRDHOUSE CRESTED TIT LARGE,285,1437.75,56,5.891525423728814,0.00827491336203408,91.94223010282484,B,Medium Moving
21262,WHITE GOOSE FEATHER CHRISTMAS TREE ,458,1435.1000000000001,81,3.987037037037037,0.00825966139165718,91.9504897642165,B,Medium Moving
44230,SQUARE MIRROR CURTAIN,207,1434.18,44,7.6247727272727275,0.008254366367979162,91.95874413058448,B,Medium Moving
21446,12 RED ROSE PEG PLACE SETTINGS,1154,1433.38,182,1.246,0.008249761999563492,91.96699389258404,B,Medium Moving
ADJUST,Adjustment by john on 26/01/2010 17,14,1431.1100000000001,14,102.22214285714287,0.008236697104184034,91.97523058968822,B,Slow Moving
21869,POTTING SHED COFFEE MUG,1245,1430.85,103,1.2116346153846154,0.00823520068444894,91.98346579037268,B,Medium Moving
90062,CARNIVAL BRACELET,113,1430.5,38,12.487179487179487,0.008233186273267086,91.99169897664595,B,Medium Moving
21066,VINTAGE RED MUG,2258,1429.96,110,1.0464545454545455,0.008230078324586509,91.99992905497054,B,Fast Moving
23267,SET OF 4 SANTA PLACE SETTINGS,1158,1427.34,91,1.2477659574468085,0.008214999018025195,92.00814405398856,B,Medium Moving
22052,VINTAGE CARAVAN GIFT WRAP,3446,1427.32,124,0.4180645161290322,0.008214883908814804,92.01635893789738,B,Fast Moving
23280,FOLDING BUTTERFLY MIRROR HOT PINK ,1838,1427.16,128,0.8349612403100775,0.008213963035131671,92.02457290093251,B,Fast Moving
22546,MINI JIGSAW PURDEY,3637,1425.19,125,0.4095238095238095,0.008202624777908087,92.03277552571042,B,Fast Moving
21634,ASSORTED MINI MADRAS NOTEBOOK,1718,1425.1,49,0.9340816326530613,0.008202106786461322,92.04097763249688,B,Medium Moving
21382,SET/4 SPRING FLOWER DECORATION,1132,1423.2,114,1.8978260869565218,0.008191171411474112,92.04916880390834,B,Medium Moving
79323B,BLACK CHERRY LIGHTS,231,1421.45,48,6.614583333333333,0.008181099355564837,92.05734990326391,B,Medium Moving
85198,ASSORTED FARMYARD ANIMALS IN BUCKET,3824,1421.24,38,0.82575,0.008179890708855725,92.06552979397277,B,Fast Moving
22157,ANGEL DECORATION WITH LACE PADDED,1671,1420.35,112,0.85,0.008174768348993292,92.07370456232177,B,Medium Moving
22261,FELT EGG COSY WHITE RABBIT ,1753,1412.57,150,0.8677639751552796,0.008129990866150918,92.08183455318792,B,Medium Moving
21631,HIPPY CHIC DECORATIVE PARASOL,206,1412.1000000000001,42,10.654761904761905,0.008127285799706712,92.08996183898762,B,Medium Moving
40001,WHITE BAMBOO RIBS LAMPSHADE,1942,1411.3,66,0.8118181818181818,0.008122681431291044,92.09808452041891,B,Fast Moving
21356,TOAST ITS - FAIRY FLOWER,1148,1410.95,177,1.227967032967033,0.00812066702010919,92.10620518743902,B,Medium Moving
21986,PACK OF 12 PINK POLKADOT TISSUES,4952,1410.2199999999998,221,0.3251121076233184,0.00811646553392989,92.11432165297295,B,Fast Moving
48195,DOOR MAT GREEN PAISLEY ,253,1409.11,73,7.126301369863014,0.00811007697275315,92.1224317299457,B,Medium Moving
22137,BATHROOM SET LOVE HEART DESIGN,583,1407.85,31,2.9145161290322585,0.008102825092498473,92.1305345550382,B,Medium Moving
21292,SMALL STRIPES CHOCOLATE GIFT BAG ,2437,1407.1299999999999,82,0.7215853658536585,0.008098681160924373,92.13863323619913,B,Fast Moving
84006,MAGIC TREE -PAPER FLOWERS,1655,1406.75,142,0.85,0.00809649408592693,92.14672973028506,B,Medium Moving
22608,PENS ASSORTED FUNKY JEWELED ,5401,1406.29,98,0.3,0.00809384657408792,92.15482357685914,B,Fast Moving
84968E,SET OF 16 VINTAGE BLACK CUTLERY,116,1404.81,35,12.996,0.008085328492518935,92.16290890535166,B,Medium Moving
21495,SKULLS WRAP,3350,1403.0,108,0.41851851851851846,0.008074911108978485,92.17098381646063,B,Fast Moving
22676,FRENCH BLUE METAL DOOR SIGN 1,1119,1402.39,154,1.2731818181818182,0.008071400278061538,92.17905521673869,B,Medium Moving
21818,GLITTER CHRISTMAS HEART ,1670,1400.78,132,0.849103448275862,0.008062133986625003,92.18711735072532,B,Medium Moving
21894,POTTING SHED SEED ENVELOPES,1144,1400.13,151,1.2766666666666668,0.008058392937287273,92.1951757436626,B,Medium Moving
85194L,HANGING SPRING FLOWER EGG LARGE,1713,1399.8899999999999,109,0.8464220183486237,0.008057011626762572,92.20323275528936,B,Medium Moving
47503A,ASS FLORAL PRINT MULTI SCREWDRIVER,2846,1396.61,191,0.618061224489796,0.008038133716258332,92.21127088900562,B,Fast Moving
23368,SET 12 COLOUR PENCILS DOLLY GIRL ,2152,1396.4,178,0.6494505494505495,0.008036925069549221,92.21930781407517,B,Fast Moving
22293,"SPRING DEC , HANGING CHICK  GREEN",1087,1396.1499999999999,71,1.4417808219178083,0.008035486204419323,92.22734330027959,B,Medium Moving
22333,RETRO SPOT PARTY BAG + STICKER SET,933,1395.45,31,1.6370967741935485,0.008031457382055613,92.23537475766165,B,Medium Moving
22071,SMALL RETRO SPOT MUG IN BOX  WHITE,379,1395.33,77,3.7454430379746833,0.008030766726793263,92.24340552438844,B,Medium Moving
15058A,BLUE WHITE SPOTS GARDEN PARASOL,271,1394.45,55,6.621428571428572,0.008025701921536028,92.25143122630998,B,Medium Moving
84795D,SEASIDE STRIPE HAMMOCK,179,1387.05,73,7.9089041095890416,0.007983111513691096,92.25941433782367,B,Medium Moving
22343,PARTY PIZZA DISH RED RETROSPOT,2506,1380.94,109,0.6742201834862385,0.007947945649916428,92.26736228347359,B,Fast Moving
21662,VINTAGE GLASS COFFEE CADDY,238,1380.1000000000001,78,5.931012658227848,0.007943111063079976,92.27530539453667,B,Medium Moving
85170A,SET/6 IVORY BIRD T-LIGHT CANDLES,799,1378.32,62,1.966451612903226,0.007932866343355114,92.28323826088003,B,Medium Moving
22390,PAPERWEIGHT CHILDHOOD MEMORIES,795,1378.22,73,2.3650684931506847,0.007932290797303156,92.29117055167733,B,Medium Moving
85180A,RED HEARTS LIGHT CHAIN ,553,1377.53,66,3.731194029850746,0.00792831952954464,92.29909887120687,B,Medium Moving
84843,WHITE SOAP RACK WITH 2 BOTTLES,247,1376.05,86,5.905172413793103,0.007919801447975654,92.30701867265483,B,Medium Moving
22599,CHRISTMAS MUSICAL ZINC STAR,2562,1374.74,131,0.6460902255639097,0.007912261794694998,92.31493093444954,B,Fast Moving
22316,200 BENDY SKULL STRAWS,1224,1370.4,95,1.232,0.007887283096039996,92.32281821754557,B,Medium Moving
21282,NATURAL BARK CANDLE LARGE,337,1369.25,59,4.2076271186440675,0.007880664316442474,92.33069888186202,B,Medium Moving
22103,MIRROR MOSAIC T-LIGHT HOLDER ROUND,1598,1368.54,50,1.5675999999999999,0.007876577939473566,92.33857545980149,B,Medium Moving
20665,RED RETROSPOT PURSE ,467,1368.0500000000002,99,2.941919191919192,0.00787375776381897,92.34644921756531,B,Medium Moving
84919,BLUE CUSHION COVER WITH FLOWER,254,1365.3,19,6.63421052631579,0.00785793024739011,92.3543071478127,B,Medium Moving
23546,WRAP PAISLEY PARK ,3250,1365.0,120,0.42,0.007856203609234235,92.36216335142194,B,Fast Moving
84665,SQUARE CHERRY BLOSSOM CABINET,226,1364.7,47,6.375531914893617,0.00785447697107836,92.37001782839302,B,Medium Moving
23348,CHILDRENS TOY COOKING UTENSIL SET,676,1363.16,122,2.0706451612903227,0.007845613561878198,92.3778634419549,B,Medium Moving
84965B,BLUE KASHMIRI COFFEE TABLE ,27,1359.95,4,62.4875,0.007827138533610327,92.38569058048851,B,Slow Moving
84819,DANISH ROSE ROUND SEWING BOX,907,1359.79,94,2.9108510638297873,0.007826217659927194,92.39351679814844,B,Medium Moving
22976,CIRCUS PARADE CHILDRENS EGG CUP ,1083,1358.59,118,1.260168067226891,0.007819311107303691,92.40133610925574,B,Medium Moving
85167B,BLACK GRAND BAROQUE PHOTO FRAME,684,1358.4,52,3.611132075471698,0.00781821756980497,92.40915432682554,B,Medium Moving
21532,DAIRY MAID SUGAR JAM BOWL,1372,1358.3999999999999,76,2.082692307692308,0.00781821756980497,92.41697254439535,B,Medium Moving
20768,GREEN FERN JOURNAL ,702,1357.81,117,2.468034188034188,0.007814821848098414,92.42478736624345,B,Medium Moving
23086,ZINC  STAR T-LIGHT HOLDER ,1183,1357.79,35,1.232,0.007814706738888023,92.43260207298233,B,Medium Moving
22050,PINK PAISLEY ROSE GIFT WRAP,3300,1354.0,115,0.4186086956521739,0.007792893543518793,92.44039496652586,B,Fast Moving
22093,MOTORING TISSUE BOX,2315,1353.21,247,0.7906799999999999,0.007788346729708321,92.44818331325557,B,Fast Moving
16161U,"WRAP,SUKI AND FRIENDS",3325,1352.5,109,0.41706422018348627,0.007784260352739415,92.4559675736083,B,Fast Moving
21278,VINTAGE KITCHEN PRINT PUDDINGS,2695,1352.25,70,2.484285714285714,0.007782821487609519,92.46375039509591,B,Fast Moving
22912,YELLOW COAT RACK PARIS FASHION,296,1351.44,98,4.934040404040404,0.007778159564588654,92.47152855466051,B,Medium Moving
23414,ZINC BOX SIGN HOME,139,1348.01,62,9.90290322580645,0.007758418335006477,92.47928697299551,B,Medium Moving
20766,GARDEN PATH SKETCHBOOK,475,1345.98,123,3.6837600000000004,0.007746734750151718,92.48703370774567,B,Medium Moving
22719,GUMBALL MONOCHROME COAT RACK,1195,1345.55,105,1.210566037735849,0.0077442599021282955,92.49477796764779,B,Medium Moving
23334,IVORY WICKER HEART SMALL,2154,1345.5,95,0.6284158415841584,0.0077439721291023165,92.5025219397769,B,Fast Moving
21279,VINTAGE KITCHEN PRINT FRUITS,3471,1343.85,56,2.4678571428571425,0.007734475619245,92.51025641539614,B,Fast Moving
22396,MAGNETS PACK OF 4 RETRO PHOTO,1830,1342.94,159,0.8328749999999999,0.007729238150172178,92.51798565354632,B,Fast Moving
22559,SEASIDE FLYING DISC,1107,1340.85,115,1.2832478632478632,0.007717209237686244,92.525702862784,B,Medium Moving
21579,LOLITA  DESIGN  COTTON TOTE BAG,959,1340.15,91,2.143478260869565,0.007713180415322535,92.53341604319932,B,Medium Moving
21426,WOODLAND STORAGE BOX SMALL,962,1338.6000000000001,51,1.9141509433962265,0.007704259451517178,92.54112030265084,B,Medium Moving
21675,BUTTERFLIES STICKERS,1571,1336.9099999999999,160,0.8782608695652174,0.007694532723239077,92.54881483537407,B,Medium Moving
85071A,BLUE CHARLIE+LOLA PERSONAL DOORSIGN,1839,1336.41,124,1.1821428571428574,0.007691654992979285,92.55650649036706,B,Fast Moving
21991,BOHEMIAN COLLAGE STATIONERY SET,874,1333.98,137,1.798273381294964,0.007677669223916692,92.56418415959098,B,Medium Moving
21576,LETS GO SHOPPING COTTON TOTE BAG,601,1333.67,144,2.270137931034483,0.00767588503115562,92.57186004462214,B,Medium Moving
21910,WAY OUT METAL SIGN ,1034,1331.7,101,1.637128712871287,0.007664546773932036,92.57952459139608,B,Medium Moving
23104,IVORY CAFE HANGING LAMP ,114,1330.5,43,12.304651162790698,0.007657640221308534,92.58718223161739,B,Medium Moving
22099,CARAVAN SQUARE TISSUE BOX,2019,1329.17,214,0.8650224215246637,0.0076499854588174855,92.5948322170762,B,Fast Moving
23250,VINTAGE RED TRIM ENAMEL BOWL ,1079,1328.59,87,1.2475862068965518,0.0076466472917161256,92.60247886436792,B,Medium Moving
21561,DINOSAUR LUNCHBOX WITH CUTLERY,544,1327.8,99,2.536363636363636,0.007642100477905652,92.61012096484583,B,Medium Moving
22597,CHRISTMAS MUSICAL ZINC HEART ,1683,1327.59,92,0.8361702127659574,0.00764089183119654,92.61776185667703,B,Medium Moving
23232,WRAP VINTAGE PETALS  DESIGN,3275,1327.5,104,0.4176923076923077,0.007640373839749777,92.62540223051678,B,Fast Moving
20752,RETRO BLUE SPOTTY WASHING UP GLOVES,846,1326.6000000000001,114,2.045175438596491,0.007635193925282151,92.63303742444207,B,Medium Moving
22317,FIVE CATS HANGING DECORATION,450,1324.0200000000002,96,2.996185567010309,0.007620344837141621,92.6406577692792,B,Medium Moving
23470,CARD HOLDER LOVE BIRD LARGE ,220,1323.4,75,6.2156,0.007616776451619477,92.64827454573081,B,Medium Moving
85160A,WHITE BIRD GARDEN DESIGN MUG,8800,1323.2,22,1.1481818181818182,0.00761562535951556,92.65589017109033,B,Fast Moving
22051,BLUE SCANDINAVIAN PAISLEY WRAP,3175,1317.5,116,0.4193103448275862,0.007582819234553922,92.66347299032489,B,Fast Moving
21289,LARGE STRIPES CHOCOLATE GIFT BAG,1255,1315.15,60,1.1598333333333335,0.007569293902332896,92.67104228422723,B,Medium Moving
23034,DRAWER KNOB CERAMIC BLACK,935,1314.95,78,1.4425,0.007568142810228979,92.67861042703746,B,Medium Moving
21232,STRAWBERRY CERAMIC TRINKET POT,1036,1312.04,75,1.3380263157894736,0.007551394420116985,92.68616182145757,B,Medium Moving
22285,HANGING HEN ON NEST DECORATION,794,1310.1,87,1.65,0.007540228826708988,92.69370205028429,B,Medium Moving
84968F,SET OF 16 VINTAGE SKY BLUE CUTLERY,106,1308.3,39,12.703846153846154,0.007529868997773735,92.70123191928207,B,Medium Moving
21051,RIBBONS PURSE ,663,1308.23,93,2.0955208333333335,0.007529466115537364,92.70876138539761,B,Medium Moving
37441,ASSORTED WHITE EMBOSSED CHINA MUGS,674,1307.4,39,2.0615384615384618,0.007524689083306109,92.71628607448092,B,Medium Moving
22982,PANTRY PASTRY BRUSH,1044,1307.05,146,1.3150000000000002,0.007522674672124252,92.72380874915305,B,Medium Moving
21159,MOODY BOY  DOOR HANGER ,2060,1306.4399999999998,214,1.0305581395348837,0.007519163841207305,92.73132791299426,B,Fast Moving
20993,JAZZ HEARTS MEMO PAD,10945,1305.49,24,0.59875,0.0075136961537137,92.73884160914797,B,Fast Moving
21198,WHITE HEART CONFETTI IN TUBE,1190,1304.46,82,1.484578313253012,0.007507768029378526,92.74634937717735,B,Medium Moving
85103,SILVER T-LIGHT SETTING,211,1303.45,39,6.5858974358974365,0.007501955014253746,92.7538513321916,B,Medium Moving
84854,GIRLY PINK TOOL SET,280,1302.0,57,4.889655172413794,0.007493609596500347,92.7613449417881,B,Medium Moving
23271,CHRISTMAS TABLE SILVER CANDLE SPIKE,1603,1301.05,74,0.8368421052631578,0.00748814190900674,92.7688330836971,B,Medium Moving
23057,BEADED CHANDELIER T-LIGHT HOLDER,596,1298.44,34,4.523235294117647,0.007473120157050621,92.77630620385415,B,Medium Moving
35809A,ENAMEL PINK TEA CONTAINER,1037,1297.81,110,1.6027927927927927,0.007469494216923282,92.78377569807107,B,Medium Moving
21398,RED  SPOTTY COFFEE  MUG,692,1297.8,44,2.044318181818182,0.007469436662318087,92.79124513473339,B,Medium Moving
84616,SILVER ROCCOCO CHANDELIER,69,1297.75,22,23.55909090909091,0.007469148889292108,92.79871428362267,B,Slow Moving
21059,PARTY INVITES DINOSAURS,1550,1294.1,198,0.8473737373737373,0.00744814145839562,92.80616242508107,B,Medium Moving
47503K,ASSORTED FLORAL SECATEURS,3141,1293.75,33,1.8691176470588236,0.007446127047213766,92.81360855212829,B,Fast Moving
72816,SET/3 CHRISTMAS DECOUPAGE CANDLES,1202,1293.32,75,1.2458666666666667,0.007443652199190344,92.82105220432747,B,Medium Moving
22337,ANGEL DECORATION PAINTED ZINC ,2165,1292.05,82,0.6582352941176471,0.00743634276433047,92.82848854709181,B,Fast Moving
22393,PAPERWEIGHT VINTAGE COLLAGE,800,1289.23,89,2.1280898876404493,0.00742011236566524,92.83590865945747,B,Medium Moving
23055,IVORY CHANDELIER T-LIGHT HOLDER,560,1286.72,36,5.562894736842105,0.00740566615976108,92.84331432561723,B,Medium Moving
84510B,SET OF 4 FAIRY CAKES COASTERS ,1094,1285.8,96,1.2387128712871287,0.007400371136083061,92.85071469675331,B,Medium Moving
21837,CROSS STITCH ALPHABET CUSHION COVER,216,1285.2,70,5.95,0.00739691785977131,92.85811161461308,B,Medium Moving
21828,EIGHT PIECE SNAKE  SET,1060,1283.96,146,1.2461744966442954,0.007389781088727024,92.86550139570181,B,Medium Moving
35810A,ENAMEL PINK COFFEE CONTAINER,1117,1282.3600000000001,104,1.413047619047619,0.007380572351895688,92.8728819680537,B,Medium Moving
35241,ENAMEL BLUE RIM BISCUIT BIN,271,1281.25,94,4.875531914893617,0.007374183790718947,92.88025615184442,B,Medium Moving
85006,SET 4 NURSERY DES ROUND BOXES,3047,1280.45,35,2.439142857142857,0.007369579422303279,92.88762573126672,B,Fast Moving
21661,VINTAGE GLASS TEA CADDY,219,1279.0500000000002,78,5.9246835443037975,0.00736152177757586,92.8949872530443,B,Medium Moving
35004G,SET OF 3 GOLD FLYING DUCKS,347,1278.21,64,5.229692307692308,0.007356687190739407,92.90234394023504,B,Medium Moving
23119,PACK OF 6 LARGE FRUIT STRAWS ,2155,1275.71,116,0.6479310344827586,0.007342298539440443,92.90968623877448,B,Fast Moving
21358,TOAST ITS - HAPPY BIRTHDAY,1026,1275.3,158,1.2462025316455696,0.007339938800627413,92.91702617757511,B,Medium Moving
23000,TRAVEL CARD WALLET TRANSPORT,3042,1274.76,205,0.41970873786407764,0.007336830851946838,92.92436300842705,B,Fast Moving
23538,WALL ART VINTAGE HEART,326,1273.92,27,4.78925925925926,0.007331996265110385,92.93169500469216,B,Medium Moving
22308,TEA COSY BLUE STRIPE,515,1273.39,98,2.6391836734693874,0.007328945871035005,92.9390239505632,B,Medium Moving
21199,PINK  HEART CONFETTI IN TUBE,1170,1271.46,93,1.5170212765957447,0.007317837832232205,92.94634178839543,B,Medium Moving
23378,PACK OF 12 50'S CHRISTMAS TISSUES,3413,1270.59,144,0.3890728476821192,0.0073128305815801644,92.95365461897701,B,Fast Moving
20738,GREEN MINI TAPE MEASURE ,1585,1270.55,65,0.842,0.007312600363159383,92.96096721934018,B,Medium Moving
20760,GARDEN PATH POCKET BOOK,5484,1270.2,59,0.8305,0.007310585951977527,92.96827780529216,B,Fast Moving
22732,3D STICKERS VINTAGE CHRISTMAS,1060,1268.0,38,1.24,0.007297923938834439,92.975575729231,B,Medium Moving
85141,JARDIN ETCHED GLASS FRUITBOWL,180,1267.4,69,8.042957746478873,0.007294470662522688,92.98287019989353,B,Medium Moving
21684,SMALL MEDINA STAMPED METAL BOWL ,1656,1258.01,88,0.863370786516854,0.007240426888243779,92.99011062678177,B,Medium Moving
21644,ASSORTED TUTTI FRUTTI HEART BOX,1006,1257.5,116,1.25,0.007237491603378791,92.99734811838515,B,Medium Moving
21842,PINK HEART CANDY BUTTON CALCULATOR,541,1257.1499999999999,38,2.5026315789473683,0.007235477192196936,93.00458359557734,B,Medium Moving
23469,CARD HOLDER LOVE BIRD SMALL,320,1255.76,63,4.122698412698413,0.007227477102074712,93.01181107267942,B,Medium Moving
17091A,LAVENDER INCENSE IN TIN,2073,1255.65,110,0.9342727272727273,0.007226844001417558,93.01903791668084,B,Fast Moving
22267,EASTER DECORATION EGG BUNNY ,1457,1255.43,105,1.0424770642201835,0.007225577800103249,93.02626349448094,B,Medium Moving
23249,VINTAGE RED ENAMEL TRIM PLATE,778,1254.9,67,1.6440298507462685,0.00722252740602787,93.03348602188697,B,Medium Moving
22068,BLACK PIRATE TREASURE CHEST,892,1254.18,166,1.5339285714285713,0.007218383474453768,93.04070440536142,B,Medium Moving
85200,BUNNY EGG BOX,1007,1253.95,94,1.2457894736842106,0.007217059718534262,93.04792146507995,B,Medium Moving
21807,WHITE CHRISTMAS STAR DECORATION,3000,1251.36,132,0.4195652173913043,0.0072021530757885345,93.05512361815575,B,Fast Moving
35637A,IVORY STRING CURTAIN WITH POLE ,541,1250.95,45,3.816666666666667,0.007199793336975506,93.06232341149273,B,Medium Moving
21011,GLITTER SNOW PEAR TREE DECORATION,1774,1249.78,101,1.1653211009174311,0.007193059448167591,93.0695164709409,B,Medium Moving
23040,PAPER LANTERN 9 POINT SNOW STAR ,234,1249.5,32,5.726470588235294,0.0071914479192221065,93.07670791886012,B,Medium Moving
20933,YELLOW POT PLANT CANDLE,493,1245.15,42,3.4511627906976745,0.00716641166596191,93.08387433052609,B,Medium Moving
22543,MINI JIGSAW BAKE A CAKE ,3198,1242.25,87,0.39954022988505744,0.007149720830455112,93.09102405135654,B,Fast Moving
23373,VINTAGE CHRISTMAS PAPER GIFT BAG,1563,1241.6599999999999,88,0.8177272727272726,0.007146325108748555,93.09817037646529,B,Medium Moving
23221,REINDEER HEART DECORATION SILVER,1461,1241.5900000000001,110,0.9132456140350877,0.007145922226512186,93.1053162986918,B,Medium Moving
22150, 3 STRIPEY MICE FELTCRAFT,662,1241.1,112,1.9395652173913043,0.007143102050857587,93.11245940074267,B,Medium Moving
22827,GIANT SEVENTEEN DRAWER SIDEBOARD,8,1240.0,6,158.33333333333334,0.0071367710442860445,93.11959617178695,B,Slow Moving
22167, OVAL WALL MIRROR DIAMANTE ,139,1239.05,67,9.86044776119403,0.007131303356792437,93.12672747514374,B,Medium Moving
23505,PLAYING CARDS I LOVE LONDON ,1058,1238.5,104,1.2420754716981133,0.007128137853506667,93.13385561299725,B,Medium Moving
23237,SET OF 4 KNICK KNACK TINS LEAVES ,304,1237.2,53,4.1273584905660385,0.007120655754831205,93.14097626875208,B,Medium Moving
85159B,"WHITE TEA,COFFEE,SUGAR JARS",638,1236.1,68,2.6544117647058822,0.00711432474825966,93.14809059350034,B,Medium Moving
22339,CHRISTMAS TREE PAINTED ZINC ,3308,1235.54,102,0.4539252336448598,0.007111101690368693,93.15520169519071,B,Fast Moving
22123,PING MICROWAVE APRON,557,1233.95,91,2.7963043478260867,0.007101950508142552,93.16230364569886,B,Medium Moving
84748,FOLK FELT HANGING MULTICOL GARLAND,980,1231.8,31,2.909375,0.007089576268025443,93.16939322196689,B,Medium Moving
84466,TOP SECRET PEN SET,1210,1231.6999999999998,49,1.213265306122449,0.007089000721973484,93.17648222268886,B,Medium Moving
22756,LARGE YELLOW BABUSHKA NOTEBOOK ,1127,1231.21,172,1.1716860465116279,0.007086180546318888,93.18356840323518,B,Medium Moving
22182,CAKE STAND VICTORIAN FILIGREE SMALL,359,1229.05,65,4.503846153846154,0.007073748751596583,93.19064215198678,B,Medium Moving
20825,GOLD WINE GLASS,360,1229.04,6,3.6300000000000003,0.007073691196991388,93.19771584318377,B,Medium Moving
85071B,RED CHARLIE+LOLA PERSONAL DOORSIGN,2291,1226.57,139,1.042695035460993,0.00705947520950801,93.20477531839327,B,Fast Moving
21689,SILVER VANILLA  FLOWER CANDLE POT,337,1226.31,55,3.731052631578947,0.007057978789772918,93.21183329718305,B,Medium Moving
21926,RED/CREAM STRIPE CUSHION COVER ,992,1224.8,136,1.2472058823529413,0.007049288044388344,93.21888258522743,B,Medium Moving
22917,HERB MARKER ROSEMARY,1902,1224.3,198,0.6494974874371859,0.007046410314128552,93.22592899554157,B,Fast Moving
85125,SMALL ROUND CUT GLASS CANDLESTICK,267,1222.95,43,4.852325581395349,0.007038640442427112,93.232967635984,B,Medium Moving
21549,CERAMIC BIRDHOUSE RED ROOF SMALL,539,1222.8500000000001,44,2.898888888888889,0.007038064896375154,93.24000570088037,B,Medium Moving
22448,PIN CUSHION RUSSIAN DOLL RED,393,1220.55,34,3.338571428571429,0.007024827337180106,93.24703052821755,B,Medium Moving
22450,SILK PURSE RUSSIAN DOLL BLUE,371,1218.8500000000001,65,3.344029850746269,0.007015043054296811,93.25404557127185,B,Medium Moving
85232A,SET/3 POLKA DOT STACKING TINS,249,1215.75,85,4.941860465116279,0.006997201126686095,93.26104277239853,B,Medium Moving
21867,PINK UNION JACK  LUGGAGE TAG,972,1214.21,200,1.2587264150943398,0.006988337717485933,93.26803111011601,B,Medium Moving
22181,SNOWSTORM PHOTO FRAME FRIDGE MAGNET,1485,1212.33,104,0.8463207547169811,0.006977517451709113,93.27500862756773,B,Medium Moving
85162A,SILVER RETRODISC LAMPSHADE,605,1211.75,19,3.2131578947368418,0.006974179284607754,93.28198280685234,B,Medium Moving
20893,HANGING BAUBLE T-LIGHT HOLDER SMALL,538,1210.3500000000001,63,2.502272727272727,0.006966121639880335,93.28894892849222,B,Medium Moving
84823,DANISH ROSE FOLDING CHAIR,120,1210.0,29,12.363793103448277,0.006964107228698478,93.29591303572091,B,Medium Moving
20761,BLUE PAISLEY SKETCHBOOK,413,1207.37,116,3.703931623931624,0.006948970367531969,93.30286200608845,B,Medium Moving
72818,CHRISTMAS DECOUPAGE CANDLE,2341,1206.31,106,0.6994642857142858,0.006942869579381208,93.30980487566782,B,Fast Moving
22923,FRIDGE MAGNETS LES ENFANTS ASSORTED,1491,1204.9499999999998,84,0.8438095238095238,0.006935042153074571,93.3167399178209,B,Medium Moving
79191C,RETRO PLASTIC ELEPHANT TRAY,1566,1204.3799999999999,131,0.8433333333333333,0.006931761540578407,93.32367167936148,B,Medium Moving
23138,SINGLE WIRE HOOK IVORY HEART,870,1201.8999999999999,75,1.4448051948051948,0.006917487998489836,93.33058916735997,B,Medium Moving
23536,WALL ART VILLAGE SHOW ,227,1201.6100000000001,56,5.913035714285714,0.006915818914939157,93.33750498627491,B,Medium Moving
20704,MR ROBOT SOFT TOY,345,1200.95,64,5.3,0.006912020310996229,93.3444170065859,B,Medium Moving
21383,PACK OF 12 STICKY BUNNIES,1866,1200.9,190,0.6484615384615384,0.00691173253797025,93.35132873912387,B,Fast Moving
85032A,ROMANTIC IMAGES GIFT WRAP SET,1383,1200.55,118,0.9694915254237289,0.006909718126788395,93.35823845725066,B,Medium Moving
23444,Next Day Carriage,79,1200.0,79,15.189873417721518,0.0069065526235026235,93.36514500987417,B,Slow Moving
21529,RETRO SPOT CERAMIC TOASTRACK,358,1199.1000000000001,80,3.425,0.006901372709034998,93.3720463825832,B,Medium Moving
84816,DANISH ROSE BEDSIDE CABINET,31,1198.45,18,39.394444444444446,0.006897631659697266,93.3789440142429,B,Slow Moving
22916,HERB MARKER THYME,1861,1197.65,193,0.6494949494949495,0.006893027291281598,93.38583704153419,B,Fast Moving
35649,VINTAGE BEAD COSMETIC BAG ,1776,1195.82,21,3.144090909090909,0.006882494798530756,93.39271953633272,B,Medium Moving
40003,WHITE BAMBOO RIBS LAMPSHADE,1129,1195.25,48,1.2,0.006879214186034593,93.39959875051875,B,Medium Moving
84830,LARGE ENGLISH ARBORETUM,113,1195.15,7,15.357142857142858,0.006878638639982635,93.40647738915874,B,Medium Moving
22269,EGG CUP NATURAL CHICKEN,1400,1194.64,149,1.059271523178808,0.006875703355117645,93.41335309251386,B,Medium Moving
21708,FOLDING UMBRELLA  CREAM/MULTI  SPOT,372,1193.4,47,4.503191489361702,0.0068685665840733596,93.42022165909793,B,Medium Moving
21248,DOOR HANGER  MUM + DADS ROOM,1008,1192.8,132,1.4034090909090908,0.006865113307761607,93.4270867724057,B,Medium Moving
22977,DOLLY GIRL CHILDRENS EGG CUP,953,1192.46,116,1.2603418803418804,0.006863156451184948,93.43394992885689,B,Medium Moving
72232,FENG SHUI PILLAR CANDLE,6268,1190.9199999999998,118,0.19,0.006854293041984786,93.44080422189887,B,Fast Moving
22070,SMALL RETRO SPOT MUG IN BOX  RED,317,1188.75,78,3.75,0.006841803692657286,93.44764602559152,B,Medium Moving
21190,PINK HEARTS PAPER GARLAND,756,1188.3999999999999,84,1.6339080459770117,0.006839789281475431,93.454485814873,B,Medium Moving
22733,3D STICKERS TRADITIONAL CHRISTMAS ,980,1187.0,36,1.2394444444444443,0.0068317316367480126,93.46131754650975,B,Medium Moving
22293,HANGING CHICK GREEN DECORATION,818,1186.1,83,1.45,0.006826551722280383,93.46814409823203,B,Medium Moving
21317,GLASS SPHERE CANDLE STAND MEDIUM,329,1181.25,64,5.307575757575758,0.0067986377387603955,93.47494273597079,B,Medium Moving
22097,SWALLOW SQUARE TISSUE BOX,2021,1180.79,211,0.7829680365296804,0.006795990226921385,93.4817387261977,B,Fast Moving
77101A,UNION FLAG WINDSOCK,1052,1180.48,69,1.2255714285714288,0.006794206034160314,93.48853293223186,B,Medium Moving
22094,RED RETROSPOT TISSUE BOX,2453,1179.04,170,0.6329479768786127,0.006785918171012112,93.49531885040288,B,Fast Moving
20731,POSY CANDY BAG,4100,1179.0,46,1.1084782608695654,0.006785687952591327,93.50210453835547,B,Fast Moving
22677,FRENCH BLUE METAL DOOR SIGN 2,942,1177.51,124,1.259274193548387,0.006777112316417144,93.50888165067188,B,Medium Moving
84856L,LARGE TAHITI BEACH BAG,211,1177.45,55,5.902727272727273,0.006776766988785971,93.51565841766067,B,Medium Moving
21438,TUB 24 HANGING EASTER EGGS SPOTTY,360,1177.2,33,3.726470588235294,0.006775328123656073,93.52243374578433,B,Medium Moving
23366,SET 12 COLOURING PENCILS DOILY,1870,1177.1000000000001,137,0.6492857142857144,0.006774752577604116,93.52920849836192,B,Fast Moving
23598,PAPER BUNTING VINTAGE PARTY,420,1175.0,42,2.930952380952381,0.006762666110512986,93.53597116447244,B,Medium Moving
20986,BLUE CALCULATOR RULER,994,1173.76,130,1.2802222222222224,0.006755529339468699,93.54272669381191,B,Medium Moving
85098B,BLUE FLYING SINGING CANARY,328,1172.4,84,3.731176470588235,0.006747701913162063,93.54947439572507,B,Medium Moving
22106,MIRROR MOSAIC HURRICANE LAMP ,427,1171.85,36,5.800000000000001,0.00674453640987629,93.55621893213495,B,Medium Moving
20762,GREEN FERN SKETCHBOOK ,416,1171.71,111,3.6717117117117115,0.00674373064540355,93.56296266278035,B,Medium Moving
20840,FRENCH FLORAL CUSHION COVER ,813,1170.83,60,1.3365573770491803,0.006738665840146313,93.5697013286205,B,Medium Moving
85231G,ORANGE SCENTED SET/9 T-LIGHTS,1404,1170.0,208,0.8518396226415095,0.006733888807915058,93.57643521742841,B,Medium Moving
84967B,BLUE KASHMIRI OCCASIONAL TABLE,23,1169.5,10,64.465,0.0067310110776552644,93.58316622850607,B,Slow Moving
47503E,ASS FLORAL PRINT SCISSORS,6828,1169.4,22,1.2,0.006730435531603307,93.58989666403768,B,Fast Moving
22290,STANDING METAL RABBIT WITH EGG,657,1168.2,68,2.0862318840579714,0.006723528978979804,93.59662019301666,B,Medium Moving
23071,MARIE ANTOINETTE TRINKET BOX GOLD,312,1167.6,16,10.185294117647059,0.006720075702668053,93.60334026871934,B,Medium Moving
22048,BIRTHDAY BANQUET GIFT WRAP,2815,1166.3,102,0.4192156862745098,0.006712593603992591,93.61005286232333,B,Fast Moving
37342,POLKADOT COFFEE CUP & SAUCER PINK,1443,1165.89,65,0.860909090909091,0.006710233865179562,93.6167630961885,B,Medium Moving
23392,SPACEBOY ROCKET LOLLY MAKERS,587,1165.28,78,2.0726582278481014,0.006706723034262615,93.62346981922276,B,Medium Moving
21537,RETRO SPOTS PUDDING BOWL,281,1162.25,64,4.235074626865671,0.00668928398888827,93.63015910321165,B,Medium Moving
22389,PAPERWEIGHT SAVE THE PLANET,624,1160.16,80,2.20675,0.006677255076402337,93.63683635828805,B,Medium Moving
21774,DECORATIVE CATS BATHROOM BOTTLE,1261,1159.01,108,1.1990825688073394,0.006670636296804814,93.64350699458485,B,Medium Moving
22545,MINI JIGSAW BUNNIES,2922,1158.09,123,0.4120967741935484,0.006665341273126795,93.65017233585797,B,Fast Moving
84596G,SMALL CHOCOLATES PINK BOWL,1967,1157.93,222,0.709070796460177,0.006664420399443661,93.65683675625742,B,Fast Moving
21763,VINTAGE WOODEN BAR STOOL,43,1157.8999999999999,17,27.95294117647059,0.006664247735628073,93.66350100399305,B,Slow Moving
22915,ASSORTED BOTTLE TOP  MAGNETS ,3054,1157.28,141,0.40049295774647886,0.00666067935010593,93.67016168334315,B,Fast Moving
15034,PAPER POCKET TRAVELING FAN ,9818,1156.1200000000001,172,0.13797687861271676,0.006654003015903211,93.67681568635905,B,Fast Moving
20729,RED SPOTTY CANDY BAG,4626,1154.9,67,1.227910447761194,0.006646981354069318,93.68346266771312,B,Fast Moving
21904,HOUSE WRECKING METAL SIGN ,735,1152.0,130,2.040839694656489,0.006630290518562519,93.69009295823167,B,Medium Moving
84536B,FAIRY CAKES NOTEBOOK A7 SIZE,2861,1149.68,224,0.42451754385964907,0.006616937850157081,93.69670989608183,B,Fast Moving
22918,HERB MARKER PARSLEY,1816,1148.4,194,0.6489847715736041,0.006609570860692011,93.70331946694252,B,Medium Moving
84968D,SET OF 16 VINTAGE RED CUTLERY,88,1146.42,42,13.331428571428571,0.0065981750488632316,93.70991764199138,B,Slow Moving
22246,"GARLAND, MAGIC GARDEN 1.8M",610,1146.3,68,1.9413043478260867,0.006597484393600881,93.71651512638498,B,Medium Moving
20681,PINK POLKADOT CHILDRENS UMBRELLA,354,1144.5,99,3.245,0.006587124564665627,93.72310225094964,B,Medium Moving
22040,BOTANICAL ROSE GIFT WRAP,2815,1144.3,94,0.41659574468085103,0.0065859734725617096,93.7296882244222,B,Fast Moving
72817,SET OF 2 CHRISTMAS DECOUPAGE CANDLE,1197,1143.0900000000001,116,0.9921186440677967,0.0065790093653330115,93.73626723378754,B,Medium Moving
85116,BLACK CANDELABRA T-LIGHT HOLDER,1173,1139.66,52,1.3243396226415094,0.006559268135750834,93.74282650192329,B,Medium Moving
20802,SMALL GLASS SUNDAE DISH CLEAR,895,1137.99,76,1.545,0.006549656516683126,93.74937615843997,B,Medium Moving
23142,IVORY WIRE KITCHEN ORGANISER,116,1137.65,36,10.330555555555556,0.0065476996601064675,93.75592385810008,B,Medium Moving
23067,HANGING ENGRAVED METAL HEART,274,1137.1000000000001,71,4.15,0.006544534156820696,93.76246839225689,B,Medium Moving
22731,3D STICKERS CHRISTMAS STAMPS,940,1137.0,34,1.2388235294117647,0.006543958610768736,93.76901235086765,B,Medium Moving
21063,PARTY INVITES JAZZ HEARTS,1363,1136.71,198,0.8552525252525253,0.006542289527218056,93.77555464039487,B,Medium Moving
85164B,BLACK BAROQUE CUCKOO CLOCK,113,1134.75,41,11.713414634146341,0.0065310088245996685,93.78208564921947,B,Medium Moving
21157,RED SPOTTY WASHBAG,542,1133.28,92,2.0955913978494625,0.006522548297635877,93.7886081975171,B,Medium Moving
21656,RIDGED GLASS POSY VASE ,821,1132.85,83,1.433132530120482,0.006520073449612455,93.79512827096671,B,Medium Moving
22739,"RIBBON REEL, XMAS SOCK/BAUBLE",700,1131.0,46,1.6456521739130436,0.006509425847651223,93.80163769681437,B,Medium Moving
85055,FRENCH ENAMEL UTENSIL HOLDER,316,1130.6,79,3.72,0.006507123663443388,93.8081448204778,B,Medium Moving
22481,BLACK TEA TOWEL CLASSIC DESIGN,1110,1130.24,166,1.1506432748538011,0.006505051697656338,93.81464987217547,B,Medium Moving
22265,EASTER DECORATION NATURAL CHICK,1781,1129.65,134,0.6486013986013986,0.006501655975949783,93.82115152815142,B,Medium Moving
37343,SPOTS DESIGN MUG W PINK INSIDE,784,1129.44,51,1.5978431372549018,0.006500447329240669,93.82765197548066,B,Medium Moving
21395,BLUE POLKADOT BEAKER ,2824,1129.4399999999998,80,0.429,0.006500447329240668,93.83415242280991,B,Fast Moving
22228,BUNNY WOODEN PAINTED WITH BIRD ,1477,1129.4099999999999,175,0.7698876404494381,0.006500274665425081,93.84065269747533,B,Medium Moving
23559,WOODLAND BUNNIES LOLLY MAKERS,563,1129.28,75,2.0722666666666667,0.006499526455557536,93.84715222393089,B,Medium Moving
23507,MINI PLAYING CARDS BUFFALO BILL ,2839,1128.18,101,0.41834862385321103,0.006493195448985992,93.85364541937987,B,Fast Moving
23405,HOME SWEET HOME 2 DRAWER CABINET,235,1128.05,57,4.908620689655172,0.006492447239118446,93.860137866619,B,Medium Moving
22985,"WRAP, BILLBOARD FONTS DESIGN",2890,1125.8,71,0.41774647887323946,0.006479497452949378,93.86661736407194,B,Fast Moving
85110,BLACK SILVER FLOWER T-LIGHT HOLDER,11512,1124.68,19,0.45526315789473687,0.006473051337167442,93.87309041540911,B,Fast Moving
20733,GOLD MINI TAPE MEASURE ,1546,1123.7,101,0.8098039215686273,0.006467410985858249,93.87955782639497,B,Medium Moving
22924,FRIDGE MAGNETS LA VIE EN ROSE,1374,1121.1,81,0.8452439024390244,0.006452446788507325,93.88601027318347,B,Medium Moving
21649,ASSORTED TUTTI FRUTTI PHOTO FRAME,413,1120.75,23,2.9152173913043478,0.006450432377325471,93.8924607055608,B,Medium Moving
22232,JIGSAW TOADSTOOLS 3 PIECE,1003,1120.6299999999999,112,1.2412499999999997,0.00644974172206312,93.89891044728286,B,Medium Moving
21738,COSY SLIPPER SHOES SMALL  RED ,386,1119.5,103,2.9425925925925926,0.006443238051675989,93.90535368533453,B,Medium Moving
21773,DECORATIVE ROSE BATHROOM BOTTLE,1264,1118.96,106,1.151588785046729,0.006440130102995413,93.91179381543753,B,Medium Moving
21175,GIN AND TONIC DIET METAL SIGN,474,1118.46,37,2.5118918918918918,0.00643725237273562,93.91823106781027,B,Medium Moving
21130,COLOURFUL STANDING GNOME,706,1115.7,39,3.355128205128205,0.006421367301701565,93.92465243511197,B,Medium Moving
70007,HI TEC ALPINE HAND WARMER,1089,1114.89,104,1.4896190476190476,0.006416705378680701,93.93106914049065,B,Medium Moving
22252,BIRDCAGE DECORATION TEALIGHT HOLDER,929,1114.51,109,1.2397297297297298,0.0064145183036832575,93.93748365879433,B,Medium Moving
21291,SMALL POLKADOT CHOCOLATE GIFT BAG ,1310,1113.5,61,0.85,0.0064087052885584755,93.9438923640829,B,Medium Moving
23431,NATURAL HANGING QUILTED HEARTS ,1427,1113.13,67,0.8252173913043478,0.006406575768166231,93.95029893985107,B,Medium Moving
23506,MINI PLAYING CARDS SPACEBOY ,2694,1106.28,127,0.41909090909090907,0.006367150863607069,93.95666609071468,B,Fast Moving
21009,ETCHED GLASS STAR TREE DECORATION,885,1106.25,79,1.25,0.006366978199791481,93.96303306891447,B,Medium Moving
20765,CHRYSANTHEMUM SKETCHBOOK ,405,1104.79,120,3.725454545454545,0.006358575227432886,93.96939164414191,B,Medium Moving
15058A,BLUE POLKADOT GARDEN PARASOL,148,1104.6,51,7.8088235294117645,0.006357481689934164,93.97574912583184,B,Medium Moving
21822,GLITTER CHRISTMAS TREE WITH BELLS,868,1102.9,97,1.3844554455445546,0.00634769740705087,93.98209682323889,B,Medium Moving
23061,VINTAGE EMBOSSED HEART,886,1102.46,84,1.2475,0.006345165004422252,93.98844198824331,B,Medium Moving
79163,BLACK CHAMPAGNE GLASS,1811,1102.17,56,0.9833333333333333,0.006343495920871573,93.99478548416418,B,Medium Moving
22166,"WALL MIRROR , RECT DIAMANTE, PINK/",177,1100.91,21,7.131428571428571,0.006336244040616895,94.0011217282048,B,Medium Moving
48197,DOORMAT BIRD ON THE WIRE,223,1100.15,16,7.236875,0.00633186989062201,94.00745359809541,B,Medium Moving
35598D,PINK/WHITE CHRISTMAS TREE 60CM,1642,1099.12,52,0.8001923076923076,0.006325941766286836,94.0137795398617,B,Medium Moving
23072,MARIE ANTOINETTE TRINKET BOX SILVER,326,1099.0,22,10.772727272727273,0.006325251111024486,94.02010479097272,B,Medium Moving
22808,SET OF 6 T-LIGHTS EASTER CHICKS,394,1098.9,61,2.859836065573771,0.006324675564972529,94.02642946653769,B,Medium Moving
22919,HERB MARKER MINT,1709,1098.8500000000001,197,0.6495000000000001,0.00632438779194655,94.03275385432964,B,Medium Moving
21779,MA CAMPAGNE MINI WOODEN CHEST,301,1097.8000000000002,22,4.612272727272727,0.006318344558400984,94.03907219888804,B,Medium Moving
21397,BLUE  SPOTTY EGG CUP ,922,1097.78,63,1.243968253968254,0.006318229449190591,94.04539042833723,B,Medium Moving
21312,LARGE CHUNKY GLASS ROMAN BOWL,293,1097.75,20,4.79,0.006318056785375004,94.0517084851226,B,Medium Moving
22253,6 CROCHET STRAWBERRIES,937,1096.39,69,1.2420833333333334,0.0063102293590683685,94.05801871448168,B,Medium Moving
85039A,SET/4 RED MINI ROSE CANDLE IN BOWL,1117,1095.35,90,1.4334444444444443,0.006304243680127998,94.06432295816181,B,Medium Moving
37482B,CUBIC MUG BLUE POLKA DOT,1249,1093.95,7,1.8214285714285714,0.00629618603540058,94.07061914419721,B,Medium Moving
84674,FLYING PIG WATERING CAN,444,1093.8000000000002,92,2.872043010752688,0.006295322716322643,94.07691446691354,B,Medium Moving
20658,RED SPOTTY LUGGAGE TAG,876,1090.44,125,1.246984126984127,0.006275984368976834,94.08319045128252,B,Medium Moving
23225,CHERUB HEART DECORATION SILVER ,1296,1089.6000000000001,69,0.9579710144927536,0.006271149782140383,94.08946160106466,B,Medium Moving
22709,WRAP WEDDING DAY,2775,1089.5,76,0.415,0.006270574236088423,94.09573217530074,B,Fast Moving
22448,PIN CUSHION BABUSHKA RED,340,1088.8600000000001,70,3.2768571428571427,0.0062668907413558905,94.1019990660421,B,Medium Moving
22984,CARD GINGHAM ROSE ,2714,1088.86,144,0.4215277777777777,0.006266890741355889,94.10826595678346,B,Fast Moving
22422,TOOTHPASTE TUBE PEN,2080,1088.1000000000001,149,0.6533116883116883,0.0062625165913610045,94.11452847337482,B,Fast Moving
22921,HERB MARKER CHIVES ,1688,1085.2,173,0.6494252873563219,0.006245825755854206,94.12077429913067,B,Medium Moving
22615,PACK OF 12 CIRCUS PARADE TISSUES ,3643,1084.09,136,0.3113138686131387,0.006239437194677465,94.12701373632535,B,Fast Moving
22761,CHEST 7 DRAWER MA CAMPAGNE,45,1083.75,31,24.562903225806448,0.006237480338100806,94.13325121666345,B,Slow Moving
23539,WALL ART LOVES' SECRET ,229,1082.1100000000001,33,5.788181818181818,0.006228041382848688,94.13947925804631,B,Medium Moving
17096,ASSORTED LAQUERED INCENSE HOLDERS,6157,1081.65,35,0.19857142857142857,0.0062253938710096785,94.14570465191731,B,Fast Moving
21396,RED SPOTTY EGG CUP ,909,1081.53,58,1.2403389830508476,0.006224703215747328,94.15192935513306,B,Medium Moving
22715,CARD WEDDING DAY,2646,1081.08,168,0.41785714285714287,0.006222113258513513,94.15815146839158,B,Fast Moving
85017B,ENVELOPE 50 BLOSSOM IMAGES,1859,1080.99,118,0.6221008403361344,0.0062215952670667506,94.16437306365864,B,Fast Moving
22249,DECORATION WHITE CHICK MAGIC GARDEN,1291,1080.71,142,0.8438095238095238,0.006219983738121267,94.17059304739676,B,Medium Moving
85130A,BEADED PEARL HEART WHITE LARGE,656,1080.0,74,1.6473684210526314,0.00621589736115236,94.17680894475792,B,Medium Moving
20734,SILVER MINI TAPE MEASURE ,1379,1079.85,68,0.8442647058823529,0.006215034042074422,94.1830239788,B,Medium Moving
21806,WHITE CHRISTMAS HEART DECORATION,2590,1079.1599999999999,104,0.4194444444444444,0.006211062774315909,94.1892350415743,B,Fast Moving
16225,RATTLE SNAKE EGGS,1420,1078.64,112,1.1831858407079645,0.006208069934845725,94.19544311150915,B,Medium Moving
22233,JIGSAW RABBIT AND BIRDHOUSE,881,1077.35,127,1.2667692307692306,0.006200645390775459,94.20164375689993,B,Medium Moving
22094,RED POLKA DOT TISSUE BOX,943,1076.15,62,1.2438709677419355,0.006193738838151957,94.20783749573808,B,Medium Moving
23515,EMBROIDERED RIBBON REEL DAISY ,558,1075.3799999999999,59,2.0655,0.006189307133551875,94.21402680287163,B,Medium Moving
84562A,PINK/WHITE RIBBED MELAMINE JUG,143,1073.25,63,7.8754687500000005,0.0061770480026451585,94.22020385087427,B,Medium Moving
23513,EMBROIDERED RIBBON REEL SUSIE ,556,1072.96,62,2.0706451612903227,0.006175378919094479,94.22637922979337,B,Medium Moving
85118,HEART T-LIGHT HOLDER,2027,1072.1499999999999,62,0.8991935483870968,0.006170716996073614,94.23254994678943,B,Fast Moving
84396,6 HOOK JEWELLERY STAND BLACK DRESS,516,1071.6,28,3.585,0.006167551492787842,94.23871749828223,B,Medium Moving
21955,  DOORMAT UNION JACK GUNS AND ROSES,167,1071.25,51,6.640196078431372,0.006165537081605988,94.24488303536383,B,Medium Moving
22214,CANDLE PLATE LACE WHITE,462,1069.3,52,2.4563461538461535,0.006154313933592796,94.25103734929742,B,Medium Moving
84279P, CHERRY BLOSSOM  DECORATIVE FLASK,308,1068.6000000000001,26,3.7084615384615387,0.006150285111229087,94.25718763440865,B,Medium Moving
23418,LAVENDER TOILETTE BOTTLE,533,1066.88,60,2.0655,0.0061403857191354,94.26332802012779,B,Medium Moving
23269,SET OF 2 CERAMIC CHRISTMAS TREES,748,1065.3999999999999,76,1.4474025974025975,0.006131867637566412,94.26945988776535,B,Medium Moving
21739,COSY SLIPPER SHOES SMALL GREEN,364,1064.5900000000001,100,2.912079207920792,0.006127205714545549,94.2755870934799,B,Medium Moving
85032D,YULETIDE IMAGES GIFT WRAP SET,1008,1063.06,90,1.266923076923077,0.006118399859950582,94.28170549333986,B,Medium Moving
21219,SET/4 BADGES BALLOON GIRL,848,1062.94,102,1.2947115384615384,0.006117709204688232,94.28782320254454,B,Medium Moving
21413,PERIWINKLE T-LIGHT HOLDER,3134,1062.1,34,1.2161764705882354,0.006112874617851779,94.2939360771624,B,Fast Moving
22287,"DECORATION , WOBBLY CHICKEN, METAL ",763,1061.55,60,1.6358333333333333,0.006109709114566008,94.30004578627697,B,Medium Moving
84313C,ORANGE TV TRAY TABLE ,497,1061.15,47,3.2223404255319146,0.006107406930358174,94.30615319320732,B,Medium Moving
22740,POLKA DOT PEN,1248,1060.8,24,0.85,0.006105392519176319,94.3122585857265,B,Medium Moving
84658,WHITE STITCHED CUSHION COVER,198,1060.78,56,6.601578947368421,0.006105277409965928,94.31836386313647,B,Medium Moving
22815,CARD PSYCHEDELIC APPLES,2566,1060.44,165,0.41854545454545455,0.006103320553389268,94.32446718368986,B,Fast Moving
85131A,BEADED PEARL HEART WHITE ON STICK,1375,1060.43,77,1.0503846153846155,0.006103262998784073,94.33057044668864,B,Medium Moving
35471D,SET OF 3 BIRD LIGHT PINK FEATHER ,1950,1060.0,205,0.7223004694835681,0.006100788150760651,94.3366712348394,B,Fast Moving
23375,50'S CHRISTMAS PAPER GIFT BAG,1317,1059.9399999999998,88,0.8188636363636363,0.0061004428231294745,94.34277167766253,B,Medium Moving
22686,FRENCH BLUE METAL DOOR SIGN No,909,1059.7,81,1.2549382716049384,0.006099061512604775,94.34887073917513,B,Medium Moving
21817,GLITTER CHRISTMAS TREE,1671,1058.79,121,0.693015873015873,0.006093824043531952,94.35496456321866,B,Medium Moving
22201,FRYING PAN BLUE POLKADOT ,266,1058.5,50,4.24,0.006092154959981272,94.36105671817865,B,Medium Moving
84910A,PINK PAISLEY CUSHION COVER ,412,1058.2,40,5.6274999999999995,0.006090428321825397,94.36714714650047,B,Medium Moving
21839,MUMMY MOUSE RED GINGHAM RIBBON,198,1058.1000000000001,81,5.431481481481481,0.006089852775773439,94.37323699927624,B,Medium Moving
22817,CARD SUKI BIRTHDAY,2578,1056.84,169,0.41786982248520704,0.00608260089551876,94.37931960017177,B,Fast Moving
21818,GLITTER HEART DECORATION,2434,1056.34,129,0.463049645390071,0.0060797231652589675,94.38539932333703,B,Fast Moving
23529,DOLLY GIRL WALL ART,318,1055.94,11,3.6090909090909093,0.006077420981051134,94.39147674431808,B,Medium Moving
23369,SET 36 COLOUR PENCILS LOVE LONDON,901,1053.29,95,1.2441836734693879,0.0060621690106742315,94.39753891332876,B,Medium Moving
22819,"BIRTHDAY CARD, RETRO SPOT",2568,1052.64,168,0.41821428571428565,0.0060584279613365025,94.4035973412901,B,Fast Moving
20771,CHRYSANTHEMUM  JOURNAL,551,1051.96,112,2.472410714285714,0.006054514248183183,94.40965185553827,B,Medium Moving
84609,TALL ROCOCO CANDLE HOLDER,129,1051.5,27,8.407407407407407,0.0060518667363441735,94.41570372227461,B,Medium Moving
85224,ASSORTED COLOUR SILK GLASSES CASE,1987,1051.14,47,1.335,0.006049794770557124,94.42175351704518,B,Fast Moving
84965A,PINK KASHMIRI COFFEE TABLE ,20,1050.0,3,40.0,0.006043233545564795,94.42779675059074,B,Slow Moving
22806,SET OF 6 T-LIGHTS WEDDING CAKE ,410,1049.9,44,2.7344444444444447,0.006042657999512838,94.43383940859026,B,Medium Moving
47587A,PINK FAIRY CAKE COASTER,2676,1049.6399999999999,9,0.38555555555555554,0.006041161579777745,94.43988057017003,B,Fast Moving
22062,CERAMIC BOWL WITH LOVE HEART DESIGN,711,1048.49,93,1.9180808080808083,0.006034542800180221,94.44591511297021,B,Medium Moving
21490,SET OF THREE 50'S GIFT WRAPS ,598,1047.6,37,1.9105263157894736,0.00602942044031779,94.45194453341053,B,Medium Moving
23511,EMBROIDERED RIBBON REEL EMILY ,524,1046.42,85,2.0732558139534887,0.00602262899690468,94.45796716240743,B,Medium Moving
21803,CHRISTMAS TREE STAR DECORATION,2489,1045.3799999999999,101,0.42,0.00601664331796431,94.46398380572539,B,Fast Moving
23432,PRETTY HANGING QUILTED HEARTS,1272,1045.2,70,0.8268571428571428,0.006015607335070785,94.46999941306046,B,Medium Moving
16046,TEATIME PEN CASE & PENS,9949,1043.53,45,0.7491666666666666,0.006005995716003077,94.47600540877647,B,Fast Moving
23542,70'S ALPHABET WALL ART,150,1043.1,15,7.986,0.006003520867979655,94.48200892964445,B,Medium Moving
84847,FLORAL BATHROOM SET,2315,1043.01,37,3.543513513513514,0.006003002876532893,94.48801193252099,B,Fast Moving
21246,RED RETROSPOT BIG BOWL,214,1042.5,50,4.936,0.006000067591667904,94.49401200011266,B,Medium Moving
21090,SET/6 COLLAGE PAPER PLATES,2285,1042.03,159,0.556125,0.005997362525223699,94.50000936263788,B,Fast Moving
22532,MAGIC DRAWING SLATE LEAP FROG ,2740,1041.3600000000001,154,0.4164150943396226,0.005993506366675577,94.50600286900456,B,Fast Moving
22403,MAGNETS PACK OF 4 VINTAGE LABELS ,1601,1040.83,161,0.8977639751552795,0.005990455972600196,94.51199332497715,B,Medium Moving
22997,TRAVEL CARD WALLET UNION JACK,2477,1038.9,181,0.41967032967032963,0.005979347933797397,94.51797267291096,B,Fast Moving
84828,JUNGLE POPSICLES ICE LOLLY MOULDS,831,1038.66,96,1.320204081632653,0.005977966623272697,94.52395063953423,B,Medium Moving
21633,SUNFLOWER DECORATIVE PARASOL,127,1038.45,34,11.714705882352941,0.005976757976563583,94.5299273975108,B,Medium Moving
21410,COUNTRY COTTAGE  DOORSTOP GREEN,259,1036.75,101,4.227722772277228,0.005966973693680287,94.53589437120448,B,Medium Moving
22204,MILK PAN BLUE RETROSPOT,290,1035.66,56,3.7435714285714283,0.00596070024171394,94.5418550714462,B,Medium Moving
16235,RECYCLED PENCIL WITH RABBIT ERASER,5088,1031.58,160,0.21164634146341463,0.005937217962794029,94.54779228940899,B,Fast Moving
20755,BLUE PAISLEY POCKET BOOK,5084,1031.0,86,0.8388372093023256,0.00593387979569267,94.55372616920468,B,Fast Moving
79066K,RETRO MOD TRAY,1272,1030.86,173,0.8786206896551724,0.0059330740312199285,94.5596592432359,B,Medium Moving
72800F,4 IVORY DINNER CANDLES GOLD FLOCK,816,1029.72,62,2.29546875,0.005926512806227601,94.56558575604213,B,Medium Moving
85025C,PINK HEART SHAPE PHOTO FRAME,642,1029.1,92,1.6478494623655915,0.005922944420705458,94.57150870046283,B,Medium Moving
23231,WRAP  VINTAGE DOILY ,2450,1029.0,93,0.41999999999999993,0.0059223688746535,94.57743106933748,B,Fast Moving
21825,PAINTED METAL TREE WITH HOLLY BELLS,722,1027.6999999999998,67,1.4472222222222222,0.005914886775978037,94.58334595611346,B,Medium Moving
22340,NOEL GARLAND PAINTED ZINC ,1345,1027.41,95,0.8786315789473684,0.0059132176924273595,94.58925917380589,B,Medium Moving
84989A,75 GREEN FAIRY CAKE CASES,2066,1027.1,121,0.5479032258064517,0.0059114334996662864,94.59517060730555,B,Fast Moving
22256,FELT FARM ANIMAL CHICKEN,846,1025.58,83,1.243372093023256,0.005902685199676516,94.60107329250522,B,Medium Moving
23516,EMBROIDERED RIBBON REEL SOPHIE  ,291,1025.01,40,3.7280952380952384,0.005899404587180353,94.6069726970924,B,Medium Moving
84688,BEACH HUT DESIGN BLACKBOARD,388,1025.0,47,3.918085106382979,0.005899347032575157,94.61287204412498,B,Medium Moving
22102,MIRROR MOSAIC T-LIGHT HOLDER ,1738,1024.5,41,1.5690243902439025,0.005896469302315365,94.6187685134273,B,Medium Moving
22382,LUNCHBAG SPACEBOY DESIGN ,644,1022.6,45,1.641111111111111,0.005885533927328153,94.62465404735462,B,Medium Moving
84815,SET OF 3 DANISH ROSE PLANTERS,906,1022.5,36,4.152777777777778,0.005884958381276194,94.6305390057359,B,Medium Moving
21849,SILVER DIAMANTE PEN IN GIFT BOX,460,1020.34,59,4.326065573770491,0.005872526586553889,94.63641153232246,B,Medium Moving
22718,CARD CAT AND TREE ,2460,1020.24,170,0.4189411764705882,0.005871951040501931,94.64228348336296,B,Fast Moving
21195,PINK  HONEYCOMB PAPER BALL ,622,1018.6800000000001,55,1.9910909090909092,0.005862972522091377,94.64814645588505,B,Medium Moving
18007,ESSENTIAL BALM 3.5g TIN IN ENVELOPE,11335,1017.18,51,0.170188679245283,0.005854339331311999,94.65400079521636,B,Fast Moving
23026,DRAWER KNOB VINTAGE GLASS STAR,503,1016.97,53,2.106727272727273,0.0058531306846028855,94.65985392590096,B,Medium Moving
23411, TRELLIS COAT RACK,217,1016.5500000000001,46,4.915957446808511,0.005850713391184661,94.66570463929214,B,Medium Moving
21209,MULTICOLOUR HONEYCOMB FAN,1354,1016.52,84,0.9890476190476191,0.0058505407273690725,94.67155518001951,B,Medium Moving
20777,CHRYSANTHEMUM NOTEBOOK,3525,1016.25,94,1.6342105263157896,0.005848986753028784,94.67740416677253,B,Fast Moving
23544,WALL ART MID CENTURY MODERN ,164,1015.78,20,7.523000000000001,0.005846281686584579,94.68325044845912,B,Medium Moving
16047,POP ART PEN CASE & PENS,10587,1015.59,23,0.7830434782608695,0.005845188149085858,94.6890956366082,B,Fast Moving
21883,STARS GIFT TAPE ,2038,1015.3600000000001,165,0.5967878787878788,0.0058438643931663535,94.69493950100137,B,Fast Moving
72819,CUPID DESIGN SCENTED CANDLES,660,1015.1,64,2.1727272727272724,0.005842367973431261,94.7007818689748,B,Medium Moving
22101,MIRROR MOSAIC VOTIVE HOLDER,1088,1014.72,49,1.9416,0.005840180898433818,94.70662204987323,B,Medium Moving
23508,MINI PLAYING CARDS DOLLY GIRL ,2472,1013.0400000000001,106,0.4189473684210526,0.0058305117247609145,94.712452561598,B,Fast Moving
23327,HANGING CLEAR MINI BOTTLE,1710,1012.02,34,0.6185714285714285,0.005824641155030937,94.71827720275303,B,Medium Moving
21065,BOOM BOX SPEAKER GIRLS,516,1011.6,57,4.794262295081967,0.005822223861612711,94.72409942661464,B,Medium Moving
37479B,CUBIC MUG FLOCK BLUE ON BROWN,1240,1011.48,24,1.1633333333333333,0.0058215332063503615,94.72992095982099,B,Medium Moving
21040,MODERN VINTAGE COTTON SHOPPING BAG,855,1011.45,46,2.110851063829787,0.005821360542534774,94.73574232036353,B,Medium Moving
21316,SMALL CHUNKY GLASS ROMAN  BOWL,669,1008.19,34,2.0011764705882356,0.005802597741240926,94.74154491810476,B,Medium Moving
21827,EIGHT PIECE CREEPY CRAWLIE SET,810,1007.94,119,1.24703125,0.005801158876111029,94.74734607698088,B,Medium Moving
21010,ETCHED GLASS BIRD TREE DECORATION,806,1007.5,66,1.25,0.005798626473482411,94.75314470345435,B,Medium Moving
23460,SWEETHEART WALL TIDY ,108,1007.0799999999999,43,9.900930232558139,0.005796209180064185,94.75894091263442,B,Medium Moving
15058B,PINK WHITE SPOTS GARDEN PARASOL,180,1007.0,47,7.132978723404255,0.005795748743222618,94.76473666137764,B,Medium Moving
22857,ASSORTED EASTER GIFT TAGS,1226,1004.66,62,0.8458064516129032,0.005782280965606788,94.77051894234324,B,Medium Moving
22202,MILK PAN PINK POLKADOT,286,1003.38,40,3.714,0.005774913976141719,94.77629385631938,B,Medium Moving
21786,POLKADOT RAIN HAT ,2578,1003.33,127,0.44362962962962965,0.00577462620311574,94.7820684825225,B,Fast Moving
23433,HANGING QUILTED PATCHWORK APPLES,1215,1003.1700000000001,82,0.8286585365853659,0.005773705329432606,94.78784218785194,B,Medium Moving
21802,CHRISTMAS TREE HEART DECORATION,2388,1002.9599999999999,99,0.42000000000000004,0.0057724966827234925,94.79361468453466,B,Fast Moving
22678,FRENCH BLUE METAL DOOR SIGN 3,799,1001.18,113,1.2708849557522126,0.00576225196299863,94.79937693649765,B,Medium Moving
84569D,PACK 6 HEART/ICE-CREAM PATCHES,799,1001.17,96,1.2623469387755102,0.0057621944083934345,94.80513913090604,B,Medium Moving
22258,FELT FARM ANIMAL RABBIT,1113,1000.77,71,1.1853424657534246,0.005759892224185601,94.81089902313023,B,Medium Moving
85179B,WHITE BITTY LIGHT CHAIN ,240,1000.0799999999999,39,4.542307692307692,0.005755920956427086,94.81665494408666,B,Medium Moving
23347,I LOVE LONDON BEAKER,827,999.75,70,1.247605633802817,0.005754021654455623,94.82240896574112,B,Medium Moving
85169A,IVORY LOVE BIRD CANDLE,913,999.07,97,1.205148514851485,0.005750107941302305,94.82815907368241,B,Medium Moving
23087,ZINC  HEART T-LIGHT HOLDER,830,997.1800000000001,49,1.237142857142857,0.005739230120920288,94.83389830380334,B,Medium Moving
23131,MISELTOE HEART WREATH CREAM,240,996.0,1,4.15,0.005732438677507177,94.83963074248085,B,Medium Moving
23376,PACK OF 12 VINTAGE CHRISTMAS TISSUE,2630,995.4599999999999,113,0.38940170940170943,0.005729330728826601,94.84536007320968,B,Fast Moving
23102,SILVER HEARTS TABLE DECORATION,1231,995.33,139,0.8268794326241135,0.005728582518959055,94.85108865572863,B,Medium Moving
22049,WRAP CHRISTMAS SCREEN PRINT,3450,994.75,112,0.2938053097345133,0.005725244351857696,94.85681390008048,B,Fast Moving
20832,RED FLOCK LOVE HEART PHOTO FRAME,1576,994.0999999999999,103,0.7022115384615385,0.005721503302519965,94.862535403383,B,Medium Moving
21145,ANTIQUE GLASS PLACE SETTING,839,994.03,39,1.2402564102564102,0.005721100420283594,94.8682565038033,B,Medium Moving
85136C,RED SHARK HELICOPTER,125,993.75,80,7.95,0.00571948889133811,94.87397599269464,B,Medium Moving
22416,36 DOILIES SPACEBOY DESIGN ,705,993.4499999999999,52,1.4461538461538461,0.005717762253182234,94.87969375494782,B,Medium Moving
23365,SET 12 COLOUR PENCILS LOVE LONDON,1529,991.45,128,0.649236641221374,0.005706251332143063,94.88540000627997,B,Medium Moving
23452,HEART MINI PORTRAIT FRAME,510,990.9,81,1.9462962962962964,0.005703085828857291,94.89110309210882,B,Medium Moving
85212,MINI PAINTED GARDEN DECORATION ,2766,990.6199999999999,96,0.4983333333333333,0.005701474299911807,94.89680456640873,B,Fast Moving
84964B,BLUE PAINTED KASHMIRI TABLE ,17,990.0,2,45.0,0.005697905914389664,94.90250247232312,B,Slow Moving
21399,BLUE POLKADOT COFFEE MUG,2113,989.9399999999999,70,0.732,0.005697560586758489,94.90820003290987,B,Fast Moving
21530,DAIRY MAID TOASTRACK,860,989.72,114,1.5872413793103448,0.00569629438544418,94.91389632729532,B,Medium Moving
84678,CLASSICAL ROSE SMALL VASE,541,989.5500000000001,64,2.3333333333333335,0.005695315957155851,94.91959164325247,B,Medium Moving
20752,BLUE POLKADOT WASHING UP GLOVES,471,989.1,156,2.1,0.005692725999922038,94.9252843692524,B,Medium Moving
84559A,3D SHEET OF DOG STICKERS,1161,987.63,151,0.8551315789473684,0.005684265472958247,94.93096863472536,B,Medium Moving
17021,NAMASTE SWAGAT INCENSE,3714,982.44,75,0.2948780487804878,0.005654394632861598,94.93662302935822,B,Fast Moving
22856,ASSORTED EASTER DECORATIONS  BELLS,872,980.5600000000001,27,1.2359259259259259,0.005643574367084778,94.9422666037253,B,Medium Moving
85124C,GREEN JUICY FRUIT PHOTO FRAME,397,979.95,97,2.540721649484536,0.0056400635361678305,94.94790666726146,B,Medium Moving
22323,PINK POLKADOT KIDS BAG,474,975.9,72,2.2335616438356167,0.005616753921063509,94.95352342118252,B,Medium Moving
21202,DOLLY HONEYCOMB GARLAND,814,975.9,56,1.5642857142857143,0.005616753921063509,94.95914017510358,B,Medium Moving
37424,WHITE WITH BLACK CATS MUG,5153,975.41,47,0.8031914893617021,0.0056139337454089114,94.964754108849,B,Fast Moving
72815,3 WICK CHRISTMAS BRIAR CANDLE ,260,975.0,59,3.75,0.005611574006595881,94.97036568285559,B,Medium Moving
22260,FELT EGG COSY BLUE RABBIT ,1187,973.0699999999999,108,0.8764601769911504,0.005600465967793082,94.97596614882337,B,Medium Moving
21752,GLASS CAKE STAND MIRRORED BASE,68,972.6,30,14.803333333333333,0.005597760901348877,94.98156390972473,B,Slow Moving
20705,MRS ROBOT SOFT TOY,269,972.5500000000001,49,5.386734693877551,0.005597473128322898,94.98716138285305,B,Medium Moving
20866,BLUE ROSE FABRIC MIRROR,963,972.29,87,1.263448275862069,0.005595976708587805,94.99275735956164,B,Medium Moving
23041,PAPER LANTERN 9 POINT SNOW STAR,234,971.1,42,4.15,0.005589127710569498,94.9983464872722,B,Medium Moving
20784,RED RETRO BAR STOOL,26,970.7,8,38.95,0.0055868255263616644,95.00393331279857,C,Slow Moving
22680,FRENCH BLUE METAL DOOR SIGN 5,775,969.97,107,1.2716513761467891,0.0055826240401823666,95.00951593683875,C,Medium Moving
84559B,3D SHEET OF CAT STICKERS,1140,969.0,150,0.85,0.005577041243478368,95.01509297808224,C,Medium Moving
21277,FRENCH STYLE EMBOSSED HEART CABINET,45,968.8,40,21.62625,0.005575890151374451,95.02066886823361,C,Slow Moving
21759,METAL WALL SHELF UNIT WITH HOOKS,27,968.08,11,45.47,0.00557174621980035,95.02624061445341,C,Slow Moving
22321,BIRD DECORATION RED SPOT,1139,966.5899999999999,84,0.848452380952381,0.005563170583626167,95.03180378503704,C,Medium Moving
84969,ASSORTED COLOUR SET 6 TEASPOONS,227,964.75,63,4.25,0.00555258053627013,95.03735636557332,C,Medium Moving
84800L,LARGE WHITE/PINK ROSE ART FLOWER,647,964.4300000000001,37,1.8548648648648647,0.005550738788903863,95.04290710436221,C,Medium Moving
85008,SET OF 3 CONEY ISLAND OVAL BOXES,259,961.8,89,4.7283333333333335,0.0055356019277373525,95.04844270628995,C,Medium Moving
84687,BEACH HUT SHELF W 3 DRAWERS,292,961.4,52,5.084615384615385,0.0055332997435295185,95.05397600603348,C,Medium Moving
23281,FOLDING BUTTERFLY MIRROR RED  ,1252,961.2800000000001,89,0.8228260869565218,0.005532609088267169,95.05950861512174,C,Medium Moving
85126,LARGE ROUND CUTGLASS CANDLESTICK,148,960.6,32,6.701515151515152,0.005528695375113851,95.06503731049686,C,Medium Moving
23121,PACK OF 6 COCKTAIL PARASOL STRAWS,2460,958.32,87,0.41608695652173916,0.005515572925129195,95.070552883422,C,Fast Moving
22266,EASTER DECORATION HANGING BUNNY,2476,958.3,123,0.5265151515151515,0.0055154578159188035,95.07606834123791,C,Fast Moving
72484,ROSES IN WHITE HEART CANDLE ,1805,958.21,54,0.9703571428571429,0.005514939824472041,95.08158328106238,C,Medium Moving
22860,EASTER TIN CHICKS PINK DAISY,580,957.0,88,1.65,0.005507975717243342,95.08709125677962,C,Medium Moving
84750B,BLACK SMALL GLASS CAKE STAND,564,956.64,55,1.7416363636363634,0.005505903751456291,95.09259716053107,C,Medium Moving
82001S,SILVER RECORD COVER FRAME,272,955.86,19,4.398421052631579,0.005501414492251015,95.09809857502333,C,Medium Moving
85197,SET OF 12 MINI BUNNIES IN A BUCKET,1667,955.26,73,2.0589333333333335,0.005497961215939263,95.10359653623927,C,Medium Moving
23518,EMBROIDERED RIBBON REEL RACHEL ,357,954.93,41,2.870487804878049,0.0054960619139678,95.10909259815324,C,Medium Moving
22701,PINK DOG BOWL,552,954.7800000000001,86,2.516666666666667,0.005495198594889863,95.11458779674813,C,Medium Moving
21250,SET OF SKULL WALL STICKERS,394,950.5,53,2.879245283018868,0.005470565223866036,95.12005836197199,C,Medium Moving
84664,CHERRY BLOSSOM BATHROOM CABINET,192,950.4,50,4.95,0.005469989677814078,95.1255283516498,C,Medium Moving
72753B,S/3 FLWR FAIRY LAVENDER CANDLES,444,949.95,13,3.0,0.005467399720580264,95.13099575137039,C,Medium Moving
22717,CARD DOG AND BALL ,2322,949.32,152,0.4188157894736842,0.005463773780452925,95.13645952515084,C,Fast Moving
23088,ZINC HEART FLOWER T-LIGHT HOLDER,760,947.18,57,1.306315789473684,0.0054514570949410115,95.14191098224578,C,Medium Moving
22986,WRAP GINGHAM ROSE ,2276,943.92,82,0.41926829268292676,0.005432694293647164,95.14734367653942,C,Fast Moving
23033,DRAWER KNOB CERAMIC RED,679,943.75,59,1.4398305084745764,0.005431715865358834,95.15277539240478,C,Medium Moving
22597,MUSICAL ZINC HEART DECORATION ,2498,943.64,113,0.4867521367521367,0.00543108276470168,95.15820647516948,C,Fast Moving
22280,POCKET BAG PINK PAISELY BROWN SPOT,579,943.03,87,1.6514285714285715,0.005427571933784733,95.16363404710326,C,Medium Moving
78124,MAGAZINE RACK GEBRA ASSORTED ,718,942.5,26,1.5384615384615385,0.005424521539709352,95.16905856864297,C,Medium Moving
47504H,ENGLISH ROSE SPIRIT LEVEL ,989,940.83,105,1.3254285714285714,0.005414909920641644,95.17447347856361,C,Medium Moving
85019B,BLOSSOM  IMAGES NOTEBOOK SET,704,940.0,36,2.0,0.0054101328884103884,95.17988361145203,C,Medium Moving
22105,MIRROR MOSAIC GOBLET CANDLE HOLDER,613,937.25,26,3.875925925925926,0.005394305371981528,95.185277916824,C,Medium Moving
37492B,BLUE YELLOW FLOWER PIGGY BANK,488,937.1999999999999,43,3.5337209302325587,0.0053940175989555484,95.19067193442297,C,Medium Moving
35648,VINTAGE BEAD PINK PURSE ,867,937.0100000000001,68,1.2153521126760565,0.005392924061456828,95.19606485848442,C,Medium Moving
23533,WALL ART GARDEN HAVEN ,210,936.34,31,5.151935483870968,0.005389067902908705,95.20145392638733,C,Medium Moving
35958,FOLKART ZINC STAR CHRISTMAS DEC,1100,935.0,69,0.85,0.00538135558581246,95.20683528197314,C,Medium Moving
85160B,BLACK BIRD GARDEN DESIGN MUG,6149,934.87,30,0.7616129032258064,0.005380607375944915,95.21221588934908,C,Fast Moving
23402,HOME SWEET HOME 3 PEG HANGER ,255,934.1700000000001,51,3.7409803921568625,0.005376578553581205,95.21759246790266,C,Medium Moving
21636,MADRAS NOTEBOOK MEDIUM,1003,934.05,88,1.1456043956043955,0.005375887898318854,95.22296835580099,C,Medium Moving
22995,TRAVEL CARD WALLET SUKI,2228,932.88,183,0.4193513513513513,0.00536915400951094,95.2283375098105,C,Fast Moving
23525,WALL ART BUFFALO BILL ,321,932.6700000000001,29,3.6427586206896554,0.0053679453628018275,95.23370545517331,C,Medium Moving
23331,DECORATIVE WICKER HEART SMALL,1492,932.28,81,0.6290697674418605,0.005365700733199188,95.2390711559065,C,Medium Moving
20932,PINK POT PLANT CANDLE,305,932.0500000000001,56,3.444642857142857,0.005364376977279684,95.24443553288378,C,Medium Moving
21690,SILVER  CANDLEPOT JARDIN ,248,929.2,75,3.740123456790123,0.005347973914798865,95.24978350679858,C,Medium Moving
21425,SKULLS STORAGE BOX LARGE,450,928.1400000000001,58,2.8817241379310348,0.005341873126648105,95.25512537992523,C,Medium Moving
21562,HAWAIIAN GRASS SKIRT ,664,926.71,63,1.56375,0.005333642818105097,95.26045902274333,C,Medium Moving
22116,METAL SIGN HIS DINNER IS SERVED,735,924.69,127,1.6835433070866141,0.005322016787855535,95.26578103953119,C,Medium Moving
21814,HEART T-LIGHT HOLDER ,639,924.15,71,1.4473333333333334,0.005318908839174958,95.27109994837036,C,Medium Moving
23527,ANIMALS AND NATURE WALL ART,267,923.97,17,3.6958823529411764,0.0053178728562814324,95.27641782122664,C,Medium Moving
23153,ZINC SWEETHEART WIRE LETTER RACK,248,923.63,78,3.7883333333333336,0.005315915999704773,95.28173373722635,C,Medium Moving
21711,FOLDING UMBRELLA  WHITE/RED  SPOT,259,922.05,26,4.4884615384615385,0.005306822372083828,95.28704055959842,C,Medium Moving
23512,EMBROIDERED RIBBON REEL ROSIE,484,921.46,49,2.0622448979591836,0.005303426650377273,95.2923439862488,C,Medium Moving
20758,ABSTRACT CIRCLES POCKET BOOK,5378,920.9,74,0.8373684210526315,0.0053002035924863055,95.29764418984128,C,Fast Moving
84817,DANISH ROSE DECORATIVE PLATE,1051,920.64,77,1.6226923076923079,0.005298707172751212,95.30294289701403,C,Medium Moving
23566,EGG CUP MILKMAID HEIDI,784,919.52,46,1.2408695652173913,0.005292261056969277,95.308235158071,C,Medium Moving
21061,PARTY INVITES FOOTBALL,1303,919.27,124,0.8336507936507936,0.005290822191839381,95.31352598026284,C,Medium Moving
21702,SET 5 MINI GATEAUX  FRIDGE MAGNETS,2636,918.6800000000001,8,1.3425,0.0052874264701328255,95.31881340673297,C,Fast Moving
21707,FOLDING UMBRELLA BLACKBLUE POLKADOT,184,918.02,70,5.083142857142857,0.005283627866189898,95.32409703459916,C,Medium Moving
22119, PEACE WOODEN BLOCK LETTERS,133,917.15,47,6.937234042553191,0.005278620615537859,95.3293756552147,C,Medium Moving
22529,MAGIC DRAWING SLATE GO TO THE FAIR ,2295,916.38,136,0.41781021897810217,0.005274188910937778,95.33464984412564,C,Fast Moving
84929,ASSTD FRUIT+FLOWERS FRIDGE MAGNETS,2928,915.12,90,0.3605555555555556,0.005266937030683101,95.33991678115632,C,Fast Moving
20707,CRAZY DAISY HEART DECORATION,1279,914.12,63,1.34859375,0.0052611815701635156,95.34517796272648,C,Medium Moving
15058B,PINK POLKADOT GARDEN PARASOL,121,913.95,44,7.868181818181818,0.005260203141875186,95.35043816586835,C,Medium Moving
21131,GOLD STANDING GNOME,253,910.25,28,4.008620689655173,0.005238907937952719,95.3556770738063,C,Medium Moving
84358,FLOOR LAMP SHADE WOOD BASE,113,909.63,22,9.284999999999998,0.005235339552430576,95.36091241335873,C,Medium Moving
23514,EMBROIDERED RIBBON REEL SALLY ,458,909.14,62,2.0706451612903227,0.005232519376775979,95.36614493273551,C,Medium Moving
85189,HANGING BUTTERFLY  EGG,1117,908.89,58,0.8455932203389831,0.005231080511646083,95.37137601324716,C,Medium Moving
21630,FLOOR CUSHION ELEPHANT CARNIVAL,104,908.8,47,8.886170212765958,0.00523056252019932,95.37660657576735,C,Medium Moving
22324,BLUE POLKADOT KIDS BAG,447,906.81,66,2.258358208955224,0.005219109153765345,95.38182568492113,C,Medium Moving
72045D,ROSES ON BLUE TEACUP CANDLE ,536,905.84,3,1.6900000000000002,0.005213526357061347,95.38703921127819,C,Medium Moving
22786,CUSHION COVER PINK UNION JACK,163,903.89,58,5.940666666666667,0.005202303209048155,95.39224151448724,C,Medium Moving
22321,BIRD DECORATION RED RETROSPOT,1085,903.53,73,0.8482191780821918,0.0052002312432611044,95.3974417457305,C,Medium Moving
22707,WRAP MONSTER FUN ,2150,903.0,81,0.41999999999999993,0.005197180849185724,95.40263892657968,C,Fast Moving
23510,MINI PLAYING CARDS GYMKHANA,2297,901.74,95,0.41879999999999995,0.005189928968931046,95.40782885554862,C,Fast Moving
85018D,YULETIDE IMAGES S/6 PAPER BOXES,762,901.5,63,2.023015873015873,0.005188547658406346,95.41301740320702,C,Medium Moving
21269,ANTIQUE CREAM CUTLERY SHELF ,106,901.0,58,8.5,0.005185669928146553,95.41820307313517,C,Medium Moving
46000P,POLYESTER FILLER PAD 65CMx65CM,212,901.0,48,4.25,0.005185669928146553,95.42338874306333,C,Medium Moving
35962,12 ASS ZINC CHRISTMAS DECORATIONS,429,900.9000000000001,45,2.1,0.005185094382094595,95.42857383744543,C,Medium Moving
84405A,S/3 PINK COL METAL BASKET W HANDLE,122,900.3000000000001,45,11.016666666666667,0.005181641105782843,95.4337554785512,C,Medium Moving
20671,BLUE TEATIME PRINT BOWL ,731,900.07,106,1.2482075471698113,0.005180317349863339,95.43893579590107,C,Medium Moving
84625A,PINK NEW BAROQUECANDLESTICK CANDLE,788,898.7,61,1.848360655737705,0.005172432368951507,95.44410822827003,C,Medium Moving
21691,SILVER VANILLA FLOWER CANDLE POT,240,898.56,66,3.7450684931506846,0.005171626604478764,95.4492798548745,C,Medium Moving
23529,WALL ART DOLLY GIRL ,311,896.3700000000001,19,3.6110526315789473,0.005159022145940872,95.45443887702045,C,Medium Moving
84760L,LARGE HANGING GLASS+ZINC LANTERN,560,896.0,1,1.6,0.005156892625548626,95.459595769646,C,Medium Moving
23419,HOME SWEET HOME BOTTLE ,437,895.0400000000001,61,2.0752459016393443,0.0051513673834498236,95.46474713702945,C,Medium Moving
17109B,FLOWER FAIRY INCENSE LAVENDER,4541,892.91,16,1.184375,0.005139108252543106,95.469886245282,C,Fast Moving
84666,SQUARE CHERRY BLOSSOM CABINET,226,892.7,33,3.9499999999999997,0.005137899605833994,95.47502414488783,C,Medium Moving
22939,ADULT APRON APPLE DELIGHT,179,891.9300000000001,40,5.8085,0.005133467901233912,95.48015761278906,C,Medium Moving
20778,GARDEN PATH NOTEBOOK ,3595,891.75,80,1.6314814814814815,0.005132431918340387,95.4852900447074,C,Fast Moving
84360,TABLE LAMP WHITE SHADE WOOD BASE,173,891.5500000000001,35,5.661111111111111,0.00513128082623647,95.49042132553363,C,Medium Moving
37475,SET/4 COLOURFUL MIXING BOWLS,94,891.5,51,9.806862745098039,0.005130993053210491,95.49555231858685,C,Medium Moving
20773,BLUE PAISLEY NOTEBOOK,3303,889.9499999999999,95,1.6346938775510202,0.005122072089405133,95.50067439067625,C,Fast Moving
21725,SWEETIES  STICKERS,1047,889.9499999999999,109,0.85,0.005122072089405133,95.50579646276566,C,Medium Moving
85104,SILVER GLASS T-LIGHT SET,327,888.9300000000001,51,2.984814814814815,0.005116201519675156,95.51091266428533,C,Medium Moving
22512,DOORSTOP RACING CAR DESIGN,375,888.23,63,3.1346031746031744,0.0051121726973114455,95.51602483698264,C,Medium Moving
21746,SMALL RED SPOT  WINDMILL,742,886.46,52,1.242962962962963,0.00510198553219178,95.52112682251483,C,Medium Moving
22096,PINK PAISLEY SQUARE TISSUE BOX ,1646,886.28,163,0.7545833333333333,0.005100949549298254,95.52622777206413,C,Medium Moving
23528,SPACEBOY WALL ART,306,885.9000000000001,13,3.582307692307692,0.005098762474300813,95.53132653453844,C,Medium Moving
22643,SET OF 4 NAPKIN CHARMS LEAVES   ,405,882.99,76,2.3596052631578943,0.0050820140841888175,95.53640854862263,C,Medium Moving
22994,TRAVEL CARD WALLET RETROSPOT,2104,882.24,160,0.4196273291925466,0.005077697488799129,95.54148624611143,C,Fast Moving
22598,CHRISTMAS MUSICAL ZINC TREE,1562,881.72,93,0.6392631578947368,0.005074704649328944,95.54656095076076,C,Medium Moving
21291,SMALL SPOTTY CHOCOLATE GIFT BAG ,1049,881.5699999999999,65,0.8403076923076923,0.005073841330251006,95.55163479209101,C,Medium Moving
46775D,SUNSET COLOUR CHUNKY KNITTED THROW,52,881.4,32,16.95,0.005072862901962677,95.55670765499298,C,Slow Moving
85111,SILVER GLITTER FLOWER VOTIVE HOLDER,2872,879.92,63,0.41,0.00506434482039369,95.56177199981337,C,Fast Moving
84974,S/2 ZINC HEART DESIGN PLANTERS,89,879.55,57,9.932758620689654,0.005062215300001444,95.56683421511337,C,Medium Moving
72799A,BLACK PILLAR CANDLE SILVER FLOCK,612,877.8000000000001,18,2.4555555555555557,0.0050521432440921695,95.57188635835746,C,Medium Moving
20934,SET/3 POT PLANT CANDLES,167,877.1500000000001,47,5.397916666666667,0.005048402194754439,95.57693476055222,C,Medium Moving
85019A,ROMANTIC IMAGES NOTEBOOK SET,639,876.75,41,2.274390243902439,0.005046100010546604,95.58198086056277,C,Medium Moving
23540,WALL ART THE MAGIC FOREST ,144,876.64,9,6.052222222222222,0.0050454669098894496,95.58702632747266,C,Medium Moving
21708,FOLDING UMBRELLA CREAM POLKADOT,178,875.5000000000001,42,4.917441860465117,0.005038905684897123,95.59206523315756,C,Medium Moving
21805,WHITE CHRISTMAS TREE DECORATION ,2124,874.8,82,0.41857142857142854,0.0050348768625334125,95.5971001100201,C,Fast Moving
23107,WHITE HEARTS WIRE PLANT POT HOLDER,324,873.5600000000001,59,2.7340677966101694,0.005027740091489127,95.60212785011159,C,Medium Moving
47504E,ENGLISH ROSE SCISSORS,4372,871.4,37,1.2202702702702701,0.005015308296766822,95.60714315840835,C,Fast Moving
84625C,BLUE NEW BAROQUE CANDLESTICK CANDLE,743,870.95,57,1.918421052631579,0.005012718339533009,95.61215587674788,C,Medium Moving
22679,FRENCH BLUE METAL DOOR SIGN 4,695,870.57,102,1.2731372549019608,0.005010531264535566,95.61716640801241,C,Medium Moving
20798,CLEAR MILKSHAKE GLASS,445,869.7,41,2.068604651162791,0.005005524013883526,95.62217193202629,C,Medium Moving
21726,MULTI HEARTS  STICKERS,1038,869.3,127,0.849,0.005003221829675691,95.62717515385597,C,Medium Moving
17033,"BROCADE PURSE,SMALL ARCH BUTTON",3279,867.55,68,0.2852941176470588,0.004993149773766418,95.63216830362974,C,Fast Moving
84637,KITCHEN FLOWER POTS WALL PLAQUE,487,867.25,33,4.8106060606060606,0.004991423135610542,95.63715972676535,C,Medium Moving
21189,WHITE HONEYCOMB PAPER GARLAND ,543,866.75,61,1.6401639344262295,0.004988545405350749,95.6421482721707,C,Medium Moving
35923,CANDY HEART HANGING DECORATION,1453,866.71,66,0.7694029850746268,0.0049883151869299655,95.64713658735764,C,Medium Moving
22896,PEG BAG APPLE DESIGN,384,866.7,28,2.4857142857142853,0.00498825763232477,95.65212484498996,C,Medium Moving
35599D,PINK AND WHITE CHRISTMAS TREE 120CM,322,866.58,39,2.7664102564102566,0.004987566977062419,95.65711241196702,C,Medium Moving
84826,ASSTD DESIGN 3D PAPER STICKERS,1731,866.53,50,0.6521153846153845,0.0049872792040364395,95.66209969117105,C,Medium Moving
22647,CERAMIC LOVE HEART MONEY BANK,1042,866.5,68,1.1688235294117648,0.004987106540220853,95.66708679771128,C,Medium Moving
23545,WRAP RED VINTAGE DOILY,2100,866.0,68,0.41884057971014493,0.004984228809961059,95.67207102652124,C,Fast Moving
22264,FELT FARM ANIMAL WHITE BUNNY ,1803,865.7099999999999,88,0.7605555555555555,0.00498255972641038,95.67705358624765,C,Medium Moving
21060,PARTY INVITES BALLOON GIRL,1208,864.1999999999999,123,0.8391869918699187,0.004973868981025806,95.68202745522868,C,Medium Moving
20617,FIRST CLASS PASSPORT COVER ,452,863.88,74,2.132702702702703,0.004972027233659538,95.68699948246234,C,Medium Moving
84791,GINGHAM HEART DECORATION,296,863.6000000000001,75,2.944666666666667,0.004970415704714055,95.69196989816706,C,Medium Moving
20759,CHRYSANTHEMUM POCKET BOOK ,5734,863.5,44,0.8281818181818181,0.004969840158662096,95.69693973832572,C,Fast Moving
21391,FRENCH LAVENDER SCENT HEART,972,861.3,77,1.0234177215189872,0.004957178145519008,95.70189691647124,C,Medium Moving
23517,EMBROIDERED RIBBON REEL REBECCA ,312,860.88,51,2.8743137254901963,0.004954760852100782,95.70685167732334,C,Medium Moving
23002,TRAVEL CARD WALLET SKULLS,2052,860.4,140,0.41957746478873237,0.00495199823105138,95.71180367555439,C,Fast Moving
21945,STRAWBERRIES  DESIGN FLANNEL ,1518,859.64,73,0.8108,0.004947624081056496,95.71675129963545,C,Medium Moving
23099,FRENCH CARRIAGE LANTERN,132,858.9000000000001,54,6.584545454545455,0.004943365040272003,95.72169466467572,C,Medium Moving
22814,CARD PARTY GAMES ,2126,858.36,135,0.4173333333333333,0.004940257091591427,95.72663492176731,C,Fast Moving
22069,BROWN  PIRATE TREASURE CHEST ,603,858.33,82,1.537857142857143,0.004940084427775839,95.73157500619509,C,Medium Moving
84925F,PSYCHEDELIC WALL THERMOMETER,711,857.9300000000001,31,1.964516129032258,0.004937782243568005,95.73651278843866,C,Medium Moving
20780,BLACK EAR MUFF HEADPHONES,174,857.6,58,5.477540983606557,0.004935882941596542,95.74144867138025,C,Medium Moving
84796A,PINK HAWAIIAN PICNIC HAMPER FOR 2,150,856.5,25,10.638,0.004929551935024997,95.74637822331528,C,Medium Moving
20757,RED DAISY POCKET BOOK ,5301,856.23,55,0.8467857142857144,0.00492799796068471,95.75130622127595,C,Fast Moving
21815,STAR  T-LIGHT HOLDER ,592,855.9999999999999,60,1.4467213114754098,0.004926674204765205,95.75623289548072,C,Medium Moving
21720,CAKE SHOP  STICKER SHEET,1023,854.99,87,0.8470114942528736,0.0049208611896404235,95.76115375667037,C,Medium Moving
23532,WALL ART WORK REST AND PLAY  ,205,853.47,26,4.470769230769231,0.004912112889650654,95.76606586956002,C,Medium Moving
22288,"DECORATION , HANGING METAL RABBIT",813,851.25,47,1.2387755102040816,0.004899335767297173,95.77096520532731,C,Medium Moving
21007,ETCHED GLASS DROPLET DECORATION,1905,851.23,39,0.7641025641025642,0.004899220658086781,95.7758644259854,C,Fast Moving
21721,CANDY SHOP  STICKER SHEET,1005,851.13,89,0.8471428571428572,0.004898645112034823,95.78076307109744,C,Medium Moving
20991,JAZZ HEARTS MAGNETIC MEMO PAD,7058,850.9000000000001,16,0.609375,0.004897321356115319,95.78566039245355,C,Fast Moving
85129D,BEADED CRYSTAL HEART PINK SMALL,655,850.35,85,1.3474117647058823,0.004894155852829547,95.79055454830637,C,Medium Moving
84596E,SMALL LICORICE DES PINK BOWL,880,850.2,124,1.1152380952380954,0.0048932925337516085,95.79544784084013,C,Medium Moving
85226A,WHITE/BLUE PULL BACK RACING CAR,1658,849.5,114,0.5489256198347108,0.004889263711387899,95.80033710455152,C,Medium Moving
21303,FILIGREE WALL MIRROR  ANTIQUE WHITE,92,848.8,26,12.55,0.004885234889024188,95.80522233944055,C,Medium Moving
21338,MARAKESH LANTERN SMALL ,196,848.35,11,5.7875000000000005,0.004882644931790375,95.81010498437234,C,Medium Moving
22255,FELT TOADSTOOL  SMALL,998,848.3,87,0.85,0.004882357158764396,95.81498734153111,C,Medium Moving
21284,RETROSPOT CANDLE  SMALL,1116,847.88,60,1.0978333333333334,0.00487993986534617,95.81986728139645,C,Medium Moving
85032B,BLOSSOM IMAGES GIFT WRAP SET,929,846.0,106,0.9099056603773585,0.00486911959956935,95.82473640099603,C,Medium Moving
20801,LARGE PINK GLASS SUNDAE DISH,902,845.86,69,1.3373972602739725,0.004868313835096607,95.82960471483112,C,Medium Moving
22821,GIFT BAG PSYCHEDELIC APPLES,1300,845.36,103,0.653495145631068,0.004865436104836815,95.83447015093596,C,Medium Moving
23525,BUFFALO BILL WALL ART ,246,845.22,15,3.6886666666666668,0.004864630340364073,95.83933478127632,C,Medium Moving
21836,GINGHAM OVEN GLOVE RED HEART ,225,843.75,80,3.75,0.0048561698134002825,95.84419095108971,C,Medium Moving
85124A,PINK JUICY FRUIT PHOTO FRAME,339,843.75,70,2.5307142857142852,0.0048561698134002825,95.84904712090311,C,Medium Moving
20774,GREEN FERN NOTEBOOK,3419,841.35,76,1.6305194805194805,0.004842356708153276,95.85388947761126,C,Fast Moving
20622,VIPPASSPORT COVER ,488,840.6800000000001,71,2.044647887323944,0.004838500549605155,95.85872797816087,C,Medium Moving
84782A,PINK 3 TIER GLASS PLATE STAND,119,840.45,26,9.903846153846153,0.0048371767936856505,95.86356515495456,C,Medium Moving
21127,COLOURFUL FISHING GNOME,284,838.6,36,5.8,0.004826529191724417,95.86839168414627,C,Medium Moving
23178,JAM CLOCK MAGNET,309,838.47,55,2.8387272727272728,0.00482578098185687,95.87321746512814,C,Medium Moving
21299,EDWARDIAN TOILET ROLL UNIT ,161,838.35,29,8.501724137931035,0.00482509032659452,95.87804255545473,C,Medium Moving
84985A,SET OF 72 GREEN PAPER DOILIES,578,838.0999999999999,119,1.45,0.0048236514614646234,95.88286620691619,C,Medium Moving
23179,CLOCK MAGNET MUM'S KITCHEN,304,837.88,40,2.9330000000000003,0.0048223852601503156,95.88768859217635,C,Medium Moving
85025B,EAU DE NILE HEART SHAPE PHOTO FRAME,525,837.45,65,1.6470588235294117,0.0048199104121268935,95.89250850258847,C,Medium Moving
21635,MADRAS NOTEBOOK LARGE ,395,836.25,39,3.0625,0.004813003859503391,95.89732150644798,C,Medium Moving
22250,DECORATION  BUTTERFLY  MAGIC GARDEN,1018,836.18,109,0.8432173913043478,0.004812600977267019,95.90213410742524,C,Medium Moving
21780,MA CAMPAGNE 4 DRAWER WALL SHELF,125,835.55,17,8.411764705882353,0.00480897503713968,95.90694308246238,C,Medium Moving
21261,GREEN GOOSE FEATHER CHRISTMAS TREE ,245,834.7500000000001,43,4.903488372093023,0.004804370668724013,95.9117474531311,C,Medium Moving
22143,CHRISTMAS CRAFT HEART DECORATIONS,420,834.0,53,2.090740740740741,0.004800054073334324,95.91654750720443,C,Medium Moving
20878,SET/9 CHRISTMAS T-LIGHTS SCENTED ,689,833.89,67,1.2417391304347827,0.004799420972677169,95.9213469281771,C,Medium Moving
90200D,PINK SWEETHEART BRACELET,199,833.75,55,4.240909090909091,0.004798615208204427,95.9261455433853,C,Medium Moving
21062,PARTY INVITES SPACEMAN,1009,833.53,120,0.8450413223140496,0.004797349006890118,95.9309428923922,C,Medium Moving
23523,TREASURE AHOY WALL ART,270,833.46,16,3.585,0.004796946124653747,95.93573983851685,C,Medium Moving
20786,BLACK RETRO BAR STOOL,22,830.9,9,39.50555555555556,0.004782212145723608,95.94052205066258,C,Slow Moving
72529W,WHITE ADVENT CANDLE,443,829.08,39,2.086923076923077,0.0047717372075779625,95.94529378787016,C,Medium Moving
35599B,BLACK CHRISTMAS TREE 120CM,249,828.5699999999999,38,5.154736842105263,0.004768801922712973,95.95006258979286,C,Medium Moving
84820,DANISH ROSE TRINKET TRAYS,317,828.15,49,4.638979591836735,0.004766384629294748,95.95482897442216,C,Medium Moving
85124B,BLUE JUICY FRUIT PHOTO FRAME,331,827.85,84,2.5446428571428568,0.004764657991138873,95.9595936324133,C,Medium Moving
21392,RED SPOTTY PUDDING BOWL,3818,827.04,24,2.0033333333333334,0.004759996068118008,95.96435362848142,C,Fast Moving
21650,ASSORTED TUTTI FRUTTI BRACELET,2791,826.99,101,0.4013513513513514,0.004759708295092029,95.96911333677652,C,Fast Moving
21664,RIDGED GLASS STORAGE JAR CREAM LID,227,825.3299999999999,54,3.7369090909090907,0.004750154230629517,95.97386349100715,C,Medium Moving
84341B,SMALL PINK MAGIC CHRISTMAS TREE,1690,825.03,94,0.686938775510204,0.004748427592473641,95.97861191859963,C,Medium Moving
85130D,BEADED CRYSTAL HEART PINK LARGE,734,824.28,80,1.316024096385542,0.004744110997083952,95.9833560295967,C,Medium Moving
22682,FRENCH BLUE METAL DOOR SIGN 7,658,823.11,85,1.263372093023256,0.004737377108276037,95.98809340670498,C,Medium Moving
23502,PLAYING CARDS VINTAGE DOILY ,677,822.73,85,1.2451162790697674,0.0047351900332785945,95.99282859673825,C,Medium Moving
22310,KNITTED MUG COSY IVORY COLOUR ,546,821.7,28,1.6214285714285714,0.004729261908943422,95.9975578586472,C,Medium Moving
23338,EGG FRYING PAN RED ,405,820.32,91,2.0749450549450548,0.004721319373426394,96.00227917802063,C,Medium Moving
23479,WIRE EGG BASKET ,109,819.65,40,7.775,0.00471746321487827,96.0069966412355,C,Medium Moving
22893,MINI CAKE STAND T-LIGHT HOLDER,2006,819.48,93,0.4180851063829787,0.004716484786589942,96.01171312602209,C,Fast Moving
23186,FRENCH STYLE STORAGE JAR CAFE ,1982,819.4599999999999,70,0.3409859154929577,0.00471636967737955,96.01642949569947,C,Fast Moving
85135C,RED DRAGONFLY HELICOPTER,103,818.85,65,7.950000000000001,0.004712858846462603,96.02114235454593,C,Medium Moving
22268,EASTER DECORATION SITTING BUNNY,1010,817.9399999999999,110,0.8455555555555555,0.0047076213773897795,96.02584997592332,C,Medium Moving
22681,FRENCH BLUE METAL DOOR SIGN 6,652,816.82,86,1.2768181818181819,0.004701175261607844,96.03055115118492,C,Medium Moving
20756,GREEN FERN POCKET BOOK,5679,816.7499999999999,44,0.8281818181818181,0.004700772379371472,96.03525192356429,C,Fast Moving
72598,SET/12 TAPER CANDLES,1042,815.14,89,0.8385869565217391,0.00469150608793494,96.03994342965223,C,Medium Moving
84660A,WHITE STITCHED WALL CLOCK,851,814.4,42,1.7083333333333333,0.004687247047150447,96.04463067669937,C,Medium Moving
84750A,PINK SMALL GLASS CAKE STAND,447,814.05,49,1.9255102040816325,0.004685232635968591,96.04931590933533,C,Medium Moving
17039,INLAID WOOD INCENSE HOLDER,3641,813.0899999999999,30,0.27399999999999997,0.00467970739386979,96.05399561672921,C,Fast Moving
22164,STRING OF STARS CARD HOLDER,303,812.2500000000001,42,2.9095238095238094,0.004674872807033339,96.05867048953624,C,Medium Moving
20833,SHAKER THROW  QUILTED,52,811.8,5,27.630000000000003,0.004672282849799524,96.06334277238604,C,Slow Moving
85159A,"BLACK TEA,COFFEE,SUGAR JARS",456,811.1999999999999,48,2.2479166666666663,0.004668829573487773,96.06801160195953,C,Medium Moving
21944,KITTENS DESIGN FLANNEL,1538,811.0999999999999,75,0.7793421052631578,0.004668254027435814,96.07267985598696,C,Medium Moving
85231L,LAVENDER SCENTED SET/9 T-LIGHTS,1018,810.6999999999999,101,0.8449514563106796,0.00466595184322798,96.07734580783018,C,Medium Moving
85145,JARDIN ETCHED GLASS LARGE BELL JAR,91,809.05,30,9.403333333333334,0.004656455333370665,96.08200226316356,C,Medium Moving
22953,BIRTHDAY PARTY CORDON BARRIER TAPE,665,807.52,96,1.2729896907216496,0.004647649478775698,96.08664991264233,C,Medium Moving
47589,CONGRATULATIONS BUNTING,148,806.6,70,5.45,0.00464235445509768,96.09129226709743,C,Medium Moving
35957,SMALLFOLKART BAUBLE CHRISTMAS DEC,3313,806.3399999999999,62,0.33096774193548384,0.004640858035362587,96.09593312513279,C,Fast Moving
21552,CERAMIC BIRDHOUSE BLACK ROSE  LARGE,162,805.6500000000001,32,5.86060606060606,0.004636886767604075,96.10057001190039,C,Medium Moving
85130B,BEADED CRYSTAL HEART GREEN LARGE,875,805.0500000000001,59,1.0622033898305085,0.004633433491292323,96.10520344539168,C,Medium Moving
84660B,BLACK STITCHED WALL CLOCK,727,804.65,44,2.162272727272727,0.004631131307084488,96.10983457669876,C,Medium Moving
84632,DECORATIVE HANGING SHELVING UNIT,14,799.3000000000001,10,58.95,0.004600339593304706,96.11443491629207,C,Slow Moving
85166B,BLACK METAL BAROQUE PHOTO FRAME,501,798.75,31,3.1048387096774195,0.004597174090018933,96.11903209038209,C,Medium Moving
23524,HORSE & PONY WALL ART,256,797.3100000000001,17,3.594705882352941,0.004588886226870731,96.12362097660896,C,Medium Moving
23022,SMALL BONNE JAM JAR  T-LIGHT HOLDER,416,795.6800000000001,21,2.0295652173913044,0.004579504826223807,96.12820048143519,C,Medium Moving
82616B,FRAPPUCINO SCARF KNITTING KIT,533,794.9300000000001,75,2.0223376623376623,0.0045751882308341174,96.13277566966602,C,Medium Moving
21580,RABBIT  DESIGN  COTTON TOTE BAG,361,794.25,89,2.2331460674157304,0.004571274517680799,96.1373469441837,C,Medium Moving
21331,MOROCCAN BEATEN METAL DISH LARGE,104,793.74,24,11.839166666666666,0.00456833923281581,96.14191528341652,C,Medium Moving
35598B,BLACK CHRISTMAS TREE 60CM,919,792.85,48,1.7520833333333334,0.00456321687295338,96.14647850028948,C,Medium Moving
22247,BUNNY DECORATION MAGIC GARDEN,971,792.0699999999999,102,0.8402803738317757,0.004558727613748102,96.15103722790322,C,Medium Moving
20867,PINK ROSE FABRIC MIRROR,844,791.72,75,1.2249350649350648,0.004556713202566247,96.15559394110578,C,Medium Moving
82616C,MIDNIGHT GLAMOUR SCARF KNITTING KIT,539,791.22,78,1.9470512820512822,0.004553835472306455,96.16014777657809,C,Medium Moving
21676,FLOWERS  STICKERS,1102,787.3599999999999,98,0.8837755102040816,0.004531619394700854,96.16467939597278,C,Medium Moving
20913,SET/5 BLUE SPOTTY LID GLASS BOWLS,295,787.05,30,2.936666666666667,0.004529835201939783,96.16920923117472,C,Medium Moving
84685,BEACH HUT KEY CABINET,359,786.25,54,3.240740740740741,0.004525230833524115,96.17373446200824,C,Medium Moving
21555,CERAMIC STRAWBERRY TRINKET TRAY,316,784.2,51,2.5441176470588234,0.004513432139458965,96.1782478941477,C,Medium Moving
85196,EASTER BUNNIES ON A STICK,1536,783.96,66,0.5401515151515153,0.004512050828934264,96.18275994497664,C,Medium Moving
85194S,HANGING SPRING FLOWER EGG SMALL,1680,783.8,95,0.5456701030927835,0.00451112995525113,96.18727107493189,C,Medium Moving
84767,ZINC POLICE BOX LANTERN,193,783.7,4,5.4625,0.004510554409199172,96.19178162934108,C,Medium Moving
23380,PACK OF 12 VINTAGE DOILY TISSUES,2087,783.6899999999999,92,0.3892553191489362,0.004510496854593976,96.19629212619567,C,Fast Moving
21264,WHITE GOOSE FEATHER TREE 60CM ,352,782.4,57,3.0728070175438598,0.00450307231052371,96.2007951985062,C,Medium Moving
20669,RED HEART LUGGAGE TAG,627,781.47,132,1.2486231884057972,0.004497719732240496,96.20529291823844,C,Medium Moving
21801,CHRISTMAS TREE DECORATION WITH BELL,1860,781.1999999999999,80,0.41999999999999993,0.004496165757900207,96.20978908399634,C,Fast Moving
21318,GLASS CHALICE BLUE SMALL ,936,780.3,77,1.241025641025641,0.004490985843432581,96.21428006983977,C,Medium Moving
23004,TRAVEL CARD WALLET PANTRY,1853,779.9,123,0.42976190476190473,0.004488683659224746,96.21876875349899,C,Fast Moving
21414,SCALLOP SHELL SOAP DISH,1614,779.4,20,2.017142857142857,0.004485805928964954,96.22325455942796,C,Medium Moving
85135B,BLUE DRAGONFLY HELICOPTER,98,779.1,76,7.949999999999999,0.004484079290809078,96.22773863871876,C,Medium Moving
21724,PANDA AND BUNNIES STICKER SHEET,916,778.5999999999999,126,0.85,0.004481201560549285,96.23221984027931,C,Medium Moving
84660C,PINK STITCHED WALL CLOCK,689,778.07,55,2.4009090909090913,0.0044781511664739055,96.2366979914458,C,Medium Moving
23472, NINE DRAWER OFFICE TIDY,54,777.9,30,14.786666666666665,0.004477172738185576,96.24117516418399,C,Slow Moving
22216,T-LIGHT HOLDER WHITE LACE,1069,775.5699999999999,57,0.8,0.004463762515174941,96.24563892669916,C,Medium Moving
23220,REINDEER HEART DECORATION GOLD,929,774.4300000000001,77,0.9106410256410257,0.004457201290182615,96.25009612798934,C,Medium Moving
84907,PINK YELLOW PATCH CUSHION COVER,359,774.1500000000001,11,5.577272727272727,0.00445558976123713,96.25455171775057,C,Medium Moving
21551,CERAMIC BIRDHOUSE BUTTERFLY LARGE,165,772.95,19,5.821052631578948,0.004448683208613627,96.25900040095918,C,Medium Moving
85163A,WHITE BAROQUE WALL CLOCK ,79,772.65,41,12.189024390243903,0.0044469565704577515,96.26344735752964,C,Slow Moving
21632,VINTAGE PINK DECORATIVE PARASOL,102,772.5,32,11.375,0.004446093251379814,96.26789345078102,C,Medium Moving
85170D,SET/6 PINK BIRD T-LIGHT CANDLES,574,772.1899999999999,77,2.1102597402597403,0.004444309058618741,96.27233775983963,C,Medium Moving
85032C,CURIOUS IMAGES GIFT WRAP SET,793,772.1,100,0.9801980198019802,0.00444379106717198,96.2767815509068,C,Medium Moving
23409,PHOTO FRAME LINEN AND LACE LARGE,208,771.72,41,3.7275609756097565,0.0044416039921745375,96.28122315489898,C,Medium Moving
84908A,PINK 5 PATCH FLOWER CUSHION COVER ,387,769.65,7,4.0928571428571425,0.0044296901888989946,96.28565284508788,C,Medium Moving
22936,BAKING MOULD ROSE WHITE CHOCOLATE,258,766.88,33,3.3037142857142854,0.004413747563259743,96.29006659265114,C,Medium Moving
16259,PIECE OF CAMO STATIONERY SET,5473,766.09,55,0.14618181818181816,0.004409200749449271,96.2944757934006,C,Fast Moving
84659A,WHITE TRAVEL ALARM CLOCK,311,765.66,71,2.5254166666666666,0.004406725901425849,96.29888251930203,C,Medium Moving
85188A,GREEN METAL SWINGING BUNNY,904,765.28,81,0.8483950617283951,0.004404538826428406,96.30328705812846,C,Medium Moving
21444,BLUE CHALET BIRDFEEDER,273,763.75,20,3.6875,0.004395732971833441,96.30768279110029,C,Medium Moving
23458,DOLLY CABINET 3 DRAWERS ,51,762.4499999999999,30,14.95,0.004388250873157979,96.31207104197345,C,Slow Moving
22820,GIFT BAG BIRTHDAY,1172,761.98,76,0.6523376623376624,0.004385545806713774,96.31645658778017,C,Medium Moving
23550,WRAP ALPHABET POSTER  ,1850,761.0,63,0.41873015873015873,0.00437990545540458,96.32083649323557,C,Fast Moving
47593B,SCOTTIE DOGS BABY BIB,1730,760.14,107,0.5923423423423423,0.004374955759357736,96.32521144899493,C,Medium Moving
37327,ASSTD MULTICOLOUR CIRCLES MUG,1535,759.59,52,0.5814545454545454,0.004371790256071965,96.32958323925101,C,Medium Moving
22420,LIPSTICK PEN BABY PINK,1818,758.87,149,0.45129032258064516,0.004367646324497863,96.3339508855755,C,Medium Moving
23423,PANTRY 3 HOOK ROLLING PIN HANGER,202,757.5,51,3.75,0.004359761343586031,96.33831064691908,C,Medium Moving
22985,WRAP BILLBOARD FONTS DESIGN,1800,756.0,62,0.42,0.004351128152806653,96.34266177507189,C,Medium Moving
21298,EDWARDIAN 2 DRAWER WALL CABINET ,52,755.8,14,19.37857142857143,0.004349977060702735,96.34701175213259,C,Slow Moving
84908B,BLUE 5 PATCH FLOWER CUSHION COVER,385,755.75,5,2.95,0.004349689287676756,96.35136144142027,C,Medium Moving
23519,EMBROIDERED RIBBON REEL CLAIRE,219,755.01,19,3.701578947368421,0.004345430246892263,96.35570687166715,C,Medium Moving
21335,LIBRARY LAMP,36,754.1999999999999,22,21.54090909090909,0.0043407683238713985,96.36004763999102,C,Slow Moving
23487,SWEET HEART CAKE CARRIER,78,754.0,42,9.869047619047619,0.004339617231767482,96.36438725722279,C,Slow Moving
35646,VINTAGE BEAD PINK EVENING BAG,533,753.88,51,1.8050943396226415,0.004338926576505132,96.3687261837993,C,Medium Moving
21629,SQUARE FLOOR CUSHION VINTAGE RED,96,753.2,46,7.906521739130435,0.004335012863351814,96.37306119666265,C,Medium Moving
22547,MINI JIGSAW DINOSAUR ,1864,752.43,109,0.42803571428571424,0.004330581158751732,96.3773917778214,C,Fast Moving
23017,APOTHECARY MEASURING JAR,64,751.4000000000001,21,12.178571428571429,0.00432465303441656,96.38171643085582,C,Slow Moving
22825,DECORATIVE PLANT POT WITH FRIEZE,96,751.2,34,7.9147058823529415,0.004323501942312642,96.38603993279813,C,Medium Moving
17165B,ASS COL LARGE SAND GECKO P'WEIGHT,809,750.63,56,1.0295,0.004320221329816479,96.39036015412795,C,Medium Moving
72755C,FLOWER FAIRY OIL BURNER SET ROSE,588,750.0,13,1.7115384615384615,0.00431659538968914,96.39467674951764,C,Medium Moving
20775,DAISY NOTEBOOK ,3509,749.85,53,1.622222222222222,0.004315732070611202,96.39899248158825,C,Fast Moving
82613D,METAL SIGN CUPCAKE SINGLE HOOK,852,749.6,126,1.1314285714285715,0.004314293205481306,96.40330677479373,C,Medium Moving
22058,CERAMIC LOVE HEARTS DESIGN MUG,503,749.47,92,1.49,0.00431354499561376,96.40762031978934,C,Medium Moving
22683,FRENCH BLUE METAL DOOR SIGN 8,598,749.32,83,1.278433734939759,0.004312681676535822,96.41193300146588,C,Medium Moving
84922,PINK BUTTERFLY WASHBAG,335,748.75,10,4.025,0.004309401064039657,96.41624240252992,C,Medium Moving
17012C,ORIGAMI LAVENDER INCENSE/CANDL SET ,777,747.25,56,1.3901785714285713,0.004300767873260279,96.42054317040318,C,Medium Moving
23106,ZINC HEARTS PLANT POT HOLDER,275,746.15,49,2.769591836734694,0.004294436866688735,96.42483760726986,C,Medium Moving
37330,SPOTS MUG,426,744.2999999999998,17,1.8441176470588234,0.004283789264727502,96.4291213965346,C,Medium Moving
20989,URBAN CHIC CHOPSTICKS SET/5,397,744.15,48,1.9437499999999999,0.004282925945649564,96.43340432248024,C,Medium Moving
21641,ASSORTED TUTTI FRUTTI KEYRING BALL,1541,741.1299999999999,48,0.6722916666666666,0.004265544454880415,96.43766986693512,C,Medium Moving
21503,TOYBOX  WRAP ,1801,740.42,64,0.41875,0.004261458077911511,96.44193132501303,C,Medium Moving
21014,SWISS CHALET TREE DECORATION ,1662,737.66,107,0.5596428571428571,0.004245573006877454,96.44617689801991,C,Medium Moving
21300,ANTIQUE EDWARDIAN DRESSER,52,737.4,11,16.13181818181818,0.004244076587142362,96.45042097460706,C,Slow Moving
21851,LILAC DIAMANTE PEN IN GIFT BOX,383,736.67,46,4.604782608695652,0.004239875100963065,96.45466084970802,C,Medium Moving
84247E,PACK/12 XMAS FUN CARD,256,736.0000000000001,56,2.942857142857143,0.004236018942414943,96.45889686865044,C,Medium Moving
21286,RETROSPOT CANDLE  LARGE,690,735.82,37,1.324054054054054,0.004234982959521417,96.46313185160996,C,Medium Moving
84625D,WHITE NEWBAROQUE CANDLESTICK CANDLE,639,734.25,46,2.0117021276595746,0.004225946886505668,96.46735779849647,C,Medium Moving
21456,2 PICTURE BOOK EGGS EASTER CHICKS,718,732.5,51,1.239423076923077,0.004215874830596393,96.47157367332706,C,Medium Moving
21458,2 PICTURE BOOK EGGS EASTER BUNNY,718,732.5,57,1.2403508771929825,0.004215874830596393,96.47578954815765,C,Medium Moving
ADJUST2,Adjustment by Peter on Jun 25 2010 ,3,731.0500000000001,3,243.68333333333337,0.004207529412842995,96.47999707757049,C,Slow Moving
22230,JIGSAW TREE WITH WATERING CAN,1366,731.02,123,0.6944444444444444,0.004207356749027407,96.48420443431951,C,Medium Moving
21398,RED POLKADOT COFFEE  MUG,1541,730.9499999999999,53,0.7771698113207548,0.004206953866791035,96.4884113881863,C,Medium Moving
71279,PINK GLASS CANDLEHOLDER,251,730.8500000000001,52,2.9424528301886794,0.004206378320739078,96.49261776650704,C,Medium Moving
47503F,ASS FLORAL PRINT TORCH,2567,729.9499999999999,11,1.5227272727272727,0.004201198406271449,96.49681896491332,C,Fast Moving
21554,CERAMIC BIRDHOUSE RED ROOF LARGE,163,729.85,19,5.821052631578948,0.004200622860219491,96.50101958777354,C,Medium Moving
21285,RETROSPOT CANDLE  MEDIUM,726,729.62,50,1.5353999999999999,0.004199299104299987,96.50521888687784,C,Medium Moving
21880,RED RETROSPOT TAPE,1548,727.44,111,0.5596428571428571,0.004186752200367291,96.50940563907821,C,Medium Moving
21320,GLASS CHALICE GREEN  LARGE ,358,726.6600000000001,36,2.2159459459459456,0.004182262941162014,96.51358790201937,C,Medium Moving
85180B,PINK HEARTS LIGHT CHAIN ,279,726.63,32,3.8252941176470587,0.0041820902773464265,96.5177699922967,C,Medium Moving
22408,MONEY BOX CONFECTIONERY DESIGN,614,726.35,75,1.2269736842105263,0.0041804787484009415,96.5219504710451,C,Medium Moving
90147,CHUNKY SILVER NECKLACE PASTEL FLOWE,73,726.3499999999999,38,9.95,0.0041804787484009415,96.5261309497935,C,Slow Moving
22785,SQUARECUSHION COVER PINK UNION FLAG,108,725.8,44,6.7318181818181815,0.00417731324511517,96.5303082630386,C,Medium Moving
85230F,JASMINE VOTIVE CANDLE,2944,725.1199999999999,61,0.2768852459016394,0.004173399531961852,96.53448166257057,C,Fast Moving
85187,S/12 MINI RABBIT EASTER,451,724.9499999999999,88,1.6456043956043955,0.004172421103673522,96.53865408367425,C,Medium Moving
22493, PAINT YOUR OWN CANVAS SET,480,724.8,17,1.5794117647058823,0.004171557784595584,96.54282564145885,C,Medium Moving
23335,EGG FRYING PAN IVORY ,358,722.5600000000001,81,2.074390243902439,0.004158665553031713,96.54698430701188,C,Medium Moving
85121C,RETRO LAUNDRY TUB PISTACHIO,85,722.5,42,8.5,0.004158320225400538,96.55114262723728,C,Slow Moving
84821,DANISH ROSE DELUXE COASTER,1306,722.5,67,0.7079411764705883,0.004158320225400538,96.55530094746268,C,Medium Moving
21185, HOME SWEET HOME  BLACKBOARD,117,722.3100000000001,33,6.323939393939394,0.004157226687901817,96.55945817415059,C,Medium Moving
84596L,BISCUITS SMALL BOWL LIGHT BLUE,1262,720.9399999999999,130,0.783923076923077,0.004149341706989984,96.56360751585758,C,Medium Moving
20941,FROG CANDLE,928,719.62,69,1.185142857142857,0.0041417444991041314,96.56774926035669,C,Medium Moving
16011,ANIMAL STICKERS,3427,718.47,100,0.2095,0.004135125719506609,96.57188438607619,C,Fast Moving
84600,NEW BAROQUE JEWELLERY BOX ,94,717.3000000000001,39,7.8730769230769235,0.004128391830698693,96.5760127779069,C,Medium Moving
21376,LARGE  TALL CAMPHOR WOOD TOADSTOOL ,171,717.15,38,4.95,0.004127528511620755,96.58014030641851,C,Medium Moving
37423,WHITE WITH BLACK CATS PLATE,6091,716.23,25,0.7532,0.004122233487942737,96.58426253990646,C,Fast Moving
84631,FRUIT TREE AND BIRDS WALL PLAQUE,253,715.35,24,6.7,0.004117168682685502,96.58837970858914,C,Medium Moving
22492,MINI PAINT SET VINTAGE  BOY+ GIRL,1188,714.5999999999999,17,0.6441176470588236,0.004112852087295811,96.59249256067643,C,Medium Moving
84638,SMALL KITCHEN FLOWER POTS PLAQUE,356,714.2,31,5.353225806451613,0.004110549903087978,96.59660311057952,C,Medium Moving
20850,ZINC HEART LATTICE PLANTER BOWL,820,713.8000000000001,23,2.8434782608695657,0.004108247718880144,96.6007113582984,C,Medium Moving
84963A,PINK PAINTED KASHMIRI CHAIR,22,713.4000000000001,8,40.712500000000006,0.0041059455346723105,96.60481730383307,C,Slow Moving
35965,FOLKART HEART NAPKIN RINGS,375,713.3700000000001,82,2.402439024390244,0.004105772870856722,96.60892307670393,C,Medium Moving
16015,MEDIUM CHINESE STYLE SCISSOR,1572,711.38,65,0.4870769230769231,0.004094319504422747,96.61301739620835,C,Medium Moving
90200E,GREEN SWEETHEART BRACELET,170,710.5,53,4.240566037735849,0.004089254699165512,96.61710665090752,C,Medium Moving
21208,PASTEL COLOUR HONEYCOMB FAN,981,709.89,75,0.892077922077922,0.004085743868248564,96.62119239477576,C,Medium Moving
23006,TRAVEL CARD WALLET FLOWER MEADOW,1693,709.62,130,0.4195384615384615,0.004084189893908277,96.62527658466966,C,Medium Moving
21129,SILVER FISHING GNOME ,105,709.3000000000001,42,7.463095238095238,0.00408234814654201,96.6293589328162,C,Medium Moving
20769,DAISY JOURNAL ,403,708.47,61,2.4574193548387093,0.004077571114310753,96.63343650393051,C,Medium Moving
22685,FRENCH BLUE METAL DOOR SIGN 0,567,708.15,74,1.249189189189189,0.004075729366944485,96.63751223329746,C,Medium Moving
85130C,BEADED CRYSTAL HEART BLUE  LARGE,650,707.86,61,1.1367741935483873,0.004074060283393806,96.64158629358086,C,Medium Moving
21344,MOROCCAN BEATEN METAL DISH,164,707.8000000000001,24,7.908333333333332,0.004073714955762631,96.64566000853662,C,Medium Moving
85136A,YELLOW SHARK HELICOPTER,89,707.55,67,7.95,0.004072276090632734,96.64973228462726,C,Medium Moving
23123,COCKTAIL SWORDS 50 PIECES,899,705.2500000000001,68,0.8235294117647058,0.004059038531437688,96.6537913231587,C,Medium Moving
20936,FORKED CACTUS CANDLE,309,704.33,55,2.8769090909090913,0.00405374350775967,96.65784506666645,C,Medium Moving
23564,EGG CUP MILKMAID INGRID,587,703.51,42,1.2449999999999999,0.004049024030133609,96.66189409069659,C,Medium Moving
21417,COCKLE SHELL DISH,424,702.88,58,1.915,0.00404539809000627,96.66593948878659,C,Medium Moving
10134,COLOURING PENCILS BROWN TUBE,612,702.3,48,1.2424,0.00404205992290491,96.6699815487095,C,Medium Moving
85208,SET/12 FUNKY FELT FLOWER PEG IN BAG,353,701.94,59,2.0930508474576275,0.00403998795711786,96.67402153666661,C,Medium Moving
84849A,HELLO SAILOR BLUE SOAP HOLDER,430,700.78,68,1.6830434782608694,0.00403331162291514,96.67805484828953,C,Medium Moving
21374,MIRRORED WALL ART SKULLS,454,700.0,61,2.192622950819672,0.004028822363709864,96.68208367065324,C,Medium Moving
22676,"FRENCH BLUE METAL DOOR SIGN, 1",560,700.0,67,1.25,0.004028822363709864,96.68611249301695,C,Medium Moving
20892,SET/3 TALL GLASS CANDLE HOLDER PINK,86,699.7,23,10.593478260869565,0.004027095725553988,96.6901395887425,C,Slow Moving
22486,PLASMATRONIC LAMP,85,698.89,25,10.739600000000001,0.004022433802533124,96.69416202254503,C,Slow Moving
21719,LOVELY BONBON STICKER SHEET,824,698.8399999999999,92,0.8486170212765957,0.004022146029507144,96.69818416857454,C,Medium Moving
20776,ABSTRACT CIRCLES NOTEBOOK,3187,698.55,53,1.622222222222222,0.0040204769459564645,96.7022046455205,C,Fast Moving
37461,FUNKY MONKEY MUG,710,697.9,66,1.2141791044776118,0.004016735896618734,96.70622138141711,C,Medium Moving
21654,RIDGED GLASS FINGER BOWL,1129,696.2099999999999,62,0.8411111111111111,0.004007009168340635,96.71022839058546,C,Medium Moving
23187,FRENCH STYLE STORAGE JAR BONBONS,2338,695.06,74,0.3154666666666667,0.004000390388743111,96.7142287809742,C,Fast Moving
21427,SKULLS STORAGE BOX SMALL,441,694.5,73,2.05472972972973,0.003997167330852144,96.71822594830505,C,Medium Moving
22104,MIRROR MOSAIC CANDLE PLATE,1026,694.26,41,1.3195121951219513,0.003995786020327442,96.72222173432537,C,Medium Moving
21393,BLUE  SPOTTY PUDDING BOWL,2672,694.08,24,2.017916666666667,0.003994750037433917,96.72621648436281,C,Fast Moving
72755D,FLOWER FAIRY OIL BURNER SET SUMMER,533,693.25,13,1.9423076923076923,0.003989973005202661,96.73020645736801,C,Medium Moving
85093,CANDY SPOT EGG WARMER HARE,1044,692.74,59,0.887,0.003987037720337673,96.73419349508835,C,Medium Moving
85214,TUB 24 PINK FLOWER PEGS,419,691.35,135,1.65,0.00397903763021545,96.73817253271856,C,Medium Moving
21133,PAINTED BIRD ASSORTED CHRISTMAS,409,691.21,41,1.6899999999999997,0.003978231865742707,96.74215076458431,C,Medium Moving
21942,SKULLS DESIGN FLANNEL,1322,691.2,64,0.81140625,0.003978174311137511,96.74612893889545,C,Medium Moving
23183,MOTHER'S KITCHEN SPOON REST ,178,690.71,58,4.056610169491526,0.003975354135482914,96.75010429303093,C,Medium Moving
23222,CHRISTMAS TREE HANGING GOLD,776,690.64,64,0.9616666666666667,0.0039749512532465435,96.75407924428417,C,Medium Moving
84707A,SILVER JEWELLED MIRROR TRINKET TRAY,91,689.49,40,9.70075,0.00396833247364902,96.75804757675782,C,Medium Moving
79342B,BROWN FLOWER LIGHTS,109,688.95,24,6.695833333333333,0.0039652245249684435,96.7620128012828,C,Medium Moving
72131,COLUMBIAN CANDLE RECTANGLE,746,688.38,55,1.6482456140350878,0.00396194391247228,96.76597474519527,C,Medium Moving
21723,ALPHABET HEARTS STICKER SHEET,807,685.9499999999999,93,0.8499999999999999,0.003947958143409687,96.76992270333868,C,Medium Moving
82607A,GLASS BONBON JAR PARFUME AUX FLEURE,568,684.73,88,1.2435227272727274,0.003940936481575793,96.77386363982025,C,Medium Moving
84715,SET OF 6 ICE CREAM SKITTLES,232,684.4000000000001,39,2.95,0.00393903717960433,96.77780267699985,C,Medium Moving
23115,RED APPLES CHOPPING BOARD   ,144,684.0,38,4.928947368421053,0.003936734995396495,96.78173941199525,C,Medium Moving
23114,VINTAGE LEAF CHOPPING BOARD  ,144,684.0,41,4.930487804878049,0.003936734995396495,96.78567614699064,C,Medium Moving
85127,SMALL SQUARE CUT GLASS CANDLESTICK,138,683.1,37,4.95,0.003931555080928868,96.78960770207156,C,Medium Moving
79030G,"TUMBLER, NEW ENGLAND",472,683.04,52,1.5530769230769228,0.003931209753297693,96.79353891182487,C,Medium Moving
22847,"BREAD BIN, DINER STYLE, IVORY",45,682.7499999999999,10,15.55,0.003929540669747013,96.79746845249461,C,Slow Moving
17165D,ASS COL LARGE SAND FROG P'WEIGHT,716,682.32,89,1.0346236559139785,0.003927065821723592,96.80139551831634,C,Medium Moving
21443,OLIVE CHALET BIRDFEEDER,251,681.25,20,3.6875,0.003920907478967635,96.80531642579531,C,Medium Moving
20803,SMALL PINK GLASS SUNDAE DISH,1091,680.91,61,1.0755737704918034,0.0039189506223909765,96.8092353764177,C,Medium Moving
21674,RIDGED GLASS PENDANT LAMPSHADE,43,680.8499999999999,9,16.505555555555553,0.003918605294759801,96.81315398171246,C,Slow Moving
84971L,LARGE HEART FLOWERS HOOK   ,568,680.36,43,1.2413636363636362,0.003915785119105204,96.81706976683157,C,Medium Moving
85023B,EAU DE NILE JEWELLED PHOTOFRAME,292,679.8000000000001,37,2.5256756756756755,0.0039125620612142364,96.82098232889278,C,Medium Moving
21480,PINK STRIPE HOT WATER BOTTLE,245,679.5500000000001,38,2.9192307692307695,0.0039111231960843405,96.82489345208887,C,Medium Moving
23562,SET OF 6 RIBBONS PERFECTLY PRETTY  ,243,678.27,37,2.8791891891891894,0.00390375620661927,96.8287972082955,C,Medium Moving
84925D,LA PALMIERA WALL THERMOMETER,452,677.4499999999999,26,2.321153846153846,0.0038990367289932094,96.8326962450245,C,Medium Moving
21255,"FRENCH BOTTLE , LAVENDER",422,677.1,55,1.6427272727272726,0.0038970223178113558,96.83659326734231,C,Medium Moving
72800A,S/4 BLACK DINNER CANDLE SILVER FLOC,661,676.71,34,2.226176470588235,0.003894777688208717,96.84048804503051,C,Medium Moving
21850,BLUE  DIAMANTE PEN IN GIFT BOX,321,675.75,43,4.245348837209303,0.003889252446109915,96.84437729747663,C,Medium Moving
84842,HELLO SAILOR BATHROOM SET,1495,675.05,26,3.456153846153846,0.0038852236237462046,96.84826252110037,C,Medium Moving
21222,SET/4 BADGES BEETLES,530,672.18,84,1.3496470588235294,0.003868705452054994,96.85213122655242,C,Medium Moving
21286,RETRO SPOT CANDLE  LARGE,272,672.0,30,2.52,0.003867669469161469,96.85599889602157,C,Medium Moving
21391,FRENCH EMROIDR LAVENDER SCENT HEART,320,672.0,55,2.1,0.003867669469161469,96.85986656549073,C,Medium Moving
84689,S/2 BEACH HUT TREASURE CHESTS,305,671.65,34,4.3161764705882355,0.003865655057979614,96.86373222054871,C,Medium Moving
35951,FOLKART BAUBLE CHRISTMAS DECORATION,1339,671.51,40,0.7497499999999999,0.003864849293506872,96.86759706984222,C,Medium Moving
22965,3 TRADITIONAL COOKIE CUTTERS  SET,354,671.4000000000001,10,2.05,0.003864216192849718,96.87146128603507,C,Medium Moving
72799C,PINK PILLAR CANDLE SILVER FLOCK,452,670.28,39,2.39974358974359,0.0038577700770677822,96.87531905611213,C,Medium Moving
21265,PINK GOOSE FEATHER TREE 60CM,315,670.25,28,3.0928571428571425,0.0038575974132521946,96.87917665352539,C,Medium Moving
23223,CHRISTMAS TREE HANGING SILVER ,745,670.11,67,0.9460294117647059,0.003856791648779453,96.88303344517418,C,Medium Moving
85071C,"CHARLIE+LOLA""EXTREMELY BUSY"" SIGN",1197,669.8199999999999,98,1.1292929292929292,0.0038551225652287725,96.8868885677394,C,Medium Moving
23025,DRAWER KNOB VINTAGE GLASS BALL,317,669.61,46,2.1245652173913046,0.0038539139185196597,96.89074248165792,C,Medium Moving
85213,MINI  ZINC GARDEN DECORATIONS ,1270,669.5799999999999,49,0.6857142857142857,0.003853741254704072,96.89459622291263,C,Medium Moving
22036,DINOSAUR BIRTHDAY CARD,1618,668.76,110,0.41727272727272724,0.003849021777078012,96.8984452446897,C,Medium Moving
84615,PINK ROUND BUTTERFLY MIRROR ,235,667.8299999999999,18,3.861666666666667,0.003843669198794797,96.9022889138885,C,Medium Moving
72753A,S/3 FLWR FAIRY LILLY CANDLES,312,666.9000000000001,11,2.6318181818181823,0.0038383166205115836,96.90612723050901,C,Medium Moving
84029C,BROWN FURRY HOT WATER BOTTLE,191,665.05,38,3.7078947368421056,0.0038276690185503493,96.90995489952756,C,Medium Moving
23568,EGG CUP HENRIETTA HEN CREAM ,580,664.52,28,1.2349999999999999,0.0038246186244749692,96.91377951815204,C,Medium Moving
37492D,PURPLE GREEN FLOWER PIGGY BANK,359,664.35,24,3.7750000000000004,0.00382364019618664,96.91760315834823,C,Medium Moving
21457,2 PICTURE BOOK EGGS EASTER DUCKS,663,663.75,48,1.2385416666666667,0.0038201869198748887,96.92142334526811,C,Medium Moving
21478,SILVER SKULL HOT WATER BOTTLE ,179,662.61,76,3.745324675324675,0.0038136256948825614,96.925236970963,C,Medium Moving
23024,LARGE BONNE JAM JAR  T-LIGHT HOLDER,254,662.0600000000001,10,2.73,0.0038104601915967895,96.9290474311546,C,Medium Moving
23597,PAPER BUNTING PAISLEY PARK,246,661.7,28,2.9071428571428575,0.0038083882258097383,96.9328558193804,C,Medium Moving
85231E,STRAWBERRY SCENTED SET/9 T-LIGHTS,815,661.55,93,0.8458510638297871,0.0038075249067318004,96.93666334428714,C,Medium Moving
23547,WRAP FLOWER SHOP  ,1575,661.5,62,0.42,0.0038072371337058214,96.94047058142084,C,Medium Moving
17109C,FLOWER FAIRY INCENSE ROSE,3124,661.23,15,1.238,0.0038056831593655327,96.94427626458021,C,Fast Moving
72750B,FLOWER FAIRY SET 3 CANDLES LAVENDER,302,660.9,29,3.1913793103448276,0.0038037838573940696,96.9480800484376,C,Medium Moving
84620,BLUE GINGHAM ROSE CUSHION COVER,111,660.45,46,5.95,0.0038011939001602567,96.95188124233776,C,Medium Moving
72800B,S/4 PURPLE DINNER CANDLE BLK FLOCK,636,660.12,26,2.266428571428571,0.0037992945981887936,96.95568053693596,C,Medium Moving
35095B,RED VICTORIAN FABRIC OVAL BOX,1824,659.87,92,0.41434782608695647,0.0037978557330588967,96.95947839266901,C,Fast Moving
21764,VINTAGE WOODEN PLATE RACK,17,659.1500000000001,11,39.49545454545455,0.0037937118014847956,96.96327210447049,C,Slow Moving
23140,TRIPLE WIRE HOOK IVORY HEART,160,658.54,35,4.256857142857143,0.003790200970567848,96.96706230544106,C,Medium Moving
23042,PAPER LANTERN 7 POINT SNOW STAR,99,658.35,25,6.65,0.003789107433069127,96.97085141287413,C,Medium Moving
21220,SET/4 BADGES DOGS,516,658.31,82,1.3228915662650602,0.003788877214648343,96.97464029008877,C,Medium Moving
20783,HEART EAR MUFF HEADPHONES,130,658.26,34,5.440588235294118,0.0037885894416223643,96.9784288795304,C,Medium Moving
84976,RECTANGULAR SHAPED MIRROR,652,656.9,42,1.208095238095238,0.0037807620153157274,96.98220964154571,C,Medium Moving
84686,BEACH HUT MIRROR,344,654.54,37,3.4072972972972972,0.0037671791284895053,96.9859768206742,C,Medium Moving
21308,LOUVRE VANITY MIRROR,129,653.85,3,6.966666666666666,0.003763207860730992,96.98974002853492,C,Medium Moving
84595E,LARGE TORTILLA DESIGN RED BOWL,350,653.0999999999999,27,2.738888888888889,0.003758891265341302,96.99349891980026,C,Medium Moving
20862,PINK PATCH PENCIL CASE BLUE HEART,316,652.5300000000001,28,2.0853571428571427,0.0037556106528451394,96.9972545304531,C,Medium Moving
35647,VINTAGE BEAD PINK SHADE ,525,652.5,43,1.2329545454545454,0.0037554379890295518,97.00100996844213,C,Medium Moving
23482,PEARLISED IVORY HEART LARGE ,415,651.15,36,1.6388888888888888,0.0037476681173281108,97.00475763655946,C,Medium Moving
20894,HANGING BAUBLE T-LIGHT HOLDER LARGE,227,650.45,60,2.9368852459016392,0.0037436392949644014,97.00850127585443,C,Medium Moving
21084,SET/6 COLLAGE PAPER CUPS,2486,650.4000000000001,136,0.35285714285714287,0.0037433515219384224,97.01224462737636,C,Fast Moving
22248,DECORATION  PINK CHICK MAGIC GARDEN,773,648.73,85,0.8457142857142856,0.003733739902870714,97.01597836727923,C,Medium Moving
16169K,WRAP FOLK ART,2050,648.25,59,0.3615254237288135,0.0037309772818213127,97.01970934456105,C,Fast Moving
22383,LUNCHBAG SUKI  DESIGN ,405,648.25,32,1.6437499999999998,0.0037309772818213127,97.02344032184287,C,Medium Moving
47591B,SCOTTIES CHILDRENS APRON,423,647.55,76,1.6432467532467532,0.0037269484594576025,97.02716727030233,C,Medium Moving
21758,VINTAGE SHELLS PRINT,101,647.45,45,6.438888888888889,0.003726372913405645,97.03089364321573,C,Medium Moving
85028S,FRENCH CHATEAU SMALL FRUITBOWL,429,646.65,32,3.1196969696969696,0.003721768544989976,97.03461541176073,C,Medium Moving
21350,GINGHAM HEART WREATH,224,644.8000000000001,41,2.9406976744186046,0.0037111209430287432,97.03832653270375,C,Medium Moving
23408,PHOTO FRAME LINEN AND LACE SMALL,310,644.8000000000001,59,2.08,0.0037111209430287432,97.04203765364677,C,Medium Moving
23524,WALL ART HORSE & PONY ,209,644.6700000000001,34,3.6908823529411765,0.003710372733161197,97.04574802637994,C,Medium Moving
22033,BOTANICAL ROSE GREETING CARD,1552,644.64,107,0.41775700934579435,0.0037102000693456094,97.04945822644929,C,Medium Moving
23120,PACK OF 6 SMALL FRUIT STRAWS,1617,644.58,79,0.41857142857142854,0.0037098547417144345,97.053168081191,C,Medium Moving
22229,BUNNY WOODEN PAINTED WITH FLOWER ,860,644.52,114,0.752542372881356,0.003709509414083259,97.05687759060508,C,Medium Moving
22785,CUSHION COVER PINK UNION FLAG,101,643.35,22,6.713636363636363,0.0037027755252753442,97.06058036613035,C,Medium Moving
23325,RUSTIC STRAWBERRY JAM POT SMALL,408,642.0,27,1.6203703703703705,0.0036950056535739037,97.06427537178392,C,Medium Moving
16169M,WRAP DAISY CARPET ,2060,640.95,59,0.35483333333333333,0.0036889624200283394,97.06796433420395,C,Fast Moving
21319,GLASS CHALICE GREEN  SMALL ,474,640.26,48,1.5241666666666667,0.003684991152269825,97.07164932535622,C,Medium Moving
22638,SET OF 4 NAPKIN CHARMS CROWNS ,357,640.12,59,2.3466101694915253,0.0036841853877970826,97.07533351074402,C,Medium Moving
85163B,BLACK BAROQUE WALL CLOCK ,68,639.6,37,12.177027027027027,0.0036811925483268984,97.07901470329234,C,Slow Moving
84766,SILVER ROCOCO CANDLE STICK,200,638.0,27,4.57962962962963,0.0036719838114955615,97.08268668710384,C,Medium Moving
20998,ROSE DU SUD OVEN GLOVE,217,637.35,58,2.9431034482758625,0.003668242762157831,97.086354929866,C,Medium Moving
22034,ROBIN CHRISTMAS CARD,1533,635.22,83,0.4192771084337349,0.003655983631251114,97.09001091349725,C,Medium Moving
23298,"BUNTING , SPOTTY ",146,634.7,7,4.721428571428572,0.0036529907917809295,97.09366390428903,C,Medium Moving
85019C,CURIOUS  IMAGES NOTEBOOK SET,421,634.25,23,2.9456521739130435,0.003650400834547116,97.09731430512358,C,Medium Moving
85031A,ROMANTIC IMAGES SCRAP BOOK SET,386,634.2,38,3.7815789473684216,0.003650113061521137,97.1009644181851,C,Medium Moving
17164B,ASS COL SMALL SAND GECKO P'WEIGHT,1584,633.24,80,0.41740740740740745,0.003644587819422334,97.10460900600452,C,Medium Moving
84869,CANDY BUTTON PHOTO ALBUM,295,631.25,21,3.6642857142857146,0.0036331344529883596,97.1082421404575,C,Medium Moving
40018E,TEA TIME PAPER LANTERNS,334,630.5,48,1.9445833333333333,0.0036288178575986704,97.11187095831511,C,Medium Moving
84964A,PINK PAINTED KASHMIRI TABLE,11,630.0,2,45.0,0.003625940127338877,97.11549689844244,C,Slow Moving
22640,SET OF 4 NAPKIN CHARMS 3 KEYS ,298,629.82,69,2.450285714285714,0.003624904144445352,97.11912180258689,C,Medium Moving
23551,PACK OF 12 PAISLEY PARK TISSUES ,1614,629.4599999999999,95,0.38999999999999996,0.0036228321786583007,97.12274463476555,C,Medium Moving
84709B,PINK OVAL JEWELLED MIRROR,111,629.25,41,5.919047619047619,0.003621623531949188,97.12636625829751,C,Medium Moving
23019,SMALL APOTHECARY MEASURING JAR ,81,629.05,28,8.078571428571427,0.003620472439845271,97.12998673073736,C,Slow Moving
84033,FLAG OF ST GEORGE ,381,628.65,44,1.65,0.003618170255637437,97.13360490099299,C,Medium Moving
22446,PIN CUSHION BABUSHKA PINK,219,627.2900000000001,58,3.2862295081967217,0.003610342829330801,97.13721524382233,C,Medium Moving
72023F,RED ORGANIC CANDLE IN GLASS,613,627.05,38,1.22,0.0036089615188060996,97.14082420534113,C,Medium Moving
16169N,WRAP BLUE RUSSIAN FOLKART,2025,626.25,56,0.3501785714285714,0.0036043571503904313,97.14442856249153,C,Fast Moving
71101E,STANDING FAIRY POLE SUPPORT ,777,626.13,47,0.8364583333333333,0.003603666495128081,97.14803222898665,C,Medium Moving
85218,S/5 MINI ICE CREAM FRIDGE MAGNETS,1992,625.1999999999999,2,0.875,0.0035983139168448666,97.15163054290349,C,Fast Moving
84968F,S/16 VINTAGE SKY BLUE CUTLERY,49,624.75,26,12.75,0.0035957239596110533,97.1552262668631,C,Slow Moving
22999,TRAVEL CARD WALLET RETRO PETALS,1489,623.94,88,0.4193406593406593,0.003591062036590189,97.15881732889969,C,Medium Moving
22510,GINGHAM BABUSHKA DOORSTOP,270,623.86,60,2.8263333333333334,0.0035906015997486224,97.16240793049944,C,Medium Moving
35954,SMALL FOLKART STAR CHRISTMAS DEC,1975,621.81,66,0.3410447761194029,0.0035788029056834716,97.16598673340512,C,Fast Moving
85028L,FRENCH CHATEAU LARGE FRUIT BOWL ,269,621.75,25,5.042,0.0035784575780522967,97.16956519098318,C,Medium Moving
85230E,STRAWBRY SCENTED VOTIVE CANDLE,2421,621.4499999999999,65,0.2752307692307692,0.0035767309398964213,97.17314192192308,C,Fast Moving
23224,CHERUB HEART DECORATION GOLD,719,620.45,59,0.9328813559322033,0.003570975479376836,97.17671289740245,C,Medium Moving
20898,VINTAGE NOTEBOOK TRAVELOGUE,307,620.0500000000001,37,2.862820512820513,0.003568673295169002,97.18028157069762,C,Medium Moving
22056,CERAMIC PLATE LOVE HEART DESIGN,596,619.84,25,1.4308,0.0035674646484598884,97.18384903534607,C,Medium Moving
84708B,PINK JEWELLED PHOTO FRAME ,126,618.1,45,4.9195652173913045,0.0035574501471558103,97.18740648549323,C,Medium Moving
22837,HOT WATER BOTTLE BABUSHKA LARGE,136,618.0,14,4.621428571428572,0.003556874601103851,97.19096336009433,C,Medium Moving
22677,"FRENCH BLUE METAL DOOR SIGN, 2",493,616.25,65,1.25,0.003546802545194577,97.19451016263952,C,Medium Moving
85170C,SET/6 EAU DE NIL BIRD T-LIGHTS,428,615.83,48,1.9860416666666667,0.003544385251776351,97.19805454789129,C,Medium Moving
84932C,SMALL ORIENTAL BLUE FOLDING STOOL,282,615.4,34,3.105882352941176,0.0035419104037529283,97.20159645829504,C,Medium Moving
17107D,"FLOWER FAIRY,5 SUMMER B'DRAW LINERS",241,614.55,61,2.55,0.0035370182623112806,97.20513347655735,C,Medium Moving
84761,IVORY HANGING BIRD PLANTER ,245,613.9499999999999,46,2.5402173913043478,0.003533564985999529,97.20866704154335,C,Medium Moving
20897,VINTAGE NOTEBOOK PARIS DAYS,298,613.9000000000001,37,2.8932432432432433,0.0035332772129735507,97.21220031875633,C,Medium Moving
21415,CLAM SHELL SMALL ,320,613.69,56,2.0151785714285717,0.003532068566264438,97.21573238732259,C,Medium Moving
23216,LAUREL HEART ANTIQUE GOLD,518,613.51,40,1.348048780487805,0.0035310325833709123,97.21926341990596,C,Medium Moving
22511,RETROSPOT BABUSHKA DOORSTOP,287,613.37,67,2.734776119402985,0.00353022681889817,97.22279364672485,C,Medium Moving
16244B,MAXWELL 2 TONE BLUE 60 PAGE PHOTO A,309,612.85,8,2.91875,0.0035272339794279856,97.22632088070428,C,Medium Moving
84534B,FAIRY CAKE NOTEBOOK A5 SIZE,721,612.8499999999999,107,0.85,0.0035272339794279847,97.2298481146837,C,Medium Moving
35651,VINTAGE BEAD PINK SCARF ,337,612.75,37,2.4789473684210526,0.003526658433376027,97.23337477311708,C,Medium Moving
23453,OVAL  MINI PORTRAIT FRAME,315,611.85,46,1.9437499999999999,0.0035214785189084004,97.23689625163598,C,Medium Moving
90175A,WHITE GLASS CHUNKY CHARM BRACELET,69,611.1,28,8.719642857142857,0.003517161923518711,97.24041341355951,C,Slow Moving
22684,FRENCH BLUE METAL DOOR SIGN 9,489,610.65,66,1.249090909090909,0.0035145719662848978,97.24392798552579,C,Medium Moving
23492,VINTAGE JINGLE BELLS WREATH,74,610.5,26,8.25,0.0035137086472069594,97.24744169417299,C,Slow Moving
47594B,SCOTTIES DESIGN WASHBAG,313,610.3499999999999,83,1.95,0.0035128453281290215,97.25095453950112,C,Medium Moving
23070,EDWARDIAN HEART PHOTO FRAME,147,610.0500000000001,33,4.15,0.0035111186899731465,97.2544656581911,C,Medium Moving
16156N,"WRAP, FRIENDSHIP ON GREEN",1450,609.0,55,0.42,0.0035050754564275814,97.25797073364753,C,Medium Moving
90209C,PINK ENAMEL+GLASS HAIR COMB,330,609.0,24,2.0416666666666665,0.0035050754564275814,97.26147580910396,C,Medium Moving
84601A,NEW BAROQUE IVORY CUSHION COVER ,254,607.7,12,2.7750000000000004,0.0034975933577521207,97.2649734024617,C,Medium Moving
22678,"FRENCH BLUE METAL DOOR SIGN, 3",486,607.5,59,1.25,0.003496442265648203,97.26846984472735,C,Medium Moving
20763,DAISY SKETCHBOOK ,245,606.86,59,3.5450847457627117,0.0034927587709156684,97.27196260349827,C,Medium Moving
35915B,BLUE KNITTED HEN ,434,606.66,31,1.6381249999999998,0.0034916076788117515,97.27545421117708,C,Medium Moving
23435,3 RAFFIA RIBBONS VINTAGE CHRISTMAS,676,606.28,44,0.9072727272727273,0.0034894206038143085,97.27894363178089,C,Medium Moving
85044,RED REINDEER STRING OF 20 LIGHTS,131,605.75,26,4.86923076923077,0.0034863702097389284,97.28243000199063,C,Medium Moving
35095A,BLUE VICTORIAN FABRIC OVAL BOX,1665,605.57,78,0.415,0.0034853342268454037,97.28591533621749,C,Medium Moving
85135A,YELLOW DRAGONFLY HELICOPTER,76,604.2,50,7.95,0.003477449245933571,97.28939278546342,C,Slow Moving
72814,SET OF 3 CHRISTMAS BRIAR CANDLES,171,602.85,28,3.722413793103448,0.0034696793742321308,97.29286246483765,C,Medium Moving
84932A,SMALL GREEN PEONY FOLDING STOOL,262,602.6,24,3.860416666666667,0.0034682405091022344,97.29633070534676,C,Medium Moving
21366,MIRRORED WALL ART PHOTO FRAMES,153,602.25,26,4.231481481481482,0.003466226097920379,97.29979693144469,C,Medium Moving
22981,PANTRY APPLE CORER,435,601.9499999999999,72,1.4473333333333334,0.0034644994597645027,97.30326143090446,C,Medium Moving
84986B,SET OF 36 SILVER PAPER DOILIES,415,601.75,67,1.45,0.0034633483676605866,97.30672477927212,C,Medium Moving
84952C,MIRROR LOVE BIRD T-LIGHT HOLDER,343,601.65,24,3.134,0.0034627728216086273,97.31018755209372,C,Medium Moving
21197,MULTICOLOUR  CONFETTI IN TUBE,412,601.56,31,1.5990624999999998,0.0034622548301618647,97.31364980692389,C,Medium Moving
21378,SMALL TALL CAMPHOR WOOD TOADSTOOL,522,601.5,57,1.5064912280701752,0.00346190950253069,97.31711171642642,C,Medium Moving
85017A,ENVELOPE 50 ROMANTIC IMAGES,924,599.64,53,0.8340740740740741,0.0034512043459642605,97.32056292077239,C,Medium Moving
21284,RETRO SPOT CANDLE  SMALL,365,599.57,35,1.6694285714285715,0.00345080146372789,97.32401372223612,C,Medium Moving
90200B,BLACK SWEETHEART BRACELET,141,599.25,45,4.25,0.0034489597163616225,97.32746268195248,C,Medium Moving
21775,DECORATIVE FLORE BATHROOM BOTTLE,511,598.91,79,1.239625,0.0034470028597849635,97.33090968481227,C,Medium Moving
85031B,BLOSSOM IMAGES SCRAP BOOK SET,408,598.8,26,3.3846153846153846,0.003446369759127809,97.3343560545714,C,Medium Moving
21253,SET OF PICTURE FRAME  STICKERS,225,598.59,51,2.866470588235294,0.003445161112418696,97.33780121568383,C,Medium Moving
23282,FOLDING BUTTERFLY MIRROR IVORY ,735,597.7800000000001,100,0.8747058823529411,0.003440499189397832,97.34124171487322,C,Medium Moving
23027,DRAWER KNOB VINTAGE GLASS HEXAGON,287,596.96,27,2.08,0.003435779711771772,97.34467749458499,C,Medium Moving
21386,IVORY HANGING DECORATION  EGG,1097,596.6899999999999,82,0.620919540229885,0.003434225737431483,97.34811172032242,C,Medium Moving
21247,SET OF RED SALAD SERVERS ,400,596.0,61,1.49,0.0034302544696729696,97.3515419747921,C,Medium Moving
23471,SIX DRAWER OFFICE TIDY,64,596.0,26,9.753846153846153,0.0034302544696729696,97.35497222926178,C,Slow Moving
84578,ELEPHANT TOY WITH BLUE T-SHIRT,160,595.68,78,3.7365000000000004,0.003428412722306702,97.35840064198408,C,Medium Moving
23124,18PC WOODEN CUTLERY SET DISPOSABLE,503,595.15,24,1.24125,0.003425362328231322,97.3618260043123,C,Medium Moving
20831,GOLD PHOTO FRAME,394,594.84,51,1.943269230769231,0.0034235781354702505,97.36524958244777,C,Medium Moving
84507C,BLUE CIRCLES DESIGN MONKEY DOLL,425,594.15,62,2.415079365079365,0.003419606867711736,97.36866918931548,C,Medium Moving
21558,SKULL LUNCHBOX WITH CUTLERY ,250,592.5,42,2.539285714285714,0.00341011035785442,97.37207929967333,C,Medium Moving
72772,SET/4 SCENTED CANDLES IN RAMEKINS,454,592.5,8,1.875,0.00341011035785442,97.37548941003118,C,Medium Moving
84963B,BLUE PAINTED KASHMIRI CHAIR,18,591.5,6,42.958333333333336,0.0034043548973348345,97.37889376492852,C,Slow Moving
17012B,ORIGAMI JASMINE INCENSE/CANDLE SET,617,590.8499999999999,48,1.3385416666666667,0.003400613847997104,97.38229437877652,C,Medium Moving
85017C,ENVELOPE 50 CURIOUS IMAGES,931,590.11,56,0.7906896551724137,0.003396354807212611,97.38569073358373,C,Medium Moving
84663A,GRASS HOPPER WOODEN WALL CLOCK ,345,589.79,39,3.290512820512821,0.0033945130598463436,97.38908524664357,C,Medium Moving
20735,BLACK MINI TAPE MEASURE ,824,588.0,63,0.8123809523809524,0.0033842107855162856,97.39246945742909,C,Medium Moving
21816,CHRISTMAS TREE T-LIGHT HOLDER,405,587.25,41,1.45,0.0033798941901265964,97.39584935161922,C,Medium Moving
23018,LARGE APOTHECARY MEASURING JAR ,50,587.2,20,12.2975,0.0033796064171006173,97.39922895803632,C,Slow Moving
17012A,ORIGAMI VANILLA INCENSE/CANDLE SET ,644,586.6,34,1.3257142857142856,0.0033761531407888656,97.40260511117711,C,Medium Moving
22289,"DECORATION , HANGING METAL CHICKEN",601,586.25,30,1.2322580645161292,0.0033741387296070107,97.40597924990672,C,Medium Moving
20714,POSY SHOPPER BAG,1513,586.25,12,0.5975,0.0033741387296070107,97.40935338863633,C,Medium Moving
23520,EMBROIDERED RIBBON REEL RUBY ,165,585.63,30,3.734666666666667,0.003370570344084868,97.41272395898042,C,Medium Moving
17109D,FLOWER FAIRY INCENSE BOUQUET,1253,584.87,36,1.3005405405405406,0.003366196194089983,97.41609015517452,C,Medium Moving
21076,SET/20 COLLAGE PAPER NAPKIN ,759,584.67,73,0.8443999999999999,0.003365045101986066,97.4194552002765,C,Medium Moving
21750,LARGE SKULL WINDMILL,284,584.4000000000001,49,2.0948979591836734,0.003363491127645778,97.42281869140415,C,Medium Moving
84684,BEACH HUT PHOTO FRAME,574,583.1,21,1.9023809523809523,0.0033560090289703167,97.42617470043312,C,Medium Moving
22043,CHRISTMAS CARD SCREEN PRINT ,2112,583.08,92,0.3006451612903226,0.003355893919759925,97.42953059435288,C,Fast Moving
21263,GREEN GOOSE FEATHER TREE 60CM,286,581.7,44,2.3055555555555554,0.003347951384242897,97.43287854573713,C,Medium Moving
35811A,ENAMEL PINK SUGAR CONTAINER,391,581.58,47,1.887659574468085,0.003347260728980547,97.43622580646611,C,Medium Moving
84934,ASSTD DESIGN POP ART SLIM PEN,684,581.4,12,0.85,0.003346224746087021,97.4395720312122,C,Medium Moving
21440,12 MINI TOADSTOOL PEGS,465,581.25,88,1.25,0.0033453614270090833,97.4429173926392,C,Medium Moving
22680,"FRENCH BLUE METAL DOOR SIGN, 5",465,581.25,56,1.25,0.0033453614270090833,97.44626275406621,C,Medium Moving
20854,BLUE PATCH PURSE PINK HEART,363,581.15,83,1.6476190476190478,0.003344785880957125,97.44960753994717,C,Medium Moving
22538,MINI JIGSAW GO TO THE FAIR,1409,580.74,62,0.41629032258064513,0.003342426142144095,97.4529499660893,C,Medium Moving
21134,VICTORIAN METAL POSTCARD CHRISTMAS,351,579.15,42,1.65,0.0033332749599179535,97.45628324104922,C,Medium Moving
21221,SET/4 BADGES CUTE CREATURES,454,578.39,61,1.2698360655737704,0.0033289008099230684,97.45961214185914,C,Medium Moving
22042,CHRISTMAS CARD SINGING ANGEL,1625,577.62,96,0.38680412371134015,0.003324469105322988,97.46293661096446,C,Medium Moving
82616A,BUBBLE GUM SCARF KNITTING KIT,306,576.3000000000001,46,2.7282608695652173,0.0033168718974371358,97.4662534828619,C,Medium Moving
22641,SET OF 4 NAPKIN CHARMS INSTRUMENT,255,576.17,51,2.473333333333333,0.0033161236875695888,97.46956960654947,C,Medium Moving
84858C,PINK RIVIERA HANDBAG,344,575.7,27,4.905555555555556,0.003313418621125384,97.47288302517059,C,Medium Moving
85144,JARDIN ETCHED GLASS CHEESE DISH,219,575.45,40,3.889024390243902,0.003311979755995487,97.47619500492658,C,Medium Moving
22685,"FRENCH BLUE METAL DOOR SIGN, 0",460,575.0,53,1.25,0.003309389798761674,97.47950439472534,C,Medium Moving
84762B,PINK PICNIC BARBECUE BUCKET,82,574.3000000000001,21,9.15,0.003305360976397964,97.48280975570174,C,Slow Moving
22100,SKULLS SQUARE TISSUE BOX,943,574.17,81,0.9668292682926829,0.0033046127665304174,97.48611436846826,C,Medium Moving
20839,FRENCH PAISLEY CUSHION COVER ,507,574.09,60,1.3456666666666666,0.003304152329688851,97.48941852079795,C,Medium Moving
22679,"FRENCH BLUE METAL DOOR SIGN, 4",459,573.75,54,1.25,0.003302195473112192,97.49272071627107,C,Medium Moving
21709,FOLDING UMBRELLA CHOCOLATE POLKADOT,116,573.61,39,5.0605128205128205,0.0033013897086394497,97.4960221059797,C,Medium Moving
21416,CLAM SHELL LARGE,746,572.7,17,3.578333333333333,0.0032961522395666275,97.49931825821928,C,Medium Moving
21307,SET/4 BUTTERFLY MIRROR MAGNETS,726,572.3,54,1.7077777777777778,0.0032938500553587927,97.50261210827463,C,Medium Moving
37351,ORANGE FLOWER MUG ,5395,571.7099999999999,7,0.9628571428571429,0.003290454333652237,97.50590256260828,C,Fast Moving
20658,RED RETROSPOT LUGGAGE TAG,457,571.25,98,1.25,0.003287806821813228,97.5091903694301,C,Medium Moving
21392,RED POLKADOT PUDDING BOWL,3708,571.17,13,1.592857142857143,0.0032873463849716605,97.51247771581507,C,Fast Moving
75013B,"STRING OF 8 BUTTERFLIES,PINK",360,571.05,58,1.650806451612903,0.003286655729709311,97.51576437154478,C,Medium Moving
21710,FOLDING UMBRELLA PINKWHITE POLKADOT,116,570.8100000000001,44,5.032045454545455,0.003285274419184611,97.51904964596396,C,Medium Moving
85078,SCANDINAVIAN 3 HEARTS NAPKIN RING,2044,570.2,84,0.38465116279069766,0.0032817635882676634,97.52233140955222,C,Fast Moving
85188B,PINK METAL SWINGING BUNNY,669,568.65,51,0.85,0.0032728426244623054,97.52560425217669,C,Medium Moving
16169C,WRAP BLUE REINDEER,1350,567.0,43,0.42,0.00326334611460499,97.5288675982913,C,Medium Moving
22699,TEACUP AND SAUCER REGENCY ROSES,210,566.7,14,2.835714285714286,0.0032616194764491144,97.53212921776775,C,Medium Moving
20619,TROPICAL PASSPORT COVER ,373,566.33,68,2.149264705882353,0.0032594899560568673,97.5353887077238,C,Medium Moving
85113,POLKA DOT PISTACHIO PAIL,279,566.22,43,2.0906818181818183,0.003258856855399713,97.5386475645792,C,Medium Moving
20849,ZINC HEART LATTICE DOUBLE PLANTER,670,566.1,20,3.5100000000000002,0.0032581662001373627,97.54190573077933,C,Medium Moving
22414,DOOR MAT NEIGHBOURHOOD WITCH ,79,565.89,35,7.371142857142857,0.00325695755342825,97.54516268833277,C,Slow Moving
90200C,BLUE SWEETHEART BRACELET,133,565.25,40,4.25,0.003253274058695715,97.54841596239146,C,Medium Moving
82613B,"METAL SIGN,CUPCAKE SINGLE HOOK",638,565.1,94,1.1440425531914895,0.0032524107396177775,97.55166837313108,C,Medium Moving
22288,HANGING METAL RABBIT DECORATION,452,565.0,39,1.25,0.0032518351935658186,97.55492020832465,C,Medium Moving
21223,SET/4 BADGES WOODLAND ANIMAL,482,564.5,35,1.2447222222222223,0.0032489574633060257,97.55816916578794,C,Medium Moving
85146,JARDIN ETCHED GLASS SMALL BELL JAR,115,564.25,27,5.191379310344828,0.0032475185981761293,97.56141668438612,C,Medium Moving
85119,WATERING CAN SINGLE HOOK PISTACHIO,412,564.12,38,1.6748717948717946,0.0032467703883085836,97.56466345477443,C,Medium Moving
84993A,75 GREEN PETIT FOUR CASES,1343,564.06,126,0.42,0.0032464250606774082,97.56790987983511,C,Medium Moving
85088,CANDY SPOT HAND BAG,273,563.77,44,2.1811111111111114,0.0032447559771267287,97.57115463581223,C,Medium Moving
84569A,PACK 3 IRON ON DOG PATCHES,450,563.71,64,1.2683333333333333,0.0032444106494955538,97.57439904646174,C,Medium Moving
79315W,FLYING SAUCER TABLE LIGHT IN WHITE,191,563.45,7,2.95,0.003242914229760461,97.5776419606915,C,Medium Moving
20863,BLUE PATCH PENCIL CASE PINK HEART,284,563.19,42,2.0707142857142857,0.003241417810025369,97.58088337850153,C,Medium Moving
90160C,TURQ+RED BOUDICCA LARGE BRACELET,81,562.95,32,6.95,0.0032400364995006686,97.58412341500103,C,Slow Moving
21322,GLASS SPHERE CANDLE STAND LARGE ,299,562.45,13,4.273076923076923,0.0032371587692408754,97.58736057377027,C,Medium Moving
47583A,SET OF 3 WICKER BASKET ROSE,70,561.8,5,21.36,0.0032334177199031446,97.59059399149017,C,Slow Moving
47421,ASSORTED COLOUR LIZARD SUCTION HOOK,1437,561.78,72,0.41468354430379745,0.003233302610692753,97.59382729410086,C,Medium Moving
21442,GREEN BIRDHOUSE DECORATION,883,561.67,80,0.771375,0.0032326695100355985,97.5970599636109,C,Medium Moving
21365,MIRRORED WALL ART STARS,444,561.6,60,1.5822580645161293,0.0032322666277992277,97.60029223023871,C,Medium Moving
84859A,SILVER DISCO HANDBAG,284,560.76,50,2.9780769230769235,0.0032274320409627763,97.60351966227967,C,Medium Moving
84086C,PINK/PURPLE RETRO RADIO,190,560.5,34,2.95,0.0032259356212276835,97.6067455979009,C,Medium Moving
82613A,"METAL SIGN,CUPCAKE SINGLE HOOK",448,560.0,81,1.25,0.003223057890967891,97.60996865579186,C,Medium Moving
37474,SET/4 2 TONE EGG SHAPE MIXING BOWLS,58,559.5799999999999,39,9.876999999999999,0.0032206405975496646,97.61318929638941,C,Slow Moving
23428,IVORY RETRO KITCHEN WALL CLOCK,70,559.5,26,8.107692307692307,0.0032201801607080983,97.61640947655012,C,Slow Moving
21147,JINGLE BELLS TREE DECORATION,331,559.14,46,2.051276595744681,0.0032181081949210475,97.61962758474503,C,Medium Moving
22683,"FRENCH BLUE METAL DOOR SIGN, 8",447,558.75,54,1.25,0.0032158635653184095,97.62284344831035,C,Medium Moving
22950,SET OF 36 DOILIES VINTAGE CHRISTMAS,444,557.4,2,1.35,0.0032080936936169685,97.62605154200396,C,Medium Moving
20782,CAMOUFLAGE EAR MUFF HEADPHONES,101,556.25,51,5.5245098039215685,0.0032014749140194454,97.62925301691799,C,Medium Moving
85084,HOLLY TOP CHRISTMAS STOCKING,605,554.5699999999999,62,0.8629230769230769,0.0031918057403465413,97.63244482265833,C,Medium Moving
84247G,"DECOUPAGE,GREETING CARD,",1332,554.4,87,0.41931034482758617,0.003190827312058212,97.63563564997038,C,Medium Moving
22999,TRAVEL CARD WALLET VINTAGE LEAF,1320,554.4,97,0.42000000000000004,0.003190827312058212,97.63882647728244,C,Medium Moving
90199C,5 STRAND GLASS NECKLACE CRYSTAL,94,553.9,26,6.319285714285714,0.0031879495817984196,97.64201442686424,C,Medium Moving
85230B,CINNAMON SCENTED VOTIVE CANDLE,2095,553.79,66,0.2778787878787879,0.0031873164811412644,97.64520174334538,C,Fast Moving
16162L,THE KING GIFT BAG,8083,553.79,17,0.5182352941176471,0.0031873164811412644,97.64838905982653,C,Fast Moving
84931B,BLUE SCOTTIE DOG W FLOWER PATTERN,219,553.05,52,2.5326923076923076,0.003183057440356771,97.65157211726688,C,Medium Moving
22684,"FRENCH BLUE METAL DOOR SIGN, 9",442,552.5,49,1.25,0.0031798919370709996,97.65475200920395,C,Medium Moving
84773,RED ROSE AND LACE C/COVER,187,551.6500000000001,46,2.95,0.0031749997956293527,97.65792700899958,C,Medium Moving
23456,MEDIUM PARLOUR PICTURE FRAME ,136,550.0,34,4.126470588235295,0.003165503285772036,97.66109251228535,C,Medium Moving
85205B,PINK FELT EASTER RABBIT GARLAND,215,548.25,43,2.55,0.003155431229862761,97.6642479435152,C,Medium Moving
22092,BLUE PAISLEY TISSUE BOX,903,548.05,133,0.7463157894736843,0.003154280137758844,97.66740222365297,C,Medium Moving
22703,PINK CAT BOWL,310,547.92,74,1.8358108108108107,0.0031535319278912974,97.67055575558086,C,Medium Moving
20856,DENIM PATCH PURSE PINK BUTTERFLY,332,547.8,88,1.65,0.003152841272628947,97.67370859685349,C,Medium Moving
84805B,BLUE CLIMBING HYDRANGA ART FLOWER,339,547.6500000000001,8,2.3,0.0031519779535510105,97.67686057480704,C,Medium Moving
22682,"FRENCH BLUE METAL DOOR SIGN, 7",438,547.5,53,1.25,0.0031511146344730717,97.68001168944151,C,Medium Moving
84876D,BLUE HEART COMPACT MIRROR,324,547.5,28,2.5892857142857144,0.0031511146344730717,97.68316280407599,C,Medium Moving
85186A,EASTER BUNNY GARLAND OF FLOWERS,1302,546.84,81,0.42,0.003147316030530146,97.68631012010653,C,Medium Moving
23549,WRAP BIRD GARDEN ,1300,546.0,51,0.42,0.0031424814436936933,97.68945260155022,C,Medium Moving
47594A,CAROUSEL DESIGN WASHBAG,280,546.0,74,1.9499999999999997,0.0031424814436936933,97.6925950829939,C,Medium Moving
37333,"RETRO ""TEA FOR ONE"" ",120,545.4,34,4.488235294117647,0.0031390281673819424,97.69573411116129,C,Medium Moving
22391,PAPERWEIGHT HOME SWEET HOME,305,545.3100000000001,50,2.1302,0.00313851017593518,97.69887262133722,C,Medium Moving
23381,PACK OF 12 VINTAGE LEAF TISSUES ,1474,544.62,64,0.3889230769230769,0.0031345389081766655,97.70200716024539,C,Medium Moving
21339,MARAKESH LANTERN LARGE,30,544.5,12,19.257692307692306,0.003133848252914315,97.7051410084983,C,Slow Moving
23069,EDWARDIAN PHOTO FRAME,87,543.75,31,6.25,0.003129531657524626,97.70827054015582,C,Slow Moving
20819,SILVER TEDDY BEAR,208,543.71,50,3.6242,0.003129301439103843,97.71139984159493,C,Medium Moving
85031C,CURIOUS IMAGES SCRAP BOOK SET,343,543.45,28,3.7607142857142857,0.0031278050193687514,97.7145276466143,C,Medium Moving
84806B,WHITE CANDYSTUFT ARTIFICIAL FLOWER,433,543.37,30,1.3736666666666666,0.003127344582527184,97.71765499119682,C,Medium Moving
16049,TEATIME GEL PENS ASST,3144,542.88,25,0.27599999999999997,0.0031245244068725865,97.7207795156037,C,Fast Moving
84859C,PINK DISCO HANDBAG,302,542.64,37,2.9357894736842107,0.0031231430963478864,97.72390265870004,C,Medium Moving
84051,ASS COLOUR GLOWING TIARAS,697,542.05,52,0.8420754716981131,0.003119747374641331,97.72702240607468,C,Medium Moving
45008C,DECORATIVE NET CANOPY CREAM,68,541.6,20,8.6005,0.003117157417407518,97.73013956349209,C,Slow Moving
84932D,SMALL ORIENTAL RED FOLDING STOOL,237,540.75,19,3.3289473684210527,0.0031122652759658694,97.73325182876805,C,Medium Moving
21304,ARCHED GREY MIRROR,84,540.6,16,9.3375,0.003111401956887932,97.73636323072493,C,Slow Moving
21441,BLUE BIRDHOUSE DECORATION,855,540.2099999999999,83,0.7936904761904762,0.0031091573272852935,97.73947238805222,C,Medium Moving
35653,VINTAGE BEAD NOTEBOOK,183,539.85,56,2.95,0.003107085361498243,97.74257947341371,C,Medium Moving
21293,MIRRORED DOVE WALL DECORATION,256,539.63,42,2.147209302325581,0.003105819160183934,97.7456852925739,C,Medium Moving
22246,MAGIC GARDEN FELT GARLAND ,270,539.5799999999999,37,2.1856756756756757,0.0031055313871579545,97.74879082396106,C,Medium Moving
21016,LIGHT BIRD HOUSE TREE DECORATION,804,538.92,65,0.807,0.003101732783215028,97.75189255674428,C,Medium Moving
85027L,FRENCH CHATEAU LARGE PLATTER ,190,538.5,40,4.65,0.003099315489796802,97.75499187223407,C,Medium Moving
22108,PING! MICROWAVE PLATE,197,537.89,49,3.1455102040816327,0.003095804658879855,97.75808767689296,C,Medium Moving
21397,BLUE POLKADOT EGG CUP ,1090,537.76,53,0.6496226415094339,0.0030950564490123088,97.76118273334197,C,Medium Moving
84920,PINK FLOWER FABRIC PONY,145,537.35,54,3.7203703703703703,0.003092696710199279,97.76427543005217,C,Medium Moving
22044,CHRISTMAS CARD STACK OF PRESENTS,1909,536.82,85,0.3144705882352941,0.0030896463161238985,97.76736507636829,C,Fast Moving
37345,ASSTD HEARTS DESIGN MUGS,318,536.1,6,1.9000000000000001,0.0030855023845497973,97.77045057875284,C,Medium Moving
21419,CONCH SHELL,1252,535.8,13,3.4284615384615384,0.003083775746393921,97.77353435449923,C,Medium Moving
20935,ROUND CACTUS CANDLE,293,535.5500000000001,39,2.6425,0.003082336881264025,97.7766166913805,C,Medium Moving
23454,THREE MINI HANGING FRAMES,129,535.35,44,4.15,0.003081185789160108,97.77969787716965,C,Medium Moving
85129A,"WHITE PEARL BEADED HEART, SMALL",428,535.0,62,1.25,0.003079171377978253,97.78277704854763,C,Medium Moving
85092,CANDY SPOT TEA COSY,374,534.7,14,2.6,0.0030774447398223773,97.78585449328745,C,Medium Moving
20657,TROPICAL LUGGAGE TAG,1692,534.14,71,1.2414084507042253,0.0030742216819314096,97.78892871496937,C,Medium Moving
16169P,WRAP GREEN RUSSIAN FOLKART ,1750,533.75,48,0.3577083333333333,0.0030719770523287716,97.7920006920217,C,Medium Moving
85096,HILDA CANDY SPOT RABBIT,142,532.5,50,3.75,0.003064782726679289,97.79506547474838,C,Medium Moving
23324,RUSTIC STRAWBERRY JAM POT LARGE ,261,531.84,33,2.073030303030303,0.0030609841227363633,97.79812645887112,C,Medium Moving
21666, RIDGED GLASS T-LIGHT HOLDER,940,531.8000000000001,12,0.6166666666666667,0.0030607539043155793,97.80118721277545,C,Medium Moving
85030,FRENCH CHATEAU OVAL PLATTER,211,531.4499999999999,29,5.05344827586207,0.0030587394931337235,97.80424595226857,C,Medium Moving
84762C,GREEN PICNIC BARBECUE BUCKET,78,531.3,18,8.616666666666667,0.0030578761740557864,97.80730382844263,C,Slow Moving
23473,WOODLAND SMALL RED FELT HEART,665,530.83,43,0.8274418604651163,0.0030551711076115813,97.81035899955025,C,Medium Moving
35915C,PEACH KNITTED HEN ,388,530.76,23,1.6334782608695653,0.00305476822537521,97.81341376777561,C,Medium Moving
22134,LADLE LOVE HEART RED ,1351,529.98,72,0.4175,0.003050278966169934,97.81646404674179,C,Medium Moving
84712B,PINK JEWELLED PHOTO FRAME,67,529.47,36,7.905833333333334,0.003047343681304945,97.81951139042309,C,Slow Moving
84682,CLASSICAL ROSE DISH,283,528.85,38,2.6950000000000003,0.003043775295782802,97.82255516571887,C,Medium Moving
21373,MIRRORED WALL ART SNOWFLAKES,629,528.15,57,1.0096491228070175,0.003039746473419092,97.82559491219229,C,Medium Moving
47367B,PAIR PADDED HANGERS PINK CHECK,151,527.85,38,3.708974358974359,0.003038019835263217,97.82863293202755,C,Medium Moving
84584,PINK GINGHAM CAT WITH SCARF,207,527.85,50,2.55,0.003038019835263217,97.8316709518628,C,Medium Moving
21173,LOO ROLL  METAL SIGN ,321,527.25,60,1.6467213114754096,0.0030345665589514652,97.83470551842176,C,Medium Moving
22425,ENAMEL COLLANDER CREAM,115,527.25,21,4.8500000000000005,0.0030345665589514652,97.83774008498071,C,Medium Moving
90082D,DIAMANTE BOW BROOCH BLACK COLOUR,83,527.05,35,6.35,0.003033415466847548,97.84077350044755,C,Slow Moving
21454,PAINTED PINK RABBIT ,619,526.15,85,0.85,0.0030282355523799207,97.84380173599993,C,Medium Moving
22681,"FRENCH BLUE METAL DOOR SIGN, 6",420,525.0,46,1.25,0.0030216167727823975,97.84682335277272,C,Medium Moving
20730,STRAWBERRY CANDY BAG,1659,524.25,41,1.2139024390243902,0.0030173001773927087,97.8498406529501,C,Medium Moving
79190B,RETRO PLASTIC POLKA TRAY,1389,523.38,96,0.41791666666666666,0.003012292926740669,97.85285294587685,C,Medium Moving
37494A,FAIRY CAKE CERAMIC BUTTER DISH,192,523.2,25,2.9019999999999997,0.003011256943847144,97.8558642028207,C,Medium Moving
21893,POTTING SHED SEED TIN,164,523.0,13,4.138461538461538,0.003010105851743227,97.85887430867244,C,Medium Moving
23272,TREE T-LIGHT HOLDER WILLIE WINKIE,352,522.74,35,1.5637142857142856,0.0030086094320081348,97.86188291810444,C,Medium Moving
23499,SET 12 VINTAGE DOILY CHALK ,1244,522.48,93,0.42,0.0030071130122730425,97.86489003111672,C,Medium Moving
21879,HEARTS GIFT TAPE,1366,522.38,93,0.5314893617021277,0.0030065374662210835,97.86789656858294,C,Medium Moving
22166,WALL MIRROR RECTANGLE DIAMANTE PINK,126,521.7,20,7.7,0.003002623753067766,97.870899192336,C,Medium Moving
21215, IVORY PAPER CUP CAKE CASES ,1146,521.1,23,0.5283333333333334,0.0029991704767560142,97.87389836281275,C,Medium Moving
22898,CHILDRENS APRON APPLE DESIGN,290,520.5,25,1.9140000000000001,0.002995717200444263,97.8768940800132,C,Medium Moving
22054,MINI CAKE STAND HANGING HEARTS,321,520.05,51,1.6427272727272726,0.002993127243210449,97.87988720725642,C,Medium Moving
20699,MOUSEY LONG LEGS SOFT TOY,208,519.6,45,2.5304347826086953,0.002990537285976636,97.8828777445424,C,Medium Moving
23451,SQUARE MINI PORTRAIT FRAME,268,519.0,44,1.9433333333333334,0.0029870840096648844,97.88586482855206,C,Medium Moving
17013D,ORIGAMI ROSE INCENSE IN TUBE,1048,515.46,21,1.0,0.0029667096794255524,97.88883153823149,C,Medium Moving
84799,SPRIG LAVENDER ARTIFICIAL FLOWER,667,515.03,29,1.0210344827586206,0.00296423483140213,97.89179577306288,C,Medium Moving
84916,HAND TOWEL PALE BLUE W FLOWERS,230,514.5,30,4.663333333333333,0.00296118443732675,97.8947569575002,C,Medium Moving
22983,"CARD, BILLBOARD FONT",1266,514.44,74,0.4176,0.002960839109695575,97.8977177966099,C,Medium Moving
22584,PACK OF 6 PANETTONE GIFT BOXES,226,513.9100000000001,14,2.69,0.002957788715620195,97.90067558532552,C,Medium Moving
84313B,BLUE TV TRAY TABLE ,158,513.74,45,3.9237777777777776,0.0029568102873318647,97.90363239561285,C,Medium Moving
84824,DANISH ROSE UMBRELLA STAND,33,513.55,27,15.83148148148148,0.0029557167498331432,97.90658811236268,C,Slow Moving
20823,GOLD WINE GOBLET,248,513.2,17,3.013529411764706,0.0029537023386512888,97.90954181470134,C,Medium Moving
23016,GLASS TWIST BON BON JAR,69,512.85,19,7.723684210526316,0.002951687927469434,97.9124935026288,C,Slow Moving
47469,ASSORTED SHAPES PHOTO CLIP SILVER ,1094,512.38,27,0.6290909090909091,0.0029489828610252287,97.91544248548983,C,Medium Moving
84913A,SOFT PINK ROSE TOWEL ,110,511.5,32,4.65,0.0029439180557679933,97.9183864035456,C,Medium Moving
21015,DARK BIRD HOUSE TREE DECORATION,1431,511.38999999999993,90,0.46184782608695646,0.0029432849551108385,97.9213296885007,C,Medium Moving
22201,FRYING PAN BLUE POLKADOT,142,510.5,54,3.9074074074074074,0.0029381625952484077,97.92426785109595,C,Medium Moving
85121B,RETRO LAUNDRY TUB PINK,60,510.0,27,8.5,0.002935284864988615,97.92720313596094,C,Slow Moving
84782C,GREEN 3 TIER GLASS PLATE STAND,74,509.9,18,9.616666666666667,0.0029347093189366564,97.93013784527987,C,Slow Moving
72800D,S/4 BLUE DINNER CANDLE SILVER FLOCK,413,508.95,32,2.2609375,0.00292924163144305,97.93306708691132,C,Medium Moving
84569B,PACK 3 FIRE ENGINE/CAR PATCHES,407,508.75,63,1.25,0.002928090539339133,97.93599517745066,C,Medium Moving
90058B,CRYSTAL STUD EARRINGS ASSORTED COL ,1081,508.7,28,0.47714285714285715,0.0029278027663131537,97.93892298021697,C,Medium Moving
85232A,SET/3 POLKADOT STACKING TINS,106,507.9,37,4.931081081081081,0.0029231983978974855,97.94184617861487,C,Medium Moving
23060,HEART BEADED TRELLIS DECORATION,244,507.52000000000004,39,2.08,0.0029210113229000433,97.94476718993776,C,Medium Moving
84520D,PACK OF 20 FAIRY CAKE PAPER NAPKINS,619,505.98999999999995,61,0.8465573770491803,0.0029122054683050768,97.94767939540607,C,Medium Moving
23219,LAUREL STAR ANTIQUE SILVER ,404,504.6,49,1.3117307692307691,0.0029042053781828535,97.95058360078426,C,Medium Moving
37352,BIRD IN TREE MUG ,4643,504.55,8,1.10625,0.002903917605156874,97.95348751838941,C,Fast Moving
72122,COFFEE SCENT PILLAR CANDLE,531,504.45,93,0.95,0.002903342059104915,97.95639086044851,C,Medium Moving
16236,KITTY PENCIL ERASERS,2425,503.65,143,0.20965986394557823,0.002898737690689247,97.9592895981392,C,Fast Moving
21285,RETRO SPOT CANDLE  MEDIUM,248,502.80000000000007,23,2.0673913043478263,0.0028938455492475996,97.96218344368845,C,Medium Moving
23139,SINGLE WIRE HOOK PINK HEART,406,502.38,22,1.2482608695652175,0.0028914282558293735,97.96507487194428,C,Medium Moving
21117,BLOND DOLL DOORSTOP,328,502.08000000000004,26,1.912692307692308,0.002889701617673498,97.96796457356196,C,Medium Moving
84804B,BLUE DELPHINIUM ARTIFICIAL FLOWER,355,501.9700000000001,19,2.5040000000000004,0.0028890685170163436,97.97085364207898,C,Medium Moving
20830,SILVER PHOTO FRAME,296,501.59999999999997,46,2.073404255319149,0.0028869389966240965,97.9737405810756,C,Medium Moving
90200A,PURPLE SWEETHEART BRACELET,118,501.5,43,4.25,0.002886363450572138,97.97662694452617,C,Medium Moving
20888,SET 3 JARDIN DE FEMME SCENT CANDLES,359,499.81,11,2.3536363636363635,0.0028766367222940385,97.97950358124847,C,Medium Moving
22394,PAPERWEIGHT KINGS CHOICE ,337,499.34999999999997,47,2.1227659574468083,0.002873989210455029,97.98237757045892,C,Medium Moving
16048,TEATIME ROUND PENCIL SHARPENER ,3413,498.66,69,0.19285714285714287,0.0028700179426965153,97.98524758840162,C,Fast Moving
21194,PINK  HONEYCOMB PAPER FAN,501,498.64000000000004,60,1.298225806451613,0.0028699028334861236,97.9881174912351,C,Medium Moving
72728,ROSE SCENT CANDLES IN GLASS,614,498.49999999999994,50,0.8449019607843137,0.002869097069013381,97.99098658830411,C,Medium Moving
85161,ACRYLIC GEOMETRIC LAMP,27,497.65,20,18.75,0.002864204927571734,97.99385079323169,C,Slow Moving
21270,ANTIQUE CREAM CUTLERY CUPBOARD,39,497.25,27,12.75,0.0028619027433639,97.99671269597505,C,Slow Moving
84414B,FUSCHIA/GREEN STRIPE WOOLLY BLANKET,77,497.15,8,10.825,0.002861327197311941,97.99957402317236,C,Slow Moving
85230A,OPIUM SCENTED VOTIVE CANDLE,1992,497.03999999999996,48,0.2683333333333333,0.0028606940966547866,98.00243471726901,C,Fast Moving
84657,GREEN ROSE CUSHION COVER,245,496.25,19,3.6184210526315788,0.002856147282844314,98.00529086455185,C,Medium Moving
23398,HANGING HEART BONHEUR,587,495.83,57,0.847936507936508,0.002853729989426088,98.00814459454128,C,Medium Moving
23528,WALL ART SPACEBOY,156,495.48,21,3.654285714285714,0.002851715578244233,98.01099631011952,C,Medium Moving
85186C,BUNNY EGG GARLAND,1179,495.18,79,0.42,0.0028499889400883573,98.01384629905961,C,Medium Moving
72800B, 4 PURPLE FLOCK DINNER CANDLES,324,495.16,51,2.2499999999999996,0.002849873830877966,98.01669617289049,C,Medium Moving
21377,SMALL CAMPHOR WOOD FIELD  MUSHROOM,444,494.76,43,1.4783720930232558,0.0028475716466701316,98.01954374453716,C,Medium Moving
21026,SPACE OWL,396,493.62,55,1.2898214285714287,0.002841010421677804,98.02238475495884,C,Medium Moving
85117,NIGHTINGALE COATHOOK WHITE,317,493.45,40,1.6300000000000001,0.0028400319933894747,98.02522478695222,C,Medium Moving
79337,BLUE FLOCK GLASS CANDLEHOLDER,1191,491.95,19,0.7810526315789473,0.002831398802610096,98.02805618575483,C,Medium Moving
90161C,ANT COPPER LIME BOUDICCA BRACELET,99,490.05,34,4.95,0.0028204634276228838,98.03087664918246,C,Medium Moving
21711,FOLDING UMBRELLA WHITE/RED POLKADOT,100,489.40000000000003,28,4.9,0.0028167223782851534,98.03369337156074,C,Medium Moving
21899,GARAGE KEY FOB,730,489.2,115,0.7091379310344827,0.002815571286181236,98.03650894284692,C,Medium Moving
20910,VINTAGE PHOTO ALBUM PARIS DAYS,80,488.79999999999995,28,6.321428571428571,0.0028132691019734017,98.0393222119489,C,Slow Moving
84827,ASS DES PHONE SPONGE CRAFT STICKER,1025,488.49,28,0.5513333333333333,0.0028114849092123304,98.04213369685812,C,Medium Moving
51020B,STRIPY DESIGN SHOWER CAP,1084,488.11999999999995,60,0.962,0.0028093553888200837,98.04494305224694,C,Medium Moving
22322,BIRD DECORATION GREEN  SPOT,574,487.9,47,0.8499999999999999,0.002808089187505775,98.04775114143445,C,Medium Moving
35964,FOLKART CLIP ON STARS,1005,487.53,56,0.835344827586207,0.002805959667113528,98.05055710110156,C,Medium Moving
85091,CANDY SPOT BREAD BASKETS,337,487.35,14,3.485714285714286,0.002804923684220003,98.05336202478578,C,Medium Moving
84846A,SCENTED CANDLE IN DIGITALIS TIN,232,487.20000000000005,42,2.1,0.0028040603651420656,98.05616608515092,C,Medium Moving
72586,SET OF 6 HALLOWEEN GHOST T-LIGHTS,1160,487.2,68,0.42,0.002804060365142065,98.05897014551606,C,Medium Moving
35972,DAISY FOLKART HEART DECORATION,389,486.25,51,1.25,0.002798592677648459,98.0617687381937,C,Medium Moving
20652,BLUE SPOTTY LUGGAGE TAG ,1056,486.0,44,1.2062222222222223,0.0027971538125185626,98.06456589200623,C,Medium Moving
17084N,FAIRY DREAMS INCENSE ,2391,485.86,67,0.20776119402985074,0.0027963480480458205,98.06736224005428,C,Fast Moving
23413,VINTAGE COFFEE GRINDER BOX,102,485.7,23,4.880434782608695,0.0027954271743626867,98.07015766722864,C,Medium Moving
20865,PATCHWORK PENCIL CASE BUTTERFLY ,247,485.49,30,2.059,0.002794218527653574,98.0729518857563,C,Medium Moving
84952B,BLACK LOVE BIRD T-LIGHT HOLDER,311,485.36,21,3.0742857142857143,0.002793470317786028,98.07574535607408,C,Medium Moving
21160,KEEP OUT GIRLS DOOR HANGER ,763,485.22999999999996,49,1.2712244897959184,0.0027927221079184815,98.07853807818199,C,Medium Moving
85215,ASSORTED CHEESE FRIDGE MAGNETS,755,484.99,46,0.6474468085106383,0.002791340797393781,98.08132941897938,C,Medium Moving
22263,FELT EGG COSY LADYBIRD ,722,484.34,43,0.855111111111111,0.0027875997480560502,98.08411701872744,C,Medium Moving
21740,COSY SLIPPER SHOES LARGE RED,164,483.80000000000007,48,2.95,0.0027844917993754747,98.08690151052681,C,Medium Moving
84875D,BLUE SQUARE COMPACT MIRROR,371,483.75,37,1.722972972972973,0.002784204026349495,98.08968571455317,C,Medium Moving
85185D,FROG SOCK PUPPET,168,483.6000000000001,45,2.9322222222222227,0.0027833407072715578,98.09246905526044,C,Medium Moving
84913B,MINT GREEN ROSE TOWEL,104,483.6,30,4.65,0.0027833407072715578,98.0952523959677,C,Medium Moving
23660,HENRIETTA HEN MUG ,293,483.45000000000005,31,1.65,0.00278247738819362,98.0980348733559,C,Medium Moving
20864,DENIM PATCH PENCIL CASE BUTTERFLY,247,483.33,26,2.0514814814814817,0.002781786732931269,98.10081666008882,C,Medium Moving
84798B,PURPLE FOXGLOVE ARTIIFCIAL FLOWER,322,482.70000000000005,9,2.0777777777777775,0.0027781607928039306,98.10359482088163,C,Medium Moving
85071D,CHARLIE+LOLA MY ROOM DOOR SIGN,838,482.34,87,1.0934831460674157,0.0027760888270168794,98.10637090970864,C,Medium Moving
22861,EASTER TIN CHICKS IN GARDEN,292,481.8,38,1.65,0.0027729808783363034,98.10914389058698,C,Medium Moving
22038,BOTANICAL LAVENDER GIFT WRAP ,1150,481.0,45,0.4182222222222222,0.002768376509920635,98.1119122670969,C,Medium Moving
20794,BLUE  TILE HOOK,190,480.9,30,2.5354838709677416,0.0027678009638686762,98.11468006806076,C,Medium Moving
84592,CROCHET ROSE PURSE WITH SUEDE BACK,163,480.8500000000001,38,2.95,0.0027675131908426976,98.11744758125161,C,Medium Moving
84984B,RED PEONY CUSHION COVER ,309,480.85,10,3.9300000000000006,0.002767513190842697,98.12021509444246,C,Medium Moving
84218,BOX/12 CHICK & EGG IN BASKET,254,479.7,89,1.947142857142857,0.0027608944112451736,98.1229759888537,C,Medium Moving
21666,RIDGED GLASS T-LIGHT HOLDER,738,479.7,56,0.65,0.0027608944112451736,98.12573688326493,C,Medium Moving
90160D,PINK BOUDICCA LARGE BRACELET,69,479.55,21,6.950000000000001,0.002760031092167236,98.1284969143571,C,Slow Moving
23169,CLASSIC GLASS SWEET JAR,119,479.45,14,4.092857142857143,0.002759455546115277,98.13125636990321,C,Medium Moving
84989B,75 BLACK FAIRY CAKE CASES,985,479.34999999999997,46,0.538695652173913,0.0027588800000633187,98.13401524990327,C,Medium Moving
72267,PREMIUM CHURCH CANDLE,247,479.34000000000003,40,2.08,0.0027588224454581233,98.13677407234873,C,Medium Moving
84917,WHITE HAND TOWEL WITH BUTTERFLY,183,477.85,17,3.738235294117647,0.0027502468092839407,98.13952431915801,C,Medium Moving
22892,SALT AND PEPPER SHAKERS TOADSTOOLS,393,477.57,26,1.2426923076923078,0.0027486352803384566,98.14227295443835,C,Medium Moving
84706D,CHERRY BLOSSOM TABLE CLOCK ,216,477.2,14,3.9499999999999997,0.00274650575994621,98.1450194601983,C,Medium Moving
72750C,"F.FAIRY S/3 CANDLE/GLASS, ROSE",232,476.4,15,2.75,0.002741901391530541,98.14776136158983,C,Medium Moving
84875B,GREEN SQUARE COMPACT MIRROR,367,476.25,35,1.4642857142857142,0.0027410380724526037,98.15050239966229,C,Medium Moving
21311,SET/4 BIRD MIRROR MAGNETS ,682,476.11,75,1.125921052631579,0.0027402323079798617,98.15324263197027,C,Medium Moving
35600D,PINK AND WHITE CHRISTMAS TREE 180CM,140,476.00000000000006,12,5.866666666666666,0.0027395992073227077,98.15598223117759,C,Medium Moving
23021,GLASS BONNE JAM JAR,117,475.95000000000005,25,4.134,0.0027393114342967283,98.15872154261189,C,Medium Moving
79030G,TUMBLER NEW ENGLAND,1220,475.79999999999995,41,0.39,0.00273844811521879,98.16145999072711,C,Medium Moving
21665,TRIANGULAR RIDGED GLASS POSY HOLDER,766,475.1,40,0.6430232558139536,0.0027344192928550805,98.16419441001996,C,Medium Moving
84762A,WHITE PICNIC BARBECUE BUCKET,54,474.9,24,10.15,0.002733268200751163,98.16692767822072,C,Slow Moving
37492C,GREEN BLUE FLOWER PIGGY BANK,241,472.65,23,3.7750000000000004,0.002720318414582096,98.1696479966353,C,Medium Moving
22697,TEACUP AND SAUCER REGENCY GREEN,174,472.5,13,2.8576923076923078,0.002719455095504158,98.1723674517308,C,Medium Moving
23180,MUM'S KITCHEN CLOCK,104,471.90000000000003,36,4.766666666666667,0.002716001819192407,98.17508345355,C,Medium Moving
22951,72 CAKE CASES DOLLY GIRL DESIGN,943,471.84999999999997,25,0.5448000000000001,0.002715714046166427,98.17779916759616,C,Medium Moving
22541,MINI JIGSAW LEAP FROG,1192,471.56,40,0.4214634146341464,0.0027140449626157476,98.18051321255878,C,Medium Moving
85144,JARDIN ETCHED GLASS BUTTER DISH,68,471.4,30,7.191935483870967,0.002713124088932614,98.1832263366477,C,Slow Moving
23527,WALL ART ANIMALS AND NATURE ,148,471.0,26,3.6726923076923077,0.00271082190472478,98.18593715855243,C,Medium Moving
85020,ROUND PINK HEART MIRROR,224,470.4,44,2.1,0.002707368628413028,98.18864452718084,C,Medium Moving
21620,S/4 ROSE    BOTANICAL  CANDLE,126,469.5,37,3.7371794871794872,0.0027021887139454014,98.19134671589478,C,Medium Moving
16238,PARTY TIME PENCIL ERASERS,2232,469.42,135,0.2250735294117647,0.0027017282771038347,98.19404844417188,C,Fast Moving
16202B,PASTEL BLUE PHOTO ALBUM ,1034,469.21,18,3.191111111111111,0.0027005196303947214,98.19674896380228,C,Medium Moving
72800C,S/4 PINK DINNER CANDLE SILVER FLOCK,389,468.87,24,2.2619230769230767,0.002698562773818063,98.1994475265761,C,Medium Moving
22897,OVEN MITT APPLE DESIGN,337,468.65,30,1.4366666666666668,0.0026972965725037537,98.2021448231486,C,Medium Moving
16239,BALLERINA HEART DECORATION.,338,468.4,13,2.6884615384615387,0.0026958577073738573,98.20484068085598,C,Medium Moving
23377,PACK OF 12 DOLLY GIRL TISSUES,1200,468.0,80,0.39,0.0026935555231660233,98.20753423637915,C,Medium Moving
84675,FROG KING WATERING CAN,187,467.65000000000003,44,2.910227272727273,0.0026915411119841685,98.21022577749113,C,Medium Moving
21002,ROSE DU SUD DRAWSTRING BAG,110,467.5,26,4.25,0.00269067779290623,98.21291645528405,C,Medium Moving
23136,IVORY WIRE SWEETHEART LETTER TRAY,127,467.05,44,3.7290909090909095,0.002688087835672417,98.21560454311972,C,Medium Moving
21459,YELLOW EASTER EGG HUNT START POST,250,465.9,37,1.9418918918918917,0.0026814690560748936,98.2182860121758,C,Medium Moving
23218,LAUREL STAR ANTIQUE GOLD,372,465.81,33,1.383939393939394,0.002680951064628131,98.22096696324043,C,Medium Moving
21128,GOLD FISHING GNOME,96,464.71000000000004,28,6.3967857142857145,0.002674620058056587,98.22364158329849,C,Medium Moving
84596J,MIXED NUTS LIGHT GREEN BOWL,676,464.03000000000003,68,0.9570588235294117,0.002670706344903269,98.22631228964339,C,Medium Moving
85129C,BEADED CRYSTAL HEART BLUE SMALL,370,463.85,48,1.320204081632653,0.0026696703620097437,98.2289819600054,C,Medium Moving
20845,ZINC HEART LATTICE 2 WALL PLANTER,73,463.55,21,6.35,0.0026679437238538678,98.23164990372925,C,Slow Moving
47310M,"SMALL POP BOX,FUNKY MONKEY",401,462.85,47,1.2287234042553192,0.0026639149014901576,98.23431381863074,C,Medium Moving
85109,PINK BOUDOIR T-LIGHT HOLDER,4203,462.15000000000003,18,0.69,0.002659886079126448,98.23697370470987,C,Fast Moving
51020A,SUMMER FUN DESIGN SHOWER CAP,1302,462.05999999999995,49,0.8189795918367347,0.0026593680876796848,98.23963307279755,C,Medium Moving
22407,MONEY BOX FIRST ADE DESIGN,384,461.76,55,1.2430909090909092,0.0026576414495238093,98.24229071424706,C,Medium Moving
84926E,FLOWERS TILE COASTER,1077,461.63,48,0.6260416666666667,0.0026568932396562636,98.24494760748672,C,Medium Moving
20696,FLORAL SOFT CAR TOY,123,461.25,34,3.75,0.002654706164658821,98.24760231365138,C,Medium Moving
85226C,BLUE PULL BACK RACING CAR,952,461.2,66,0.5480597014925374,0.0026544183916328416,98.25025673204301,C,Medium Moving
23691,WRAP KEEP CALM BIRTHDAY,1125,460.5,36,0.4183333333333333,0.002650389569269132,98.25290712161228,C,Medium Moving
72132,COLUMBIAN CUBE CANDLE,548,460.2,27,1.684074074074074,0.002648662931113256,98.25555578454339,C,Medium Moving
23455,SMALL PARLOUR PICTURE FRAME,164,459.56,32,2.877878787878788,0.002644979436380721,98.25820076397977,C,Medium Moving
22193,RED WALL CLOCK,60,459.0,1,7.65,0.0026417563784897537,98.26084252035827,C,Slow Moving
22191,IVORY WALL CLOCK,60,459.0,1,7.65,0.0026417563784897537,98.26348427673676,C,Slow Moving
23561,SET OF 6 RIBBONS PARTY,167,458.63,13,2.8592307692307695,0.002639626858097507,98.26612390359486,C,Medium Moving
21884,CAKES AND BOWS GIFT  TAPE,1232,457.36,68,0.5538235294117647,0.0026323174232376336,98.2687562210181,C,Medium Moving
84247L,FAWN AND MUSHROOM GREETING CARD,1088,456.96,82,0.42,0.002630015239029799,98.27138623625713,C,Medium Moving
85203,HANGING WOOD AND FELT BUTTERFLY ,1089,454.5,111,0.4189830508474576,0.0026158568061516187,98.27400209306327,C,Medium Moving
72225C,LAVENDER SCENT CAKE CANDLE,1877,454.09,35,0.2694285714285714,0.0026134970673385885,98.27661559013062,C,Fast Moving
72789,BASKET/8 SCENTED LOVE TOKEN CANDLES,121,453.75,44,3.75,0.0026115402107619295,98.27922713034138,C,Medium Moving
90209B,GREEN ENAMEL+GLASS HAIR COMB,248,453.6,18,2.026315789473684,0.002610676891683992,98.28183780723306,C,Medium Moving
84653,GREEN ROSE QUILT ,10,453.5,8,45.2,0.002610101345632033,98.2844479085787,C,Slow Moving
72801G,S/4 BURGUNDY WINE DINNER CANDLES,777,453.33,21,1.170952380952381,0.0026091229173437033,98.28705703149605,C,Medium Moving
21536,DAIRY MAID  SMALL  MILK JUG,215,451.5,55,2.1,0.002598590424592862,98.28965562192064,C,Medium Moving
23548,WRAP MAGIC FOREST ,1075,451.5,43,0.42,0.002598590424592862,98.29225421234524,C,Medium Moving
17012F,ORIGAMI SANDLEWOOD INCENSE/CAND SET,493,451.45,47,1.0957446808510638,0.0025983026515668827,98.2948525149968,C,Medium Moving
21881,CUTE CATS TAPE,1183,450.75,65,0.5952307692307692,0.002594273829203173,98.29744678882601,C,Medium Moving
90203,SILVER CHARM NECKLACE 70CM,60,450.0,24,7.5,0.002589957233813484,98.30003674605982,C,Slow Moving
84924A,WAKE UP COCKEREL CALENDAR SIGN ,117,449.88,46,3.9113043478260865,0.0025892665785511334,98.30262601263837,C,Medium Moving
21507,ELEPHANT BIRTHDAY CARD ,1080,449.88,72,0.45819444444444446,0.0025892665785511334,98.30521527921692,C,Medium Moving
84865,NEW BAROQUE BLACK PHOTO ALBUM,64,449.65,37,7.75,0.002587942822631629,98.30780322203955,C,Slow Moving
84683,CLASSICAL ROSE CANDLESTAND,509,449.05,27,1.13,0.0025844895463198775,98.31038771158588,C,Medium Moving
22452,MEASURING TAPE RUSSIAN DOLL PINK,152,448.4000000000001,41,2.95,0.0025807484969821476,98.31296846008286,C,Medium Moving
21847,GREEN  DIAMANTE PEN IN GIFT BOX,252,448.2,22,4.145652173913044,0.0025795974048782298,98.31554805748773,C,Medium Moving
23560,SET OF 6 RIBBONS COUNTRY STYLE,163,447.07,20,2.87,0.002573093734491098,98.31812115122223,C,Medium Moving
21256,"FRENCH BOTTLE, BRASSERIE DES ARTIST",282,446.09999999999997,35,1.6385714285714283,0.0025675109377871,98.32068866216001,C,Medium Moving
35810B,ENAMEL BLUE RIM COFFEE CONTAINER,307,446.03000000000003,50,1.669,0.0025671080555507296,98.32325577021555,C,Medium Moving
72800D,4 BLUE DINNER CANDLES SILVER FLOCK,205,445.35,44,2.5011363636363635,0.002563194342397411,98.32581896455795,C,Medium Moving
21393,BLUE POLKADOT PUDDING BOWL,2564,445.05,14,1.6266666666666667,0.0025614677042415357,98.3283804322622,C,Fast Moving
16012,FOOD/DRINK SPONGE STICKERS,2118,444.78,62,0.21,0.002559913729901247,98.33094034599209,C,Fast Moving
17164D,ASS COL SMALL SAND FROG P'WEIGHT,1144,444.48,27,0.415,0.002558187091745372,98.33349853308384,C,Medium Moving
23074,EMBOSSED HEART TRINKET BOX,221,444.02000000000004,35,2.0634285714285716,0.002555539579906363,98.33605407266374,C,Medium Moving
20661,BLUE SPOTTY PURSE ,433,443.3500000000001,30,2.8603225806451613,0.0025516834213582407,98.3386057560851,C,Medium Moving
23125,6PC WOOD PLATE SET DISPOSABLE,405,443.25,16,1.236875,0.0025511078753062814,98.3411568639604,C,Medium Moving
21399,BLUE  SPOTTY  COFFEE MUG,227,443.1,25,2.072,0.002550244556228344,98.34370710851664,C,Medium Moving
84972L,GIANT PINK HEART MEMO HOLDER,112,442.40000000000003,44,3.95,0.002546215733864634,98.3462533242505,C,Medium Moving
84948,SILVER HANGING T-LIGHT HOLDER DOME,268,442.2,33,1.65,0.0025450646417607167,98.34879838889226,C,Medium Moving
47574A,ENGLISH ROSE SCENTED HANGING FLOWER,440,442.0,60,1.7254098360655739,0.0025439135496567998,98.35134230244192,C,Medium Moving
82613C,"METAL SIGN,CUPCAKE SINGLE HOOK",526,441.7,71,1.1214084507042255,0.002542186911500924,98.35388448935342,C,Medium Moving
85184C,SET 4 VALENTINE DECOUPAGE HEART BOX,151,441.53000000000003,44,3.0673333333333335,0.0025412084832125946,98.35642569783663,C,Medium Moving
21403,BLUE EGG  SPOON,2151,440.58,108,0.23055555555555554,0.002535740795718988,98.35896143863235,C,Fast Moving
23045,PAPER LANTERN 5 POINT STAR MOON ,106,439.90000000000003,18,4.15,0.00253182708256567,98.36149326571491,C,Medium Moving
62096A,PINK/YELLOW FLOWERS HANDBAG,337,439.45,51,1.3576923076923075,0.0025292371253318566,98.36402250284024,C,Medium Moving
84809A,WHITE CHRYSANTHEMUMS ART FLOWER,259,439.14,18,2.0077777777777777,0.0025274529325707853,98.36654995577281,C,Medium Moving
16161M,WRAP  PINK FLOCK,1050,439.0,39,0.41794871794871796,0.0025266471680980432,98.36907660294091,C,Medium Moving
82605,OLD DOC RUSSEL METAL SIGN,209,438.90000000000003,83,2.1,0.0025260716220460847,98.37160267456295,C,Medium Moving
84569C,PACK 4 FLOWER/BUTTERFLY PATCHES,351,438.75,50,1.25,0.002525208302968147,98.37412788286592,C,Medium Moving
20804,GLASS CHICKEN BUTTER DISH,283,438.15,24,1.6416666666666666,0.002521755026656395,98.37664963789258,C,Medium Moving
20868,SILVER FABRIC MIRROR,789,437.66,46,0.7671739130434783,0.0025189348510017986,98.37916857274358,C,Medium Moving
21540,DAIRY MAID CERAMIC BUTTER DISH,105,437.25,39,4.237179487179487,0.0025165751121887683,98.38168514785576,C,Medium Moving
20689,RETRO SISTERS EXPRESSO CUPS,400,436.00000000000006,27,5.598148148148148,0.002509380786539287,98.3841945286423,C,Medium Moving
20787,BLUE RETRO BAR STOOL,11,435.45000000000005,8,39.45,0.002506215283253515,98.38670074392554,C,Slow Moving
23425,STORAGE TIN HOME SWEET HOME,237,435.43,35,2.052857142857143,0.0025061001740431226,98.38920684409959,C,Medium Moving
72586,"S/6 HALLOWEEN GHOST T LIGHTS, 5CM H",1036,435.12,40,0.42000000000000004,0.0025043159812820513,98.39171116008087,C,Medium Moving
23565,EGG CUP MILKMAID HELGA ,348,435.0,31,1.25,0.002503625326019701,98.39421478540689,C,Medium Moving
23509,MINI PLAYING CARDS FUN FAIR ,1040,433.2,54,0.4178181818181818,0.002493265497084447,98.39670805090397,C,Medium Moving
37444A,YELLOW BREAKFAST CUP AND SAUCER,2684,433.16,26,1.6500000000000001,0.002493035278663664,98.39920108618263,C,Fast Moving
23043,PAPER LANTERN 9 POINT HOLLY STAR L,69,431.25,16,6.25,0.0024820423490712553,98.4016831285317,C,Slow Moving
84858B,BLUE RIVIERA HANDBAG,326,431.0,9,2.816666666666667,0.002480603483941359,98.40416373201565,C,Medium Moving
90154,LAZER CUT NECKLACE W PASTEL BEADS,58,430.7,6,8.666666666666666,0.002478876845785483,98.40664260886143,C,Slow Moving
90161B,ANT COPPER TURQ BOUDICCA BRACELET,87,430.65,26,4.950000000000001,0.002478589072759504,98.4091211979342,C,Slow Moving
85169C,EAU DE NIL LOVE BIRD CANDLE,397,429.97,38,1.2131578947368422,0.002474675359606186,98.4115958732938,C,Medium Moving
72127,COLUMBIAN CANDLE ROUND ,358,429.64,59,1.2375409836065574,0.0024727760576347224,98.41406864935144,C,Medium Moving
90184C,BLACK CHUNKY BEAD BRACELET W STRAP,48,429.59999999999997,26,8.95,0.002472545839213939,98.41654119519065,C,Slow Moving
20653,CHERRY BLOSSOM LUGGAGE TAG,1927,428.89,31,1.286451612903226,0.0024684594622450336,98.4190096546529,C,Fast Moving
23379,PACK OF 12 RED APPLE TISSUES,1175,428.01,50,0.38862745098039214,0.002463394656987798,98.42147304930988,C,Medium Moving
16045,POPART WOODEN PENCILS ASST,9300,428.0,72,0.04767123287671233,0.0024633371023826023,98.42393638641227,C,Fast Moving
84966B,BLUE KASHMIRI BOXED MIRROR,33,428.0,4,16.0,0.0024633371023826023,98.42639972351465,C,Slow Moving
84801A,PINK HYDRANGEA ART FLOWER,272,427.44000000000005,15,1.976,0.0024601140444916346,98.42885983755914,C,Medium Moving
17012D,ORIGAMI ROSE INCENSE/CANDLE SET ,426,426.7,51,1.25,0.002455855003707141,98.43131569256285,C,Medium Moving
21455,PAINTED YELLOW WOODEN DAISY,502,426.7,63,0.85,0.002455855003707141,98.43377154756655,C,Medium Moving
22344,PARTY PIZZA DISH PINK POLKADOT,1109,426.28999999999996,53,0.620943396226415,0.002453495264894111,98.43622504283144,C,Medium Moving
23522,DOG AND BALL WALL ART,252,425.88,4,2.26,0.002451135526081081,98.43867617835753,C,Medium Moving
85230G,ORANGE VOTIVE CANDLE,1680,425.75999999999993,46,0.2691304347826087,0.0024504448708187305,98.44112662322834,C,Medium Moving
16168M,FUNKY MONKEY GIFT BAG MEDIUM,1578,425.16,53,0.389811320754717,0.0024469915945069796,98.44357361482285,C,Medium Moving
21167,WHITE SAGE INCENSE,2058,424.68,50,0.209,0.0024442289734575785,98.44601784379631,C,Fast Moving
20715,LITTLE FLOWER SHOPPER BAG,400,424.0,1,1.06,0.00244031526030426,98.44845815905661,C,Medium Moving
84876B,GREEN HEART COMPACT MIRROR,327,423.75,27,1.5178571428571428,0.002438876395174364,98.45089703545179,C,Medium Moving
22124,SET OF 2 TEA TOWELS PING MICROWAVE,179,422.97,39,2.54974358974359,0.002434387135969087,98.45333142258775,C,Medium Moving
16008,SMALL FOLDING SCISSOR(POINTED EDGE),3141,422.96,85,0.15623529411764706,0.0024343295813638913,98.45576575216911,C,Fast Moving
22686,"FRENCH BLUE METAL DOOR SIGN, No",337,421.25,35,1.25,0.0024244877438754004,98.458190239913,C,Medium Moving
22840,"CAKE TIN, ROUND, VINTAGE RED,CREAM",59,421.05,10,7.55,0.002423336651771483,98.46061357656477,C,Slow Moving
23058,CHRISTMAS HANGING SNOWFLAKE,486,421.02000000000004,44,1.1129545454545455,0.0024231639879558954,98.46303674055272,C,Medium Moving
84597C,RETRO PINK BALL ASHTRAY ,352,420.8,36,1.2277777777777779,0.0024218977866415866,98.46545863833937,C,Medium Moving
47581B,FAIRY CAKE WICKER PICNIC BASKET ,33,420.75,26,12.75,0.0024216100136156076,98.46788024835298,C,Slow Moving
23117,POPPY FIELDS CHOPPING BOARD,85,420.75,39,4.95,0.0024216100136156076,98.4703018583666,C,Slow Moving
37476,CONDIMENT TRAY 4 BOWLS AND 4 SPOONS,44,420.28,27,9.84185185185185,0.002418904947171402,98.47272076331377,C,Slow Moving
84596K,JELLY BABIES YELLOW SMALL BOWL,358,420.14,64,1.2440625,0.00241809918269866,98.47513886249648,C,Medium Moving
BANK CHARGES,Bank Charges,29,420.001,28,14.482793103448275,0.0024172991736864376,98.47755616167017,C,Slow Moving
20700,GREEN CAT FLORAL CUSHION COVER ,288,420.0,12,3.125,0.0024172934182259184,98.47997345508838,C,Medium Moving
84967C,GREEN KASHMIRI OCCASIONAL TABLE,9,419.85,4,67.4625,0.0024164300991479804,98.48238988518753,C,Slow Moving
84770,ROUND GEORGIAN SILVER MIRROR,135,419.25000000000006,16,3.825,0.0024129768228362295,98.48480286201037,C,Medium Moving
17129F,BLUE GLASS GEMS IN BAG,624,418.38,25,0.8116,0.0024079695721841896,98.48721083158256,C,Medium Moving
90120D,WHITE MURANO TWIST BRACELET,102,418.25,20,4.1375,0.0024072213623166435,98.48961805294488,C,Medium Moving
20621,ECONOMY PASSPORT COVER ,199,417.90000000000003,29,2.1,0.002405206951134789,98.49202325989602,C,Medium Moving
20851,ZINC HEART LATTICE TRAY OVAL ,334,417.7,27,5.755357142857143,0.0024040558590308716,98.49442731575505,C,Medium Moving
72750A,FLOWER FAIRY SET OF 3 LILY CANDLES,206,417.7,8,2.45,0.0024040558590308716,98.49683137161408,C,Medium Moving
84859B,BLUE DISCO HANDBAG,279,417.43,15,2.402,0.0024025018846905834,98.49923387349877,C,Medium Moving
72780,BLACK SILOUETTE CANDLE PLATE,513,417.33,43,0.8409302325581395,0.0024019263386386245,98.5016357998374,C,Medium Moving
21518,BANK ACCOUNT  GREETING  CARD ,1016,416.64,70,0.4165714285714286,0.0023979550708801106,98.50403375490828,C,Medium Moving
23336,EGG FRYING PAN PINK ,199,415.97,63,2.1120312500000002,0.0023940989123319885,98.50642785382061,C,Medium Moving
47422,ASSORTED MONKEY SUCTION CUP HOOK,1076,415.92,61,0.41363636363636364,0.0023938111393060095,98.50882166495991,C,Medium Moving
84510F,SET OF 4 NEW ENGLAND COASTERS ,1092,415.0,31,1.2193548387096773,0.0023885161156279905,98.51121018107554,C,Medium Moving
20943,SET/6 GINGERBREAD STAR T-LIGHTS,332,415.0,48,1.25,0.0023885161156279905,98.51359869719117,C,Medium Moving
20654,FIRST CLASS LUGGAGE TAG ,339,414.63,84,1.2410588235294118,0.002386386595235744,98.5159850837864,C,Medium Moving
85169D,PINK LOVE BIRD CANDLE,374,413.98,45,1.208888888888889,0.0023826455458980135,98.5183677293323,C,Medium Moving
72799B,PURPLE PILLAR CANDLE BLACK FLOCK,313,413.35,9,1.8166666666666669,0.0023790196057706745,98.52074674893807,C,Medium Moving
22322,BIRD DECORATION GREEN POLKADOT,486,413.09999999999997,45,0.85,0.002377580740640778,98.52312432967871,C,Medium Moving
85227,SET/6 3D KIT CARDS FOR KIDS,545,412.84999999999997,28,0.8427586206896551,0.0023761418755108817,98.52550047155422,C,Medium Moving
90160B,RED BOUDICCA LARGE BRACELET,60,412.55,23,6.756521739130435,0.0023744152373550063,98.52787488679158,C,Slow Moving
23459,DOLLY CABINET 2 DRAWERS ,33,412.5,19,12.5,0.002374127464329027,98.53024901425592,C,Slow Moving
90184B,AMETHYST CHUNKY BEAD BRACELET W STR,46,411.7,26,8.95,0.002369523095913358,98.53261853735182,C,Slow Moving
23023,RIDGED BONNE JAM JAR T-LIGHT HOLDER,260,411.44,23,1.7039130434782608,0.0023680266761782662,98.534986564028,C,Medium Moving
84798A,PINK FOXGLOVE ARTIIFCIAL FLOWER,186,409.50000000000006,9,2.5,0.0023568610827702707,98.53734342511078,C,Medium Moving
16169F,WRAP BLIZZARD,975,409.5,34,0.42,0.0023568610827702703,98.53970028619355,C,Medium Moving
20857,BLUE ROSE PATCH PURSE PINK BUTTERFL,248,409.2,72,1.65,0.0023551344446143944,98.54205542063816,C,Medium Moving
22031,BOTANICAL LAVENDER BIRTHDAY CARD,963,409.17,80,0.43899999999999995,0.002354961780798807,98.54441038241896,C,Medium Moving
20694,FLORAL PINK MONSTER,112,408.48,25,3.7084615384615387,0.0023509905130402933,98.546761372932,C,Medium Moving
90195A,PURPLE GEMSTONE BRACELET,51,408.45,26,8.257692307692308,0.0023508178492247056,98.54911219078122,C,Slow Moving
22324,BAG FOR CHILDREN VINTAGE BLUE ,96,408.0,1,4.25,0.002348227891990892,98.5514604186732,C,Medium Moving
22323,BAG FOR CHILDREN VINTAGE PINK ,96,408.0,1,4.25,0.002348227891990892,98.55380864656519,C,Medium Moving
23422,PANTRY HOOK BALLOON WHISK ,196,407.68,31,2.08,0.0023463861446246246,98.55615503270981,C,Medium Moving
35240,ENAMEL BLUE RIM OVAL TRAY SET/2,48,407.52,38,8.49,0.0023454652709414907,98.55850049798075,C,Slow Moving
23415,HOME SWEET HOME HOOK,326,405.6,45,1.3699999999999999,0.002334414786743887,98.56083491276749,C,Medium Moving
22776,"CAKESTAND, 3 TIER, LOVEHEART",46,405.5,7,9.328571428571427,0.002333839240691928,98.56316875200818,C,Slow Moving
84508B,STRIPES DESIGN TEDDY,159,405.45,65,2.55,0.002333551467665949,98.56550230347585,C,Medium Moving
84595B,LARGE TRIFLE DESIGN L BLUE BOWL,229,405.15,15,3.05,0.002331824829510073,98.56783412830536,C,Medium Moving
62094B,TURQ ICE CREAM BUM BAG ,251,405.05,27,2.281481481481481,0.0023312492834581147,98.57016537758882,C,Medium Moving
21663,VINTAGE GLASS SUGAR CADDY,69,404.55,25,5.93,0.002328371553198322,98.57249374914203,C,Slow Moving
22346,PARTY PIZZA DISH GREEN POLKADOT,1005,404.31,39,0.6035,0.0023269902426736214,98.5748207393847,C,Medium Moving
22204,MILK PAN BLUE POLKADOT,123,403.75,41,3.4523809523809526,0.0023237671847826536,98.57714450656948,C,Medium Moving
84984A,GREEN PEONY CUSHION COVER,255,403.75,12,3.8000000000000003,0.0023237671847826536,98.57946827375426,C,Medium Moving
20793,BLUE TILED TRAY,273,402.75,15,6.35,0.002318011724263068,98.58178628547851,C,Medium Moving
90010B,BLACK/WHITE GLASS/SILVER BRACELET,45,402.75,17,8.95,0.002318011724263068,98.58410429720277,C,Slow Moving
84857C,PINK MONTE CARLO HANDBAG,193,402.54999999999995,14,2.8857142857142857,0.0023168606321591506,98.58642115783493,C,Medium Moving
21336,GOLD WASHBAG,1788,401.64,24,2.715,0.002311623163086328,98.58873278099801,C,Medium Moving
21379,CAMPHOR WOOD PORTOBELLO MUSHROOM,498,401.52,45,1.1331111111111112,0.0023109325078239777,98.59104371350584,C,Medium Moving
84932B,SMALL PINK PEONY FOLDING STOOL,189,401.3,17,3.105882352941176,0.0023096663065096694,98.59335337981236,C,Medium Moving
71270,PHOTO CLIP LINE,320,401.21,54,1.2719999999999998,0.0023091483150629063,98.59566252812742,C,Medium Moving
79071B,ENGLISH ROSE METAL WASTE BIN,136,401.20000000000005,60,2.95,0.002309090760457711,98.59797161888788,C,Medium Moving
20997,ROSE DU SUD CUSHION COVER ,81,400.95,28,4.95,0.002307651895327814,98.6002792707832,C,Slow Moving
20618,QUEEN OF THE SKIES PASSPORT COVER ,193,400.38,74,2.0889189189189192,0.0023043712828316504,98.60258364206604,C,Medium Moving
90143,SILVER BRACELET W PASTEL FLOWER,54,400.0,18,7.222222222222222,0.002302184207834208,98.60488582627387,C,Slow Moving
16243B,BROWN COZY SQUARE PHOTO ALBUM,205,399.75,1,1.95,0.0023007453427043114,98.60718657161658,C,Medium Moving
21882,SKULLS TAPE,921,398.73,70,0.5783333333333334,0.0022948747729743344,98.60948144638955,C,Medium Moving
21001,ROSE DU SUD WASHBAG ,67,398.65000000000003,31,5.95,0.0022944143361327673,98.61177586072569,C,Slow Moving
D,Discount,196,397.89,5,41.378,0.002290040186137882,98.61406590091183,C,Medium Moving
85142,JARDIN ETCHED GLASS GINGER JAR,50,397.5,27,7.95,0.002287795556535244,98.61635369646837,C,Slow Moving
20701,PINK CAT FLORAL CUSHION COVER ,282,397.5,13,3.173076923076923,0.002287795556535244,98.6186414920249,C,Medium Moving
72128,COLUMBIAN CANDLE ROUND,686,397.46,78,0.8048148148148148,0.0022875653381144606,98.62092905736301,C,Medium Moving
90195B,BLACK GEMSTONE BRACELET,45,396.75,20,8.65,0.002283478961145555,98.62321253632416,C,Slow Moving
90149,SILVER FLOWR PINK SHELL NECKLACE,60,395.28000000000003,7,7.337142857142857,0.002275018434181764,98.62548755475834,C,Slow Moving
84726,LILLIES CANVAS PICTURE,233,394.85,5,2.17,0.0022725435861583425,98.6277600983445,C,Medium Moving
84563A,PINK & WHITE BREAKFAST TRAY,92,394.40000000000003,33,5.131818181818182,0.002269953628924529,98.63003005197342,C,Medium Moving
22343,PARTY PIZZA DISH RED WHITE SPOT ,464,394.4,22,0.85,0.0022699536289245287,98.63230000560235,C,Medium Moving
20662,FIRST CLASS HOLIDAY PURSE ,697,394.27000000000004,25,2.9388,0.002269205419056983,98.6345692110214,C,Medium Moving
21553,CERAMIC BIRDHOUSE FINCH BLUE  LARGE,75,393.6,27,5.877777777777778,0.0022653492605088604,98.63683456028191,C,Slow Moving
84951A,SET OF 4 PISTACHIO LOVEBIRD COASTER,393,393.32,41,1.3051219512195122,0.0022637377315633763,98.63909829801348,C,Medium Moving
20889,JARDIN DE FEMME SCENTED CANDLE,656,392.0,12,2.029166666666667,0.002256140523677524,98.64135443853716,C,Medium Moving
20753,RETRO PINK SPOT WASHING UP GLOVES,187,391.1,38,2.057894736842105,0.0022509606092098967,98.64360539914637,C,Medium Moving
47562,ENGLISH ROSE IRONING BOARD COVER,104,390.0,41,3.75,0.0022446296026383526,98.64585002874901,C,Medium Moving
84016,FLAG OF ST GEORGE CAR FLAG,978,389.76,46,0.41847826086956524,0.002243248292113652,98.64809327704113,C,Medium Moving
85136B,BLUE SHARK HELICOPTER,49,389.55,39,7.95,0.002242039645404539,98.65033531668654,C,Slow Moving
47591B,SCOTTIES DES CHILD'S APRON,236,389.4,61,1.65,0.0022411763263266013,98.65257649301286,C,Medium Moving
21371,MIRRORED WALL ART POPPIES,368,389.4,41,1.2841463414634147,0.0022411763263266013,98.65481766933918,C,Medium Moving
16044,POP-ART FLUORESCENT PENS,6192,388.8,2,0.24,0.0022377230500148504,98.6570553923892,C,Fast Moving
35004S,SET OF 3 SILVER FLYING DUCKS,136,388.4,16,4.425,0.0022354208658070156,98.659290813255,C,Medium Moving
84007,MAGIC GARDEN MOUNT FUJI,152,387.6,37,2.55,0.0022308164973913473,98.66152162975239,C,Medium Moving
40046A,RED DAISY PAPER LAMPSHADE,321,387.57,34,1.2388235294117647,0.0022306438335757597,98.66375227358596,C,Medium Moving
84804A,CREAM DELPHINIUM ARTIFICIAL FLOWER,215,387.53000000000003,17,2.6876470588235297,0.0022304136151549765,98.66598268720111,C,Medium Moving
23537,WALL ART I LOVE LONDON ,86,387.3,19,4.8236842105263165,0.002229089859235472,98.66821177706035,C,Slow Moving
20838,FRENCH LATTICE CUSHION COVER ,391,387.29,39,1.1817948717948719,0.002229032304630276,98.67044080936498,C,Medium Moving
23103,BELL HEART DECORATION,252,387.0,9,1.6277777777777775,0.002227363221079596,98.67266817258606,C,Medium Moving
72800C,4 PINK DINNER CANDLE SILVER FLOCK,257,385.51,42,2.2190476190476187,0.002218787584905414,98.67488696017097,C,Medium Moving
22698,TEACUP AND SAUCER REGENCY PINK,144,384.0,9,2.816666666666667,0.0022100968395208395,98.67709705701049,C,Medium Moving
22838,"CAKE TIN, 3 TIER RED/IVORY",28,383.4,8,14.399999999999999,0.002206643563209088,98.6793037005737,C,Slow Moving
84306,S/3 PINK SQUARE PLANTERS ROSES,35,383.24999999999994,19,10.95,0.0022057802441311503,98.68150948081782,C,Slow Moving
46776B,WOVEN BERRIES CUSHION COVER ,194,383.1,20,4.3950000000000005,0.0022049169250532128,98.68371439774288,C,Medium Moving
22785,SQUARECUSHION COVER PINK UNION JACK,150,382.14,29,6.103793103448275,0.0021993916829544102,98.68591378942583,C,Medium Moving
79030D,"TUMBLER, BAROQUE",479,382.11,16,1.505625,0.002199219019138823,98.68811300844496,C,Medium Moving
84509A,ENGLISH ROSE PLACEMATS,107,382.05,25,3.718,0.002198873691507648,98.69031188213647,C,Medium Moving
22446,PIN CUSHION RUSSIAN DOLL PINK,114,381.90000000000003,26,3.3500000000000005,0.00219801037242971,98.6925098925089,C,Medium Moving
85090,CANDY SPOT APRON,82,381.3,35,4.65,0.002194557096117959,98.69470444960501,C,Slow Moving
90035B,"PEARL & SHELL 42""NECKL. PINK",43,380.89,4,10.185,0.0021921973573049286,98.69689664696232,C,Slow Moving
20659,ECONOMY LUGGAGE TAG,287,380.81,89,1.352197802197802,0.002191736920463362,98.69908838388278,C,Medium Moving
72750B,"F.FAIRY S/3 CANDLE/GLASS,LAVENDER",193,380.35,9,2.3944444444444444,0.002189089408624352,98.70127747329141,C,Medium Moving
84802B,PURPLE ANEMONE ARTIFICIAL FLOWER,405,379.65000000000003,16,1.53125,0.002185060586260643,98.70346253387767,C,Medium Moving
85167A,WHITE GRAND BAROQUE PHOTO FRAME,174,379.5,12,3.5,0.002184197267182705,98.70564673114485,C,Medium Moving
85097B,BLUE ROCKING SINGING CANARY,101,378.75,36,3.75,0.0021798806717930157,98.70782661181664,C,Medium Moving
22032,BOTANICAL LILY GREETING CARD,903,378.42,74,0.4183783783783783,0.002177981369821552,98.71000459318647,C,Medium Moving
72801E,S/4 FESTIVE GREEN DINNER CANDLES,717,378.33,21,1.170952380952381,0.0021774633783747895,98.71218205656484,C,Medium Moving
85211,S/4 GROOVY CAT MAGNETS,279,377.96999999999997,51,1.5029629629629628,0.0021753914125877388,98.71435744797743,C,Medium Moving
35969,FOLKART CROWN TABLE DECORATIONS,450,376.74,40,1.4594999999999998,0.002168312196148649,98.71652576017358,C,Medium Moving
85007,SET OF 3 VINTAGE TEA TIME BOXES,139,376.35,19,3.9,0.0021660675665460104,98.71869182774013,C,Medium Moving
23457,LARGE PARLOUR PICTURE FRAME,77,375.75,27,4.933333333333334,0.002162614290234259,98.72085444203036,C,Slow Moving
21252,SET OF MEADOW  FLOWER STICKERS,161,375.65000000000003,16,2.743125,0.0021620387441823007,98.72301648077455,C,Medium Moving
16218,CARTOON  PENCIL SHARPENERS,4525,375.6,70,0.098,0.002161750971156321,98.7251782317457,C,Fast Moving
22286,DECORATION WOBBLY RABBIT METAL ,753,375.57,45,0.6699999999999999,0.0021615783073407335,98.72733981005304,C,Medium Moving
21418,STARFISH SOAP DISH,161,375.35,35,2.3544444444444443,0.0021603121060264252,98.72950012215907,C,Medium Moving
71403,"PINK/WHITE ""KEEP CLEAN"" BULLET BIN",127,374.65000000000003,27,2.95,0.002156283283662715,98.73165640544273,C,Medium Moving
84951B,SET OF 4 BLACK LOVEBIRD COASTERS,356,374.54,37,1.3107894736842105,0.0021556501830055606,98.73381205562573,C,Medium Moving
84422,PINK/BLUE DISC/MIRROR STRING,749,374.31,25,0.7132,0.002154326427086056,98.73596638205282,C,Medium Moving
84661B,BLACK SQUARE TABLE CLOCK,207,374.29,26,2.191923076923077,0.0021542113178756642,98.7381205933707,C,Medium Moving
72803B,OCEAN SCENT CANDLE JEWELLED DRAWER,88,374.0,34,4.25,0.0021525422343249842,98.74027313560502,C,Slow Moving
23128,DOLLCRAFT BOY JEAN-PAUL ,82,373.9,12,4.883333333333334,0.0021519666882730258,98.7424251022933,C,Slow Moving
20781,GOLD EAR MUFF HEADPHONES,77,373.17,41,5.230975609756097,0.0021477652020937283,98.74457286749539,C,Slow Moving
22135,LADLE LOVE HEART PINK,935,372.54,58,0.4179310344827586,0.0021441392619663898,98.74671700675736,C,Medium Moving
84680,CLASSICAL ROSE URN,94,372.3,17,7.06764705882353,0.002142757951441689,98.74885976470881,C,Medium Moving
47021G,SET/6 BEAD COASTERS GAUZE BAG GOLD,631,371.65,45,1.0443478260869565,0.0021390169021039585,98.75099878161092,C,Medium Moving
22345,PARTY PIZZA DISH BLUE POLKADOT,1032,371.46,48,0.5912,0.002137923364605237,98.75313670497552,C,Medium Moving
46126A,ELVIS WALLHANGING / CURTAIN,297,371.25,34,1.25,0.002136714717896124,98.75527341969341,C,Medium Moving
16219,HOUSE SHAPE PENCIL SHARPENER,3206,371.01,66,0.12515151515151515,0.0021353334073714236,98.75740875310078,C,Fast Moving
23039,T-LIGHT HOLDER SILVER HEART HANDLE,192,370.79999999999995,22,1.9369565217391302,0.0021341247606623103,98.75954287786143,C,Medium Moving
84563B,BLUE & WHITE BREAKFAST TRAY,96,370.20000000000005,37,4.40945945945946,0.0021306714843505594,98.76167354934579,C,Medium Moving
84931A,PINK SCOTTIE DOG W FLOWER PATTERN,146,369.6,47,2.5404255319148934,0.002127218208038808,98.76380076755383,C,Medium Moving
21375,LARGE CAMPHOR WOOD FIELD MUSHROOM ,93,368.25,28,4.798275862068966,0.0021194483363373676,98.76592021589016,C,Medium Moving
21520,BOOZE & WOMEN GREETING CARD ,890,368.04,68,0.4173529411764706,0.0021182396896282547,98.76803845557978,C,Medium Moving
35915A,CREAM KNITTED HEN,288,365.76,1,1.27,0.0021051172396435998,98.77014357281942,C,Medium Moving
84901,BLACK FACE LAMB WITH PANTS,98,365.34,56,3.737142857142857,0.0021026999462253736,98.77224627276564,C,Medium Moving
22447,PIN CUSHION BABUSHKA BLUE,117,364.65000000000003,29,3.2051724137931035,0.0020987286784668597,98.7743450014441,C,Medium Moving
85204,HANGING WOOD AND FELT FLOWER,2150,364.62,78,0.2962962962962963,0.002098556014651272,98.77644355745875,C,Fast Moving
90161D,ANT COPPER PINK BOUDICCA BRACELET,74,363.85,24,4.847916666666667,0.0020941243100511915,98.7785376817688,C,Slow Moving
22511,DOORSTOP RUSSIAN DOLL RETROSPOT,100,363.48,34,3.7294285714285715,0.002091994789658945,98.78062967655846,C,Medium Moving
46776A,WOVEN BUBBLE GUM CUSHION COVER,190,363.3,20,4.3950000000000005,0.002090958806765419,98.78272063536522,C,Medium Moving
46776F,WOVEN ROSE GARDEN CUSHION COVER ,172,363.0,17,4.514705882352941,0.0020892321686095438,98.78480986753384,C,Medium Moving
84905,PINK BUTTERFLY CUSHION COVER ,145,362.55,17,4.079411764705883,0.00208664221137573,98.78689650974522,C,Medium Moving
35922,EASTER BUNNY WREATH,76,362.2,21,4.916666666666667,0.002084627800193875,98.7889811375454,C,Slow Moving
90082B,DIAMANTE BOW BROOCH RED COLOUR,57,361.95,24,6.349999999999999,0.0020831889350639786,98.79106432648047,C,Slow Moving
90198B,VINTAGE ROSE BEAD BRACELET BLACK,85,361.25,32,4.25,0.002079160112700269,98.79314348659317,C,Slow Moving
22559,SEASIDE FRISBEE ,303,360.51,21,1.231904761904762,0.0020749010719157755,98.79521838766509,C,Medium Moving
21678,PAISLEY PATTERN  STICKERS,515,358.78999999999996,46,0.8193478260869564,0.0020650016798220883,98.79728338934491,C,Medium Moving
23429,RED RETRO KITCHEN WALL CLOCK,44,358.6,20,8.15,0.0020639081423233676,98.79934729748723,C,Slow Moving
22259,FELT FARM ANIMAL HEN,478,358.46,33,1.155142857142857,0.002063102377850625,98.80141039986508,C,Medium Moving
21017,RED BIRD HOUSE TREE DECORATION,548,358.28,39,0.8025641025641026,0.0020620663949570996,98.80347246626003,C,Medium Moving
16216,LETTER SHAPE PENCIL SHARPENER,4135,358.18,78,0.12607594936708863,0.002061490848905141,98.80553395710893,C,Fast Moving
84707B,PINK JEWELLED MIRROR TRINKET TRAY,47,357.65999999999997,22,9.31409090909091,0.002058498009434957,98.80759245511837,C,Slow Moving
47579,TEA TIME BREAKFAST BASKET,170,357.0,43,2.1,0.0020546994054920303,98.80964715452386,C,Medium Moving
22555,PLASTERS IN TIN MR STRONG ,228,357.0,11,1.6318181818181818,0.0020546994054920303,98.81170185392935,C,Medium Moving
37482P,CUBIC MUG PINK POLKADOT,532,356.52,43,1.028181818181818,0.002051936784442629,98.81375379071379,C,Medium Moving
84918,CREAM CUSHION COVER WITH FLOWERS,103,355.85,14,6.235714285714286,0.002048080625894507,98.81580187133969,C,Medium Moving
84509B,FAIRY CAKE PLACEMATS,100,355.8,22,3.713636363636364,0.002047792852868528,98.81784966419255,C,Medium Moving
84800M,MEDIUM WHITE/PINK ROSE ART FLOWER,249,355.53000000000003,26,1.5853846153846154,0.00204623887852824,98.81989590307109,C,Medium Moving
35004P,SET OF 3 PINK FLYING DUCKS,84,354.6,21,5.040476190476191,0.002040886300245025,98.82193678937134,C,Slow Moving
21729,SMALL MARAKESH METAL  LANTERN ,114,354.5,23,3.2291666666666665,0.0020403107541930665,98.82397710012553,C,Medium Moving
22039,BOTANICAL LILY GIFT WRAP,850,353.0,30,0.41466666666666663,0.0020316775634136885,98.82600877768894,C,Medium Moving
78033,FLAG OF ST GEORGE CHAIR,73,352.75,14,5.464285714285714,0.002030238698283792,98.82803901638722,C,Slow Moving
79191B,RETRO PLASTIC POLKA TRAY,451,351.66999999999996,53,0.8458490566037735,0.0020240228009226393,98.83006303918815,C,Medium Moving
72487,ROSES WHITE ROUND CANDLE,826,351.62,13,0.9776923076923077,0.0020237350278966607,98.83208677421604,C,Medium Moving
18094C,WHITE AND BLUE CERAMIC OIL BURNER,312,351.6,39,1.1884615384615385,0.0020236199186862685,98.83411039413473,C,Medium Moving
84809B,PINK CHRYSANTHEMUMS ART FLOWER,296,351.6,8,1.7875,0.0020236199186862685,98.83613401405341,C,Medium Moving
23337,EGG FRYING PAN MINT ,169,351.52000000000004,60,2.08,0.002023159481844702,98.83815717353527,C,Medium Moving
84741C,CITRUS GARLAND FELT FLOWERS ,180,351.0,47,1.95,0.002020166642374517,98.84017734017765,C,Medium Moving
21529,RED RETROSPOT TOASTRACK,104,349.8,35,3.4214285714285713,0.002013260089751015,98.8421906002674,C,Medium Moving
35471A,SET OF 3 BIRD L.BLUE FEATHER,360,349.2,54,1.1857142857142857,0.0020098068134392637,98.84420040708083,C,Medium Moving
72750A,"F.FAIRY S/3 CANDLE/GLASS,LILY/VALLY",177,349.15000000000003,8,2.45,0.0020095190404132842,98.84620992612125,C,Medium Moving
85168B,BLACK BAROQUE CARRIAGE CLOCK,37,348.66999999999996,23,9.679565217391303,0.0020067564193638828,98.84821668254061,C,Slow Moving
23057,GEMSTONE CHANDELIER T-LIGHT HOLDER,78,347.7,7,4.835714285714286,0.002001173622659885,98.85021785616327,C,Slow Moving
47563A,RETRO LONGBOARD IRONING BOARD COVER,224,347.5,62,1.9758064516129032,0.002000022530555968,98.85221787869382,C,Medium Moving
16258A,SWIRLY CIRCULAR RUBBERS IN BAG,1026,347.19,74,0.4244736842105263,0.0019982383377948965,98.85421611703161,C,Medium Moving
84402D,PINK DRESS JEWELLERY STAND ,371,346.85,11,1.6136363636363635,0.0019962814812182375,98.85621239851282,C,Medium Moving
46000R,POLYESTER FILLER PAD 45x30cm,239,346.55,59,1.45,0.0019945548430623616,98.85820695335589,C,Medium Moving
23576,SNACK TRAY RED VINTAGE DOILY,185,346.34999999999997,29,1.94,0.0019934037509584442,98.86020035710685,C,Medium Moving
23150,IVORY SWEETHEART SOAP DISH,139,346.11,40,2.49,0.0019920224404337446,98.86219237954728,C,Medium Moving
17129D,CLEAR COLOUR GLASS GEMS IN BAG,518,344.53999999999996,19,0.7615789473684211,0.001982986367417995,98.8641753659147,C,Medium Moving
21736,GOLD SCROLL GLASS T-LIGHT HOLDER,178,343.02,22,2.0256521739130435,0.001974238067428225,98.86614960398214,C,Medium Moving
79336,LIGHT PINK FLOCK GLASS CANDLEHOLDER,832,342.83,16,0.85625,0.0019731445299295035,98.86812274851206,C,Medium Moving
17181,CIRCLE OF FRIENDS CANDLE HOLDER,294,341.7,28,2.1533333333333333,0.0019666408595423717,98.8700893893716,C,Medium Moving
21757,LIGHTHOUSE PRINTED METAL SIGN,69,341.55,31,4.95,0.001965777540464434,98.87205516691206,C,Slow Moving
37444C,PINK BREAKFAST CUP AND SAUCER ,1596,341.48,17,1.9923529411764709,0.0019653746582280634,98.87402054157029,C,Medium Moving
20615,BLUE SPOTTY PASSPORT COVER,222,341.2,38,2.067948717948718,0.0019637631292825793,98.87598430469957,C,Medium Moving
84509C,SET OF 4 POLKADOT PLACEMATS ,96,340.8,32,3.725,0.0019614609450747454,98.87794576564464,C,Medium Moving
20666,ECONOMY HOLIDAY PURSE,871,340.65000000000003,22,2.679090909090909,0.0019605976259968075,98.87990636327063,C,Medium Moving
22813,PACK 3 BOXES BIRD PANETTONE ,177,340.33,14,2.551428571428571,0.00195875587863054,98.88186511914927,C,Medium Moving
23044,PAPER LANTERN 9 POINT HOLLY STAR S,82,340.3,19,4.15,0.0019585832148149526,98.88382370236408,C,Slow Moving
75149N,STRING CRYSTALS NATURAL,272,340.0,25,1.25,0.0019568565766590767,98.88578055894074,C,Medium Moving
21027,NINJA RABBIT PINK,276,339.3,46,1.2420833333333332,0.001952827754295367,98.88773338669503,C,Medium Moving
82076,BEECH WOOD PHOTO FRAME ,271,338.75,6,1.25,0.0019496622510095948,98.88968304894604,C,Medium Moving
79323S,SILVER CHERRY LIGHTS,59,338.45000000000005,11,6.395454545454545,0.0019479356128537194,98.89163098455889,C,Slow Moving
37444B,BLUE BREAKFAST CUP AND SAUCER ,1996,338.44,17,2.6182352941176474,0.001947878058248523,98.89357886261713,C,Fast Moving
84926D,LA PALMIERA TILE COASTER,762,337.89,38,0.7589743589743589,0.001944712554962751,98.89552357517209,C,Medium Moving
84081,WHITE CERAMIC PARTY SET (5PCS),94,337.58,15,4.078,0.0019429283622016795,98.89746650353429,C,Medium Moving
84497,BUTTONS AND STRIPES NOTEBOOK ,90,337.5,32,3.75,0.001942467925360113,98.89940897145965,C,Medium Moving
20903,VINTAGE KEEPSAKE BOX TRAVELOGUE,103,337.25,19,5.655263157894736,0.0019410290602302166,98.90135000051988,C,Medium Moving
20976,12 PENCILS SMALL TUBE POSY,518,336.7,64,0.65,0.0019378635569444445,98.90328786407683,C,Medium Moving
23661,MILK MAIDS MUG ,204,336.6,23,1.6499999999999997,0.001937288010892486,98.90522515208772,C,Medium Moving
23127,DOLLCRAFT GIRL NICOLE,68,336.6,12,4.95,0.001937288010892486,98.90716244009862,C,Slow Moving
85086A,CANDY SPOT HEART DECORATION,396,336.59999999999997,49,0.85,0.0019372880108924856,98.90909972810951,C,Medium Moving
82081,PINK HEARTS PHOTO ALBUM,159,336.25,12,3.0416666666666665,0.001935273599710631,98.91103500170922,C,Medium Moving
21004,ROSE DU SUD CHILDS APRON,79,335.75,33,4.25,0.0019323958694508383,98.91296739757867,C,Slow Moving
84915,HAND TOWEL PINK FLOWER AND DAISY,208,335.5,18,4.08,0.0019309570043209417,98.91489835458299,C,Medium Moving
84249D,FAIRY CAKE GREETINGS CARD,809,335.46,55,0.4189090909090909,0.0019307267859001583,98.91682908136889,C,Medium Moving
84292,ROSE PINK METAL FOLDING CHAIR,42,333.90000000000003,12,7.95,0.0019217482674896054,98.91875082963638,C,Slow Moving
22029,SPACE BOY BIRTHDAY CARD,805,333.78000000000003,53,0.41886792452830185,0.0019210576122272549,98.9206718872486,C,Medium Moving
17109A,FLOWER FAIRY INCENSE LILY,709,333.61,13,1.1861538461538461,0.0019200791839389254,98.92259196643253,C,Medium Moving
47583B,SET OF 3 WICKER BASKET TEA AND CAKE,27,332.6,6,21.958333333333332,0.001914266168814144,98.92450623260135,C,Slow Moving
72801C,4 ROSE PINK DINNER CANDLES,528,332.15999999999997,22,1.0904545454545453,0.001911733766185526,98.92641796636754,C,Medium Moving
20695,FLORAL BLUE MONSTER,82,332.0,26,4.173076923076923,0.0019108128925023923,98.92832877926004,C,Slow Moving
23484,HEART TRELLIS TRIPLE T-LIGHT HOLDER,118,331.42,20,2.870952380952381,0.0019074747254010332,98.93023625398544,C,Medium Moving
85024B,EAU DE NILE JEWELLED PHOTOFRAME,218,330.90000000000003,20,1.6404761904761902,0.0019044818859308488,98.93214073587137,C,Medium Moving
23420,PANTRY HOOK TEA STRAINER ,159,330.72,28,2.08,0.0019034459030373232,98.93404418177441,C,Medium Moving
37464,ROBOT MUG IN DISPLAY BOX,275,330.07,46,1.2419148936170212,0.0018997048536995922,98.93594388662811,C,Medium Moving
72814,SET/3 CHRISTMAS BRIAR CANDLES,88,330.0,21,3.75,0.0018993019714632214,98.93784318859957,C,Slow Moving
84925A,WAKE UP COCKEREL WALL THERMOMETER,177,328.95,15,2.493333333333333,0.0018932587379176565,98.9397364473375,C,Medium Moving
72811,SMALL ZINC/GLASS CANDLEHOLDER,441,328.77,20,1.2994999999999999,0.0018922227550241312,98.94162867009251,C,Medium Moving
47592A,CAROUSEL DES CHILD'S OVERALL,156,327.6,32,2.1,0.0018854888662162164,98.94351415895873,C,Medium Moving
23236,DOILEY BISCUIT TIN,120,327.59999999999997,13,2.8592307692307695,0.001885488866216216,98.94539964782496,C,Medium Moving
35912B,WHITE/PINK CHICK DECORATION,283,326.39,26,1.2353846153846153,0.0018785247589875177,98.94727817258395,C,Medium Moving
21309,LOUVRE CHALKBOARD,49,325.6,5,9.16,0.0018739779451770453,98.94915215052913,C,Slow Moving
22045,SPACE BOY GIFT WRAP,775,325.5,27,0.42,0.0018734023991250869,98.95102555292826,C,Medium Moving
90209A,PURPLE ENAMEL+GLASS HAIR COMB,173,325.5,10,1.9949999999999999,0.0018734023991250869,98.95289895532738,C,Medium Moving
90120B,BLUE MURANO TWIST BRACELET,77,325.5,21,4.166666666666667,0.0018734023991250869,98.95477235772651,C,Slow Moving
85087,CANDY SPOT CUSHION COVER,113,325.11000000000007,21,2.947142857142857,0.0018711577695224486,98.95664351549604,C,Medium Moving
23521,WALL ART CAT AND BIRD ,118,324.98,18,2.7544444444444447,0.0018704095596549025,98.9585139250557,C,Medium Moving
82011C,BATHROOM SCALES FOOTPRINTS IN SAND,95,324.25,42,3.673809523809524,0.0018662080734756048,98.96038013312918,C,Medium Moving
23521,CAT AND BIRD WALL ART,270,323.64,4,2.005,0.0018626972425586574,98.96224283037174,C,Medium Moving
84898F,YELLOW FLOWERS FELT HANDBAG KIT,154,323.40000000000003,47,2.1,0.001861315932033957,98.96410414630377,C,Medium Moving
20655,QUEEN OF SKIES LUGGAGE TAG,264,321.02,91,1.2656382978723404,0.0018476179359973434,98.96595176423976,C,Medium Moving
23205,CHARLOTTE BAG ALPHABET  DESIGN,400,320.5,22,0.838181818181818,0.001844625096527159,98.96779638933629,C,Medium Moving
85112,S/3 TEAR DROP CUT GLASS DECORATION,429,320.25,23,1.2173913043478262,0.0018431862313972628,98.96963957556768,C,Medium Moving
85070,ANT WHITE SWEETHEART TABLE W 3 DRAW,3,320.0,3,106.66666666666667,0.0018417473662673662,98.97148132293395,C,Slow Moving
84801B,WHITE HYDRANGEA ART FLOWER,202,319.8,16,2.009375,0.0018405962741634492,98.97332191920812,C,Medium Moving
21038,SET/4 MODERN VINTAGE COTTON NAPKINS,156,319.8,49,2.1124489795918366,0.0018405962741634492,98.97516251548228,C,Medium Moving
90148,LONG SILVER NECKLACE PASTEL FLOWER,25,318.75,16,12.75,0.001834553040617884,98.9769970685229,C,Slow Moving
21243,PINK POLKADOT PLATE ,202,318.34,18,1.6766666666666667,0.0018321933018048543,98.97882926182471,C,Medium Moving
23523,WALL ART TREASURE AHOY ,87,317.97,22,3.708181818181818,0.0018300637814126076,98.98065932560613,C,Slow Moving
23116,VEGETABLE GARDEN CHOPPING BOARD,70,317.70000000000005,17,4.902941176470589,0.0018285098070723199,98.9824878354132,C,Slow Moving
84881,BLUE WIRE SPIRAL CANDLE HOLDER,50,317.5,22,6.35,0.0018273587149684025,98.98431519412816,C,Slow Moving
84933C,LARGE BLUE ORIENTAL FOLDING STOOL,136,317.0,6,4.716666666666667,0.0018244809847086096,98.98613967511287,C,Medium Moving
90002D,FLOWER BURST SILVER RING CRYSTAL,91,316.25,21,3.7261904761904763,0.0018201643893189206,98.98795983950218,C,Medium Moving
47597,NEW ENGLAND TEATOWELS,124,316.2,41,2.55,0.0018198766162929414,98.98977971611848,C,Medium Moving
23421,PANTRY HOOK SPATULA,152,316.16,26,2.08,0.001819646397872158,98.99159936251635,C,Medium Moving
16207B,PINK HEART RED HANDBAG,211,315.96000000000004,13,2.5200000000000005,0.0018184953057682409,98.99341785782212,C,Medium Moving
90201B,BLACK ENAMEL FLOWER RING,107,315.65000000000003,18,2.95,0.0018167111130071695,98.99523456893513,C,Medium Moving
47504G,ENGLISH ROSE TAPE MEASURE,256,315.44,47,1.2459574468085106,0.0018155024662980562,98.99705007140143,C,Medium Moving
23037,CANDLE HOLDER SILVER MADELINE,193,315.29,18,1.7299999999999998,0.0018146391472201185,98.99886471054866,C,Medium Moving
17011F,ORIGAMI SANDLEWOOD INCENSE+FLOWER,380,315.15,15,1.4233333333333333,0.0018138333827473763,99.0006785439314,C,Medium Moving
90198A,VINTAGE ROSE BEAD BRACELET RASPBERR,74,314.5,26,4.25,0.001810092333409646,99.00248863626481,C,Slow Moving
84933A,LARGE GREEN PEONY FOLDING STOOL,131,314.34999999999997,6,4.716666666666666,0.001809229014331708,99.00429786527914,C,Medium Moving
22395,PAPERWEIGHT VINTAGE PAISLEY,214,313.86,33,1.937272727272727,0.0018064088386771113,99.00610427411782,C,Medium Moving
46000U,POLYESTER FILLER PAD 30CMx30CM,251,313.75,51,1.25,0.001805775738019957,99.00791004985584,C,Medium Moving
20902,VINTAGE KEEPSAKE BOX PARIS DAYS,69,313.34999999999997,15,6.003333333333333,0.0018034735538121226,99.00971352340964,C,Slow Moving
23130,MISELTOE HEART WREATH ,80,312.8,5,4.07,0.0018003080505263507,99.01151383146016,C,Slow Moving
85170B,SET/6 BLACK BIRD T-LIGHT CANDLES,237,312.78000000000003,33,1.885757575757576,0.001800192941315959,99.01331402440148,C,Medium Moving
20940,SET/6 GARDEN GNOME T-LIGHT CANDLES,113,312.55,18,2.905555555555556,0.001798869185396454,99.01511289358687,C,Medium Moving
23339,EGG FRYING PAN BLUE ,150,312.0,58,2.08,0.001795703682110682,99.01690859726898,C,Medium Moving
85202,HANGING WOOD AND FELT HEART,745,311.46,90,0.4194,0.0017925957334301058,99.01870119300241,C,Medium Moving
35967,FOLK ART METAL STAR T-LIGHT HOLDER,786,310.08,59,0.39610169491525427,0.0017846531979130778,99.02048584620033,C,Medium Moving
35911A,MULTICOLOUR RABBIT EGG WARMER,260,309.65,41,1.503809523809524,0.001782178349889656,99.02226802455021,C,Medium Moving
84933B,LARGE PINK PEONY FOLDING STOOL,136,309.15,6,3.408333333333333,0.0017793006196298632,99.02404732516985,C,Medium Moving
22844,VINTAGE DOG FOOD CONTAINER,36,308.64,6,8.61,0.0017763653347648747,99.02582369050461,C,Slow Moving
84711A,SILVER OVAL SHAPE TRINKET BOX,31,308.45,14,9.95,0.0017752717972661534,99.02759896230188,C,Slow Moving
21946,PARTY TIME DESIGN FLANNEL,579,307.81,30,0.7833333333333333,0.0017715883025336185,99.02937055060441,C,Medium Moving
84706A,ENGLISH ROSE TABLE CLOCK,136,307.2,6,5.449999999999999,0.0017680774716166718,99.03113862807602,C,Medium Moving
23478,WOODLAND LARGE PINK FELT HEART,278,307.18,10,1.2289999999999999,0.0017679623624062798,99.03290659043843,C,Medium Moving
20688,BEAUTY SPEED EXPRESSO CUPS,462,306.9,9,4.45,0.001766350833460796,99.0346729412719,C,Medium Moving
90180A,BLACK+WHITE NECKLACE W TASSEL,35,306.25,19,9.58157894736842,0.0017626097841230656,99.03643555105602,C,Slow Moving
90160A,PURPLE BOUDICCA LARGE BRACELET,44,305.8,20,6.95,0.001760019826889252,99.0381955708829,C,Slow Moving
23575,SNACK TRAY PAISLEY PARK,164,305.4,22,1.9375,0.0017577176426814176,99.03995328852558,C,Medium Moving
21943,CAKES AND RABBITS DESIGN FLANNEL ,387,304.83,41,0.8353658536585366,0.001754437030185254,99.04170772555577,C,Medium Moving
23131,MISELTOE HEART WREATH WHITE,78,304.5,4,4.050000000000001,0.0017525377282137907,99.04346026328398,C,Slow Moving
90175C,BLUE GLASS CHUNKY CHARM BRACELET,34,304.3,17,8.95,0.0017513866361098737,99.04521164992009,C,Slow Moving
62095B,TURQOISE ICE CREAM SUNHAT,289,304.09000000000003,19,1.456315789473684,0.0017501779894007607,99.0469618279095,C,Medium Moving
84838,ANT WHITE HIGH RISE BIRD BOX,49,304.0,3,7.666666666666667,0.0017496599979539978,99.04871148790745,C,Slow Moving
79303B,BLUE STAR BLOCK TABLE LAMP,103,303.85,4,2.95,0.0017487966788760603,99.05046028458634,C,Medium Moving
22786,PILLOWCUSHION COVER PINK UNION JACK,51,303.45,17,5.95,0.001746494494668226,99.052206779081,C,Slow Moving
21306,SET/4 DAISY MIRROR MAGNETS,669,302.9,57,1.0250877192982457,0.001743328991382454,99.05395010807239,C,Medium Moving
72801G,4 BURGUNDY WINE DINNER CANDLES,529,302.69,31,1.1203125,0.0017421203446733409,99.05569222841706,C,Medium Moving
72753D,S/3 FLWR FAIRY SUMMER CANDLES,144,302.40000000000003,9,2.1,0.0017404512611226613,99.05743267967819,C,Medium Moving
85147,JARDIN ETCHED GLASS CANDLEHLDR LONG,61,301.95,16,4.95,0.0017378613038888475,99.05917054098208,C,Slow Moving
90035C,"PEARL & SHELL 42""NECKL. IVORY",28,301.0,5,10.75,0.0017323936163952413,99.06090293459847,C,Slow Moving
22453,MEASURING TAPE RUSSIAN DOLL BLUE,102,300.90000000000003,27,2.95,0.001731818070343283,99.06263475266881,C,Medium Moving
22852,ENAMEL DOG BOWL CREAM,76,300.48,3,4.206666666666667,0.001729400776925057,99.06436415344574,C,Slow Moving
84535A,ENGLISH ROSE NOTEBOOK A6 SIZE,575,300.15000000000003,48,0.6453061224489796,0.001727501474953594,99.0660916549207,C,Medium Moving
23396,LA JARDIN BOTANIQUE CUSHION COVER,80,300.0,23,3.75,0.0017266381558756559,99.06781829307657,C,Slow Moving
21132,SILVER STANDING GNOME   ,72,300.0,29,4.043103448275862,0.0017266381558756559,99.06954493123244,C,Slow Moving
84984C,ORIENTAL BLUE CUSHION COVER ,218,299.7,7,3.192857142857143,0.00172491151771978,99.07126984275017,C,Medium Moving
84673B,BLUE FLY SWAT,420,299.46,79,0.76025,0.0017235302071950797,99.07299337295737,C,Medium Moving
23440,PAINT YOUR OWN EGGS IN CRATE,164,299.36,5,2.022,0.0017229546611431212,99.07471632761852,C,Medium Moving
17001,HEAVENS SCENT FRAGRANCE OILS ASSTD,1211,299.34999999999997,23,0.27956521739130435,0.0017228971065379253,99.07643922472505,C,Medium Moving
23466,TUSCAN VILLA DOVECOTE BIRD FEEDER,37,299.25,17,8.205882352941176,0.0017223215604859666,99.07816154628554,C,Slow Moving
79190A,RETRO PLASTIC 70'S TRAY,711,298.62,73,0.42,0.0017186956203586279,99.0798802419059,C,Medium Moving
84522,PINK PARTY SUNGLASSES,178,298.5,20,1.9125,0.0017180049650962776,99.081598246871,C,Medium Moving
82095,HEART BUTTONS JEWELLERY BOX,39,298.35,22,7.65,0.0017171416460183399,99.08331538851701,C,Slow Moving
21028,NINJA RABBIT BLACK,237,297.64,40,1.387,0.001713055269049434,99.08502844378606,C,Medium Moving
84627,CANDY STRIPE ROSE C/COVER ,50,297.5,19,5.95,0.0017122495045766922,99.08674069329064,C,Slow Moving
90145,SILVER HOOP EARRINGS WITH FLOWER,50,297.5,23,5.95,0.0017122495045766922,99.08845294279521,C,Slow Moving
20670,VIP HOLIDAY PURSE,664,296.48,22,2.955454545454546,0.001706378934846715,99.09015932173006,C,Medium Moving
84877B,GREEN ROUND COMPACT MIRROR,227,296.25,15,1.5833333333333333,0.00170505517892721,99.09186437690899,C,Medium Moving
21420,OYSTER TRINKET BOX,114,295.62,25,3.0415384615384613,0.0017014292387998713,99.0935658061478,C,Medium Moving
21697,SET 5 MINI DOUGHNUT FRIDGE MAGNET ,372,295.08000000000004,7,1.4914285714285713,0.0016983212901192952,99.09526412743791,C,Medium Moving
23126,DOLLCRAFT GIRL AMELIE KIT,66,294.7,8,4.8500000000000005,0.0016961342151218526,99.09696026165304,C,Slow Moving
84533B,FAIRY CAKES ROUND NESTING BOXES,52,293.8,19,5.813157894736842,0.0016909543006542258,99.0986512159537,C,Slow Moving
16244A,MAXWELL 2 TONE PINK 60 PAGE PHOTO A,142,293.0,6,3.483333333333333,0.0016863499322385574,99.10033756588594,C,Medium Moving
72801F,S/4 FESTIVE RED DINNER CANDLES,234,292.5,25,1.25,0.0016834722019787645,99.10202103808791,C,Medium Moving
84800S,SMALL WHITE/PINK ROSE ART FLOWER,388,292.03999999999996,19,1.0989473684210527,0.001680824690139755,99.10370186277805,C,Medium Moving
22952,SET 72 CAKE CASES VINTAGE CHRISTMAS,672,291.6,4,0.5175000000000001,0.0016782922875111376,99.10538015506556,C,Medium Moving
72130,COLUMBIAN CANDLE ROUND,741,291.57,50,0.5742307692307692,0.00167811962369555,99.10705827468925,C,Medium Moving
21401,BLUE PUDDING SPOON,1388,291.06,91,0.24717391304347824,0.0016751843388305614,99.10873345902809,C,Medium Moving
20826,SILVER APERITIF GLASS,355,290.72,14,1.3478571428571429,0.0016732274822539026,99.11040668651034,C,Medium Moving
85169B,BLACK LOVE BIRD CANDLE,280,290.24,45,1.1958695652173912,0.0016704648612045011,99.11207715137155,C,Medium Moving
23410,CURIO CABINET LINEN AND LACE ,36,290.1,18,8.027777777777779,0.0016696590967317593,99.11374681046829,C,Slow Moving
47503G,ASS FLORAL PRINT TAPE MEASURE,235,289.19,24,1.2424,0.0016644216276589365,99.11541123209595,C,Medium Moving
90120A,PINK MURANO TWIST BRACELET,68,289.0,21,4.25,0.0016633280901602152,99.11707456018611,C,Slow Moving
84802A,WHITE ANEMONE ARTIFICIAL FLOWER,171,288.99,21,1.6900000000000002,0.0016632705355550193,99.11873783072167,C,Medium Moving
82011B,BATHROOM SCALES RUBBER DUCKS,84,287.8,39,3.6679487179487182,0.0016564215375367128,99.1203942522592,C,Slow Moving
23047,PAPER LANTERN 5 POINT SEQUIN STAR,50,287.5,21,5.75,0.001654694899380837,99.12204894715859,C,Slow Moving
90192,JADE DROP EARRINGS W FILIGREE,58,287.1,19,4.95,0.0016523927151730028,99.12370133987376,C,Slow Moving
17091B,JASMINE TEA INCENSE IN TIN,264,286.8,43,1.2227272727272727,0.001650666077017127,99.12535200595077,C,Medium Moving
23695,DOILY THANK YOU CARD,703,286.62,44,0.41727272727272724,0.0016496300941236017,99.1270016360449,C,Medium Moving
84760S,SMALL HANGING GLASS+ZINC LANTERN,197,285.65,24,1.45,0.0016440472974196035,99.12864568334231,C,Medium Moving
23430,BLUE RETRO KITCHEN WALL CLOCK,35,285.25,17,8.15,0.0016417451132117694,99.13028742845553,C,Slow Moving
37413,ICON MUG REVOLUTIONARY,701,283.71,79,0.4112345679012346,0.0016328817040116076,99.13192031015954,C,Medium Moving
84247N,PACK/12 BLUE FOLKART CARDS,96,283.20000000000005,39,2.95,0.0016299464191466195,99.13355025657869,C,Medium Moving
20950,SET/6  ANGEL T-LIGHTS WHITE/GOLD,652,282.96999999999997,65,0.4577272727272727,0.0016286226632271142,99.13517887924192,C,Medium Moving
22546,MINI JIGSAW FIDO,672,282.24,10,0.42000000000000004,0.001624421177047817,99.13680330041896,C,Medium Moving
21880,RED AND WHITE SPOT TAPE,434,282.1,35,0.65,0.0016236154125750751,99.13842691583153,C,Medium Moving
85179A,GREEN BITTY LIGHT CHAIN,139,281.31,26,3.5561538461538467,0.0016190685987646028,99.1400459844303,C,Medium Moving
21402,RED  EGG  SPOON,1589,280.98,102,0.24524271844660192,0.0016171692967931394,99.1416631537271,C,Medium Moving
90010E,AMBER GLASS/SILVER BRACELET,32,279.95,18,8.591666666666665,0.0016112411724579663,99.14327439489955,C,Slow Moving
84625B,BLCK NEW BAROQUE CANDLESTICK CANDLE,180,279.0,17,2.3323529411764707,0.0016057734849643601,99.14488016838452,C,Medium Moving
62096B,PURPLE/TURQ FLOWERS HANDBAG,209,278.75,46,1.3840425531914893,0.0016043346198344635,99.14648450300436,C,Medium Moving
90014A,SILVER/MOP ORBIT NECKLACE,28,278.59999999999997,19,9.95,0.0016034713007565253,99.14808797430511,C,Slow Moving
21025,SPACE FROG,221,278.5,36,1.3455555555555554,0.0016028957547045673,99.14969087005981,C,Medium Moving
20663,QUEEN OF THE SKIES HOLIDAY PURSE ,1037,277.19,15,2.742,0.00159535610142391,99.15128622616123,C,Medium Moving
44235,ASS COL CIRCLE MOBILE ,752,276.96,15,0.4125,0.0015940323455044053,99.15288025850674,C,Medium Moving
23579,SNACK TRAY I LOVE LONDON,149,276.15,24,1.9375,0.001589370422483541,99.15446962892922,C,Medium Moving
84966C,GREEN KASHMIRI BOXED MIRROR,23,276.0,2,12.0,0.0015885071034056032,99.15605813603263,C,Slow Moving
46118,FUNKY MONKEY CUSHION COVER,324,275.4,35,0.85,0.0015850538270938519,99.15764318985973,C,Medium Moving
35920,FOUR RABBIT EASTER DECORATIONS,1065,275.25,20,1.1949999999999998,0.0015841905080159141,99.15922738036774,C,Medium Moving
84977,WIRE FLOWER T-LIGHT HOLDER,220,275.0,41,1.25,0.001582751642886018,99.16081013201062,C,Medium Moving
79051A,SMOKEY GREY COLOUR D.O.F. GLASS,695,274.99,35,0.44384615384615383,0.0015826940882808218,99.16239282609891,C,Medium Moving
84673A,PINK FLY SWAT,457,274.01,70,0.6466666666666667,0.001577053736971628,99.16396987983588,C,Medium Moving
35637C,PINK STRING CURTAIN WITH POLE,97,273.34999999999997,16,4.11875,0.0015732551330287015,99.1655431349689,C,Medium Moving
21030,SPACE CADET RED,219,272.37,39,1.27075,0.0015676147817195079,99.16711074975062,C,Medium Moving
84429A,MEDIUM PINK BUDDHA HEAD ,92,271.40000000000003,27,2.95,0.0015620319850155103,99.16867278173564,C,Medium Moving
84192,ASSORTED COLOUR METAL CAT ,226,271.1,38,1.2402564102564102,0.0015603053468596344,99.1702330870825,C,Medium Moving
90010A,MIDNIGHT BLUE GLASS/SILVER BRACELET,31,271.0,14,8.489285714285714,0.001559729800807676,99.1717928168833,C,Slow Moving
85131D,BEADED CRYSTAL HEART PINK ON STICK,488,270.94,24,0.77,0.0015593844731765008,99.17335220135648,C,Medium Moving
90036D,"FLOWER GLASS GARLAND NECKL.36""BLACK",34,270.3,12,7.95,0.001555700978443966,99.17490790233492,C,Slow Moving
47351B,BLUE  VOILE LAMPSHADE,98,269.90000000000003,14,2.9214285714285717,0.001553398794236132,99.17646130112915,C,Medium Moving
72793,BLACK BOX MIRROR LANTERN,55,268.75,10,5.5600000000000005,0.0015467800146386085,99.17800808114379,C,Slow Moving
90201A,PURPLE ENAMEL FLOWER RING,91,268.45000000000005,20,2.95,0.001545053376482733,99.17955313452028,C,Medium Moving
23203,JUMBO BAG VINTAGE DOILEY ,143,268.44,6,2.0316666666666667,0.0015449958218775367,99.18109813034215,C,Medium Moving
21698,MOCK LOBSTER FRIDGE MAGNET,450,268.34,48,0.6843750000000001,0.0015444202758255782,99.18264255061797,C,Medium Moving
35638B,PINK/BLUE STRING CURTAIN ,115,268.25,8,3.45,0.0015439022843788156,99.18418645290235,C,Medium Moving
85039C,S/4 BLACK MINI ROSE CANDLE IN BOWL,413,267.96999999999997,39,1.364102564102564,0.0015422907554333315,99.18572874365779,C,Medium Moving
90082A,DIAMANTE BOW BROOCH GREEN COLOUR,42,266.7,20,6.35,0.0015349813205734581,99.18726372497837,C,Slow Moving
16202A,PASTEL PINK PHOTO ALBUM ,660,266.45,19,3.694210526315789,0.0015335424554435615,99.18879726743381,C,Medium Moving
84482,BUTTONS DESIGN JEWELLERY BOX,71,266.25,28,3.75,0.0015323913633396445,99.19032965879715,C,Slow Moving
20847,ZINC HEART LATTICE CHARGER LARGE,71,266.25,20,3.75,0.0015323913633396445,99.1918620501605,C,Slow Moving
23481,PEARLISED IVORY HEART SMALL ,217,266.21,27,1.2429999999999999,0.0015321611449188612,99.19339421130542,C,Medium Moving
35981C,WHITE SNOW SCANDINAVIAN STOCKING ,563,266.14,60,0.4870769230769231,0.0015317582626824902,99.1949259695681,C,Medium Moving
23489,"GARLAND, VINTAGE BELLS",92,265.88,10,2.89,0.0015302618429473979,99.19645623141105,C,Medium Moving
84926A,WAKE UP COCKEREL TILE COASTER,651,265.59,42,0.6785714285714286,0.0015285927593967179,99.19798482417045,C,Medium Moving
37482P,CUBIC MUG PINK POLKA DOT,104,265.2,18,2.55,0.0015263481297940799,99.19951117230025,C,Medium Moving
85195,HANGING HEART BASKET,145,265.14,16,2.074375,0.0015260028021629047,99.20103717510241,C,Medium Moving
35968,FOLK ART METAL HEART T-LIGHT HOLDER,701,264.04,56,0.3768421052631579,0.0015196717955913608,99.202556846898,C,Medium Moving
84576,BLUE CAT BISCUIT BARREL PINK HEART,84,264.0,21,4.173809523809524,0.001519441577170577,99.20407628847518,C,Slow Moving
37343,POLKADOT MUG PINK ,178,262.86,22,1.5754545454545452,0.0015128803521782498,99.20558916882736,C,Medium Moving
47586A,PINK FAIRY CAKE CUSHION COVER,199,262.65,28,2.1249999999999996,0.0015116717054691367,99.20710084053283,C,Medium Moving
90201C,RED ENAMEL FLOWER RING,89,262.55,19,2.95,0.0015110961594171782,99.20861193669225,C,Medium Moving
84509G,FAIRY CAKE PLACEMATS ,75,262.05,21,3.711904761904762,0.0015082184291573854,99.2101201551214,C,Slow Moving
84806A,PINK CANDYSTUFT ARTIFICIAL FLOWER,319,261.90999999999997,20,1.135,0.0015074126646846431,99.21162756778608,C,Medium Moving
23194,GYMKHANNA TREASURE BOOK BOX,120,261.84000000000003,14,2.189285714285714,0.0015070097824482725,99.21313457756852,C,Medium Moving
84623,PINK GINGHAM ROSE FLOOR CUSHION,53,261.35,12,6.7,0.0015041896067936756,99.21463876717532,C,Slow Moving
21196,ROUND WHITE CONFETTI IN TUBE,158,260.7,17,1.65,0.0015004485574559448,99.21613921573277,C,Medium Moving
90184A,AMBER CHUNKY BEAD BRACELET W STRAP,29,259.55,12,8.95,0.0014938297778584217,99.21763304551062,C,Slow Moving
90120C,GREEN MURANO TWIST BRACELET,61,259.25,17,4.25,0.0014921031397025458,99.21912514865032,C,Slow Moving
84924F,PSYCHEDELIC METAL SIGN CALENDAR,973,259.15,8,1.7650000000000001,0.0014915275936505871,99.22061667624398,C,Medium Moving
90124A,PINK MURANO TWIST NECKLACE,26,258.7,16,9.95,0.001488937636416774,99.2221056138804,C,Slow Moving
16254,TRANSPARENT ACRYLIC TAPE DISPENSER,912,258.36,19,0.898,0.001486980779840115,99.22359259466025,C,Medium Moving
23032,DOORKNOB CRACKED GLAZE IVORY,174,258.3,5,1.6099999999999999,0.0014866354522089398,99.22507923011246,C,Medium Moving
20800,LARGE GLASS SUNDAE DISH CLEAR,996,258.2,2,1.4,0.0014860599061569811,99.22656529001861,C,Medium Moving
85129B,BEADED CRYSTAL HEART GREEN SMALL,210,258.08,36,1.3066666666666666,0.0014853692508946309,99.22805065926951,C,Medium Moving
84613C,BLUE NEW BAROQUE FLOCK CANDLESTICK,62,258.06,12,4.580000000000001,0.0014852541416842393,99.2295359134112,C,Slow Moving
22268,DECORATION SITTING BUNNY,1335,257.60999999999996,41,0.20534883720930233,0.0014826641844504255,99.23101857759565,C,Medium Moving
22287,DECORATION WOBBLY CHICKEN,521,256.11,29,0.6506896551724138,0.0014740309936710474,99.23249260858933,C,Medium Moving
77081,FLOWER WINDMILL,219,255.51000000000002,18,1.228888888888889,0.0014705777173592964,99.23396318630668,C,Medium Moving
46775E,CANDY POP CHUNKY KNITTED THROW ,15,254.25,10,16.95,0.0014633258371046184,99.23542651214379,C,Slow Moving
23137,ZINC WIRE SWEETHEART LETTER TRAY,80,253.24,20,3.4539999999999997,0.001457512821979837,99.23688402496578,C,Slow Moving
90032,IVORY SHELL HEART NECKLACE,45,253.17000000000002,21,6.101428571428571,0.001457109939743466,99.23834113490553,C,Slow Moving
90085,CRYSTAL STILETTO PHONE CHARM,297,252.45,17,0.85,0.0014529660081693645,99.2397941009137,C,Medium Moving
22134,MINI LADLE LOVE HEART RED ,630,252.24,54,0.4636363636363636,0.0014517573614602514,99.24124585827516,C,Medium Moving
85033S,SET/6 SILVER REINDEER T-LIGHTS,242,252.2,39,0.975,0.001451527143039468,99.2426973854182,C,Medium Moving
90178A,AMBER CHUNKY GLASS+BEAD NECKLACE,21,250.95,15,11.95,0.0014443328173899862,99.24414171823558,C,Slow Moving
21341,KASBAH LANTERN WITH GLASS ,56,250.8,15,4.623333333333334,0.0014434694983120485,99.2455851877339,C,Slow Moving
90175D,TIGRIS EYE CHUNKY CHARM BRACELET,28,250.6,15,8.95,0.001442318406208131,99.2470275061401,C,Slow Moving
20836,FRENCH PAISLEY CUSHION COVER,224,250.00000000000003,22,1.1209090909090909,0.00143886512989638,99.24846637127,C,Medium Moving
84671B,CROCHET BEAR WITH BLUE STRIPES,98,249.9,24,2.55,0.0014382895838444213,99.24990466085384,C,Medium Moving
85089,CANDY SPOT BUNNY,87,249.45000000000005,18,2.886842105263158,0.001435699626610608,99.25134036048046,C,Slow Moving
16052,TEATIME PUSH DOWN RUBBER,810,249.35,21,0.3871428571428571,0.0014351240805586492,99.25277548456101,C,Medium Moving
79030A,"TUMBLER, ENGLISH ROSE",151,249.15,20,1.65,0.0014339729884547323,99.25420945754946,C,Medium Moving
84952A,CLEAR LOVE BIRD T-LIGHT HOLDER,84,249.11,14,3.807857142857143,0.001433742770033949,99.2556432003195,C,Slow Moving
45016,DECORATIVE NET CANOPY LEOPARD,73,248.75,8,3.611111111111111,0.001431670804246898,99.25707487112375,C,Slow Moving
22328,"ROUND SNACK BOXES ,SET 4, FRUITS ",84,247.8,5,2.95,0.001426203116753292,99.2585010742405,C,Slow Moving
23015,CORDIAL GLASS JUG,30,247.5,13,8.25,0.001424476478597416,99.2599255507191,C,Slow Moving
23476,WOODLAND LARGE RED FELT HEART,198,247.5,18,1.25,0.001424476478597416,99.26135002719771,C,Medium Moving
23168,CLASSIC SUGAR DISPENSER,216,247.32,12,1.1975,0.0014234404957038907,99.2627734676934,C,Medium Moving
23474,WOODLAND SMALL BLUE FELT HEART,297,246.51000000000002,27,0.83,0.0014187785726830265,99.26419224626609,C,Medium Moving
35914,PINK CHICK EGG WARMER + EGG CUP,175,246.25,28,1.6,0.0014172821529479342,99.26560952841903,C,Medium Moving
84924D,LA PALMIERA METAL SIGN CALENDAR,760,246.0,12,3.1666666666666665,0.0014158432878180378,99.26702537170685,C,Medium Moving
21321,GLASS CHALICE BLUE  LARGE ,108,245.25,13,2.480769230769231,0.0014115266924283486,99.26843689839927,C,Medium Moving
35979,SIX STRING SCANDINAVIAN HEART DECS,83,244.85000000000002,19,2.95,0.0014092245082205147,99.2698461229075,C,Slow Moving
90201D,GREEN ENAMEL FLOWER RING,83,244.85000000000002,16,2.95,0.0014092245082205147,99.27125534741572,C,Slow Moving
22175,PINK OWL DECORATION,96,244.8,1,2.55,0.0014089367351945354,99.2726642841509,C,Medium Moving
22176,BLUE OWL DECORATION,96,244.8,1,2.55,0.0014089367351945354,99.2740732208861,C,Medium Moving
84508C,BLUE CIRCLES DESIGN TEDDY,96,244.8,36,2.55,0.0014089367351945354,99.27548215762128,C,Medium Moving
72739B,WHITE CHOCOLATE SCENT CANDLE,351,244.35,10,0.89,0.0014063467779607216,99.27688850439924,C,Medium Moving
47481,50CM METAL STRING WITH  7 CLIPS,316,244.11999999999998,35,0.8451428571428571,0.001405023022041217,99.27829352742128,C,Medium Moving
84906,PINK B'FLY C/COVER W BOBBLES,41,243.95,14,5.95,0.0014040445937528875,99.27969757201504,C,Slow Moving
21388,IVORY HANGING DECORATION  CHICKEN,287,243.95,27,0.85,0.0014040445937528875,99.2811016166088,C,Medium Moving
20615,BLUE POLKADOT PASSPORT COVER,236,243.84,40,1.5602500000000001,0.001403411493095733,99.2825050281019,C,Medium Moving
22257,FELT FARM ANIMAL SHEEP,322,243.14,25,1.1885185185185188,0.001399382670732023,99.28390441077262,C,Medium Moving
35833P,4 PINK FLOCK CHRISTMAS BALLS,161,241.75,43,1.3755813953488372,0.0013913825806097994,99.28529579335323,C,Medium Moving
23149,ANTIQUE IVORY WIRE BOWL SMALL,97,241.53,19,2.49,0.0013901163792954905,99.28668590973253,C,Medium Moving
79190D,RETRO PLASTIC DAISY TRAY,575,241.5,73,0.42,0.001389943715479903,99.288075853448,C,Medium Moving
16156L,"WRAP, CAROUSEL",575,241.5,22,0.42,0.001389943715479903,99.28946579716349,C,Medium Moving
18096C,WHITE ROUND PORCELAIN TLIGHT HOLDER,106,241.5,13,2.503846153846154,0.001389943715479903,99.29085574087897,C,Medium Moving
90191,SILVER LARIAT 40CM,32,241.4,14,10.65,0.0013893681694279443,99.2922451090484,C,Slow Moving
85103, SILVER T-LIGHT SETTING,37,240.15,15,6.696666666666667,0.0013821738437784627,99.29362728289217,C,Slow Moving
23495,SET OF 3 PANTRY WOODEN SPOONS,192,240.0,24,1.25,0.0013813105247005247,99.29500859341688,C,Medium Moving
84984D,ORIENTAL RED CUSHION COVER ,132,239.8,10,3.97,0.0013801594325966076,99.29638875284948,C,Medium Moving
21722,SWEET PUDDING STICKER SHEET,282,239.7,40,0.85,0.0013795838865446489,99.29776833673603,C,Medium Moving
23324,RUSTIC STRAWBERRY JAMPOT LARGE ,120,238.56,6,2.0416666666666665,0.0013730226615523216,99.29914135939758,C,Medium Moving
46776C,WOVEN FROST CUSHION COVER,102,238.5,17,4.538888888888889,0.0013726773339211465,99.3005140367315,C,Medium Moving
23028,DOORKNOB CRACKED GLAZE BLUE,162,238.5,3,1.5833333333333333,0.0013726773339211465,99.30188671406542,C,Medium Moving
47578A,ENGLISH ROSE SMALL SCENTED FLOWER,280,238.0,49,0.85,0.0013697996036613536,99.30325651366908,C,Medium Moving
84629,WHITE 3 FRAME BIRDS AND TREE ,24,237.8,13,12.796153846153846,0.0013686485115574367,99.30462516218064,C,Slow Moving
90081A,LILY BROOCH AMETHYST COLOUR,48,237.6,23,4.95,0.0013674974194535195,99.3059926596001,C,Slow Moving
44217M,MULTICOLOUR FEATHERS CURTAIN,72,236.40000000000003,3,3.616666666666667,0.0013605908668300171,99.30735325046692,C,Slow Moving
17012E,ORIGAMI OPIUM INCENSE/CANDLE SET ,240,236.39999999999998,12,2.2375,0.0013605908668300167,99.30871384133374,C,Medium Moving
20616,CHERRY BLOSSOM PASSPORT COVER,188,236.18,44,1.6552272727272728,0.0013593246655157082,99.31007316599926,C,Medium Moving
79328,BLUE FLOCK GLASS CANDLEHOLDER,586,235.38,11,0.6109090909090908,0.0013547202971000395,99.31142788629636,C,Medium Moving
75178,ASSTD COL BUTTERFLY/CRYSTAL W/CHIME,475,235.19,16,1.0943749999999999,0.0013536267596013184,99.31278151305595,C,Medium Moving
22954,HEN PARTY CORDON BARRIER TAPE,188,235.0,36,1.25,0.0013525332221025971,99.31413404627806,C,Medium Moving
20855,PINK PATCH PURSE BLUE HEART,142,234.29999999999998,47,1.65,0.0013485043997388871,99.3154825506778,C,Medium Moving
84597B,RETRO BROWN BALL ASHTRAY ,195,234.15,19,1.2289473684210528,0.0013476410806609496,99.31683019175846,C,Medium Moving
23567,EGG CUP HENRIETTA HEN PINK,187,233.75,18,1.25,0.001345338896453115,99.31817553065491,C,Medium Moving
22129,PARTY CONES CANDY DECORATION,296,233.27999999999997,8,1.4375,0.0013426338300089099,99.31951816448492,C,Medium Moving
37483,ENGLISH ROSE MUG IN GIFT BOX,143,232.89,10,2.46,0.0013403892004062716,99.32085855368533,C,Medium Moving
23475,WOODLAND SMALL PINK FELT HEART,280,232.4,26,0.83,0.0013375690247516747,99.32219612271008,C,Medium Moving
16212,FUNKY GIRLZ ASST MAGNETIC MEMO PAD,357,232.04999999999998,30,0.65,0.0013355546135698196,99.32353167732366,C,Medium Moving
79338,DARK PINK FLOCK GLASS CANDLEHOLDER,547,231.99,10,0.8879999999999999,0.0013352092859386447,99.3248668866096,C,Medium Moving
23447,PINK BUNNY EASTER EGG BASKET,158,231.9,4,1.5999999999999999,0.0013346912944918819,99.32620157790409,C,Medium Moving
22842,"BISCUIT TIN, RED,IVORY, VINTAGE",37,230.55,7,6.521428571428571,0.0013269214227904415,99.32752849932687,C,Slow Moving
84926F,PSYCHEDELIC TILE COASTER,465,230.5,30,0.9886666666666667,0.001326633649764462,99.32885513297664,C,Medium Moving
23446,BLUE BUNNY EASTER EGG BASKET,157,230.25,3,1.5833333333333333,0.001325194784634566,99.33018032776128,C,Medium Moving
20736,PINK MINI TAPE MEASURE ,286,230.1,18,0.8427777777777777,0.001324331465556628,99.33150465922684,C,Medium Moving
84461,12 PINK HEN+CHICKS IN BASKET,90,229.5,34,2.55,0.0013208781892448769,99.33282553741608,C,Medium Moving
20795,LARGE BLUE PROVENCAL CERAMIC BALL,116,228.84,17,2.0758823529411763,0.0013170795853019502,99.33414261700139,C,Medium Moving
90146,FINE SILVER NECKLACE W PASTEL FLOWE,35,228.75,13,7.232142857142857,0.0013165615938551876,99.33545917859524,C,Slow Moving
84661A,WHITE SQUARE TABLE CLOCK,203,228.54,25,1.9088,0.0013153529471460746,99.33677453154239,C,Medium Moving
35096A,BLUE VICTORIAN FABRIC HEART BOX,710,228.39,19,0.4131578947368421,0.0013144896280681368,99.33808902117046,C,Medium Moving
20987,GEISHA GIRL CHOPSTICKS SET/5,117,228.15,12,1.95,0.0013131083175434363,99.33940212948801,C,Medium Moving
23036,T-LIGHT HOLDER SILVER PETIT FOUR ,182,227.5,15,1.25,0.0013093672682057056,99.34071149675621,C,Medium Moving
72781,BLACK SILOUETTE CANDLE PLATE ,120,227.4,14,2.0414285714285714,0.001308791722153747,99.34202028847837,C,Medium Moving
84927F,PSYCHEDELIC TILE HOOK,324,227.25,51,1.0675471698113208,0.0013079284030758094,99.34332821688145,C,Medium Moving
20906,VINTAGE NOTEBOOK BEAUTY GIRL,77,227.15000000000003,28,2.95,0.001307352857023851,99.34463556973847,C,Slow Moving
10123C,HEARTS WRAPPING TAPE ,628,226.76000000000002,46,0.6217391304347827,0.0013051082274212126,99.3459406779659,C,Medium Moving
72750D,F.FAIRY S/3 CANDLE/GLASS,110,226.5,11,2.6772727272727272,0.0013036118076861203,99.34724428977358,C,Medium Moving
23522,WALL ART DOG AND BALL ,89,226.29,17,2.6500000000000004,0.001302403160977007,99.34854669293456,C,Medium Moving
47471,RAINBOW PEGS PHOTO CLIP STRING,381,226.23000000000002,41,0.6836585365853659,0.0013020578333458321,99.3498487507679,C,Medium Moving
84532B,FAIRY CAKES RECTANGLUAR BOXES,38,226.1,23,5.95,0.001301309623478286,99.35115006039138,C,Slow Moving
23003,TRAVEL CARD WALLET VINTAGE ROSE ,541,225.78,52,0.41886792452830185,0.0012994678761120188,99.35244952826748,C,Medium Moving
85033G,SET/6 GOLD REINDEER T-LIGHT CANDLES,201,225.55,17,1.4444444444444444,0.001298144120192514,99.35374767238768,C,Medium Moving
20869,GOLD FABRIC MIRROR,459,225.49,31,0.713125,0.001297798792561339,99.35504547118025,C,Medium Moving
17038,PORCELAIN BUDAH INCENSE HOLDER,2524,225.4,30,0.093,0.0012972808011145762,99.35634275198136,C,Fast Moving
TEST001,This is a test product.,50,225.0,9,4.5,0.001294978616906742,99.35763773059827,C,Slow Moving
84529C,YELLOW KNITTED KIDS RUCKSACK,33,222.75,11,6.75,0.0012820288307376743,99.35891975942901,C,Slow Moving
44234,ASSORTED CIRCULAR MOBILE,1156,221.88,39,0.20795454545454548,0.001277021580085635,99.3601967810091,C,Medium Moving
37508,NEW ENGLAND CERAMIC CAKE SERVER,87,221.85,44,2.55,0.0012768489162700476,99.36147362992537,C,Slow Moving
84219,BOX/12 MOTHER & CHICK IN BASKET/BOW,96,220.79999999999998,26,2.5269230769230764,0.0012708056827244827,99.36274443560809,C,Medium Moving
21144,PINK POODLE HANGING DECORATION ,505,220.79,42,0.5044186046511628,0.0012707481281192868,99.36401518373621,C,Medium Moving
90070,RUBY GLASS CLUSTER BRACELET,37,220.15,11,5.95,0.0012670646333867522,99.3652822483696,C,Slow Moving
72739C,DARK CHOCOLATE SCENTCANDLE,291,219.75,11,1.0318181818181817,0.0012647624491789178,99.36654701081878,C,Medium Moving
84499,BLACK FLOWER CANDLE PLATE,294,219.66,20,0.829,0.0012642444577321552,99.36781125527651,C,Medium Moving
16258B,DAISY ERASERS IN BAG,1014,219.34,13,0.2885714285714286,0.001262402710365888,99.36907365798687,C,Medium Moving
90090,PINK CRYSTAL HEART PHONE CHARM,258,219.3,17,0.85,0.0012621724919451044,99.37033583047882,C,Medium Moving
85168A,WHITE BAROQUE CARRIAGE CLOCK,22,218.89999999999998,15,9.95,0.00125987030773727,99.37159570078656,C,Slow Moving
90014C,SILVER/BLACK ORBIT NECKLACE,22,218.89999999999998,13,9.95,0.00125987030773727,99.37285557109429,C,Slow Moving
72225D,VANILLA SCENT CAKE CANDLE ,960,218.88,10,0.26599999999999996,0.0012597551985268785,99.37411532629282,C,Medium Moving
90058A,CRYSTAL STUD EARRINGS CLEAR DISPLAY,576,218.88,13,0.38,0.0012597551985268785,99.37537508149136,C,Medium Moving
20661,BLUE POLKADOT PURSE ,354,218.82000000000002,12,3.4283333333333332,0.0012594098708957036,99.37663449136225,C,Medium Moving
84993B,75 BLACK PETIT FOUR CASES,521,218.82,77,0.41999999999999993,0.0012594098708957034,99.37789390123315,C,Medium Moving
22845,VINTAGE CAT FOOD CONTAINER,34,218.14,5,6.462000000000001,0.0012554961577423852,99.37914939739089,C,Slow Moving
90157,RIVIERA NECKLACE,44,217.8,16,4.95,0.0012535393011657262,99.38040293669205,C,Slow Moving
17013B,ORIGAMI JASMINE INCENSE IN TUBE,255,217.6,2,0.845,0.001252388209061809,99.38165532490112,C,Medium Moving
17011C,ORIGAMI LAVENDER INCENSE+FLOWER,334,217.1,1,0.65,0.0012495104788020164,99.38290483537992,C,Medium Moving
22588,CARDHOLDER GINGHAM HEART,102,216.9,2,2.325,0.0012483593866980992,99.38415319476661,C,Medium Moving
35645,VINTAGE BEAD PINK JEWEL BOX,51,216.75,24,4.25,0.0012474960676201613,99.38540069083423,C,Slow Moving
90185C,BLACK DIAMANTE EXPANDABLE RING,51,216.75,19,4.25,0.0012474960676201613,99.38664818690185,C,Slow Moving
90196A,PURPLE GEMSTONE NECKLACE 45CM,17,216.75,9,12.75,0.0012474960676201613,99.38789568296947,C,Slow Moving
22899,CHILDRENS APRON DOLLY GIRL ,103,216.3,15,2.1,0.001244906110386348,99.38914058907986,C,Medium Moving
23360,SET 8 CANDLES VINTAGE DOILEY,122,216.29999999999998,7,1.907142857142857,0.0012449061103863477,99.39038549519024,C,Medium Moving
84807,RED POPPY ARTIFICIAL FLOWER,233,215.93,7,1.5414285714285714,0.0012427765899941012,99.39162827178023,C,Medium Moving
20799,PINK MILKSHAKE GLASS,167,215.5,13,2.0,0.0012403017419706794,99.39286857352221,C,Medium Moving
84902,PINK KNITTED COW STUFFED TOY,58,215.34,33,3.728181818181818,0.0012393808682875458,99.39410795439049,C,Slow Moving
23141,TRIPLE WIRE HOOK PINK HEART,68,215.0,18,3.5900000000000003,0.0012374240117108866,99.3953453784022,C,Slow Moving
22834,MINI HAND WARMER BABUSHKA DESIGN,108,214.8,5,2.05,0.0012362729196069696,99.39658165132181,C,Medium Moving
72801D,4 SKY BLUE DINNER CANDLES,363,214.71,22,1.1745454545454546,0.0012357549281602068,99.39781740624997,C,Medium Moving
84621,BLUE GINGHAM ROSE FLOOR CUSHION ,27,214.65,13,7.950000000000001,0.001235409600529032,99.3990528158505,C,Slow Moving
62086A,PINK RETRO BIG FLOWER BAG,110,214.5,22,1.95,0.001234546281451094,99.40028736213195,C,Medium Moving
23580,SNACK TRAY HAPPY FOREST  ,110,214.5,21,1.9499999999999997,0.001234546281451094,99.4015219084134,C,Medium Moving
22447,PIN CUSHION RUSSIAN DOLL BLUE,64,214.4,19,3.35,0.0012339707353991355,99.4027558791488,C,Slow Moving
90114,SUMMER DAISIES BAG CHARM,84,214.2,19,2.55,0.0012328196432952183,99.40398869879209,C,Slow Moving
84457,SET/3 RABBITS FLOWER SKIPPPING ROPE,252,214.2,40,0.8500000000000001,0.0012328196432952183,99.40522151843538,C,Medium Moving
20980,36 PENCILS TUBE POSY,171,213.75,39,1.25,0.0012302296860614047,99.40645174812144,C,Medium Moving
84371,BIG PINK POODLE,28,213.7,4,15.212499999999999,0.0012299419130354255,99.40768169003448,C,Slow Moving
84705C,PINK FLOCK PHOTO FRAME ,160,213.6,6,2.9500000000000006,0.0012293663669834668,99.40891105640146,C,Medium Moving
51012C,"FEATHER DUSTER, COAL BLACK",170,212.5,26,1.25,0.0012230353604119229,99.41013409176188,C,Medium Moving
84247C,PACK/12 BLUE REINDEER CARD,72,212.40000000000003,22,2.95,0.0012224598143599646,99.41135655157623,C,Slow Moving
84725,FREESTYLE CANVAS ART PICTURE,133,212.25,28,2.039285714285714,0.0012215964952820265,99.41257814807152,C,Medium Moving
21639,ASSORTED TUTTI FRUTTI KEYRING,249,211.64999999999998,13,0.8499999999999999,0.0012181432189702752,99.41379629129048,C,Medium Moving
85094,CANDY SPOT EGG WARMER RABBIT,609,211.43,42,0.5226190476190476,0.0012168770176559664,99.41501316830814,C,Medium Moving
90210B,CLEAR ACRYLIC FACETED BANGLE,95,211.25,17,2.5970588235294123,0.001215841034762441,99.4162290093429,C,Medium Moving
20818,GOLD TEDDY BEAR,79,211.25,22,3.522727272727273,0.001215841034762441,99.41744485037766,C,Slow Moving
21395,BLUE SPOTTY BEAKER ,108,210.6,20,1.95,0.0012120999854247103,99.41865695036309,C,Medium Moving
21032,SPACE CADET WHITE,167,210.48,32,1.3575,0.0012114093301623602,99.41986835969325,C,Medium Moving
47310M,SMALL POP BOX FUNKY MONKEY,172,210.48,34,1.356857142857143,0.0012114093301623602,99.42107976902342,C,Medium Moving
85131B,BEADED CRYSTAL HEART GREEN ON STICK,330,210.17999999999998,24,0.9141666666666667,0.0012096826920064844,99.42228945171543,C,Medium Moving
21268,VINTAGE BLUE TINSEL REEL,383,209.58,38,0.5839024390243903,0.0012062294156947333,99.42349568113113,C,Medium Moving
20901,VINTAGE KEEPSAKE BOX PINK FLOWER,33,209.54999999999998,16,6.35,0.0012060567518791456,99.42470173788301,C,Slow Moving
20827,GOLD APERITIF GLASS,173,209.36,8,1.63375,0.0012049632143804245,99.42590670109739,C,Medium Moving
35818P,"ACRYLIC JEWEL ICICLE, PINK",549,208.62,20,0.38,0.001200704173595931,99.42710740527099,C,Medium Moving
90123A,PINK HEART OF GLASS BRACELET,35,208.25,18,5.95,0.0011985746532036845,99.42830597992419,C,Slow Moving
47574B,ENGLISH ROSE SCENTED HANGING HEART,49,208.25,27,4.25,0.0011985746532036845,99.42950455457739,C,Slow Moving
23413,DECORATIVE VINTAGE COFFEE  BOX,44,208.2,16,4.9,0.0011982868801777053,99.43070284145757,C,Slow Moving
17129F,DEEP BLUE GLASS GEMS IN BAG,316,208.12,16,0.7388235294117648,0.0011978264433361383,99.4319006679009,C,Medium Moving
37485,ENGLISH ROSE TEA SET IN GIFT BOX,49,207.69,15,4.5975,0.0011953515953127165,99.43309601949622,C,Slow Moving
21493, VINTAGE DESIGN GIFT TAGS,244,207.4,20,0.8499999999999999,0.0011936825117620368,99.43428970200799,C,Medium Moving
85131C,BEADED CRYSTAL HEART BLUE ON STICK,308,207.34,26,0.9914814814814815,0.0011933371841308616,99.43548303919212,C,Medium Moving
16256B,FLOWER PENCIL/RUBBER+5 MINI PENCILS,493,207.06,20,0.42000000000000004,0.0011917256551853778,99.43667476484731,C,Medium Moving
84690,S/2 BEACH HUT STOOLS,26,206.70000000000002,13,7.950000000000001,0.001189653689398327,99.4378644185367,C,Slow Moving
22984,"CARD, GINGHAM ROSE ",492,206.64,40,0.42000000000000004,0.0011893083617671516,99.43905372689848,C,Medium Moving
37492A,YELLOW RED FLOWER PIGGY BANK,107,206.54999999999998,10,3.75,0.001188790370320389,99.4402425172688,C,Medium Moving
84247K,"FOLK ART GREETING CARD,pack/12",70,206.5,24,2.9500000000000006,0.0011885025972944098,99.44143101986609,C,Slow Moving
20814,SILVER FINCH DECORATION,187,206.39000000000001,12,1.2025,0.0011878694966372554,99.44261888936272,C,Medium Moving
47343A,FUSCHIA FLOWER PURSE WITH BEADS,200,206.26,23,1.1875,0.0011871212867697093,99.4438060106495,C,Medium Moving
84882,GREEN WIRE STANDING CANDLE HOLDER,55,206.25,27,3.75,0.0011870637321645134,99.44499307438166,C,Slow Moving
21734,SMALL MARAKESH LANTERN ON STICK,55,206.25,14,3.75,0.0011870637321645134,99.44618013811382,C,Slow Moving
20652,BLUE POLKADOT LUGGAGE TAG ,159,206.01,45,1.3844444444444444,0.0011856824216398129,99.44736582053545,C,Medium Moving
21095,SET/6 POSIES PAPER PLATES,242,205.7,27,0.85,0.0011838982288787413,99.44854971876433,C,Medium Moving
84805A,CREAM CLIMBING HYDRANGA ART FLOWER,145,205.35,7,2.6214285714285714,0.0011818838176968864,99.44973160258202,C,Medium Moving
90210D,PURPLE ACRYLIC FACETED BANGLE,131,204.65,12,2.2,0.0011778549953331767,99.45090945757735,C,Medium Moving
90185D,CRYSTAL DIAMANTE EXPANDABLE RING,48,204.0,16,4.25,0.001174113945995446,99.45208357152335,C,Slow Moving
84927E,FLOWERS TILE HOOK,489,203.34,24,1.6648000000000003,0.0011703153420525195,99.4532538868654,C,Medium Moving
21367,MIRRORED WALL ART GENTS,196,202.85999999999999,45,1.7422222222222221,0.0011675527210031184,99.4544214395864,C,Medium Moving
84870C,GREEN GEISHA GIRL ,54,202.5,21,3.75,0.0011654807552160676,99.45558692034162,C,Slow Moving
84870B,BLUE GEISHA GIRL ,54,202.5,23,3.75,0.0011654807552160676,99.45675240109684,C,Slow Moving
72756, FAIRY CAKE CANDLES,153,202.05,2,1.37,0.0011628907979822543,99.45791529189482,C,Medium Moving
35817P,"ACRYLIC JEWEL SNOWFLAKE,PINK",406,202.02,9,1.3444444444444443,0.0011627181341666668,99.45907801002899,C,Medium Moving
35991,SET/6 BLACK SNOWFLAKE T-LIGHTS ,387,201.91,47,0.5755102040816327,0.0011620850335095122,99.4602400950625,C,Medium Moving
84723,CHERRY BLOSSOM CANVAS ART PICTURE,54,201.3,12,5.95,0.0011585742025925652,99.4613986692651,C,Slow Moving
16202C,BEIGE PHOTO ALBUM,94,201.29999999999998,10,3.0300000000000002,0.001158574202592565,99.46255724346769,C,Medium Moving
72754A,FLOWER FAIRY POTPOURRI CUSHION LILY,292,201.24,5,1.066,0.00115822887496139,99.46371547234264,C,Medium Moving
35824B,"HANGING FLOWERS+MIRROR,BLUE",527,200.26000000000002,5,0.38,0.0011525885236521962,99.4648680608663,C,Medium Moving
16201A,PASTEL PINK PHOTO ALBUM,100,199.8,8,2.55,0.001149941011813187,99.46601800187811,C,Medium Moving
84706F,RED PEONY TABLE CLOCK,33,199.35,16,5.420588235294117,0.0011473510545793734,99.4671653529327,C,Slow Moving
71053,WHITE MOROCCAN METAL LANTERN,47,199.17,12,4.8549999999999995,0.0011463150716858478,99.46831166800438,C,Slow Moving
84711B,PINK OVAL SHAPE TRINKET BOX,20,199.0,12,9.95,0.0011453366433975185,99.46945700464778,C,Slow Moving
90124B,BLUE MURANO TWIST NECKLACE,20,199.0,11,9.95,0.0011453366433975185,99.47060234129118,C,Slow Moving
35833G,4 GOLD FLOCK CHRISTMAS BALLS,126,198.0,29,1.436206896551724,0.0011395811828779328,99.47174192247407,C,Medium Moving
21950,SET OF 6 DOTS CHOPSTICKS,185,197.05,2,1.155,0.0011341134953843266,99.47287603596945,C,Medium Moving
22849,"BREAD BIN, DINER STYLE, MINT",13,196.35,4,15.45,0.0011300846730206168,99.47400612064247,C,Slow Moving
21369,MIRRORED WALL ART SPLODGES,128,195.0,17,1.9852941176470589,0.0011223148013191763,99.47512843544379,C,Medium Moving
22326,"ROUND SNACK BOXES ,SET4, WOODLAND ",66,194.70000000000002,3,2.9500000000000006,0.0011205881631633008,99.47624902360695,C,Slow Moving
84927D,LA PALMIERA TILE HOOK,949,194.61,24,1.3616666666666666,0.001120070171716538,99.47736909377868,C,Medium Moving
17014D,ORIGAMI ROSE INCENSE CONES,476,194.28,5,1.015,0.0011181708697450747,99.47848726464842,C,Medium Moving
46776E,WOVEN CANDY CUSHION COVER ,93,193.95000000000002,11,4.277272727272727,0.0011162715677736116,99.47960353621619,C,Medium Moving
21372,MIRRORED WALL ART TABLE LAMP,141,193.23000000000002,36,1.7413513513513514,0.00111212763619951,99.4807156638524,C,Medium Moving
47504F,ENGLISH ROSE TORCH,526,193.1,13,1.5423076923076922,0.0011113794263319639,99.48182704327873,C,Medium Moving
90161A,ANT COPPER RED BOUDICCA BRACELET,39,193.05,14,4.95,0.0011110916533059846,99.48293813493203,C,Slow Moving
21582,KINGS CHOICE SMALL TUBE MATCHES,117,193.04999999999998,16,1.65,0.0011110916533059844,99.48404922658533,C,Medium Moving
90208,PAIR OF ENAMEL FLOWER CLUSTER SLIDE,82,192.9,8,2.49375,0.0011102283342280467,99.48515945491955,C,Slow Moving
35921,EASTER BUNNY HANGING GARLAND,154,192.5,26,1.25,0.0011079261500202124,99.48626738106958,C,Medium Moving
90087,CRYSTAL SEA HORSE PHONE CHARM,276,191.76,21,0.9728571428571429,0.0011036671092357192,99.48737104817882,C,Medium Moving
90129B,TURQUOISE GLASS TASSLE BAG CHARM ,65,191.75000000000003,18,2.95,0.0011036095546305236,99.48847465773345,C,Slow Moving
47503H,ASS FLORAL PRINT SPIRIT LEVEL ,147,191.53,48,1.3813725490196078,0.0011023433533162146,99.48957700108676,C,Medium Moving
90030B,RED KUKUI COCONUT SEED NECKLACE,122,191.3,19,2.3026315789473686,0.00110101959739671,99.49067802068416,C,Medium Moving
90196B,BLACK GEMSTONE NECKLACE 45CM,15,191.25,10,12.75,0.0011007318243707307,99.49177875250852,C,Slow Moving
35962,SET/12 ZINC CHRISTMAS DECORATIONS,91,191.10000000000002,15,2.1,0.0010998685052927928,99.49287862101382,C,Medium Moving
22841,"CAKE TIN, ROUND, VINTAGE MINT,IVORY",27,190.65,4,7.45,0.0010972785480589794,99.49397589956187,C,Slow Moving
71028B,SILVER BLUE EGG T-LIGHT HOLDER,483,189.89,8,0.85625,0.0010929043980640943,99.49506880395994,C,Medium Moving
23229,DONKEY TAIL GAME ,54,189.54000000000002,4,3.66,0.0010908899868822394,99.49615969394682,C,Slow Moving
21400,RED PUDDING SPOON,1027,189.54,63,0.22,0.0010908899868822392,99.4972505839337,C,Medium Moving
79303D,LILAC FLOWER BLOCK TABLE LAMP,64,188.8,7,2.95,0.0010866309460977463,99.4983372148798,C,Slow Moving
90122C,TURQUOISE CRYSTAL+GLASS BRACELET,38,188.1,15,4.95,0.0010826021237340363,99.49941981700353,C,Slow Moving
20837,FRENCH FLORAL CUSHION COVER ,165,188.07000000000002,18,1.1844444444444444,0.0010824294599184488,99.50050224646344,C,Medium Moving
21460,GREEN EASTER EGG HUNT START POST,96,187.2,20,1.95,0.0010774222092664093,99.5015796686727,C,Medium Moving
90016B,GOLD/M.O.P PENDANT ORBIT NECKLACE,22,187.0,17,8.5,0.0010762711171624921,99.50265593978986,C,Slow Moving
90185B,AMETHYST DIAMANTE EXPANDABLE RING,44,187.0,13,4.25,0.0010762711171624921,99.50373221090702,C,Slow Moving
21543,BUTTERFLY WATER TRANSFER TATTOOS ,267,186.95,13,0.8346153846153845,0.0010759833441365129,99.50480819425115,C,Medium Moving
84893,ANT WHITE IRON BASKET,33,186.35000000000002,15,5.883333333333334,0.0010725300678247616,99.50588072431898,C,Slow Moving
23436,GIFT BAG LARGE VINTAGE CHRISTMAS,148,185.0,9,1.25,0.001064760196123321,99.50694548451511,C,Medium Moving
84803A,PINK ALLIUM  ARTIFICIAL FLOWER,109,184.21,16,1.69,0.0010602133823128487,99.50800569789743,C,Medium Moving
84744,S/6 SEW ON CROCHET FLOWERS,147,183.75,29,1.25,0.0010575658704738394,99.5090632637679,C,Medium Moving
84509C,SET OF 4 DOTTY PLACEMATS ,54,183.3,13,3.6884615384615387,0.0010549759132400258,99.51011823968113,C,Slow Moving
90035A,"PEARL & SHELL 42""NECKL. GREEN",17,182.75,9,10.75,0.0010518104099542537,99.51117005009108,C,Slow Moving
17090A,LAVENDER INCENSE 40 CONES IN TIN,173,182.65,26,1.2038461538461538,0.0010512348639022953,99.51222128495499,C,Medium Moving
16053,POPART COL BALLPOINT PEN ASST,4298,182.58,8,0.16499999999999998,0.0010508319816659242,99.51327211693666,C,Fast Moving
35819B,"ACRYLIC HANGING JEWEL,BLUE",381,182.19,29,0.543125,0.0010485873520632858,99.51432070428872,C,Medium Moving
72799D,BLUE PILLAR CANDLE SILVER FLOCK,65,182.15,13,2.9214285714285717,0.0010483571336425024,99.51536906142236,C,Slow Moving
85128,PLANTPOT SINGLE HOOK PISTACHIO,165,182.09,2,1.395,0.0010480118060113273,99.51641707322837,C,Medium Moving
37379B,BLUE CHERRY BLOSSOM CUP & SAUCER,1122,181.5,3,0.8833333333333333,0.0010446160843047719,99.51746168931267,C,Medium Moving
22545,MINI JIGSAW BUNNIES AT HOME,432,181.44,9,0.42,0.0010442707566735967,99.51850596006935,C,Medium Moving
84962,SET/3 COLOUR PAINTED KASHMIRI STOOL,3,179.85000000000002,2,59.95,0.001035119574447456,99.5195410796438,C,Slow Moving
84509E,SET OF 4 CAROUSEL PLACEMATS ,131,179.81,10,2.408,0.0010348893560266723,99.52057596899982,C,Medium Moving
90210A,GREY ACRYLIC FACETED BANGLE,78,179.70000000000002,12,2.6333333333333333,0.001034256255369518,99.52161022525519,C,Slow Moving
23697,A PRETTY THANK YOU CARD,438,179.64000000000001,26,0.41777777777777775,0.0010339109277383428,99.52264413618293,C,Medium Moving
84464,S/60 PINK FLUFFY CHICKS IN BOX,82,179.1,11,2.4954545454545456,0.0010308029790577667,99.52367493916199,C,Slow Moving
16043,POP ART PUSH DOWN RUBBER ,2142,179.04000000000002,12,0.31,0.0010304576514265915,99.52470539681342,C,Fast Moving
90029,NEW BAROQUE SMALL NECKLACE BLACK,21,178.5,10,8.5,0.0010273497027460151,99.52573274651617,C,Slow Moving
90122A,PINK CRYSTAL+GLASS BRACELET,36,178.20000000000002,14,4.95,0.0010256230645901397,99.52675836958076,C,Slow Moving
23126,DOLLCRAFT GIRL AMELIE,36,178.2,8,4.95,0.0010256230645901395,99.52778399264535,C,Slow Moving
84985B,SET OF 72 BLACK PAPER DOILIES ,122,176.89999999999998,19,1.45,0.0010181409659146782,99.52880213361126,C,Medium Moving
22839,"CAKE TIN, 3 TIER MINT/IVORY",13,176.75,4,14.399999999999999,0.0010172776468367407,99.5298194112581,C,Slow Moving
35838A,S/6 MULTICOLOUR ORNAMENETAL CANDLE,171,176.75,18,1.2111111111111112,0.0010172776468367407,99.53083668890494,C,Medium Moving
22384,LUNCHBAG PINK RETROSPOT,107,176.54999999999998,13,1.65,0.0010161265547328233,99.53185281545967,C,Medium Moving
84966A,PINK KASHMIRI BOXED MIRROR,12,176.0,3,17.333333333333332,0.0010129610514470514,99.53286577651112,C,Slow Moving
21018,BIRD BOX CHRISTMAS TREE DECORATION,207,175.95,37,0.85,0.0010126732784210722,99.53387844978954,C,Medium Moving
84509C,DOTTY PLACEMATS ,52,175.8,9,3.6611111111111114,0.0010118099593431342,99.53489025974888,C,Slow Moving
21370,MIRRORED WALL ART FOXY,48,175.35,16,5.32625,0.0010092200021093209,99.53589947975098,C,Slow Moving
90036C,"FLOWER GLASS GARLAND NECKL.36""BLUE",22,174.9,8,7.95,0.0010066300448755075,99.53690610979585,C,Slow Moving
35793,S/3 PUPPIES CHRISTMAS DECORATIONS,101,174.05,8,2.016666666666667,0.0010017379034338598,99.53790784769929,C,Medium Moving
84877D,BLUE ROUND COMPACT MIRROR,101,173.75,15,2.25,0.001000011265277984,99.53890785896456,C,Medium Moving
17084P,DRAGONS BLOOD INCENSE,874,173.54,26,0.20807692307692308,0.000998802618568871,99.53990666158313,C,Medium Moving
75011,BLUE DAISY MOBILE,181,172.51,15,1.3900000000000001,0.000992874494233698,99.54089953607736,C,Medium Moving
90210C,RED   ACRYLIC FACETED BANGLE,113,171.95000000000002,9,2.138888888888889,0.0009896514363427302,99.5418891875137,C,Medium Moving
21368,MIRRORED WALL ART LADIES,193,171.75,39,1.2166666666666666,0.000988500344238813,99.54287768785794,C,Medium Moving
22345,PARTY PIZZA DISH BLUE RETROSPOT,202,171.7,24,0.85,0.0009882125712128338,99.54386590042915,C,Medium Moving
84706C,PINK FLOCK TABLE CLOCK ,84,170.8,4,3.6999999999999997,0.0009830326567452068,99.5448489330859,C,Slow Moving
84706B,FAIRY CAKES TABLE CLOCK,19,170.04999999999998,8,8.95,0.0009787160613555176,99.54582764914726,C,Slow Moving
47347B,BLUE FLOWER T-LIGHT HOLDER,236,169.72,7,1.1257142857142857,0.0009768167593840545,99.54680446590665,C,Medium Moving
90014B,GOLD M PEARL  ORBIT NECKLACE,17,169.14999999999998,13,9.95,0.0009735361468878904,99.54777800205353,C,Slow Moving
35818B,"ACRYLIC JEWEL ICICLE, BLUE",403,168.38,8,0.5387500000000001,0.0009691044422878098,99.54874710649582,C,Medium Moving
90122B,JADE CRYSTAL+GLASS BRACELET,34,168.3,14,4.95,0.000968644005446243,99.54971575050126,C,Slow Moving
85205A,IVORY FELT EASTER RABBIT GARLAND,66,168.29999999999998,21,2.55,0.0009686440054462428,99.5506843945067,C,Slow Moving
79403,FROSTED WHITE BASE ,197,167.45,23,0.85,0.0009637518640045952,99.55164814637071,C,Medium Moving
90178B,PURPLE CHUNKY GLASS+BEAD NECKLACE,14,167.29999999999998,9,11.95,0.0009628885449266573,99.55261103491564,C,Slow Moving
90036A,FLOWER GARLAND NECKLACE RED,21,166.95000000000002,14,7.95,0.0009608741337448027,99.55357190904938,C,Slow Moving
22330,72 ROUND PINK DOILIES,115,166.75,15,1.45,0.0009597230416408853,99.55453163209103,C,Medium Moving
37506,NEW ENGLAND MILK JUG W GIFT BOX,28,166.6,22,5.95,0.0009588597225629476,99.55549049181359,C,Slow Moving
90119,METALIC LEAVES BAG CHARMS,67,166.17,18,2.485,0.0009563848745395258,99.55644687668813,C,Slow Moving
21102,"CANDLE IN JAR COLLAGE , VANILLA",65,165.75,12,2.55,0.0009539675811213,99.55740084426925,C,Slow Moving
21394,RED SPOTTY BEAKER ,85,165.75,16,1.95,0.0009539675811213,99.55835481185038,C,Slow Moving
21530,DAIRY MAID CERAMIC TOASTRACK,56,165.20000000000002,16,2.95,0.000950802077835528,99.55930561392822,C,Slow Moving
84526,GIANT BLACK SUNGLASSES,84,163.79999999999998,31,1.95,0.000942744433108108,99.56024835836132,C,Slow Moving
90159,COTE D'AZURE NECKLACE,33,163.35,15,4.95,0.0009401544758742946,99.56118851283719,C,Slow Moving
85024C,PINK SMALL JEWELLED PHOTOFRAME,99,163.35,42,1.65,0.0009401544758742946,99.56212866731306,C,Medium Moving
35809B,ENAMEL BLUE RIM TEA CONTAINER,81,162.48,22,2.0422727272727275,0.0009351472252222551,99.56306381453828,C,Slow Moving
16207A,PINK STRAWBERRY HANDBAG ,55,162.25000000000003,19,2.95,0.0009338234693027507,99.56399763800758,C,Slow Moving
84529A,PINK KNITTED KIDS RUCKSACK,24,162.0,10,6.75,0.0009323846041728542,99.56493002261175,C,Slow Moving
72801C,S/4 ROSE PINK DINNER CANDLES,165,161.85,25,1.2092,0.0009315212850949164,99.56586154389684,C,Medium Moving
90040B,MURANO STYLE GLASS BRACELET BLACK,46,161.0,17,3.5,0.0009266291436532686,99.56678817304049,C,Slow Moving
22889,NUMBER TILE VINTAGE FONT No ,145,160.38,8,1.77125,0.0009230607581311257,99.56771123379862,C,Medium Moving
23305,SET 4 PICNIC CUTLERY BLUEBERRY,82,159.9,9,1.9500000000000002,0.0009202981370817246,99.5686315319357,C,Slow Moving
22645,CERAMIC HEART CAKE MONEY BANK,120,159.6,5,1.41,0.000918571498925849,99.56955010343462,C,Medium Moving
85185C,COW  SOCK PUPPET,54,159.3,26,2.95,0.0009168448607699734,99.57046694829539,C,Slow Moving
90162B,ANT SILVER LIME GREEN BOUDICCA RING,54,159.3,19,2.95,0.0009168448607699734,99.57138379315616,C,Slow Moving
85165,CANDY PINK FRENCH BOUDOIR CLOCK,16,159.2,11,9.95,0.0009162693147180147,99.57230006247087,C,Slow Moving
90125A,PINK BERTIE GLASS BEAD BAG CHARM,140,159.0,12,1.5791666666666666,0.0009151182226140975,99.57321518069348,C,Medium Moving
22864,MUG AND COASTER SET RED CIRCLES,378,158.76,2,0.42,0.000913736912089397,99.57412891760558,C,Medium Moving
90019A,SILVER M.O.P ORBIT BRACELET,32,158.4,17,4.95,0.0009116649463023463,99.57504058255188,C,Slow Moving
21193,WHITE HONEYCOMB PAPER FAN ,84,158.36,14,2.0726666666666667,0.000911434727881563,99.57595201727976,C,Slow Moving
16012,FOOD/DRINK SPUNGE STICKERS,759,158.19,20,0.20749999999999996,0.0009104562995932334,99.57686247357935,C,Medium Moving
22853,ENAMEL CAT BOWL CREAM,52,157.8,3,3.15,0.0009082116699905951,99.57777068524935,C,Slow Moving
16156L,WRAP CAROUSEL,375,157.5,14,0.42,0.0009064850318347193,99.57867717028118,C,Medium Moving
23545,WRAP RED DOILEY,375,157.5,15,0.42,0.0009064850318347193,99.57958365531302,C,Medium Moving
90155,RESIN NECKLACE W PASTEL BEADS,21,157.5,12,7.5,0.0009064850318347193,99.58049014034485,C,Slow Moving
10123G,ARMY CAMO WRAPPING TAPE,2246,157.18,12,0.5592307692307693,0.0009046432844684521,99.58139478362932,C,Fast Moving
16054,POPART RECT PENCIL SHARPENER ASST,1205,156.9,37,0.16054054054054054,0.0009030317555229681,99.58229781538485,C,Medium Moving
23143,ZINC WIRE KITCHEN ORGANISER,25,156.8,12,7.175000000000001,0.0009024562094710096,99.58320027159432,C,Slow Moving
79030D,TUMBLER BAROQUE,402,156.78,25,0.39,0.0009023411002606177,99.58410261269458,C,Medium Moving
23468,TUSCAN VILLA BIRD TABLE ,19,156.75,11,8.25,0.0009021684364450301,99.58500478113102,C,Slow Moving
17178,FLAT PALM T-LIGHT HOLDER,133,156.65,24,1.234,0.0009015928903930717,99.5859063740214,C,Medium Moving
84926C,FAIRY CAKES TILE COASTER,125,156.25,19,1.25,0.0008992907061852374,99.58680566472759,C,Medium Moving
84531B,BLUE KNITTED EGG COSY,187,155.60999999999999,38,1.1289473684210527,0.0008956072114527025,99.58770127193904,C,Medium Moving
85123A,CREAM HANGING HEART T-LIGHT HOLDER,57,155.35,7,2.892857142857143,0.0008941107917176104,99.58859538273076,C,Slow Moving
23416,CHAMBRE HOOK,123,155.07,18,1.16,0.0008924992627721265,99.58948788199353,C,Medium Moving
21031,SPACE CADET BLACK,126,154.91,25,1.2832,0.0008915783890889929,99.59037946038262,C,Medium Moving
22587,"FELTCRAFT HAIRBAND, S/2, RED/BLUE",204,154.68,6,0.8283333333333333,0.0008902546331694882,99.59126971501578,C,Medium Moving
82585,SWEET VALENCIA CANDLE+CUP,131,154.63,21,1.2417391304347825,0.0008899668601435088,99.59215968187593,C,Medium Moving
90013A,MIDNIGHT BLUE VINTAGE EARRINGS,41,153.75,10,3.75,0.0008849020548862736,99.59304458393082,C,Slow Moving
84855,BLOKEY SILVER TOOL SET,31,153.45000000000002,11,4.95,0.0008831754167303981,99.59392775934755,C,Slow Moving
72140E,BEST DAD CANDLE LETTERS,216,153.35999999999999,27,0.8344444444444444,0.0008826574252836351,99.59481041677283,C,Medium Moving
84029D,LEOPARD PRINT HOT WATER BOTTLE,46,153.3,12,3.6833333333333336,0.0008823120976524601,99.59569272887049,C,Slow Moving
90063A,WHITE VINT ART DECO CRYSTAL NECKLAC,18,153.0,10,8.5,0.0008805854594965845,99.59657331432999,C,Slow Moving
90185A,AMBER DIAMANTE EXPANDABLE RING,36,153.0,9,4.25,0.0008805854594965845,99.59745389978949,C,Slow Moving
21226,POCKET MIRROR WOODLAND,122,152.5,20,1.25,0.0008777077292367918,99.59833160751872,C,Medium Moving
22289,HANGING METAL CHICKEN DECORATION,122,152.5,19,1.25,0.0008777077292367918,99.59920931524795,C,Medium Moving
23484,HEART TRELLISTRIPLE T-LIGHT HOLDER,56,152.24,5,2.81,0.0008762113095016996,99.60008552655745,C,Slow Moving
48175,DOOR MAT CAMOUFLAGE,38,152.0,1,4.0,0.0008748299989769989,99.60096035655643,C,Slow Moving
72801D,S/4 SKY BLUE DINNER CANDLES,157,151.85,25,1.2092,0.0008739666798990611,99.60183432323633,C,Medium Moving
84531A,PINK KNITTED EGG COSY,181,151.70999999999998,38,1.131,0.0008731609154263192,99.60270748415176,C,Medium Moving
22536,MAGIC DRAWING SLATE FIDO,360,151.2,8,0.42,0.0008702256305613306,99.60357770978233,C,Medium Moving
16202E,BLACK PHOTO ALBUM ,81,150.6,13,2.723076923076923,0.0008667723542495791,99.60444448213657,C,Slow Moving
79161A,ST GEORGE SET OF 10 PARTY LIGHTS,51,150.45000000000002,16,2.95,0.0008659090351716415,99.60531039117174,C,Slow Moving
90098,NECKLACE+BRACELET PINK BUTTERFLY,59,150.45,23,2.55,0.0008659090351716414,99.60617630020691,C,Slow Moving
17107D,FLOWER FAIRY 5 DRAWER LINERS,59,150.45,20,2.55,0.0008659090351716414,99.60704220924208,C,Slow Moving
90093,CLEAR CRYSTAL STAR PHONE CHARM,200,150.44,18,0.8633333333333333,0.0008658514805664456,99.60790806072265,C,Medium Moving
21461,BLUE EASTER EGG HUNT START POST,77,150.15,19,1.95,0.0008641823970157659,99.60877224311966,C,Slow Moving
82093,HEART SHAPE BUTTON FRAME ,100,150.0,7,2.3214285714285716,0.0008633190779378279,99.6096355621976,C,Medium Moving
17011A,ORIGAMI VANILLA INCENSE+FLOWER ,254,150.0,6,1.3166666666666667,0.0008633190779378279,99.61049888127553,C,Medium Moving
21310,CAPIZ CHANDELIER,5,149.75,3,29.95,0.0008618802128079315,99.61136076148834,C,Slow Moving
84452,METAL RABBIT LADDER EASTER ,176,149.6,26,0.85,0.0008610168937299937,99.61222177838208,C,Medium Moving
23256,KIDS CUTLERY SPACEBOY ,36,149.4,8,4.15,0.0008598658016260767,99.61308164418371,C,Slow Moving
23254,KIDS CUTLERY DOLLY GIRL ,36,149.4,8,4.15,0.0008598658016260767,99.61394150998534,C,Slow Moving
23196,RETRO LEAVES MAGNETIC NOTEPAD,103,149.35,17,1.45,0.0008595780286000973,99.61480108801393,C,Medium Moving
17108D,FLOWER FAIRY SUMMER BOUQUET SACHET,355,149.1,23,0.42,0.0008581391634702009,99.6156592271774,C,Medium Moving
90000D,COPPER/OLIVE GREEN FLOWER NECKLACE,25,148.75,13,5.950000000000001,0.0008561247522883461,99.61651535192969,C,Slow Moving
90000A,RASPBERRY ANT COPPER FLOWER NECKLAC,25,148.75,14,5.95,0.0008561247522883461,99.61737147668198,C,Slow Moving
90016A,SILVER/M.O.P PENDANT ORBIT NECKLACE,22,148.75,9,8.027777777777779,0.0008561247522883461,99.61822760143427,C,Slow Moving
40001, WHITE BAMBOO RIBS LAMPSHADE,210,148.26,7,0.8200000000000001,0.0008533045766337491,99.61908090601091,C,Medium Moving
90129C,GREEN GLASS TASSLE BAG CHARM,50,147.5,17,2.95,0.0008489304266388641,99.61992983643755,C,Slow Moving
84720,DOT MATRIX CANVAS ART PICTURE,35,147.05,3,6.883333333333333,0.0008463404694050506,99.62077617690696,C,Slow Moving
84510C,SET OF 4 POLKADOT COASTERS,115,146.17,38,1.3136842105263158,0.0008412756641478152,99.6216174525711,C,Medium Moving
20796,SMALL BLUE PROVENCAL CERAMIC BALL,88,145.2,13,1.65,0.0008356928674438175,99.62245314543854,C,Slow Moving
20672,PINK TEATIME PRINT BOWL,116,145.0,22,1.25,0.0008345417753399003,99.62328768721387,C,Medium Moving
84313A,PINK TV TRAY TABLE ,34,144.5,16,4.25,0.0008316640450801076,99.62411935125895,C,Slow Moving
47518F,ICON PLACEMAT POP ART ELVIS,900,144.3,31,0.16838709677419353,0.0008305129529761905,99.62494986421193,C,Medium Moving
35610B,BLACK CHRISTMAS FLOCK DROPLET ,179,144.07,13,1.1314285714285715,0.0008291891970566858,99.62577905340899,C,Medium Moving
85095,THREE CANVAS LUGGAGE TAGS,90,143.85999999999999,11,2.200909090909091,0.0008279805503475727,99.62660703395933,C,Medium Moving
90048,GREEN WITH METAL BAG CHARM,29,143.55,6,4.95,0.0008261963575865014,99.62743323031692,C,Slow Moving
47591A,CAROUSEL DES CHILD'S APRON,87,143.54999999999998,33,1.65,0.0008261963575865013,99.62825942667452,C,Slow Moving
23292,SPACE BOY CHILDRENS CUP,130,143.3,5,1.21,0.000824757492456605,99.62908418416697,C,Medium Moving
84564,6 SEGMENT COLOURED SNACK BOWL ,18,143.1,9,7.949999999999999,0.0008236064003526878,99.62990779056733,C,Slow Moving
21353,SILVER SLEIGHBELL  WREATH,18,143.1,8,7.95,0.0008236064003526878,99.63073139696769,C,Slow Moving
90036E,"FLOWER GLASS GARLD NECKL36""AMETHYST",18,143.1,11,7.95,0.0008236064003526878,99.63155500336805,C,Slow Moving
82587,TEXRIO TOMATOES CANDLE+CUP,118,142.94,32,1.2384848484848483,0.0008226855266695541,99.63237768889472,C,Medium Moving
90123B,TURQUOISE HEART OF GLASS BRACELET,24,142.8,11,5.95,0.0008218797621968123,99.63319956865692,C,Slow Moving
90123C,GREEN HEART OF GLASS BRACELET,24,142.8,9,5.95,0.0008218797621968123,99.63402144841912,C,Slow Moving
84877A,PINK ROUND COMPACT MIRROR,46,142.5,14,3.5714285714285716,0.0008201531240409366,99.63484160154316,C,Slow Moving
22510,DOORSTOP RUSSIAN DOLL GINGHAM,38,142.5,22,3.75,0.0008201531240409366,99.6356617546672,C,Slow Moving
35980C,REDWHITE STRIPE SCANDINAVIAN HEART ,375,142.5,28,0.38,0.0008201531240409366,99.63648190779124,C,Medium Moving
82553,POP'S GREASY SPOON METAL SIGN,86,141.9,20,1.65,0.0008166998477291852,99.63729860763897,C,Slow Moving
23694,PAISLEY PARK CARD,348,141.84,24,0.4175,0.00081635452009801,99.63811496215907,C,Medium Moving
37422,WHITE WITH BLACK CATS BOWL,344,141.68,27,0.8181481481481482,0.0008154336464148763,99.63893039580547,C,Medium Moving
90186A,AMETHYST HOOP EARRING FLORAL LEAF,48,141.60000000000002,15,2.95,0.0008149732095733097,99.63974536901505,C,Slow Moving
90018A,SILVER M.O.P ORBIT DROP EARRINGS,33,140.25,16,4.25,0.0008072033378718692,99.64055257235292,C,Slow Moving
21003,ROSE DU SUD CUSHION COVER,22,139.7,11,6.35,0.000804037834586097,99.6413566101875,C,Slow Moving
23091,METAL HERB GERDEN CONTAINER,24,139.68,5,6.078,0.0008039227253757053,99.64216053291288,C,Slow Moving
90124C,GREEN MURANO TWIST NECKLACE,14,139.29999999999998,8,9.95,0.0008017356503782627,99.64296226856327,C,Slow Moving
90180B,PURPLE AMETHYST NECKLACE W TASSEL,14,139.29999999999998,10,9.95,0.0008017356503782627,99.64376400421365,C,Slow Moving
20968,GREEN FLORAL FELTCRAFT SHOULDER BAG,37,138.75,14,3.75,0.0007985701470924909,99.64456257436075,C,Slow Moving
84247E,PACK OF 12 CHRISTMAS FUN CARDS,47,138.65,13,2.95,0.0007979946010405322,99.64536056896179,C,Slow Moving
22195,HEART MEASURING SPOONS LARGE,84,138.6,5,1.65,0.000797706828014553,99.6461582757898,C,Slow Moving
23304,SET 4 PICNIC CUTLERY CHERRY ,71,138.45,9,1.9500000000000002,0.0007968435089366151,99.64695511929874,C,Slow Moving
90086,CRYSTAL FROG PHONE CHARM,189,138.32999999999998,19,1.1026315789473684,0.0007961528536742649,99.64775127215242,C,Medium Moving
23417,BATHROOM HOOK,140,137.76,21,1.1345454545454545,0.0007928722411781011,99.6485441443936,C,Medium Moving
72754B,F FAIRY POTPOURRI CUSHIONS LAVENDER,170,137.54,8,1.17,0.0007916060398637922,99.64933575043347,C,Medium Moving
90123D,WHITE HEART OF GLASS BRACELET,23,136.85000000000002,8,5.95,0.0007876347721052784,99.65012338520557,C,Slow Moving
85026B,EAU DE NILE JEWELLED T-LIGHT HOLDER,161,136.85,20,0.85,0.0007876347721052783,99.65091101997768,C,Medium Moving
22869,NUMBER TILE COTTAGE GARDEN 1,70,136.5,20,1.95,0.0007856203609234233,99.65169664033861,C,Slow Moving
35824P,"HANGING FLOWERS+MIRROR,PINK",324,136.44,3,0.75,0.0007852750332922484,99.65248191537191,C,Medium Moving
10120,DOGGY RUBBER,648,136.07999999999998,62,0.21,0.0007832030675051975,99.6532651184394,C,Medium Moving
90214A,"LETTER ""A"" BLING KEY RING",127,135.71,45,1.2073333333333334,0.0007810735471129508,99.65404619198652,C,Medium Moving
90036B,"FLOWER GLASS GARLAND NECKL.36""GREEN",17,135.15,9,7.949999999999999,0.000777850489221983,99.65482404247575,C,Slow Moving
90002A,FLOWER BURST SILVER RING OPAL,36,135.0,14,3.75,0.000776987170144045,99.6556010296459,C,Slow Moving
20952,PORCELAIN CHERUB BELL SMALL,321,134.82,20,0.42000000000000004,0.0007759511872505198,99.65637698083314,C,Medium Moving
22870,NUMBER TILE COTTAGE GARDEN 2,69,134.54999999999998,17,1.9500000000000002,0.0007743972129102317,99.65715137804605,C,Slow Moving
21157,RED RETROSPOT WASHBAG,64,134.4,17,2.1,0.0007735338938322938,99.65792491193989,C,Slow Moving
90081C,LILY BROOCH OLIVE COLOUR,27,133.65,13,4.950000000000001,0.0007692172984426047,99.65869412923833,C,Slow Moving
84231,EASTER BUNNY WITH BASKET ON BACK,204,132.6,34,0.65,0.0007631740648970399,99.65945730330323,C,Medium Moving
79192A,RETRO PLASTIC 70'S TRAY,106,132.5,30,1.25,0.0007625985188450813,99.66021990182207,C,Medium Moving
84510C,SET OF 4 POLKADOTS COASTERS,109,132.45,29,1.243448275862069,0.000762310745819102,99.66098221256789,C,Medium Moving
23081,GREEN METAL BOX TOP SECRET,16,132.0,4,8.25,0.0007597207885852885,99.66174193335647,C,Slow Moving
23066,SMALL JEWELLERY STAND,16,132.0,6,8.25,0.0007597207885852885,99.66250165414505,C,Slow Moving
45013,FOLDING SHOE TIDY,48,132.0,8,2.9000000000000004,0.0007597207885852885,99.66326137493363,C,Slow Moving
23465,TUSCAN VILLA BIRD FEEDER,16,132.0,8,8.25,0.0007597207885852885,99.6640210957222,C,Slow Moving
22344,PARTY PIZZA DISH PINK RETROSPOT,155,131.75,19,0.85,0.0007582819234553922,99.66477937764566,C,Medium Moving
37467,PIG MUG IN TWO COLOUR DESIGNS,212,131.44,28,0.7185714285714286,0.0007564977306943207,99.66553587537635,C,Medium Moving
77079,DOLPHIN WINDMILL,62,131.44,11,2.12,0.0007564977306943207,99.66629237310704,C,Slow Moving
82011A,"BATHROOM SCALES, TROPICAL BEACH",35,131.25,23,3.75,0.0007554041931955994,99.66704777730024,C,Slow Moving
90013C,GREEN VINTAGE EARRINGS ,35,131.25,10,3.75,0.0007554041931955994,99.66780318149344,C,Slow Moving
90003D,CRYSTAL PAIR HEART HAIR SLIDES,35,131.25,15,3.75,0.0007554041931955994,99.66855858568664,C,Slow Moving
48179,DOOR MAT SWEET HOME,28,131.25,6,6.291666666666667,0.0007554041931955994,99.66931398987984,C,Slow Moving
84527,FLAMES SUNGLASSES PINK LENSES,71,131.25,19,1.9349999999999998,0.0007554041931955994,99.67006939407304,C,Slow Moving
84555A,YELLOW VW BEETLE CERAMIC MONEY BOX,46,130.9,15,2.9250000000000003,0.0007533897820137446,99.67082278385506,C,Slow Moving
84925E,FLOWERS WALL THERMOMETER,75,130.05,3,2.2666666666666666,0.0007484976405720969,99.67157128149563,C,Slow Moving
20899,VINTAGE NOTEBOOK RED ROSE,44,129.8,12,2.95,0.0007470587754422005,99.67231834027108,C,Slow Moving
17011D,ORIGAMI ROSE INCENSE+FLOWER,207,129.3,2,0.475,0.0007441810451824077,99.67306252131625,C,Medium Moving
22241,"GARLAND , WOODEN  "" HAPPY EASTER""",103,128.75,9,1.25,0.0007410155418966357,99.67380353685814,C,Medium Moving
20821,GOLDIE LOOKING MIRROR,26,128.70000000000002,10,4.95,0.0007407277688706565,99.67454426462702,C,Slow Moving
84874B,BLUE TRAVEL FIRST AID KIT,78,128.7,28,1.65,0.0007407277688706563,99.67528499239589,C,Slow Moving
37330,BIG POLKADOT MUG,78,128.33999999999997,5,1.5779999999999998,0.0007386558030836054,99.67602364819898,C,Slow Moving
16119,FUNKY GIRL ADDRESS BOOK,271,128.21,7,1.0014285714285713,0.0007379075932160595,99.6767615557922,C,Medium Moving
90175B,PINK GLASS CHUNKY CHARM BRACELET,15,127.8,7,8.028571428571428,0.0007355478544030294,99.6774971036466,C,Slow Moving
72812,LARGE ZINC GLASS CANDLEHOLDER,55,127.68,10,2.5060000000000002,0.0007348571991406792,99.67823196084574,C,Slow Moving
22848,"BREAD BIN, DINER STYLE, PINK",8,127.6,3,16.28333333333333,0.0007343967622991123,99.67896635760803,C,Slow Moving
90013D,PURPLE VINTAGE EARRINGS,34,127.5,8,3.75,0.0007338212162471537,99.67970017882428,C,Slow Moving
84782B,BLACK 3 TIER GLASS PLATE STAND,10,127.5,6,12.75,0.0007338212162471537,99.68043400004052,C,Slow Moving
90063B,BLACK VINT ART DEC CRYSTAL NECKLACE,15,127.5,9,8.5,0.0007338212162471537,99.68116782125676,C,Slow Moving
85018C,S/6 PAPER BOXES CURIOUS IMAGES ,36,127.2,4,4.035,0.0007320945780912782,99.68189991583486,C,Slow Moving
46137D,GREEN CHENILLE SHAGGY RUG,43,126.85,3,2.9500000000000006,0.0007300801669094232,99.68262999600176,C,Slow Moving
85179C,PINK BITTY LIGHT CHAIN,77,126.85,10,2.6100000000000003,0.0007300801669094232,99.68336007616867,C,Slow Moving
23303,SET 4 PICNIC CUTLERY FONDANT,65,126.75,6,1.95,0.0007295046208574646,99.68408958078953,C,Slow Moving
23020,GLASS SONGBIRD STORAGE JAR,11,126.7,3,12.049999999999999,0.0007292168478314853,99.68481879763736,C,Slow Moving
82607E,GLASS BONBON JAR. D'AMANDES,101,126.25,25,1.25,0.0007266268905976719,99.68554542452796,C,Medium Moving
47593B,SCOTTIES DESIGN BABY BIB,101,126.25,17,1.25,0.0007266268905976719,99.68627205141856,C,Medium Moving
84255B,ORANGE COCKTAIL GLASS LAMP,60,126.00000000000001,14,2.1,0.0007251880254677755,99.68699723944403,C,Slow Moving
22882,NUMBER TILE VINTAGE FONT 3,91,125.89,25,1.8363999999999998,0.0007245549248106211,99.68772179436884,C,Medium Moving
23065,LARGE JEWELLERY STAND,10,125.0,4,12.5,0.0007194325649481899,99.68844122693379,C,Slow Moving
84709A,SILVER OVAL JEWELLED MIRROR,21,124.95,11,5.95,0.0007191447919222107,99.6891603717257,C,Slow Moving
84622,PINK GINGHAM ROSE CUSHION COVER,21,124.95,7,5.95,0.0007191447919222107,99.68987951651762,C,Slow Moving
35816P,"ACRYLIC JEWEL ANGEL,PINK",292,124.88,7,0.7528571428571428,0.0007187419096858396,99.6905982584273,C,Medium Moving
10080,GROOVY CACTUS INFLATABLE,303,124.60999999999999,26,0.5092592592592593,0.0007171879353455514,99.69131544636265,C,Medium Moving
84661C,PINK SQUARE TABLE CLOCK,137,124.55000000000001,12,1.3183333333333334,0.0007168426077143765,99.69203228897037,C,Medium Moving
71496A,A4 WALL TIDY BLUE OFFICE,228,124.44000000000001,8,0.5750000000000001,0.0007162095070572222,99.69274849847743,C,Medium Moving
90125D,PURPLE BERTIE GLASS BEAD BAG CHARM,102,124.2,11,1.7590909090909093,0.0007148281965325215,99.69346332667396,C,Medium Moving
84927A,WAKE UP COCKEREL TILE HOOK,218,124.17,25,1.5964,0.000714655532716934,99.69417798220668,C,Medium Moving
90162C,ANT SILVER FUSCHIA BOUDICCA RING,42,123.90000000000002,16,2.95,0.000713101558376646,99.69489108376506,C,Slow Moving
22359,"GLASS JAR, KINGS CHOICE SOAP",42,123.9,8,2.95,0.000713101558376646,99.69560418532343,C,Slow Moving
85185B,PINK HORSE SOCK PUPPET KIT,42,123.9,14,2.95,0.000713101558376646,99.69631728688181,C,Slow Moving
35015,JACOBS LADDER SMALL,2064,123.84,38,0.06,0.0007127562307454707,99.69703004311255,C,Fast Moving
17191A,ROSE FLOWER CANDLE+INCENSE 16X16CM,33,123.75,12,3.75,0.000712238239298708,99.69774228135185,C,Slow Moving
20816,GOLD FLOWER CUSHION COVER ,24,123.6,7,5.378571428571428,0.0007113749202207701,99.69845365627206,C,Slow Moving
22850,BREAD BIN DINER STYLE BLACK,8,123.6,1,15.95,0.0007113749202207701,99.69916503119228,C,Slow Moving
84228,HEN HOUSE W CHICK STANDING,308,123.36,20,0.4175,0.0007099936096960697,99.69987502480197,C,Medium Moving
84559D,3D SHEET OF SEA WORLD STICKERS,145,123.25,29,0.85,0.0007093605090389153,99.700584385311,C,Medium Moving
21087,SET/6 POSIES PAPER CUPS,220,123.22,20,0.5623809523809524,0.0007091878452233278,99.70129357315622,C,Medium Moving
23454,SET OF 3 MINI HANGING PORTRAITS,32,123.2,2,3.95,0.0007090727360129361,99.70200264589224,C,Slow Moving
23457,LARGE PARLOUR FRAME,27,122.85,2,4.725,0.000707058324831081,99.70270970421707,C,Slow Moving
22869,"NUMBER TILE COTTAGE GARDEN, 1",63,122.85,7,1.95,0.000707058324831081,99.7034167625419,C,Slow Moving
22832,SWEETHEART WIRE WALL TIDY,12,122.6,3,10.483333333333333,0.0007056194597011847,99.7041223820016,C,Slow Moving
84367,LA STREGA CANVAS PICTURE ,73,122.55000000000001,7,1.9499999999999997,0.0007053316866752055,99.70482771368827,C,Slow Moving
79308B,MOSAIC CANDLE DISH BLUE PURPLE,144,122.4,2,0.85,0.0007044683675972677,99.70553218205588,C,Medium Moving
16168S,FUNKY MONKEY GIFT BAG SMALL,1274,121.86,7,0.1757142857142857,0.0007013604189166914,99.70623354247479,C,Medium Moving
79532,MOSAIC GLASS BALL CANDLEHOLDER,97,121.25,18,1.25,0.0006978495879997442,99.70693139206278,C,Medium Moving
22535,MAGIC SLATE BUNNIES AT HOME ,288,120.96000000000001,6,0.42,0.0006961805044490645,99.70762757256723,C,Medium Moving
22536,MAGIC SLATE FIDO,288,120.96000000000001,6,0.42,0.0006961805044490645,99.70832375307168,C,Medium Moving
22534,MAGIC SLATE SPACEBOY ,288,120.96000000000001,6,0.42,0.0006961805044490645,99.70901993357613,C,Medium Moving
23438,GIFT BAG LARGE SPOT ,96,120.0,6,1.25,0.0006906552623502624,99.70971058883848,C,Medium Moving
85166A,WHITE METAL BAROQUE PHOTO FRAME,72,120.0,8,3.125,0.0006906552623502624,99.71040124410082,C,Slow Moving
84509F,NEW ENGLAND PLACEMATS,32,120.0,10,3.75,0.0006906552623502624,99.71109189936317,C,Slow Moving
35911B,PINK/FLOWER RABBIT EGG WARMER ,57,119.7,13,2.1,0.0006889286241943867,99.71178082798737,C,Slow Moving
23463,VINTAGE ZINC WATERING CAN,12,119.39999999999999,7,9.95,0.000687201986038511,99.71246802997341,C,Slow Moving
90151,SILVER/NATURAL SHELL NECKLACE,14,119.0,7,8.5,0.0006848998018306768,99.71315292977523,C,Slow Moving
84656,WHITE ROSE C/COVER,20,119.0,12,5.95,0.0006848998018306768,99.71383782957706,C,Slow Moving
23359,SET OF 12 T-LIGHTS VINTAGE DOILEY,61,118.94999999999999,6,1.95,0.0006846120288046975,99.71452244160587,C,Slow Moving
23280,FOLDING MIRROR HOT PINK ,156,118.92000000000002,5,0.808,0.0006844393649891101,99.71520688097085,C,Medium Moving
22972,CHILDRENS SPACEBOY MUG,72,118.80000000000001,5,1.65,0.0006837487097267599,99.71589062968059,C,Slow Moving
21228,"POCKET MIRROR ""GLAMOROUS""",95,118.75,29,1.25,0.0006834609367007804,99.71657409061729,C,Medium Moving
84872A,TEATIME FUNKY FLOWER BACKPACK FOR 2,7,118.65,6,16.95,0.0006828853906488219,99.71725697600793,C,Slow Moving
35933,PINK STOCKING CHRISTMAS DECORATION,312,118.56,23,0.38,0.0006823673992020592,99.71793934340714,C,Medium Moving
44242B,PINK FEATHERS CURTAIN,106,117.78,8,1.135,0.0006778781399967825,99.71861722154713,C,Medium Moving
90214C,"LETTER ""C"" BLING KEY RING",114,117.53999999999999,35,1.1402857142857141,0.0006764968294720819,99.7192937183766,C,Medium Moving
35824C,"HANGING FLOWERS+MIRROR,CLEAR",235,117.05,8,0.935,0.0006736766538174851,99.71996739503042,C,Medium Moving
23244,STORAGE TIN VINTAGE LEAF,60,117.0,7,1.95,0.0006733888807915058,99.72064078391122,C,Slow Moving
22877,NUMBER TILE COTTAGE GARDEN 9,60,117.0,16,1.95,0.0006733888807915058,99.72131417279202,C,Slow Moving
47593A,CAROUSEL PONIES BABY BIB,115,116.87,28,0.962,0.0006726406709239597,99.72198681346295,C,Medium Moving
84858A,NATURAL RIVIERA HANDBAG,52,116.7,7,5.278571428571429,0.0006716622426356302,99.72265847570559,C,Slow Moving
72038P,PRICE'S CANDLE PEACH,1050,116.5,9,0.15222222222222223,0.000670511150531713,99.72332898685612,C,Medium Moving
16206B,RED PURSE WITH PINK HEART,96,116.4,16,1.23125,0.0006699356044797545,99.7239989224606,C,Medium Moving
90144,SILVER DROP EARRINGS WITH FLOWER,31,116.25,11,3.75,0.0006690722854018167,99.724667994746,C,Slow Moving
84751B,BLACK MEDIUM GLASS CAKE STAND,38,115.86,19,3.0100000000000002,0.0006668276557991782,99.7253348224018,C,Slow Moving
90030C,BROWN KUKUI COCONUT SEED NECKLACE,81,115.65,10,1.9899999999999998,0.0006656190090900654,99.72600044141089,C,Slow Moving
23209,LUNCH BAG VINTAGE DOILEY ,70,115.5,4,1.65,0.0006647556900121276,99.7266651971009,C,Slow Moving
22878,NUMBER TILE COTTAGE GARDEN No,55,115.5,13,2.1,0.0006647556900121276,99.72732995279091,C,Slow Moving
20848,ZINC HEART LATTICE CHARGER SMALL,39,115.05000000000001,12,2.9500000000000006,0.0006621657327783141,99.72799211852369,C,Slow Moving
22872,NUMBER TILE COTTAGE GARDEN 4,59,115.05,16,1.95,0.000662165732778314,99.72865428425646,C,Slow Moving
23185,FRENCH STYLE STORAGE JAR JAM,317,114.85,30,0.3516129032258064,0.0006610146406743969,99.72931529889713,C,Medium Moving
90214S,"LETTER ""S"" BLING KEY RING",111,114.75,35,1.1677142857142857,0.0006604390946224384,99.72997573799175,C,Medium Moving
90065A,WHITE VINTAGE CRYSTAL BRACELET,17,114.75,7,6.75,0.0006604390946224384,99.73063617708637,C,Slow Moving
22885,NUMBER TILE VINTAGE FONT 6 ,85,114.19,16,1.7725,0.0006572160367314705,99.7312933931231,C,Slow Moving
23535,WALL ART BICYCLE SAFTEY ,21,114.15,3,5.75,0.0006569858183106871,99.7319503789414,C,Slow Moving
46776D,WOVEN SUNSET CUSHION COVER ,23,113.85,9,4.95,0.0006552591801548114,99.73260563812156,C,Slow Moving
22877,"NUMBER TILE COTTAGE GARDEN, 9",58,113.1,4,1.95,0.0006509425847651222,99.73325658070632,C,Slow Moving
22874,NUMBER TILE COTTAGE GARDEN 6,58,113.1,15,1.95,0.0006509425847651222,99.7339075232911,C,Slow Moving
85190,PINK FLOWER HANGING HEART ,133,113.05,14,0.85,0.000650654811739143,99.73455817810283,C,Medium Moving
82607C,GLASS BONBON JAR. SUPERFINES,90,112.5,21,1.25,0.000647489308453371,99.73520566741128,C,Medium Moving
84462,3 PINK HEN+CHICKS IN BASKET,99,112.35,13,1.2353846153846153,0.0006466259893754331,99.73585229340065,C,Medium Moving
44236,PINK/PURPLE CIRCLE CURTAIN,64,112.32000000000001,12,2.868461538461539,0.0006464533255598455,99.73649874672621,C,Slow Moving
90214K,"LETTER ""K"" BLING KEY RING",109,112.25,45,1.186,0.0006460504433234745,99.73714479716953,C,Medium Moving
20896,VINTAGE NOTEBOOK PINK FLOWER,38,112.10000000000001,13,2.95,0.0006451871242455368,99.73778998429378,C,Slow Moving
71510,SQUARE METAL CANDLEHOLDER BASE,177,112.05,17,0.7935294117647059,0.0006448993512195574,99.738434883645,C,Medium Moving
17014A,ORIGAMI VANILLA INCENSE CONES,247,111.81,9,0.7022222222222222,0.0006435180406948569,99.73907840168569,C,Medium Moving
21412,VINTAGE GOLD TINSEL REEL,233,111.3,42,0.5914285714285714,0.0006405827558298683,99.73971898444152,C,Medium Moving
84288B,SET/2 BLUE  NOODLE BASKETS,57,111.14999999999999,21,1.9499999999999997,0.0006397194367519305,99.74035870387827,C,Slow Moving
22873,"NUMBER TILE COTTAGE GARDEN, 5",57,111.14999999999999,3,1.95,0.0006397194367519305,99.74099842331502,C,Slow Moving
84493,BLUE/PINK NEST STRIPE BOX,1142,111.12,5,1.5619999999999998,0.000639546772936343,99.74163797008795,C,Medium Moving
90170,DAISY HAIR BAND,67,110.55000000000001,10,1.65,0.0006362661604401793,99.74227423624839,C,Slow Moving
90024D,NEW BAROQUE B'FLY NECKLACE PINK,13,110.5,11,8.5,0.0006359783874141999,99.7429102146358,C,Slow Moving
20693,FLORAL DINOSAUR GREEN,26,110.5,12,4.25,0.0006359783874141999,99.7435461930232,C,Slow Moving
21004,ROSE DU SUD CHILDRENS APRON,26,110.5,15,4.25,0.0006359783874141999,99.74418217141061,C,Slow Moving
23496,PANTRY KITCHEN THERMOMETER ,88,110.0,22,1.25,0.0006331006571544071,99.74481527206777,C,Slow Moving
78026,SEAGRASS S/3 SQU LAUNDRY BOX,11,110.0,1,10.0,0.0006331006571544071,99.74544837272492,C,Slow Moving
84886,BLUE METAL WALL SHELF,11,109.44999999999999,8,9.95,0.000629935153868635,99.74607830787879,C,Slow Moving
23578,SNACK TRAY RED GINGHAM,56,109.2,11,1.95,0.0006284962887387387,99.74670680416753,C,Slow Moving
22875,"NUMBER TILE COTTAGE GARDEN, 7",56,109.19999999999999,2,1.95,0.0006284962887387387,99.74733530045627,C,Slow Moving
22876,"NUMBER TILE COTTAGE GARDEN, 8",56,109.19999999999999,2,1.95,0.0006284962887387387,99.74796379674501,C,Slow Moving
22870,"NUMBER TILE COTTAGE GARDEN, 2",56,109.19999999999999,2,1.95,0.0006284962887387387,99.74859229303375,C,Slow Moving
22871,"NUMBER TILE COTTAGE GARDEN, 3 ",56,109.19999999999999,2,1.95,0.0006284962887387387,99.7492207893225,C,Slow Moving
22868,"NUMBER TILE COTTAGE GARDEN, 0 ",56,109.19999999999999,2,1.95,0.0006284962887387387,99.74984928561123,C,Slow Moving
22872,"NUMBER TILE COTTAGE GARDEN, 4",56,109.19999999999999,2,1.95,0.0006284962887387387,99.75047778189997,C,Slow Moving
22874,"NUMBER TILE COTTAGE GARDEN, 6",56,109.19999999999999,2,1.95,0.0006284962887387387,99.75110627818871,C,Slow Moving
72134,COLUMBIAN  CUBE CANDLE ,320,109.16,20,0.6519047619047619,0.0006282660703179553,99.75173454425904,C,Medium Moving
90129D,AMBER GLASS TASSLE BAG CHARM,37,109.15000000000002,12,2.9500000000000006,0.0006282085157127596,99.75236275277474,C,Slow Moving
90129E,PURPLE GLASS TASSLE BAG CHARM,37,109.15,10,2.95,0.0006282085157127595,99.75299096129045,C,Slow Moving
90158,ST TROPEZ NECKLACE,22,108.9,11,4.95,0.0006267696505828631,99.75361773094103,C,Slow Moving
90073,VINTAGE ENAMEL & CRYSTAL EARRINGS,22,108.9,7,4.95,0.0006267696505828631,99.75424450059161,C,Slow Moving
90173,PAIR BUTTERFLY HAIR CLIPS,29,108.75,7,3.75,0.0006259063315049253,99.75487040692312,C,Slow Moving
90199B,5 STRAND GLASS NECKLACE AMETHYST,17,107.94999999999999,12,6.349999999999999,0.0006213019630892568,99.75549170888621,C,Slow Moving
90214L,"LETTER ""L"" BLING KEY RING",114,107.94,29,1.1837931034482758,0.0006212444084840609,99.75611295329469,C,Medium Moving
23041,PAPER LANTERN 6 POINT SNOW STAR,26,107.9,6,4.15,0.0006210141900632776,99.75673396748475,C,Slow Moving
84899F,YELLOW PURPLE DAISY FELT PURSE KIT,86,107.5,23,1.25,0.0006187120058554433,99.75735267949061,C,Slow Moving
22868,NUMBER TILE COTTAGE GARDEN 0 ,55,107.25,12,1.95,0.000617273140725547,99.75796995263133,C,Slow Moving
23455,SMALL PARLOUR FRAME,42,106.98000000000002,2,2.6900000000000004,0.0006157191663852589,99.75858567179772,C,Slow Moving
48103,DOORMAT KISS MY.......,22,106.58,2,6.035,0.0006134169821774247,99.7591990887799,C,Slow Moving
22135,MINI LADLE LOVE HEART PINK,242,106.56,45,0.46555555555555556,0.000613301872967033,99.75981239065285,C,Medium Moving
71495B,CD WALL TIDY RED FLOWERS,288,106.56,12,0.39999999999999997,0.000613301872967033,99.76042569252581,C,Medium Moving
22881,NUMBER TILE VINTAGE FONT 2,81,106.39,14,1.747142857142857,0.0006123234446787034,99.7610380159705,C,Slow Moving
23477,WOODLAND LARGE BLUE FELT HEART,85,106.25,8,1.25,0.0006115176802059614,99.76164953365071,C,Slow Moving
90194,SILVER LARIAT BLACK STONE EARRINGS,25,106.25,14,4.25,0.0006115176802059614,99.76226105133092,C,Slow Moving
22445,PENCIL CASE GINGHAM FOREST,36,106.20000000000002,4,2.95,0.0006112299071799823,99.7628722812381,C,Slow Moving
90186B,CRYSTAL HOOP EARRING FLORAL LEAF,36,106.20000000000002,13,2.95,0.0006112299071799823,99.76348351114528,C,Slow Moving
90108,BLUE BLOSSOM HAIR CLIP,101,106.05,13,1.05,0.0006103665881020443,99.76409387773339,C,Medium Moving
22875,NUMBER TILE COTTAGE GARDEN 7,54,105.3,16,1.95,0.0006060499927123551,99.7646999277261,C,Slow Moving
22433,WATERING CAN PINK BUNNY,54,105.3,5,1.95,0.0006060499927123551,99.76530597771881,C,Slow Moving
17090D,VANILLA INCENSE 40 CONES IN TIN,88,105.2,28,1.2366666666666668,0.0006054744466603967,99.76591145216547,C,Slow Moving
79144B,PAINTED LIGHTBULB STAR+ MOON,259,105.17999999999999,40,0.4163414634146341,0.0006053593374500049,99.76651681150292,C,Medium Moving
16169D,WRAP WINTER FOREST,250,105.0,9,0.42,0.0006043233545564796,99.76712113485748,C,Medium Moving
23574,PACKING CHARGE,14,105.0,14,7.5,0.0006043233545564796,99.76772545821203,C,Slow Moving
84199,GLOW IN DARK DOLPHINS,511,104.79,62,0.20907692307692308,0.0006031147078473666,99.76832857291987,C,Medium Moving
84458,S/3 RABBIT FLOWER/EGG/CARROT ROPE,123,104.55,19,0.85,0.000601733397322666,99.76893030631719,C,Medium Moving
23151,ZINC SWEETHEART SOAP DISH,59,104.41,19,1.953157894736842,0.0006009276328499241,99.76953123395003,C,Slow Moving
21118,SHOPPING BAG DOORSTOP,69,104.25,7,2.5357142857142856,0.0006000067591667905,99.7701312407092,C,Slow Moving
20698,LITTLE PINK MONSTER SOFT TOY,43,104.25,18,2.5026315789473683,0.0006000067591667905,99.77073124746838,C,Slow Moving
90049,IVORY GOLD METAL BAG CHARM,19,104.07,5,6.954000000000001,0.000598970776273265,99.77133021824464,C,Slow Moving
90206C,CRYSTAL DIAMANTE STAR BROOCH,21,103.95,11,4.95,0.0005982801210109147,99.77192849836565,C,Slow Moving
84705B,FAIRY CAKES PHOTO FRAME,83,103.75,2,1.25,0.0005971290289069976,99.77252562739456,C,Slow Moving
10138,ASSORTED COLOUR JUMBO PEN,247,103.74,16,0.42,0.0005970714743018017,99.77312269886886,C,Medium Moving
35607A,PINK FLUFFY CHRISTMAS DECORATION,545,103.55,28,0.19,0.0005959779368030806,99.77371867680566,C,Medium Moving
90036F,"FLOWER GLASS GARLD NECKL36""TURQUOIS",13,103.35000000000001,4,7.95,0.0005948268446991635,99.77431350365036,C,Slow Moving
84679,CLASSICAL ROSE TABLE LAMP,14,103.3,4,8.95,0.0005945390716731841,99.77490804272203,C,Slow Moving
85185F,LION SOCK PUPPET,35,103.25000000000001,17,2.95,0.0005942512986472049,99.77550229402068,C,Slow Moving
84247H,PACK/12 DECOUPAGE CARD,35,103.25000000000001,14,2.95,0.0005942512986472049,99.77609654531933,C,Slow Moving
90129F,RED GLASS TASSLE BAG CHARM,35,103.25000000000001,14,2.95,0.0005942512986472049,99.77669079661798,C,Slow Moving
90129A,PINK GLASS TASSLE BAG CHARM ,35,103.25,15,2.95,0.0005942512986472049,99.77728504791664,C,Slow Moving
72133,COLUMBIAN CANDLE RECTANGLE,99,102.87,27,1.2200000000000002,0.0005920642236497624,99.77787711214029,C,Medium Moving
35096B,RED VICTORIAN FABRIC HEART BOX,288,102.63,21,0.4138095238095238,0.0005906829131250618,99.77846779505342,C,Medium Moving
84613A,PINK NEW BAROQUE FLOCK CANDLESTICK,22,102.3,10,4.65,0.0005887836111535986,99.77905657866457,C,Slow Moving
90024E,NEW BAROQUE B'FLY NECKLACE MONTANA,12,102.0,7,8.5,0.000587056972997723,99.77964363563757,C,Slow Moving
90030A,SPOTTED WHITE NATURAL SEED NECKLACE,77,101.75,8,1.61875,0.0005856181078678266,99.78022925374543,C,Slow Moving
84873A,FUNKY FLOWER PICNIC BAG FOR 4,6,101.69999999999999,5,16.95,0.0005853303348418473,99.78081458408028,C,Slow Moving
84249A,"GREETING CARD,SQUARE, DOUGHNUTS",238,101.6,20,0.46099999999999997,0.0005847547887898887,99.78139933886906,C,Medium Moving
90040C,MURANO STYLE GLASS BRACELET GOLD,29,101.5,10,3.5,0.0005841792427379302,99.7819835181118,C,Slow Moving
35910A,MULTICOLOUR EASTER RABBIT ,52,101.39999999999999,12,1.95,0.0005836036966859716,99.78256712180848,C,Slow Moving
22871,NUMBER TILE COTTAGE GARDEN 3 ,52,101.39999999999999,10,1.95,0.0005836036966859716,99.78315072550517,C,Slow Moving
22876,NUMBER TILE COTTAGE GARDEN 8,52,101.39999999999999,11,1.95,0.0005836036966859716,99.78373432920185,C,Slow Moving
84921,CREAM AND PINK FLOWERS PONY ,27,101.25,14,3.75,0.0005827403776080338,99.78431706957946,C,Slow Moving
16248B,BLUE HOLE PUNCH,81,101.25,12,1.25,0.0005827403776080338,99.78489980995707,C,Slow Moving
90060F,FIRE POLISHED GLASS NECKL GREEN,17,101.15,7,5.95,0.0005821648315560753,99.78548197478862,C,Slow Moving
21089,SET/6 GREEN SPRING PAPER CUPS,316,100.98,36,0.36888888888888893,0.0005811864032677458,99.78606316119189,C,Medium Moving
85050,FRENCH ENAMEL SOAP DISH WITH LID,48,100.8,1,2.1,0.0005801504203742203,99.78664331161227,C,Slow Moving
84549,CROCHET WHITE RABBIT KEYRING ,64,100.8,9,1.6277777777777775,0.0005801504203742203,99.78722346203264,C,Slow Moving
72821,CUPID SCENTED CANDLE IN GLASS,61,100.65,14,1.65,0.0005792871012962826,99.78780274913395,C,Slow Moving
22884,NUMBER TILE VINTAGE FONT 5,78,100.53999999999999,18,1.7922222222222222,0.0005786540006391281,99.78838140313458,C,Slow Moving
22883,NUMBER TILE VINTAGE FONT 4,78,100.53999999999999,11,1.6918181818181817,0.0005786540006391281,99.78896005713521,C,Slow Moving
75172,PAINTED SEA SHELL METAL WINDCHIME,97,100.31,11,2.1354545454545457,0.0005773302447196235,99.78953738737994,C,Medium Moving
90190B,GOLD/AMBER DROP EARRINGS W LEAF,34,100.30000000000001,6,2.9500000000000006,0.0005772726901144277,99.79011466007005,C,Slow Moving
72753C,S/3 FLWR FAIRY ROSE CANDLES,42,99.9,5,3.2700000000000005,0.0005749705059065935,99.79068963057595,C,Slow Moving
23466,TUSCAN VILLA DOVECOTE,12,99.0,4,8.25,0.0005697905914389664,99.7912594211674,C,Slow Moving
23465,TUSCAN VILLA FEEDING STATION,12,99.0,7,8.25,0.0005697905914389664,99.79182921175884,C,Slow Moving
22736,"RIBBON REEL, MAKING SNOWMEN ",60,99.0,5,1.65,0.0005697905914389664,99.79239900235028,C,Slow Moving
23191,BUNDLE OF 3 RETRO EXERCISE BOOKS,60,99.0,5,1.65,0.0005697905914389664,99.79296879294172,C,Slow Moving
84575A,PINK DOG CANNISTER,24,98.8,13,5.334615384615385,0.0005686394993350493,99.79353743244106,C,Slow Moving
22873,NUMBER TILE COTTAGE GARDEN 5,50,97.5,15,1.95,0.0005611574006595881,99.79409858984171,C,Slow Moving
16161G,WRAP BAD HAIR DAY,975,97.5,33,0.1,0.0005611574006595881,99.79465974724236,C,Medium Moving
20957,PORCELAIN HANGING BELL SMALL,67,97.15,12,1.45,0.0005591429894777332,99.79521889023184,C,Slow Moving
22812,PACK 3 BOXES CHRISTMAS PANETTONE,39,95.67,12,2.495,0.0005506249079087467,99.79576951513974,C,Slow Moving
84951A,S/4 PISTACHIO LOVEBIRD COASTERS,68,95.39999999999999,5,2.29,0.0005490709335684585,99.79631858607331,C,Slow Moving
17084J,LOVE POTION MASALA INCENSE,454,95.34,19,0.21,0.0005487256059372834,99.79686731167925,C,Medium Moving
90199A,5 STRAND GLASS NECKLACE BLACK,15,95.25,9,6.35,0.0005482076144905207,99.79741551929374,C,Slow Moving
90199D,5 STRAND GLASS NECKLACE AMBER,15,95.25,9,6.35,0.0005482076144905207,99.79796372690822,C,Slow Moving
90211B,JET BLACK LAS VEGAS NECKLACE 45CM,16,95.2,8,5.95,0.0005479198414645415,99.79851164674969,C,Slow Moving
48103,DOOR MAT KISS MY.......,13,95.15,8,7.305,0.0005476320684385623,99.79905927881812,C,Slow Moving
84967A,PINK KASHMIRI OCCASIONAL TABLE,2,94.95,2,47.475,0.0005464809763346451,99.79960575979446,C,Slow Moving
72606A,BROWN ANTIQUE CUBE CANDLE,226,94.92,18,0.42,0.0005463083125190575,99.80015206810698,C,Medium Moving
90125C,TURQUOISE BERTIE GLASS BEAD CHARM,88,94.8,6,1.6833333333333336,0.0005456176572567073,99.80069768576423,C,Slow Moving
90214E,"LETTER ""E"" BLING KEY RING",95,94.75,33,1.1627272727272726,0.0005453298842307279,99.80124301564847,C,Medium Moving
72740A,LARGE STRAWBERRY CHOCOLATE CANDLE,56,94.7,5,2.03,0.0005450421112047487,99.80178805775967,C,Slow Moving
20861,GOLD COSMETIC BAG PINK STAR,45,94.5,15,2.1,0.0005438910191008316,99.80233194877877,C,Slow Moving
21241,GREEN POLKADOT CUP,111,94.35,10,0.85,0.0005430277000228938,99.80287497647879,C,Medium Moving
90137,PINK COMBO MINI CRYSTALS NECKLACE,19,94.05000000000001,8,4.95,0.0005413010618670181,99.80341627754066,C,Slow Moving
90003C,MIDNIGHT BLUE PAIR HEART HAIR SLIDE,25,93.75,10,3.75,0.0005395744237111425,99.80395585196437,C,Slow Moving
47593A,CAROUSEL DESIGN BABY BIB,75,93.75,14,1.25,0.0005395744237111425,99.80449542638809,C,Slow Moving
90002C,FLOWER BURST SILVER RING MIDN'T BLU,25,93.75,11,3.75,0.0005395744237111425,99.8050350008118,C,Slow Moving
23402,HOME SWEEET HOME 3 PEG HANGER ,25,93.75,4,3.75,0.0005395744237111425,99.80557457523551,C,Slow Moving
22432,WATERING CAN GREEN DINOSAUR,48,93.6,6,1.95,0.0005387111046332046,99.80611328634015,C,Slow Moving
17084A,TRANQUILITY MASALA INCENSE,442,92.82,18,0.21,0.000534221845427928,99.80664750818558,C,Medium Moving
35610A,PINK CHRISTMAS FLOCK DROPLET ,138,92.82,8,1.0425,0.000534221845427928,99.807181730031,C,Medium Moving
22886,NUMBER TILE VINTAGE FONT 7,74,92.74,13,1.7315384615384615,0.000533761408586361,99.8077154914396,C,Slow Moving
35966,FOLKART CHRISTMAS TREE T-LIGHT HOLD,244,92.72,20,0.38,0.0005336462993759694,99.80824913773897,C,Medium Moving
47592B,SCOTTIES DESIGN CHILD'S OVERALL,44,92.4,17,2.1,0.000531804552009702,99.80878094229098,C,Slow Moving
84867A,PINK BABY GIRLS PHOTO ALBUM,15,92.25,3,6.616666666666667,0.0005309412329317642,99.80931188352392,C,Slow Moving
21343,GOLD JEWELERY BOX,20,92.0,3,8.283333333333333,0.0005295023678018678,99.80984138589172,C,Slow Moving
20697,LITTLE GREEN MONSTER SOFT TOY,38,91.49999999999999,19,2.5026315789473683,0.000526624637542075,99.81036801052926,C,Slow Moving
90177D,DROP DIAMANTE EARRINGS PURPLE,31,91.45000000000002,10,2.95,0.0005263368645160958,99.81089434739377,C,Slow Moving
20664,TROPICAL HOLIDAY PURSE ,31,91.45000000000002,16,2.95,0.0005263368645160958,99.81142068425828,C,Slow Moving
23075,DOUBLE CERAMIC PARLOUR HOOK,22,91.30000000000001,5,4.15,0.000525473545438158,99.81194615780372,C,Slow Moving
90040D,MURANO STYLE GLASS BRACELET PINK,26,91.0,10,3.5,0.0005237469072822822,99.812469904711,C,Slow Moving
22880,NUMBER TILE VINTAGE FONT 1,73,90.78999999999999,13,1.7315384615384615,0.0005225382605731693,99.81299244297156,C,Slow Moving
22878,"NUMBER TILE COTTAGE GARDEN, No",43,90.3,3,2.1,0.0005197180849185725,99.81351216105648,C,Slow Moving
90163A,PINK ROSEBUD & PEARL NECKLACE,12,90.0,5,7.5,0.0005179914467626967,99.81403015250324,C,Slow Moving
90150,BLUE SHELL+SILVER NECKLACE,12,90.0,7,7.5,0.0005179914467626967,99.81454814394999,C,Slow Moving
90003B,ROSE COLOUR PAIR HEART HAIR SLIDES,24,90.0,9,3.75,0.0005179914467626967,99.81506613539675,C,Slow Moving
90214J,"LETTER ""J"" BLING KEY RING",81,89.73,30,1.218,0.0005164374724224087,99.81558257286918,C,Slow Moving
17013C,ORIGAMI LAVENDER INCENSE IN TUBE,213,89.46000000000001,2,0.42,0.0005148834980821206,99.81609745636726,C,Medium Moving
79191D,RETRO PLASTIC DAISY TRAY,105,89.25,31,0.85,0.0005136748513730076,99.81661113121864,C,Medium Moving
90023,FILIGREE DIAMANTE EARRINGS,21,89.25,11,4.25,0.0005136748513730076,99.81712480607001,C,Slow Moving
84765,SILVER ROCOCO CANDELABRA,7,89.25,4,12.75,0.0005136748513730076,99.81763848092139,C,Slow Moving
90042C,FRESHWATER PEARL BRACELET IVORY,35,89.25,8,2.55,0.0005136748513730076,99.81815215577276,C,Slow Moving
84437A,S/6 PINK EASTER DECS IN BOX,105,89.25,17,0.85,0.0005136748513730076,99.81866583062414,C,Medium Moving
90156,RESIN BRACELET W PASTEL BEADS,18,89.10000000000001,7,4.95,0.0005128115322950698,99.81917864215643,C,Slow Moving
90133,TEAL/FUSCHIA COL BEAD NECKLACE,18,89.1,7,4.95,0.0005128115322950697,99.81969145368872,C,Slow Moving
84388,WISE MAN STAR SHAPE EGG PAN,70,89.03999999999999,22,1.4856521739130435,0.0005124662046638946,99.82020391989339,C,Slow Moving
20660,VIP LUGGAGE TAG ,71,88.75,26,1.25,0.0005107971211132148,99.8207147170145,C,Slow Moving
21337,SILVER WASHBAG,30,88.50000000000001,9,2.95,0.0005093582559833185,99.82122407527048,C,Slow Moving
84984D,ORIENTAL RED C/COVER ,20,88.2,5,4.57,0.0005076316178274429,99.8217317068883,C,Slow Moving
35638A,PINK AND BLACK STRING CURTAIN,39,88.04999999999998,6,3.9499999999999997,0.000506768298749505,99.82223847518705,C,Slow Moving
84721,MANHATTAN CANVAS ART PICTURE,20,87.8,2,8.35,0.0005053294336196085,99.82274380462067,C,Slow Moving
90214M,"LETTER ""M"" BLING KEY RING",79,87.23,29,1.216896551724138,0.0005020488211234449,99.82324585344179,C,Slow Moving
35822B,"ACRYLIC BEAD CHAIN, BLUE",229,87.02,1,0.38,0.0005008401744143318,99.8237466936162,C,Medium Moving
90094,NECKLACE+BRACELET SET FRUIT SALAD ,34,86.69999999999999,21,2.55,0.0004989984270480645,99.82424569204325,C,Slow Moving
71406C,BLACK ORANGE SQUEEZER,206,86.52,31,0.42,0.0004979624441545391,99.8247436544874,C,Medium Moving
84424A,FOUR PICTURE WHITE GLASS FRAME,23,86.25,10,3.75,0.000496408469814251,99.82524006295722,C,Slow Moving
84465,15 PINK FLUFFY CHICKS IN BOX,29,85.55000000000001,20,2.95,0.0004923796474505412,99.82573244260468,C,Slow Moving
90190C,SILVER/AMETHYST DROP EARRINGS LEAF,29,85.55000000000001,10,2.95,0.0004923796474505412,99.82622482225213,C,Slow Moving
90162A,ANT SILVER TURQUOISE BOUDICCA RING,29,85.55000000000001,10,2.95,0.0004923796474505412,99.82671720189958,C,Slow Moving
90164A,PINK ROSEBUD PEARL BRACELET,21,85.35,7,5.121428571428572,0.0004912285553466241,99.82720843045493,C,Slow Moving
22844,"DOG FOOD CONTAINER , VINTAGE",10,85.0,3,8.5,0.0004892141441647692,99.8276976445991,C,Slow Moving
90026D,GLASS BEAD HOOP NECKLACE AMETHYST,10,85.0,8,8.5,0.0004892141441647692,99.82818685874327,C,Slow Moving
22887,NUMBER TILE VINTAGE FONT 8,70,84.94,13,1.7315384615384615,0.000488868816533594,99.8286757275598,C,Slow Moving
17027A,INCENSE BAZAAR CANNABIS,228,84.84,2,0.355,0.0004882932704816355,99.82916402083028,C,Medium Moving
46775B,BERRIES CHUNKY KNITTED THROW ,5,84.75,4,16.95,0.00048777527903487276,99.82965179610932,C,Slow Moving
46775A,BUBBLE GUM CHUNKY KNITTED THROW ,5,84.75,4,16.95,0.00048777527903487276,99.83013957138836,C,Slow Moving
35271S,GOLD PRINT PAPER BAG,414,84.17999999999999,18,0.20277777777777778,0.000484494666538709,99.8306240660549,C,Medium Moving
90088,CRYSTAL KEY+LOCK PHONE CHARM,99,84.14999999999999,12,0.85,0.0004843220027231214,99.83110838805761,C,Medium Moving
23456,MEDIUM PARLOUR FRAME ,22,84.1,2,3.95,0.00048403422969714216,99.83159242228732,C,Slow Moving
72783,BLACK SIL'T SQU CANDLE PLATE ,40,84.0,7,2.1,0.00048345868364518363,99.83207588097096,C,Slow Moving
90000B,MIDNIGHT BLUE COPPER FLOWER NECKLAC,14,83.30000000000001,9,5.95,0.00047942986128147384,99.83255531083225,C,Slow Moving
23442,12 HANGING EGGS HAND PAINTED,40,83.2,7,2.08,0.00047885431522951525,99.83303416514748,C,Slow Moving
37342,SPOTTY COFFEE CUP & SAUCER,28,82.60000000000001,6,2.9500000000000006,0.000475401038917764,99.8335095661864,C,Slow Moving
90039D,FIRE POLISHED GLASS BRACELET GREEN,22,82.5,5,3.75,0.00047482549286580536,99.83398439167927,C,Slow Moving
90069,RUBY GLASS CLUSTER NECKLACE,11,82.5,5,7.5,0.00047482549286580536,99.83445921717214,C,Slow Moving
35838B,S/6 SILVER ORNAMENETAL CANDLE,97,82.45,22,0.85,0.0004745377198398261,99.83493375489198,C,Medium Moving
35913B,WHITE/PINK CHICK EASTER DECORATION,97,82.45,19,0.8499999999999999,0.0004745377198398261,99.83540829261182,C,Medium Moving
21699,SET 5 MINI CHOCOLATE FRIDGE MAGNETS,108,82.44,3,1.2266666666666666,0.00047448016523463023,99.83588277277705,C,Medium Moving
16051,TEATIME PENCIL W STAMP ASST,938,82.2,3,0.3,0.0004730988547099297,99.83635587163177,C,Medium Moving
35609A,PINK FEATHER CHRISTMAS DECORATION,427,82.19,18,0.2488888888888889,0.00047304130010473387,99.83682891293188,C,Medium Moving
22566,"FELTCRAFT HAIRBAND S/2, PINK/PURPLE",96,81.6,8,0.85,0.00046964557839817835,99.83729855851027,C,Medium Moving
22579,WOODEN TREE CHRISTMAS SCANDISPOT,96,81.6,3,0.85,0.00046964557839817835,99.83776820408866,C,Medium Moving
72779,SET/6 BLACK ROSE T-LIGHT CANDLES,48,81.12,15,1.69,0.00046688295734877735,99.83823508704602,C,Slow Moving
16011, ANIMAL STICKERS,385,80.85,12,0.21,0.0004653289830084892,99.83870041602903,C,Medium Moving
90121B,VINTAGE ROSE BEAD BRACELET BLUE,19,80.75,9,4.25,0.0004647534369565307,99.83916516946599,C,Slow Moving
90164B,WHITE  ROSEBUD PEARL BRACELET,30,80.7,8,3.3375,0.00046446566393055144,99.83962963512991,C,Slow Moving
22531,MAGIC SLATE CIRCUS PARADE  ,192,80.64,4,0.42,0.00046412033629937625,99.84009375546621,C,Medium Moving
22530,MAGIC SLATE DOLLY GIRL ,192,80.64,4,0.42,0.00046412033629937625,99.84055787580252,C,Medium Moving
17011E,ORIGAMI OPIUM SCENT INCENSE+FLOWER,124,80.60000000000001,1,0.65,0.0004638901178785929,99.8410217659204,C,Medium Moving
90040A,MURANO STYLE GLASS BRACELET RED,23,80.5,10,3.5,0.0004633145718266343,99.84148508049223,C,Slow Moving
90166,PINK & WHITE ROSEBUD RING,19,80.15,11,4.204545454545454,0.00046130016064477937,99.84194638065289,C,Slow Moving
23370,SET 36 COLOUR PENCILS DOILEY,64,80.0,3,1.25,0.00046043684156684154,99.84240681749445,C,Slow Moving
47592A,CAROUSEL CHILDRENS OVERALL,38,79.8,4,2.1,0.0004592857494629245,99.8428661032439,C,Slow Moving
84795E,RIO PINK STRIPE HAMMOCK,10,79.5,5,7.95,0.00045755911130704877,99.84332366235522,C,Slow Moving
22649,STRAWBERRY CAKE TEAPOT,16,79.2,4,4.95,0.00045583247315117317,99.84377949482837,C,Slow Moving
23464,VINTAGE ZINC WATERING CAN SMALL,16,79.2,6,4.95,0.00045583247315117317,99.84423532730152,C,Slow Moving
90115,SUMMER BUTTERFLIES BAG CHARM,31,79.05,11,2.55,0.00045496915407323534,99.8446902964556,C,Slow Moving
90096,NECKLACE+BRACELET SET BLUE BLOSSOM,31,79.05,11,2.55,0.00045496915407323534,99.84514526560967,C,Slow Moving
37471,MULTICOLOUR POLKADOT PLATE,696,78.60000000000001,2,0.475,0.00045237919683942186,99.84559764480652,C,Medium Moving
35931,PINK STAR CHRISTMAS DECORATION,156,78.11999999999999,15,0.48466666666666663,0.00044961657579002076,99.84604726138231,C,Medium Moving
84596I,WRAP SWEETS LIGHT PINK SMALL BOWL,71,78.11,9,1.231,0.00044955902118482493,99.8464968204035,C,Slow Moving
35265,COLOURFUL FLOWER FRUIT BOWL,20,78.05,15,3.5533333333333332,0.00044921369355364974,99.84694603409706,C,Slow Moving
71495A,CD WALL TIDY BLUE OFFICE,213,77.94000000000001,9,0.39999999999999997,0.0004485805928964955,99.84739461468996,C,Medium Moving
84914A,PINK ROSE PICNIC RUG,3,77.85,2,25.95,0.0004480626014497327,99.84784267729141,C,Slow Moving
23497,CLASSIC CROME BICYCLE BELL ,60,77.4,2,1.35,0.0004454726442159192,99.84828814993563,C,Slow Moving
84614A,PINK BAROQUE FLOCK CANDLE HOLDER,13,77.35000000000001,7,5.95,0.00044518487118993996,99.84873333480682,C,Slow Moving
21450,DISTRESSED CANDLE STICK WHITE,13,77.35,3,5.95,0.00044518487118993985,99.84917851967802,C,Slow Moving
90092,BLUE CRYSTAL BOOT PHONE CHARM,91,77.35,7,0.85,0.00044518487118993985,99.84962370454922,C,Medium Moving
22888,NUMBER TILE VINTAGE FONT 9 ,66,77.14,10,1.666,0.00044397622448082695,99.85006768077369,C,Slow Moving
90183A,AMBER DROP EARRINGS W LONG BEADS,26,76.70000000000002,6,2.9500000000000006,0.0004414438218522094,99.85050912459555,C,Slow Moving
90202D,PINK ENAMEL FLOWER HAIR TIE,26,76.70000000000002,5,2.95,0.0004414438218522094,99.8509505684174,C,Slow Moving
90162D,ANT SILVER PURPLE BOUDICCA RING,26,76.7,11,2.9500000000000006,0.00044144382185220936,99.85139201223926,C,Slow Moving
84923,PINK BUTTERFLY HANDBAG W BOBBLES,9,76.5,5,8.5,0.00044029272974829224,99.85183230496901,C,Slow Moving
90024B,NEW BAROQUE B'FLY NECKLACE RED,9,76.5,6,8.5,0.00044029272974829224,99.85227259769876,C,Slow Moving
90028,NEW BAROQUE LARGE NECKLACE BLK/WHIT,9,76.5,5,8.5,0.00044029272974829224,99.8527128904285,C,Slow Moving
84617, NEW BAROQUE BLACK BOXES,6,76.5,3,12.75,0.00044029272974829224,99.85315318315826,C,Slow Moving
35815P,"ACRYLIC JEWEL SNOWFLAKE, PINK",168,75.88,7,1.1171428571428572,0.0004367243442261492,99.85358990750248,C,Medium Moving
23467,VINTAGE ZINC PLANTER  ,23,75.66999999999999,5,3.29,0.0004355156975170362,99.8540254232,C,Slow Moving
62043B,BLUE CHECK BAG W HANDLE 34X20CM,54,75.16000000000001,10,1.2399999999999998,0.00043258041265204774,99.85445800361265,C,Slow Moving
23061,VINTAGE ENGRAVED HEART,60,75.0,4,1.25,0.00043165953896891397,99.85488966315162,C,Slow Moving
84030C,KNITTED RAINBOW HOT WATER BOTTLE,20,75.0,5,3.75,0.00043165953896891397,99.8553213226906,C,Slow Moving
90176D,DIAMANTE NECKLACE PURPLE,10,75.0,6,7.5,0.00043165953896891397,99.85575298222957,C,Slow Moving
37399,"ASS RETROSPOOF MUGS,SPORTS",143,75.0,6,0.9733333333333333,0.00043165953896891397,99.85618464176855,C,Medium Moving
16161E,WRAP BOUDOIR ,750,75.0,9,0.1,0.00043165953896891397,99.85661630130753,C,Medium Moving
90013B,BLACK VINTAGE EARRINGS,20,75.0,5,3.75,0.00043165953896891397,99.8570479608465,C,Slow Moving
84757,ENCHANTED GARDEN WROUGHT IRON TABLE,5,74.75,4,14.95,0.0004302206738390176,99.85747818152034,C,Slow Moving
23068,ALUMINIUM HEART,30,74.7,6,2.49,0.00042993290081303837,99.85790811442115,C,Slow Moving
23044,PAPER LANTERN 9 POINT HOLLY STAR 23,18,74.7,5,4.15,0.00042993290081303837,99.85833804732196,C,Slow Moving
90116,FRUIT SALAD BAG CHARM,44,74.36,11,1.69,0.00042797604423637926,99.8587660233662,C,Slow Moving
46138B,BLUE CHENILLE SHAGGY CUSHION COVER ,59,74.35,19,1.3710526315789473,0.0004279184896311833,99.85919394185584,C,Slow Moving
22068, BLACK PIRATE TREASURE CHEST,45,74.25,13,1.65,0.00042734294357922483,99.85962128479942,C,Slow Moving
90099,NECKLACE+BRACELET SET BLUE HIBISCUS,29,73.94999999999999,17,2.55,0.0004256163054233491,99.86004690110484,C,Slow Moving
35610C,WHITE CHRISTMAS FLOCK DROPLET ,91,73.91,6,1.1116666666666666,0.0004253860870025657,99.86047228719184,C,Medium Moving
90067A,PINK VINTAGE VICTORIAN EARRINGS,25,73.75000000000001,8,2.95,0.0004244652133194321,99.86089675240515,C,Slow Moving
84593,CROCHET ROSE DES CLOTHES HANGER,25,73.75,7,2.95,0.00042446521331943206,99.86132121761847,C,Slow Moving
15030,FAN BLACK FRAME ,254,73.66,26,0.29,0.00042394722187266936,99.86174516484034,C,Medium Moving
79331,PINK FLOCK GLASS CANDLEHOLDER,60,73.60000000000001,9,1.3677777777777775,0.0004236018942414943,99.86216876673458,C,Slow Moving
20622,VIP PASSPORT COVER ,35,73.5,11,2.1,0.0004230263481895357,99.86259179308277,C,Slow Moving
90112,PINK DOLLY HAIR CLIPS,70,73.5,15,1.05,0.0004230263481895357,99.86301481943096,C,Slow Moving
22416,SET OF 36 SPACEBOY PAPER DOILIES,50,72.5,7,1.45,0.00041727088766995015,99.86343209031863,C,Slow Moving
35916C,PINK FELT HANGING HEART W FLOWER,85,72.25,9,0.85,0.0004158320225400538,99.86384792234117,C,Slow Moving
84753A,PINK EAU DE COLOGNE BOTTLE,85,72.25,15,0.85,0.0004158320225400538,99.8642637543637,C,Slow Moving
84454,WOBBLING METAL CHICKEN EASTER,85,72.25,13,0.8499999999999999,0.0004158320225400538,99.86467958638625,C,Slow Moving
84427B,BLACK GLASS TV DOUBLE P/FRAME 15X10,17,72.25,5,4.25,0.0004158320225400538,99.86509541840879,C,Slow Moving
37471,MULTICOLOUR DOTS PLATE,688,71.80000000000001,2,0.475,0.0004132420653062403,99.86550866047409,C,Medium Moving
35937,CERISE+GOLD CHRISTMAS STOCKING DEC,188,71.44,17,0.38,0.0004111700995191895,99.86591983057362,C,Medium Moving
17007B,S/3 POT POURI CUSHIONS BLUE COLOURS,34,71.4,6,2.1,0.0004109398810984061,99.86633077045471,C,Slow Moving
84925C,FAIRY CAKES  WALL THERMOMETER,28,71.39999999999999,10,2.55,0.00041093988109840607,99.8667417103358,C,Slow Moving
37509,NEW ENGLAND MUG W GIFT BOX,28,71.39999999999999,14,2.55,0.00041093988109840607,99.8671526502169,C,Slow Moving
22879,NUMBER TILE VINTAGE FONT 0,63,71.29,9,1.6344444444444444,0.0004103067804412517,99.86756295699733,C,Slow Moving
16256C,HEARTS PENCIL/RUBBER+5 MINI PENCILS,169,70.98,10,0.42000000000000004,0.0004085225876801802,99.86797147958501,C,Medium Moving
84086B,YELLOW/BLUE RETRO RADIO,24,70.80000000000001,12,2.95,0.0004074866047866549,99.8683789661898,C,Slow Moving
22346,PARTY PIZZA DISH GREEN RETROSPOT,83,70.55,14,0.85,0.0004060477396567584,99.86878501392945,C,Slow Moving
37479P,CUBIC MUG FLOCK PINK ON BROWN,125,70.35,22,0.7656521739130434,0.00040489664755284123,99.869189910577,C,Medium Moving
90005A,JADE GREEN ENAMEL HAIR COMB,36,70.2,7,1.95,0.00040403332847490346,99.86959394390549,C,Slow Moving
16020C,CLEAR STATIONERY BOX SET ,82,69.69999999999999,24,0.85,0.00040115559821511063,99.8699950995037,C,Slow Moving
84918,CREAM C/COVER W YELLOW/GREEN FLOWER,10,69.5,3,6.95,0.0004000045061111936,99.8703951040098,C,Slow Moving
81952V,ROUND PURPLE CLOCK WITH SUCKER,365,69.35,24,0.19,0.00039914118703325574,99.87079424519683,C,Medium Moving
72140F,HAPPY ANNIVERSARY CANDLE LETTERS,175,69.18,14,0.41600000000000004,0.00039816275874492634,99.87119240795558,C,Medium Moving
23040,PAPER LANTERN 9 POINT SNOW STAR,12,69.0,4,5.75,0.0003971267758514008,99.87158953473143,C,Slow Moving
81952V,ROUND PURPLE CLOCK W/SUCKER,86,68.9,10,0.829,0.0003965512297994423,99.87198608596123,C,Slow Moving
90042A,FRESHWATER PEARL BRACELET GOLD,27,68.85,7,2.55,0.00039626345677346296,99.872382349418,C,Slow Moving
90205C,LARGE CRYSTAL DIAMANTE HAIRSLIDE,46,68.7,5,1.6099999999999999,0.0003954001376955252,99.8727777495557,C,Slow Moving
84251G,"GREETING CARD, OVERCROWDED POOL.",360,68.39999999999999,34,0.19,0.00039367349953964954,99.87317142305524,C,Medium Moving
79144C,PAINTED LIGHTBULB RAINBOW DESIGN,171,68.22,23,0.4134782608695652,0.0003926375166461242,99.87356406057188,C,Medium Moving
71215,METAL BASE FOR CANDLES,177,68.1,12,0.4091666666666667,0.00039194686138377383,99.87395600743326,C,Medium Moving
84425A,WHITE GLASS TV TRIPLE FRAME,16,68.0,8,4.25,0.00039137131533181535,99.8743473787486,C,Slow Moving
81950B,FLOWER BLUE CLOCK W/SUCKER,80,68.0,15,0.85,0.00039137131533181535,99.87473875006393,C,Slow Moving
84857A,SILVER MONTE CARLO HANDBAG,8,68.0,3,8.5,0.00039137131533181535,99.87513012137926,C,Slow Moving
90026A,GLASS BEAD HOOP NECKLACE BLACK,8,68.0,6,8.5,0.00039137131533181535,99.87552149269459,C,Slow Moving
90018B,GOLD M.O.P ORBIT DROP EARRINGS,16,68.0,10,4.25,0.00039137131533181535,99.87591286400992,C,Slow Moving
90001D,ANTIQUE OLIVE GREEN FLOWER EARRINGS,16,68.0,7,4.25,0.00039137131533181535,99.87630423532525,C,Slow Moving
84510E,SET OF 4 GREEN CAROUSEL COASTERS,128,67.8,13,1.0230769230769232,0.00039022022322789823,99.87669445554847,C,Medium Moving
47369B,BLUE GREEN EMBROIDERY COSMETIC BAG,22,67.74000000000001,10,3.2340000000000004,0.00038987489559672315,99.87708433044408,C,Slow Moving
84548,CROCHET BEAR RED/BLUE  KEYRING,41,67.64999999999999,12,1.65,0.0003893569041499604,99.87747368734823,C,Slow Moving
84803B,WHITE ALLIUM  ARTIFICIAL FLOWER,40,67.6,10,1.69,0.00038906913112398106,99.87786275647935,C,Slow Moving
90038A,GLASS AND PAINTED BEADS BRACELET TO,18,67.5,4,3.75,0.0003884935850720225,99.87825125006442,C,Slow Moving
47341B,BLUE TABLE RUN FLOWER,48,67.5,14,1.7857142857142858,0.0003884935850720225,99.8786397436495,C,Slow Moving
90002B,FLOWER BURST SILVER RING ROSE,18,67.5,7,3.75,0.0003884935850720225,99.87902823723458,C,Slow Moving
84926B,SCOTTS ROSES TILE COASTER,54,67.5,10,1.25,0.0003884935850720225,99.87941673081966,C,Slow Moving
90072,RUBY DROP CHANDELIER EARRINGS,18,67.5,5,3.75,0.0003884935850720225,99.87980522440473,C,Slow Moving
47420,ASSORTED COLOUR SUCTION CUP HOOK,354,67.26,29,0.19,0.0003871122745473221,99.88019233667929,C,Medium Moving
35819P,"ACRYLIC HANGING JEWEL,PINK",95,66.55,7,0.5042857142857143,0.0003830258975784163,99.88057536257686,C,Medium Moving
40002,WHITE BAMBOO RIBS LAMPSHADE,78,66.3,1,0.85,0.00038158703244851996,99.88095694960931,C,Slow Moving
71143,SILVER BOOK MARK WITH BEADS,78,66.3,13,0.8499999999999999,0.00038158703244851996,99.88133853664176,C,Slow Moving
84455,SET OF 3 RABBIT CARROTS EASTER,78,66.3,16,0.85,0.00038158703244851996,99.88172012367421,C,Slow Moving
72369A,PINK CLEAR GLASS CANDLE PLATE,53,66.25,8,1.25,0.00038129925942254067,99.88210142293363,C,Slow Moving
90089,PINK CRYSTAL SKULL PHONE CHARM,88,66.22,11,0.73,0.0003811265956069531,99.88248254952924,C,Slow Moving
47598,NEW ENGLAND EGG WARMER,120,66.0,23,0.55,0.00037986039429264426,99.88286240992353,C,Medium Moving
85072,OCCASIONS GIFT CARD ASSORTMENT,120,66.0,1,0.55,0.00037986039429264426,99.88324227031782,C,Medium Moving
79329,PINK FLOCK GLASS CANDLEHOLDER,100,65.94,7,1.2871428571428571,0.0003795150666614691,99.88362178538448,C,Medium Moving
90060D,FIRE POLISHED GLASS NECKL BRONZE,11,65.45,7,5.95,0.0003766948910068723,99.88399848027548,C,Slow Moving
47016,LIGHT DECORATION BATTERY OPERATED,31,65.10000000000001,5,2.1,0.0003746804798250174,99.8843731607553,C,Slow Moving
84705A,ENGLISH ROSE PHOTO FRAME ,14,65.10000000000001,7,4.65,0.0003746804798250174,99.88474784123513,C,Slow Moving
20835,FRENCH LATTICE CUSHION COVER ,78,64.98,8,0.8325,0.0003739898245626671,99.88512183105969,C,Slow Moving
47369A,PINK GREEN EMBROIDERY COSMETIC BAG,22,64.9,10,2.95,0.00037352938772110023,99.88549536044741,C,Slow Moving
23235,BISCUIT TIN VINTAGE LEAF,24,64.56,3,2.7566666666666664,0.0003715725311444411,99.88586693297856,C,Slow Moving
90056,CHUNKY CRACKED GLAZE NECKLACE IVORY,6,64.5,1,10.75,0.000371227203513266,99.88623816018207,C,Slow Moving
90046,WHITE WITH METAL BAG CHARM,13,64.35,7,4.95,0.00037036388443532816,99.8866085240665,C,Slow Moving
79534,MULTICOLOUR GLASS PLATE,116,63.800000000000004,16,0.55,0.00036719838114955615,99.88697572244766,C,Medium Moving
23253,16 PC CUTLERY SET PANTRY DESIGN,4,63.8,1,15.95,0.00036719838114955615,99.88734292082881,C,Slow Moving
85018A,S/6 PAPER BOXES ROMANTIC IMAGES,15,63.75,10,4.25,0.00036691060812357685,99.88770983143694,C,Slow Moving
84617,NEW BAROQUE BLACK BOXES,5,63.75,4,12.75,0.00036691060812357685,99.88807674204506,C,Slow Moving
85018B,S/6 PAPER BOXES BLOSSOM IMAGES ,15,63.75,10,4.25,0.00036691060812357685,99.88844365265318,C,Slow Moving
90064B,BLACK VINTAGE  CRYSTAL EARRINGS,17,63.75,9,3.75,0.00036691060812357685,99.8888105632613,C,Slow Moving
20791,BLUE TILED SET OF 3 DRAWERS,5,63.75,1,12.75,0.00036691060812357685,99.88917747386942,C,Slow Moving
22845,"CAT FOOD CONTAINER , VINTAGE",10,63.5,3,6.349999999999999,0.0003654717429936805,99.88954294561242,C,Slow Moving
21489,BLUE WHITE SCARF HOT WATER BOTTLE,16,63.2,6,3.9500000000000006,0.00036374510483780484,99.88990669071725,C,Slow Moving
22987,"WRAP , SUMMER ROSE DESIGN",150,63.0,6,0.42,0.0003625940127338877,99.89026928472998,C,Medium Moving
72709,IVORY SCULPTED RND CANDLE ,74,62.89999999999999,13,0.8499999999999999,0.00036201846668192913,99.89063130319667,C,Slow Moving
90131,PINK/AMETHYST/GOLD NECKLACE,9,62.55,4,6.95,0.00036000405550007424,99.89099130725216,C,Slow Moving
90214G,"LETTER ""G"" BLING KEY RING",69,62.25,21,1.112857142857143,0.0003582774173441986,99.89134958466951,C,Slow Moving
47348A,FUSCHIA VOILE POINTY SHOE DEC,103,62.01,16,0.78,0.00035689610681949806,99.89170648077634,C,Medium Moving
20667,CHERRY BLOSSOM PURSE,21,61.95,9,2.95,0.000356550779188323,99.89206303155552,C,Slow Moving
17136A,BLUE STONES ON WIRE FOR CANDLE,743,61.78,34,0.10676470588235294,0.00035557235089999343,99.89241860390642,C,Medium Moving
16151A,FLOWERS HANDBAG blue and orange,49,61.25,3,1.25,0.0003525219568246131,99.89277112586325,C,Slow Moving
23541,"WALL ART ,PUDDINGS ",8,61.2,2,7.85,0.00035223418379863385,99.89312336004704,C,Slow Moving
22578,WOODEN STAR CHRISTMAS SCANDISPOT,72,61.2,2,0.85,0.00035223418379863385,99.89347559423084,C,Slow Moving
22565,FELTCRAFT HAIRBANDS PINK + WHITE ,72,61.199999999999996,6,0.85,0.0003522341837986338,99.89382782841463,C,Slow Moving
22949,SET OF 36 DOLLY GIRL PAPER DOILIES,42,60.9,12,1.45,0.00035050754564275815,99.89417833596028,C,Slow Moving
22537,MAGIC SLATE DINOSAUR,144,60.480000000000004,3,0.42,0.00034809025222453223,99.89452642621251,C,Medium Moving
84984B,RED PEONY DES C/COVER ,13,60.45,6,4.65,0.0003479175884089447,99.89487434380092,C,Slow Moving
90204,PAIR OF ENAMEL BUTTERFLY HAIRCLIP,18,60.300000000000004,9,3.35,0.00034705426933100684,99.89522139807025,C,Slow Moving
90078,PINK/WHITE GLASS DEMI CHOKER,8,60.0,4,7.5,0.0003453276311751312,99.89556672570143,C,Slow Moving
22953,BIRTHDAY BANNER TAPE,48,60.0,3,1.25,0.0003453276311751312,99.89591205333261,C,Slow Moving
90176C,DIAMANTE NECKLACE,8,60.0,4,7.5,0.0003453276311751312,99.89625738096379,C,Slow Moving
90212B,JET BLACK LAS VEGAS BRACELET ROUND,16,60.0,7,3.75,0.0003453276311751312,99.89660270859497,C,Slow Moving
22619, SET Of 6 SOLDIER SKITTLES,16,60.0,3,3.75,0.0003453276311751312,99.89694803622615,C,Slow Moving
90189A,SILVER 2 STRAND NECKLACE-LEAF CHARM,8,60.0,5,7.5,0.0003453276311751312,99.89729336385733,C,Slow Moving
22409,TIN CAN BISCUITS DESIGN,48,60.0,4,1.25,0.0003453276311751312,99.89763869148851,C,Slow Moving
90021,LASER CUT MULTI STRAND NECKLACE,5,59.75,4,11.95,0.0003438887660452348,99.89798258025455,C,Slow Moving
90179C,BLACK FINE BEAD NECKLACE W TASSEL,10,59.5,7,5.95,0.0003424499009153384,99.89832503015546,C,Slow Moving
90026C,GLASS BEAD HOOP NECKLACE GREEN,7,59.5,5,8.5,0.0003424499009153384,99.89866748005637,C,Slow Moving
90018C,SILVER BLACK ORBIT DROP EARRINGS,14,59.5,7,4.25,0.0003424499009153384,99.89900992995729,C,Slow Moving
90026B,GLASS BEAD HOOP NECKLACE MONTANA,7,59.5,6,8.5,0.0003424499009153384,99.8993523798582,C,Slow Moving
22329,ROUND FOOD CONTAINER S/5 RETROSPOT,36,59.400000000000006,3,1.6499999999999997,0.00034187435486337993,99.89969425421306,C,Slow Moving
35654,VINTAGE BEAD FILLED PINK CUSHION,12,59.400000000000006,5,4.95,0.00034187435486337993,99.90003612856792,C,Slow Moving
23537,I LOVE LONDON WALL ART,12,59.400000000000006,2,4.95,0.00034187435486337993,99.90037800292278,C,Slow Moving
23325,RUSTIC STRAWBERRY JAMPOT SMALL,36,59.400000000000006,3,1.6499999999999997,0.00034187435486337993,99.90071987727764,C,Slow Moving
22973,CHILDRENS CIRCUS PARADE MUG,36,59.400000000000006,3,1.6499999999999997,0.00034187435486337993,99.9010617516325,C,Slow Moving
22069, BROWN  PIRATE TREASURE CHEST ,36,59.4,7,1.65,0.0003418743548633799,99.90140362598736,C,Slow Moving
84251F,"GREETING CARD, RITA",312,59.279999999999994,31,0.19,0.00034118369960102956,99.90174480968696,C,Medium Moving
72051S,BAG OF SILVER STONES,141,59.22,19,0.42000000000000004,0.00034083837196985443,99.90208564805893,C,Medium Moving
35909A,RABBIT EASTER DECORATION,20,59.00000000000001,5,2.95,0.0003395721706555457,99.90242522022959,C,Slow Moving
22903,CALENDAR FAMILY FAVORITES,20,59.0,4,2.95,0.00033957217065554564,99.90276479240025,C,Slow Moving
35607B,BLACK FEATHER CHRISTMAS DECORATION,310,58.900000000000006,16,0.19,0.0003389966246035871,99.90310378902485,C,Medium Moving
35973,GERANIUM FOLKART HEART DECORATION,47,58.75,12,1.25,0.0003381333055256493,99.90344192233037,C,Slow Moving
90037B,TINY CRYSTAL BRACELET GREEN,23,58.650000000000006,5,2.55,0.00033755775947369074,99.90377948008985,C,Slow Moving
81985A,"ICON ALARM CLOCK,FUSCHIA  PIN UP",23,58.65,7,2.55,0.0003375577594736907,99.90411703784933,C,Slow Moving
85023C,PINK LARGE JEWELED PHOTOFRAME,23,58.64999999999999,11,2.55,0.00033755775947369064,99.90445459560881,C,Slow Moving
90214D,"LETTER ""D"" BLING KEY RING",65,58.21,19,1.1489473684210525,0.0003350253568450731,99.90478962096566,C,Slow Moving
23306,SET OF 36 PANTRY PAPER DOILIES,39,58.019999999999996,14,1.5479999999999998,0.0003339318193463518,99.905123552785,C,Slow Moving
35594,WOODEN CHRISTMAS TREE 3 HANGING,138,57.96,21,0.42000000000000004,0.00033358649171517674,99.90545713927672,C,Medium Moving
44241C,BLUE BUTTERFLY ON SPRING,68,57.8,7,0.85,0.000332665618032043,99.90578980489475,C,Slow Moving
35821B,"JEWELLED DECORATION,BLUE",150,57.0,3,0.38000000000000006,0.00032806124961637465,99.90611786614437,C,Medium Moving
79051A,SMOKEY GREY COLOUR GLASS,196,56.83999999999999,11,0.29,0.0003271403759332409,99.9064450065203,C,Medium Moving
84226,HEN HOUSE W FAMILY IN BARN & NEST,75,56.61,17,0.8376470588235294,0.00032581662001373625,99.90677082314032,C,Slow Moving
17129C,SKY BLUE COLOUR GLASS GEMS IN BAG,84,56.28,10,0.829,0.00032391731804227303,99.90709474045836,C,Slow Moving
90002E,FLOWER BURST SILVER RING GREEN,15,56.25,8,3.75,0.0003237446542266855,99.90741848511259,C,Slow Moving
84875A,PINK SQUARE COMPACT MIRROR,15,56.25,11,3.75,0.0003237446542266855,99.90774222976681,C,Slow Moving
47344B,BLUE FLOWER DES PURSE,54,56.16,10,1.082,0.00032322666277992277,99.9080654564296,C,Slow Moving
35817B,"ACRYLIC JEWEL SNOWFLAKE,BLUE",142,56.129999999999995,2,1.4649999999999999,0.0003230539989643352,99.90838851042857,C,Medium Moving
90100,NECKLACE+BRACELET SET PINK DAISY,22,56.1,9,2.55,0.00032288133514874764,99.90871139176372,C,Slow Moving
85023A,CRYSTAL LARGE JEWELLED PHOTO FRAME,22,56.099999999999994,10,2.55,0.00032288133514874764,99.90903427309887,C,Slow Moving
35001B,HAND OPEN SHAPE BLACK,16,55.84,5,3.4900000000000007,0.00032138491541365544,99.90935565801428,C,Slow Moving
85080,PADDED RED HEART DECORATION,113,55.76,22,0.5331818181818182,0.0003209244785720885,99.90967658249285,C,Medium Moving
84562B,BLUE/WHITE RIBBED MELAMINE JUG,7,55.650000000000006,5,7.95,0.0003202913779149342,99.90999687387077,C,Slow Moving
84891B,GREEN WIRE GOBLET CANDLEHOLDER,7,55.65,5,7.95,0.00032029137791493416,99.91031716524869,C,Slow Moving
85151,WELCOME METAL SIGN,44,55.0,8,1.25,0.00031655032857720356,99.91063371557726,C,Slow Moving
90043,COPPER AND BRASS BAG CHARM,10,54.510000000000005,6,5.785,0.0003137301529226067,99.91094744573019,C,Slow Moving
90138,WHITE/PINK MINI CRYSTALS NECKLACE,11,54.45,5,4.95,0.00031338482529143154,99.91126083055548,C,Slow Moving
20820,SILVER LOOKING MIRROR,11,54.45,8,4.95,0.00031338482529143154,99.91157421538077,C,Slow Moving
90019B,GOLD M.O.P ORBIT BRACELET,11,54.45,7,4.95,0.00031338482529143154,99.91188760020606,C,Slow Moving
84539,KNITTED RABBIT DOLL ,33,54.449999999999996,9,1.65,0.0003133848252914315,99.91220098503135,C,Slow Moving
90084,PINK CRYSTAL GUITAR PHONE CHARM,64,54.4,9,0.85,0.00031309705226545225,99.91251408208362,C,Slow Moving
46115B,GREEN POP ART MAO CUSHION COVER ,286,54.34,22,0.18999999999999997,0.00031275172463427717,99.91282683380825,C,Medium Moving
90065B,BLACK VINT ART DEC CRYSTAL BRACELET,8,54.0,6,6.75,0.00031079486805761806,99.91313762867631,C,Slow Moving
23389,SPACEBOY MINI RUCKSACK,13,53.95,4,4.15,0.0003105070950316388,99.91344813577135,C,Slow Moving
79406,FROSTED WHITE BASE ,245,53.900000000000006,15,0.22,0.00031021932200565953,99.91375835509335,C,Medium Moving
21379, CAMPHOR WOOD PORTOBELLO MUSHROOM,43,53.75,7,1.25,0.00030935600292772165,99.91406771109628,C,Slow Moving
90211A,DIAMOND LAS VEGAS NECKLACE 45CM,9,53.550000000000004,5,5.95,0.0003082049108238046,99.9143759160071,C,Slow Moving
22252,BIRDCAGE DECORATION MAGIC GARDEN,21,53.55,3,2.55,0.0003082049108238046,99.91468412091793,C,Slow Moving
90190A,SILVER/CRYSTAL DROP EARRINGS W LEAF,18,53.10000000000001,8,2.95,0.00030561495358999116,99.91498973587152,C,Slow Moving
90168,2 DAISIES HAIR COMB,18,53.10000000000001,3,2.9500000000000006,0.00030561495358999116,99.9152953508251,C,Slow Moving
90130A,WHITE STONE/CRYSTAL EARRINGS,18,53.10000000000001,6,2.9500000000000006,0.00030561495358999116,99.9156009657787,C,Slow Moving
35816B,"ACRYLIC JEWEL ANGEL,BLUE",137,52.93,2,0.815,0.00030463652530166155,99.915905602304,C,Medium Moving
35910B,PINK FLOWERS RABBIT EASTER,27,52.65,6,1.95,0.00030302499635617757,99.91620862730035,C,Slow Moving
90214R,"LETTER ""R"" BLING KEY RING",52,52.519999999999996,19,1.1489473684210525,0.00030227678648863147,99.91651090408683,C,Slow Moving
84845C,CARNATION SQUARE HANDY TIN,42,52.5,14,1.25,0.0003021616772782398,99.91681306576412,C,Slow Moving
90039C,FIRE POLISHED GLASS BRACELET BLACK,14,52.5,3,3.75,0.0003021616772782398,99.9171152274414,C,Slow Moving
23035,DOORKNOB CERAMIC IVORY,36,52.2,1,1.45,0.00030043503912236414,99.91741566248052,C,Slow Moving
23196,RETO LEAVES MAGNETIC SHOPPING LIST,36,52.199999999999996,3,1.45,0.0003004350391223641,99.91771609751964,C,Slow Moving
78027,SEAGRASS S/2 CORNER LAUNDRY ,4,51.9,3,13.966666666666667,0.00029870840096648843,99.9180148059206,C,Slow Moving
84845D,GERANIUM SQUARE HANDY TIN,41,51.25,11,1.25,0.0002949673516287579,99.91830977327224,C,Slow Moving
84402B,PURPLE DRESS JEWELLERY STAND,62,51.14,4,1.33,0.00029433425097160346,99.91860410752321,C,Slow Moving
90165B,WHITE ROSEBUD  PEARL EARRINGS,20,51.0,6,2.55,0.0002935284864988615,99.9188976360097,C,Slow Moving
20964,POLYESTER FILLER PAD 60x40cm,20,51.0,6,2.55,0.0002935284864988615,99.9191911644962,C,Slow Moving
90024C,NEW BAROQUE B'FLY NECKLACE GREEN,6,51.0,5,8.5,0.0002935284864988615,99.91948469298269,C,Slow Moving
84612B,SET/4 BLACK  BAROQUE FLOCK COASTER,20,51.0,4,2.55,0.0002935284864988615,99.91977822146919,C,Slow Moving
35840,FLAT GLASS  BAUBLE WHITE FLOCK ,36,51.0,5,1.19,0.0002935284864988615,99.92007174995568,C,Slow Moving
90020,FILIGREE DIAMANTE CHAIN,4,51.0,2,12.75,0.0002935284864988615,99.92036527844218,C,Slow Moving
90016C,SILVER/BLACK PENDANT ORBIT NECKLACE,6,51.0,4,8.5,0.0002935284864988615,99.92065880692867,C,Slow Moving
84968B,SET OF 16 VINTAGE IVORY CUTLERY,4,51.0,4,12.75,0.0002935284864988615,99.92095233541517,C,Slow Moving
85069,CREAM SWEETHEART DOUBLE SHELF,3,50.85,1,16.95,0.0002926651674209237,99.92124500058259,C,Slow Moving
22846,"BREAD BIN, DINER STYLE, RED ",3,50.849999999999994,2,16.95,0.00029266516742092365,99.92153766575001,C,Slow Moving
20958,PORCELAIN HANGING BELL LARGE,26,50.7,9,1.9500000000000002,0.0002918018483429859,99.92182946759836,C,Slow Moving
72083A,STRAWBERY SWIRL FLARE CANDLE,24,50.400000000000006,7,2.1,0.0002900752101871102,99.92211954280855,C,Slow Moving
22657,HEN & 2 CHICKS IN BASKET,59,50.15,7,0.85,0.0002886363450572138,99.9224081791536,C,Slow Moving
90125B,AQUA BERTIE GLASS BEAD BAG CHARM,31,50.099999999999994,6,1.8916666666666668,0.0002883485720312345,99.92269652772563,C,Slow Moving
90214H,"LETTER ""H"" BLING KEY RING",50,50.019999999999996,23,1.1665217391304348,0.00028788813518966765,99.92298441586082,C,Slow Moving
72817,SET/2 CHRISTMAS DECOUPAGE CANDLES,40,50.0,6,1.25,0.000287773025979276,99.9232721888868,C,Slow Moving
37462B,"PET MUG, BUDGIE",119,49.980000000000004,5,0.42000000000000004,0.0002876579167688843,99.92355984680357,C,Medium Moving
23197,VEGETABLE MAGNETIC  SHOPPING LIST,36,49.8,3,1.3833333333333335,0.00028662193387535886,99.92384646873745,C,Slow Moving
90142D,MOP PENDANT SHELL NECKLACE,10,49.5,4,4.95,0.0002848952957194832,99.92413136403317,C,Slow Moving
90019C,SILVER BLACK ORBIT BRACELET,10,49.5,7,4.95,0.0002848952957194832,99.9244162593289,C,Slow Moving
23413,DECROTIVEVINTAGE COFFEE GRINDER BOX,10,49.5,4,4.95,0.0002848952957194832,99.92470115462461,C,Slow Moving
90206A,GOLD DIAMANTE STAR BROOCH,10,49.5,6,4.95,0.0002848952957194832,99.92498604992034,C,Slow Moving
23015,CORDIAL JUG,6,49.5,2,8.25,0.0002848952957194832,99.92527094521606,C,Slow Moving
90079,VINTAGE ENAMEL & CRYSTAL NECKLACE,10,49.5,5,4.95,0.0002848952957194832,99.92555584051178,C,Slow Moving
84537B,FAIRY CAKES GIFT BAG,117,49.14,11,0.42,0.0002828233299324324,99.9258386638417,C,Medium Moving
90214N,"LETTER ""N"" BLING KEY RING",49,48.769999999999996,18,1.1489473684210525,0.0002806938095401858,99.92611935765125,C,Slow Moving
90038C,GLASS AND BEADS BRACELET IVORY,13,48.75,3,3.75,0.00028057870032979407,99.92639993635157,C,Slow Moving
90212C,PURPLE LAS VEGAS BRACELET ROUND,13,48.75,5,3.75,0.00028057870032979407,99.9266805150519,C,Slow Moving
90039B,FIRE POLISHED GLASS BRACELET MONTAN,13,48.75,3,3.75,0.00028057870032979407,99.92696109375223,C,Slow Moving
90051,CRACKED GLAZE NECKLACE RED,7,48.65,4,6.95,0.00028000315427783554,99.9272410969065,C,Slow Moving
22889,"NUMBER TILE VINTAGE FONT, No ",22,48.6,2,2.1999999999999997,0.0002797153812518563,99.92752081228775,C,Slow Moving
90214P,"LETTER ""P"" BLING KEY RING",58,48.5,18,1.09,0.00027913983519989766,99.92779995212295,C,Slow Moving
90104,PURPLE FRANGIPANI HAIRCLIP,57,48.449999999999996,11,0.85,0.00027885206217391836,99.92807880418513,C,Slow Moving
72812,LARGE ZINC/GLASS CANDLEHOLDER,23,48.3,6,2.1,0.0002779887430959806,99.92835679292823,C,Slow Moving
72771B,BURG FLOCK GOLD CUP/CANDLE ,115,48.3,6,0.42,0.0002779887430959806,99.92863478167132,C,Medium Moving
90031,BILI NUT AND WOOD NECKLACE,48,48.0,5,1.0,0.00027626210494010494,99.92891104377627,C,Slow Moving
84608,ORNATE EDWARDIAN CANDLE HOLDER,6,47.7,4,7.95,0.0002745354667842293,99.92918557924305,C,Slow Moving
84599,CANDY STRIPE ROSE FLOOR CUSHION,6,47.7,2,7.95,0.0002745354667842293,99.92946011470984,C,Slow Moving
23539,"WALL ART , LOVES' SECRET ",8,47.6,2,5.95,0.00027395992073227075,99.92973407463057,C,Slow Moving
90179A,AMBER FINE BEAD NECKLACE W TASSEL,8,47.6,5,5.95,0.00027395992073227075,99.9300080345513,C,Slow Moving
21347,GOTHIC CARRIAGE LANTERN,8,47.6,4,5.95,0.00027395992073227075,99.93028199447204,C,Slow Moving
22344,PARTY PIZZA DISH PINK WHITE SPOT ,56,47.599999999999994,10,0.85,0.0002739599207322707,99.93055595439277,C,Slow Moving
72129,COLUMBIAN CANDLE ROUND ,73,47.45,17,0.65,0.0002730966016543329,99.93082905099443,C,Slow Moving
90214B,"LETTER ""B"" BLING KEY RING",47,47.23,16,1.19,0.0002718304003400241,99.93110088139477,C,Slow Moving
20895,VINTAGE NOTEBOOK FRENCH LETTER ,16,47.20000000000001,4,2.95,0.0002716577365244366,99.93137253913129,C,Slow Moving
90177C,DROP DIAMANTE EARRINGS CRYSTAL,16,47.2,6,2.9500000000000006,0.00027165773652443656,99.93164419686781,C,Slow Moving
35909B,PINK FLOWERS RABBIT EASTER,16,47.2,6,2.95,0.00027165773652443656,99.93191585460433,C,Slow Moving
84227,HEN HOUSE W CHICK IN NEST,112,47.04,13,0.42,0.00027073686284130285,99.93218659146717,C,Medium Moving
35603C,SET/16 WHITE SHINY & MATT BAUBLES,80,47.04,22,0.7121739130434782,0.00027073686284130285,99.93245732833002,C,Slow Moving
16201B,PASTEL BLUE PHOTO ALBUM,24,46.8,2,1.95,0.0002693555523166023,99.93272668388234,C,Slow Moving
84857B,BLUE MONTE CARLO HANDBAG,24,46.8,1,1.95,0.0002693555523166023,99.93299603943466,C,Slow Moving
20988,TRELLIS FLOWER CHOPSTICKS SET/5,24,46.8,9,1.9500000000000002,0.0002693555523166023,99.93326539498698,C,Slow Moving
84582,PINK CROCHET CAT WITH SCARF,11,46.75,9,4.25,0.00026906777929062303,99.93353446276626,C,Slow Moving
84984A,GREEN PEONY DES C/COVER,10,46.5,4,4.65,0.00026762891416072667,99.93380209168042,C,Slow Moving
84705D,CHERRY BLOSSOM PHOTO FRAME ,10,46.5,3,4.65,0.00026762891416072667,99.93406972059458,C,Slow Moving
47341A,FUSCHIA TABLE RUN FLOWER ,29,46.25,7,2.3214285714285716,0.00026619004903083026,99.93433591064361,C,Slow Moving
23107,WHITE WIRE PLANT POT HOLDER,16,46.24,2,2.89,0.0002661324944256344,99.93460204313804,C,Slow Moving
23047,PAPER LANTERN 5 POINT STUDDED STAR,8,46.0,4,5.75,0.0002647511839009339,99.93486679432195,C,Slow Moving
84626,CANDY STRIPE ROSE QUILT,1,45.95,1,45.95,0.00026446341087495466,99.93513125773282,C,Slow Moving
22604,SET OF 4 NAPKIN CHARM CUTLERY,18,45.900000000000006,3,2.55,0.00026417563784897536,99.93539543337067,C,Slow Moving
90037A,TINY CRYSTAL BRACELET RED,18,45.9,4,2.55,0.00026417563784897536,99.93565960900852,C,Slow Moving
84907,PINK/YELLOW PATCH CUSHION COVER,6,45.9,3,7.650000000000001,0.00026417563784897536,99.93592378464638,C,Slow Moving
72024U,LILAC VOTIVE CANDLE,218,45.78,10,0.21000000000000002,0.0002634849825866251,99.93618726962896,C,Medium Moving
90012B,BLACK DROP CRYSTAL NECKLACE,13,45.35000000000001,3,5.283333333333333,0.00026101013456320335,99.93644827976352,C,Slow Moving
22406,TIN CAN KINGS CHOICE DESIGN,36,45.0,3,1.25,0.00025899572338134835,99.93670727548691,C,Slow Moving
84746,PINK EASTER HENS+FLOWER,12,45.0,8,3.75,0.00025899572338134835,99.9369662712103,C,Slow Moving
22347,PIZZA DISH SLICE ,36,45.0,2,1.25,0.00025899572338134835,99.93722526693368,C,Slow Moving
16161C,WRAP SPEED DEMONS ,450,45.0,2,0.1,0.00025899572338134835,99.93748426265707,C,Medium Moving
21685,MEDINA STAMPED METAL TRAY ,3,44.849999999999994,2,14.95,0.0002581324043034105,99.93774239506136,C,Slow Moving
90074,BLACK DIAMOND CLUSTER NECKLACE,5,44.75,4,8.95,0.000257556858251452,99.93799995191961,C,Slow Moving
90135A,ORANGE/FUSCHIA STONES NECKLACE,9,44.550000000000004,2,4.95,0.0002564057661475349,99.93825635768576,C,Slow Moving
90197D,AMBER GLASS BRACELET HEART CHARMS,9,44.550000000000004,4,4.95,0.0002564057661475349,99.93851276345191,C,Slow Moving
85081,PADDED HOLLY CHRISTMAS DECORATION ,100,44.49,20,0.45952380952380956,0.0002560604385163598,99.93876882389043,C,Medium Moving
90130B,TURQ STONE/CRYSTAL EARRINGS,15,44.25000000000001,4,2.95,0.00025467912799165927,99.93902350301842,C,Slow Moving
84586L,"PINK ROSES/GINGHAM PATCH RABBIT 8""",15,44.25000000000001,9,2.95,0.00025467912799165927,99.93927818214641,C,Slow Moving
90177B,DROP DIAMANTE EARRINGS BLACK DIAMON,15,44.25,5,2.95,0.0002546791279916592,99.9395328612744,C,Slow Moving
35085E,IVORY ROSE LAMPSHADE ,39,44.25,9,1.1666666666666667,0.0002546791279916592,99.93978754040239,C,Slow Moving
84447,6 RABBIT CHAIN EASTER,52,44.199999999999996,7,0.85,0.0002543913549656799,99.94004193175736,C,Slow Moving
84251B,"GREETING CARD, STICKY GORDON",231,43.88999999999999,22,0.18999999999999997,0.00025260716220460843,99.94029453891957,C,Medium Moving
84292B,BLUE COL METAL FOLDING CHAIR,7,43.85,4,7.2125,0.00025237694378382503,99.94054691586335,C,Slow Moving
84899E,YELLOW + BROWN BEAR FELT PURSE KIT,35,43.75,11,1.25,0.0002518013977318665,99.94079871726109,C,Slow Moving
79063C,"RETRO PILL BOX KEY CHAIN,THE KING",235,43.65,14,0.18928571428571428,0.00025122585167990796,99.94104994311277,C,Medium Moving
90101,WHITE FRANGIPANI NECKLACE,17,43.35,5,2.55,0.0002494992135240323,99.9412994423263,C,Slow Moving
90037C,TINY CRYSTAL BRACELET BLUE,17,43.35,4,2.55,0.0002494992135240323,99.94154894153982,C,Slow Moving
18097A,PINK TALL PORCELAIN T-LIGHT HOLDER ,17,43.349999999999994,12,2.55,0.00024949921352403225,99.94179844075335,C,Slow Moving
35916A,YELLOW FELT HANGING HEART W FLOWER,51,43.349999999999994,7,0.85,0.00024949921352403225,99.94204793996687,C,Slow Moving
35822P,"ACRYLIC BEAD CHAIN, PINK",114,43.32,1,0.38,0.0002493265497084447,99.94229726651658,C,Medium Moving
79026B,"S/4 ICON COASTER,ELVIS LIVES",51,43.11,22,0.9372727272727274,0.00024811790299933173,99.94254538441957,C,Slow Moving
90059D,DIAMANTE HAIR GRIP PACK/2 PERIDOT,26,42.900000000000006,5,1.65,0.00024690925629021883,99.94279229367586,C,Slow Moving
72796B,S/3 FRENCH VANILLA SQU CANDLE,26,42.9,11,1.6499999999999997,0.0002469092562902188,99.94303920293216,C,Slow Moving
90214I,"LETTER ""I"" BLING KEY RING",44,42.519999999999996,12,1.09,0.00024472218129277626,99.94328392511345,C,Slow Moving
90024A,NEW BAROQUE B'FLY NECKLACE BLACK,5,42.5,4,8.5,0.0002446070720823846,99.94352853218552,C,Slow Moving
72724,SET/6 CHRISTMAS ICICLE T-LIGHTS,34,42.5,9,1.25,0.0002446070720823846,99.9437731392576,C,Slow Moving
90214T,"LETTER ""T"" BLING KEY RING",43,42.23,12,1.17,0.00024305309774209647,99.94401619235535,C,Slow Moving
23231,WRAP  VINTAGE DOILEY ,100,42.0,2,0.42,0.00024172934182259181,99.94425792169717,C,Medium Moving
22987,WRAP SUMMER ROSE DESIGN,100,42.0,4,0.42,0.00024172934182259181,99.944499651039,C,Medium Moving
84984C,ORIENTAL BLUE C/COVER ,9,41.85,5,4.65,0.000240866022744654,99.94474051706175,C,Slow Moving
90050,CRACKED GLAZE NECKLACE IVORY,6,41.7,2,6.95,0.0002400027036667162,99.94498051976541,C,Slow Moving
84919,L BLUE C/COVER W PINK/YELLOW FLOWER,6,41.7,2,6.95,0.0002400027036667162,99.94522052246907,C,Slow Moving
90152C,BLUE/NAT SHELL NECKLACE W PENDANT,7,41.650000000000006,4,5.95,0.00023971493064073692,99.94546023739971,C,Slow Moving
90179B,PURPLE FINE BEAD NECKLACE W TASSEL,7,41.65,5,5.95,0.0002397149306407369,99.94569995233036,C,Slow Moving
90060C,FIRE POLISHED GLASS NECKL SILVER,7,41.65,3,5.95,0.0002397149306407369,99.945939667261,C,Slow Moving
84611B,BLACK NEW BAROQUE FLOCK BOX,7,41.65,4,5.95,0.0002397149306407369,99.94617938219164,C,Slow Moving
23045,PAPER LANTERN 5 POINT STAR MOON 30,10,41.5,5,4.15,0.00023885161156279904,99.9464182338032,C,Slow Moving
85184B,SET 4 EASTER DECOUPAGE OVAL BOXES,14,41.300000000000004,7,2.95,0.000237700519458882,99.94665593432266,C,Slow Moving
90064A,WHITE VINTAGE CRYSTAL EARRINGS,11,41.25,4,3.75,0.00023741274643290268,99.94689334706909,C,Slow Moving
37477B,"FLOWER FAIRY MUG+COASTER,LAVENDER",11,41.25,8,3.75,0.00023741274643290268,99.94713075981552,C,Slow Moving
23448,CREAM BUNNY EASTER EGG BASKET,25,41.25,3,1.6499999999999997,0.00023741274643290268,99.94736817256195,C,Slow Moving
35644,PAIR PINK/BLACK COATHANGERS,21,40.95,7,1.95,0.00023568610827702705,99.94760385867023,C,Slow Moving
23148,MINITURE ANTIQUE ROSE HOOK IVORY,48,40.8,4,0.85,0.00023482278919908917,99.94783868145943,C,Slow Moving
84798C,WHITE FOXGLOVE ARTIIFCIAL FLOWER,16,40.8,3,2.55,0.00023482278919908917,99.94807350424863,C,Slow Moving
44228,CANNABIS LEAF BEAD CURTAIN,48,40.8,3,0.85,0.00023482278919908917,99.94830832703782,C,Slow Moving
90174,BUTTERFLY HAIR BAND,16,40.8,4,2.55,0.00023482278919908917,99.94854314982702,C,Slow Moving
35071,ASSORTED SANTA CHRISTMAS DECORATION,48,40.8,5,0.85,0.00023482278919908917,99.94877797261621,C,Slow Moving
22740,POLKADOT PENS,48,40.8,1,0.85,0.00023482278919908917,99.94901279540541,C,Slow Moving
22532,MAGIC SLATE LEAP FROG ,96,40.32,2,0.42,0.00023206016814968813,99.94924485557355,C,Medium Moving
22529,MAGIC SLATE GO TO THE FAIR ,96,40.32,2,0.42,0.00023206016814968813,99.9494769157417,C,Medium Moving
17014C,ORIGAMI LAVENDER INCENSE CONES,96,40.32,1,0.42,0.00023206016814968813,99.94970897590984,C,Medium Moving
20994,JAZZ HEARTS SPIRAL NOTEPAD,47,39.949999999999996,12,0.85,0.00022993064775744148,99.9499389065576,C,Slow Moving
20860,GOLD COSMETICS BAG WITH BUTTERFLY,19,39.900000000000006,10,2.1,0.00022964287473146227,99.95016854943233,C,Slow Moving
23462,ROCOCO WALL MIROR,2,39.9,1,19.95,0.00022964287473146224,99.95039819230706,C,Slow Moving
47013A,WINE BOTTLE DRESSING LT.BLUE,141,39.87,25,0.2764,0.00022947021091587465,99.95062766251797,C,Medium Moving
79065A,TEATIME ROUND CAKE TINS ,4,39.8,1,9.95,0.00022906732867950368,99.95085672984665,C,Slow Moving
21629,SQUARE FLOOR CUSHION VINTAGE PINK ,5,39.75,3,7.95,0.00022877955565352439,99.9510855094023,C,Slow Moving
84551,CROCHET DOG KEYRING,24,39.6,6,1.6499999999999997,0.00022791623657558659,99.95131342563889,C,Slow Moving
90059C,DIAMANTE HAIR GRIP PACK/2 MONTANA,24,39.6,7,1.65,0.00022791623657558659,99.95154134187547,C,Slow Moving
72798C,SET/4 GARDEN ROSE DINNER CANDLE,24,39.599999999999994,11,1.65,0.00022791623657558653,99.95176925811205,C,Slow Moving
20870,OPULENT VELVET CANDLE IN BOX,26,39.300000000000004,4,1.8875000000000002,0.00022618959841971093,99.95199544771047,C,Slow Moving
22950,SET OF 36 VINTAGE CHRISTMAS DOILIES,27,39.15,6,1.45,0.0002253262793417731,99.95222077398982,C,Slow Moving
22853,"CAT BOWL, ENAMEL , CREAM COLOUR",12,39.0,2,3.25,0.00022446296026383525,99.95244523695008,C,Slow Moving
82545A,COGNAC AUX OEUFS METAL 1 HOOK,31,38.75,11,1.25,0.0002230240951339389,99.95266826104522,C,Slow Moving
35963,FOLKART ZINC CLIP ON ANGEL WINGS,101,38.379999999999995,11,0.38,0.00022089457474169222,99.95288915561996,C,Medium Moving
90042B,FRESHWATER PEARL BRACELET PINK,15,38.25,5,2.55,0.00022014636487414612,99.95310930198482,C,Slow Moving
20905,VINTAGE KEEPSAKE BOX BEAUTY GIRL,6,38.1,3,6.349999999999999,0.00021928304579620832,99.95332858503062,C,Slow Moving
23038,T-LIGHT HOLDER SILVER SAUCER,41,38.03,6,1.2299999999999998,0.0002188801635598373,99.95354746519418,C,Slow Moving
81952B,ROUND BLUE CLOCK WITH SUCKER,200,38.0,9,0.19,0.00021870749974424973,99.95376617269392,C,Medium Moving
90176A,CLASSIC DIAMANTE NECKLACE JET,5,37.5,3,7.5,0.00021582976948445698,99.9539820024634,C,Slow Moving
35233,PASTA ENAMEL/BRASS CONTAINER,10,37.5,8,3.75,0.00021582976948445698,99.9541978322329,C,Slow Moving
37379A,PINK CHERRY BLOSSOM CUP & SAUCER,30,37.5,5,1.25,0.00021582976948445698,99.95441366200238,C,Slow Moving
79413,GLASS WINE GLASS DECORATIONS,30,37.5,9,1.25,0.00021582976948445698,99.95462949177187,C,Slow Moving
90003E,GREEN PAIR HEART HAIR SLIDES,10,37.5,3,3.75,0.00021582976948445698,99.95484532154136,C,Slow Moving
90140,PINK SWEETIE NECKLACE,5,37.5,3,7.5,0.00021582976948445698,99.95506115131084,C,Slow Moving
23043,PAPER LANTERN 9 POINT HOLLY STAR 40,6,37.5,3,6.25,0.00021582976948445698,99.95527698108033,C,Slow Moving
90038B,GLASS AND PAINTED BEADS BRACELET OL,10,37.5,2,3.75,0.00021582976948445698,99.95549281084982,C,Slow Moving
84705F,RED PEONY PHOTO FRAME ,8,37.2,5,4.65,0.00021410313132858133,99.95570691398115,C,Slow Moving
81952B,ROUND BLUE CLOCK W/SUCKER,48,36.6,7,0.8200000000000001,0.00021064985501683,99.95591756383617,C,Slow Moving
82069,BEECH WOOD P/FRAME,5,36.25,2,7.25,0.00020863544383497508,99.95612619928,C,Slow Moving
16162M,THE KING GIFT BAG 25x24x12cm,86,36.12,12,0.42,0.00020788723396742898,99.95633408651398,C,Slow Moving
90075,MONTANA DIAMOND CLUSTER NECKLACE,4,35.8,3,8.95,0.00020604548660116157,99.95654013200058,C,Slow Moving
90060B,FIRE POLISHED GLASS NECKL GOLD,6,35.7,4,5.95,0.00020546994054920306,99.95674560194114,C,Slow Moving
90169,DAISY HAIR COMB,14,35.7,3,2.55,0.00020546994054920306,99.95695107188169,C,Slow Moving
90134,OLD ROSE COMBO BEAD NECKLACE,12,35.400000000000006,2,2.95,0.00020374330239332744,99.95715481518408,C,Slow Moving
90067B,BROWN VINTAGE VICTORIAN EARRINGS,12,35.400000000000006,2,2.95,0.00020374330239332744,99.95735855848648,C,Slow Moving
90027D,GLASS BEAD HOOP EARRINGS AMETHYST,12,35.400000000000006,6,2.9500000000000006,0.00020374330239332744,99.95756230178887,C,Slow Moving
35815B,"ACRYLIC JEWEL SNOWFLAKE,BLUE",93,35.34,2,0.38,0.0002033979747621523,99.95776569976363,C,Medium Moving
90083,CRYSTAL CZECH CROSS PHONE CHARM,44,34.94,8,1.06,0.00020109579055431807,99.95796679555419,C,Slow Moving
84745B,BLUE HANGING GINGHAM EASTER HEN,83,34.86,17,0.42,0.00020063535371275123,99.95816743090789,C,Slow Moving
22345,PARTY PIZZA DISH BLUE WHITE SPOT ,41,34.849999999999994,8,0.85,0.00020057779910755532,99.958368008707,C,Slow Moving
23196,LEAVES MAGNETIC  SHOPPING LIST,24,34.8,2,1.45,0.00020029002608157605,99.95856829873308,C,Slow Moving
84868B,BLUE BABY BOY'S MEMORY BOX,5,34.75,4,6.95,0.0002000022530555968,99.95876830098614,C,Slow Moving
79063D,"RETRO PILL BOX , REVOLUTIONARY",188,34.72,10,0.189,0.00019982958924000924,99.95896813057537,C,Medium Moving
90141A,GREEN PENDANT TRIPLE SHELL NECKLACE,7,34.65,4,4.95,0.00019942670700363825,99.95916755728237,C,Slow Moving
84546,CROCHET POODLE KEYRING,21,34.65,3,1.6499999999999997,0.00019942670700363825,99.95936698398937,C,Slow Moving
90059E,DIAMANTE HAIR GRIP PACK/2 RUBY,21,34.65,7,1.65,0.00019942670700363825,99.95956641069637,C,Slow Moving
90141E,ORANGE PENDANT TRIPLE SHELL NECKLAC,7,34.65,3,4.95,0.00019942670700363825,99.95976583740337,C,Slow Moving
90141C,TURQ PENDANT TRIPLE SHELL NECKLACE,7,34.65,4,4.95,0.00019942670700363825,99.95996526411037,C,Slow Moving
90059F,DIAMANTE HAIR GRIP PACK/2 LT ROSE,21,34.65,5,1.65,0.00019942670700363825,99.96016469081736,C,Slow Moving
35955,SMALL FOLKART CHRISTMAS TREE DEC,135,34.62,4,0.374,0.00019925404318805066,99.96036394486055,C,Medium Moving
72715,SPHERICAL IVORY CANDLE ,82,34.44,12,0.42,0.00019821806029452526,99.96056216292084,C,Slow Moving
22407,MONEY BOX FIRST AID DESIGN,43,34.32,10,1.199,0.00019752740503217503,99.96075969032587,C,Slow Moving
44265,M/COLOUR POM-POM CURTAIN,8,34.0,4,4.25,0.00019568565766590768,99.96095537598354,C,Slow Moving
22852,"DOG BOWL, ENAMEL , CREAM COLOUR",8,34.0,2,4.25,0.00019568565766590768,99.96115106164122,C,Slow Moving
37489A,YELLOW/PINK FLOWER DESIGN BIG MUG,43,33.93,21,0.9572727272727272,0.00019528277542953665,99.96134634441665,C,Slow Moving
37112,YELLOW BIRDS FELT DES FOODCOVER,9,33.75,4,3.75,0.00019424679253601126,99.96154059120919,C,Slow Moving
90066A,PINK VINTAGE VICTORIAN CHOKER,5,33.75,2,6.75,0.00019424679253601126,99.96173483800172,C,Slow Moving
81950B,FLOWER BLUE CLOCK WITH SUCKER,116,33.64,8,0.29,0.0001936136918788569,99.9619284516936,C,Medium Moving
17014E,ORIGAMI OPIUM INCENSE CONES,93,33.3,4,1.3125,0.00019165683530219778,99.9621201085289,C,Medium Moving
23390,DOLLY GIRL MINI RUCKSACK,8,33.2,2,4.15,0.00019108128925023928,99.96231118981814,C,Slow Moving
37348,SET OF 4 PASTEL STACKING MUGS,13,33.15,6,2.55,0.00019079351622425998,99.96250198333436,C,Slow Moving
84906,PINK BUTTERFLY CUSHION COVER,17,33.15,4,1.95,0.00019079351622425998,99.96269277685059,C,Slow Moving
47013C,WINE BOTTLE DRESSING DARK BLUE,138,33.05,22,0.24565217391304345,0.00019021797017230142,99.96288299482076,C,Medium Moving
20879,TREE OF NOAH FESTIVE SCENTED CANDLE,50,32.5,8,0.65,0.0001870524668865294,99.96307004728764,C,Slow Moving
20953,PORCELAIN CHERUB BELL LARGE,19,31.349999999999998,7,1.65,0.00018043368728900603,99.96325048097493,C,Slow Moving
23366,SET 12 COLOUR PENCILS DOILEY,48,31.200000000000003,3,0.65,0.00017957036821106823,99.96343005134315,C,Slow Moving
22577,WOODEN HEART CHRISTMAS SCANDISPOT,36,30.6,1,0.85,0.00017611709189931693,99.96360616843505,C,Slow Moving
90103,PURPLE FRANGIPANI NECKLACE,12,30.6,5,2.55,0.00017611709189931693,99.96378228552695,C,Slow Moving
22937,BAKING MOULD CUPCAKE CHOCOLATE,12,30.6,1,2.55,0.00017611709189931693,99.96395840261884,C,Slow Moving
22641,SET OF 4 NAPKIN CHARMS INSTUMENT   ,12,30.6,2,2.55,0.00017611709189931693,99.96413451971074,C,Slow Moving
22937,BAKING MOULD CHOCOLATE CUP CAKES,12,30.6,2,2.55,0.00017611709189931693,99.96431063680264,C,Slow Moving
90165A,PINK ROSEBUD PEARL EARRINGS,12,30.6,2,2.55,0.00017611709189931693,99.96448675389453,C,Slow Moving
16050,TEATIME PENCIL WITH RUBBER,122,30.5,4,0.25,0.00017554154584735834,99.96466229544038,C,Medium Moving
90126A,PINK BERTIE MOBILE PHONE CHARM,18,30.42,3,1.69,0.0001750811090057915,99.96483737654938,C,Slow Moving
37489B,BLUE/YELLOW FLOWER DESIGN BIG MUG,38,30.419999999999998,17,1.0323529411764707,0.00017508110900579148,99.96501245765839,C,Slow Moving
84745A,PINK HANGING GINGHAM EASTER HEN,72,30.240000000000002,15,0.42,0.00017404512611226612,99.9651865027845,C,Slow Moving
47563B,WAVELINE SURF IRONING BOARD COVER,8,30.0,6,3.75,0.0001726638155875656,99.9653591666001,C,Slow Moving
22405,TIN CAN POCKET MONEY DESIGN,24,30.0,2,1.25,0.0001726638155875656,99.96553183041569,C,Slow Moving
23437,GIFT BAG LARGE 50'S CHRISTMAS,24,30.0,2,1.25,0.0001726638155875656,99.96570449423128,C,Slow Moving
23396,BUTTERFLY CUSHION COVER,8,30.0,2,3.75,0.0001726638155875656,99.96587715804687,C,Slow Moving
22410,TIN CAN HOUSEKEEPING DESIGN,24,30.0,2,1.25,0.0001726638155875656,99.96604982186246,C,Slow Moving
22771,DRAWER KNOB ACRYLIC EDWARDIAN CLEAR,24,30.0,1,1.25,0.0001726638155875656,99.96622248567805,C,Slow Moving
22772,DRAWER KNOB ACRYLIC EDWARDIAN PINK,24,30.0,1,1.25,0.0001726638155875656,99.96639514949364,C,Slow Moving
22775,DRAWERKNOB ACRYLIC EDWARDIAN PURPLE,24,30.0,1,1.25,0.0001726638155875656,99.96656781330923,C,Slow Moving
22773,DRAWER KNOB ACRYLIC EDWARDIAN GREEN,24,30.0,1,1.25,0.0001726638155875656,99.96674047712482,C,Slow Moving
90163B,WHITE ROSEBUD & PEARL NECKLACE,4,30.0,2,7.5,0.0001726638155875656,99.9669131409404,C,Slow Moving
BANK CHARGES, Bank Charges,2,30.0,2,15.0,0.0001726638155875656,99.967085804756,C,Slow Moving
90022,EDWARDIAN DROP EARRINGS JET BLACK,8,30.0,4,3.75,0.0001726638155875656,99.96725846857159,C,Slow Moving
23250,ENAMEL BOWL PANTRY,24,30.0,2,1.25,0.0001726638155875656,99.96743113238718,C,Slow Moving
23252,ENAMEL JUG PANTRY,8,30.0,2,3.75,0.0001726638155875656,99.96760379620277,C,Slow Moving
21767,FRENCH STYLE WIRE DOOR CABINET ,1,29.95,1,29.95,0.0001723760425615863,99.96777617224532,C,Slow Moving
90136,PALE PINK/AMETHYST STONE NECKLACE,3,29.849999999999998,2,9.95,0.00017180049650962774,99.96794797274183,C,Slow Moving
90152B,BLUE/GREEN SHELL NECKLACE W PENDANT,5,29.75,4,5.95,0.0001712249504576692,99.96811919769229,C,Slow Moving
90001B,ANTIQUE MID BLUE FLOWER EARRINGS,7,29.75,4,4.25,0.0001712249504576692,99.96829042264275,C,Slow Moving
90059A,DIAMANTE HAIR GRIP PACK/2 CRYSTAL,18,29.700000000000003,3,1.6499999999999997,0.00017093717743168997,99.96846135982018,C,Slow Moving
22474,"TRAY FOR TV DINNER ,SPACEBOY",6,29.700000000000003,1,4.95,0.00017093717743168997,99.96863229699761,C,Slow Moving
84905,PINK BUTTERFLY C/COVER ,6,29.700000000000003,3,4.95,0.00017093717743168997,99.96880323417504,C,Slow Moving
90135,ORANGE/WHT/FUSCHIA STONES NECKLACE,6,29.700000000000003,1,4.95,0.00017093717743168997,99.96897417135247,C,Slow Moving
22472,"TRAY FOR TV DINNER , DOLLY GIRL",6,29.700000000000003,1,4.95,0.00017093717743168997,99.9691451085299,C,Slow Moving
23530,"WALL ART,ONLY ONE PERSON ",6,29.700000000000003,1,4.95,0.00017093717743168997,99.96931604570733,C,Slow Moving
90081B,LILY BROOCH WHITE/SILVER COLOUR,6,29.7,2,4.95,0.00017093717743168994,99.96948698288476,C,Slow Moving
90141B,IVORY PENDANT TRIPLE SHELL NECKLACE,6,29.7,2,4.95,0.00017093717743168994,99.96965792006219,C,Slow Moving
90197B,BLACK GLASS BRACELET W HEART CHARMS,6,29.7,2,4.95,0.00017093717743168994,99.96982885723962,C,Slow Moving
35598A,DUSTY PINK CHRISTMAS TREE 60CM,10,29.500000000000004,3,2.9500000000000006,0.00016978608532777285,99.96999864332494,C,Slow Moving
78034B,BLUE NETTING STORAGE HANGER,15,29.25,9,1.95,0.00016834722019787646,99.97016699054514,C,Slow Moving
21815, STAR  T-LIGHT HOLDER ,20,28.999999999999996,4,1.45,0.00016690835506798004,99.97033389890021,C,Slow Moving
37489D,PINK/GREEN FLOWER DESIGN BIG MUG,46,28.86,20,0.7614285714285715,0.00016610259059523808,99.9705000014908,C,Slow Moving
90126C,AMBER BERTIE MOBILE PHONE CHARM,17,28.73,2,1.69,0.00016535438072769198,99.97066535587153,C,Slow Moving
44089C,LILAC GAUZE BUTTERFLY LAMPSHADE,68,28.56,18,0.42,0.00016437595243936243,99.97082973182397,C,Slow Moving
37462E,"PET MUG, GOLDFISH",81,28.27,9,0.3433333333333333,0.00016270686888868264,99.97099243869286,C,Slow Moving
23380,PACK OF 12 DOILEY TISSUES,72,28.08,2,0.39,0.00016161333138996138,99.97115405202425,C,Slow Moving
40005B,BLUE ORGANDY ROUND LAMPSHADE W BEA,33,28.05,13,0.8499999999999999,0.00016144066757437382,99.97131549269182,C,Slow Moving
84456,SET OF 3 RABBIT EGG EASTER,33,28.049999999999997,12,0.85,0.00016144066757437382,99.97147693335938,C,Slow Moving
85079,EMBROIDERED REINDEER DECORATION,18,28.0,6,1.5757142857142858,0.00016115289454839455,99.97163808625393,C,Slow Moving
21267,VINTAGE PINK TINSEL REEL ,13,27.3,4,2.1,0.00015712407218468468,99.97179521032612,C,Slow Moving
90214O,"LETTER ""O"" BLING KEY RING",31,27.23,13,1.176153846153846,0.00015672118994831372,99.97195193151607,C,Slow Moving
21097,SET/6 GREEN SPRING  PAPER PLATE,32,27.2,7,0.85,0.00015654852613272612,99.97210848004221,C,Slow Moving
84864A,PINK PAISLEY PHOTO ALBUM,4,27.0,3,6.75,0.00015539743402880903,99.97226387747624,C,Slow Moving
23702,High Resolution Image,4,27.0,3,8.5,0.00015539743402880903,99.97241927491027,C,Slow Moving
44235,ASSORTED COLOURED CIRCLE MOBILE ,64,26.88,7,0.42,0.00015470677876645877,99.97257398168904,C,Slow Moving
90181A,AMBER GLASS/SHELL/PEARL NECKLACE,3,26.849999999999998,3,8.95,0.00015453411495087118,99.972728515804,C,Slow Moving
90202B,WHITE ENAMEL FLOWER HAIR TIE,9,26.550000000000004,3,2.9500000000000006,0.00015280747679499558,99.97288132328079,C,Slow Moving
90202C,GREEN ENAMEL FLOWER HAIR TIE,9,26.550000000000004,4,2.95,0.00015280747679499558,99.97303413075758,C,Slow Moving
90011B,BLACK CRYSTAL DROP EARRINGS,9,26.550000000000004,4,2.95,0.00015280747679499558,99.97318693823438,C,Slow Moving
90205A,LARGE MINT DIAMANTE HAIRSLIDE,16,26.4,6,1.6499999999999997,0.00015194415771705772,99.9733388823921,C,Slow Moving
22232,3 PIECE JIGSAW TOADSTOOLS,16,26.4,2,1.65,0.00015194415771705772,99.97349082654982,C,Slow Moving
37491C,GREEN/BLUE CERAMIC CANDLE HOLDER,16,26.4,7,1.65,0.00015194415771705772,99.97364277070754,C,Slow Moving
35916B,BLUE FELT HANGING HEART W FLOWER,31,26.349999999999998,4,0.85,0.00015165638469107843,99.97379442709223,C,Slow Moving
84876C,SILVER HEART COMPACT MIRROR,7,26.25,4,3.75,0.0001510808386391199,99.97394550793086,C,Slow Moving
90039A,FIRE POLISHED GLASS BRACELET RED,7,26.25,2,3.75,0.0001510808386391199,99.9740965887695,C,Slow Moving
22200,FRYING PAN PINK RETROSPOT,6,25.5,2,4.25,0.00014676424324943076,99.97424335301275,C,Slow Moving
84951B,S/4 BLACK LOVEBIRD COASTERS,10,25.5,3,2.55,0.00014676424324943076,99.97439011725601,C,Slow Moving
90208,PAIR OF PINK FLOWER CLUSTER SLIDE,10,25.5,4,2.55,0.00014676424324943076,99.97453688149926,C,Slow Moving
90001C,ANTIQUE OPAL WHITE FLOWER EARRINGS,6,25.5,5,4.25,0.00014676424324943076,99.97468364574252,C,Slow Moving
90024F,NEW BAROQUE B'FLY NECKLACE CRYSTAL,3,25.5,2,8.5,0.00014676424324943076,99.97483040998577,C,Slow Moving
22168,"ORGANISER WOOD, ANTIQUE WHITE ",3,25.5,2,8.5,0.00014676424324943076,99.97497717422902,C,Slow Moving
35597D,PINK/WHITE CHRISTMAS TREE 30CM,58,25.28,7,0.5825,0.00014549804193512194,99.97512267227096,C,Slow Moving
84251J,"GREETING CARD, THE BLACK CAT",60,25.2,4,0.42,0.00014503760509355508,99.97526770987605,C,Slow Moving
84251C,"GREETING CARD, TWO SISTERS.",132,25.08,14,0.19,0.00014434694983120482,99.97541205682587,C,Medium Moving
17013F,ORIGAMI SANDLEWOOD INCENSE IN TUBE,61,25.05,4,1.3125,0.00014417428601561728,99.9755562311119,C,Slow Moving
22719,"GUMBALL COATHOOK., BLACK & WHITE ",20,25.0,4,1.25,0.000143886512989638,99.97570011762488,C,Slow Moving
18094C,WHITE/BLUE RECT CERAMIC OIL BURNER,20,25.0,4,1.25,0.000143886512989638,99.97584400413787,C,Slow Moving
23104,IVORY PANTRY HANGING LAMP ,2,25.0,1,12.5,0.000143886512989638,99.97598789065086,C,Slow Moving
23214,BELL HEART ANTIQUE GOLD,12,24.96,1,2.08,0.0001436562945688546,99.97613154694542,C,Slow Moving
23240,SET OF 4 KNICK KNACK TINS  DOILEY ,6,24.9,1,4.15,0.00014331096693767943,99.97627485791236,C,Slow Moving
90139,FLOWER BROOCH 4 ASSORTED COLOURS,5,24.75,3,4.95,0.0001424476478597416,99.97641730556022,C,Slow Moving
90059B,DIAMANTE HAIR GRIP PACK/2 BLACK DIA,15,24.75,4,1.65,0.0001424476478597416,99.97655975320808,C,Slow Moving
35633B,BLUE TINSEL GARLAND ,130,24.7,12,0.19000000000000003,0.00014215987483376234,99.97670191308292,C,Medium Moving
35596,WOOD XMAS TREE 9 FIG SHELVES,29,24.65,4,0.85,0.00014187210180778304,99.97684378518473,C,Slow Moving
22346,PARTY PIZZA DISH GREEN WHITE SPOT ,29,24.65,7,0.85,0.00014187210180778304,99.97698565728653,C,Slow Moving
37468,HARDMAN MUG 3 ASSORTED,63,24.57,12,0.38999999999999996,0.0001414116649662162,99.9771270689515,C,Slow Moving
10124A,SPOTS ON RED BOOKCOVER TAPE,58,24.36,18,0.42,0.00014020301825710325,99.97726727196977,C,Slow Moving
72801E,4 FESTIVE GREEN DINNER CANDLES,51,23.91,2,0.835,0.00013761306102328977,99.9774048850308,C,Slow Moving
47504J,ENGLISH ROSE SET/3 GARDEN TOOLS,3,23.85,2,7.95,0.00013726773339211464,99.97754215276419,C,Slow Moving
90152A,SILVER/NAT SHELL NECKLACE W PENDANT,4,23.8,4,5.95,0.00013697996036613538,99.97767913272455,C,Slow Moving
84575B,BROWN DOG CANNISTER W BONE,4,23.8,3,5.95,0.00013697996036613538,99.9778161126849,C,Slow Moving
90214F,"LETTER ""F"" BLING KEY RING",29,23.77,13,1.1023076923076922,0.00013680729655054778,99.97795291998146,C,Slow Moving
17014F,ORIGAMI SANDLEWOOD INCENSE CONES,61,23.699999999999996,4,1.3125,0.0001364044143141768,99.97808932439578,C,Slow Moving
90182C,BLACK 3 BEAD DROP EARRINGS,8,23.6,2,2.95,0.00013582886826221828,99.97822515326405,C,Slow Moving
90177E,DROP DIAMANTE EARRINGS GREEN,8,23.6,3,2.9500000000000006,0.00013582886826221828,99.97836098213232,C,Slow Moving
90014A,SILVER M.O.P. ORBIT NECKLACE,8,23.6,3,2.9500000000000006,0.00013582886826221828,99.97849681100058,C,Slow Moving
90012A,MIDNIGHT BLUE DROP CRYSTAL NECKLACE,8,23.6,2,2.95,0.00013582886826221828,99.97863263986885,C,Slow Moving
90202A,PURPLE ENAMEL FLOWER HAIR TIE,8,23.6,3,2.9500000000000006,0.00013582886826221828,99.97876846873712,C,Slow Moving
18010,ASSORTED FRAGRANCE BATH CONFETTI,56,23.52,6,0.42,0.00013536843142065142,99.97890383716853,C,Slow Moving
23244,CANNISTER VINTAGE LEAF DESIGN,12,23.4,2,1.95,0.00013467777615830116,99.97903851494469,C,Slow Moving
47552A,DOTS IRONING BOARD COVER,12,23.4,11,1.95,0.00013467777615830116,99.97917319272085,C,Slow Moving
23106,ZINC PLANT POT HOLDER,8,23.12,1,2.89,0.0001330662472128172,99.97930625896807,C,Slow Moving
37491D,PURPLE/BLUE CERAMIC CANDLE HOLDER,14,23.099999999999998,5,1.65,0.00013295113800242548,99.97943921010607,C,Slow Moving
23145,ZINC T-LIGHT HOLDER STARS LARGE,24,22.8,2,0.95,0.00013122449984654985,99.97957043460592,C,Slow Moving
90176B,DIAMANTE NECKLACE BLACK ,3,22.5,2,7.5,0.00012949786169067417,99.97969993246761,C,Slow Moving
85225,BLING KEY RING STAND,19,22.5,11,1.2045454545454546,0.00012949786169067417,99.9798294303293,C,Slow Moving
37477C,"FLOWER FAIRY MUG+COASTER,ROSE",6,22.5,1,3.75,0.00012949786169067417,99.979958928191,C,Slow Moving
35597B,BLACKCHRISTMAS TREE 30CM,18,22.5,6,1.25,0.00012949786169067417,99.98008842605269,C,Slow Moving
90176E,DIAMANTE NECKLACE GREEN,3,22.5,2,7.5,0.00012949786169067417,99.98021792391438,C,Slow Moving
90189B,GOLD 2 STRAND NECKLACE-LEAF CHARMS,3,22.5,2,7.5,0.00012949786169067417,99.98034742177607,C,Slow Moving
84415A,PINK FLOCK SUEDE CUSHION COVER ,14,22.5,3,2.0833333333333335,0.00012949786169067417,99.98047691963777,C,Slow Moving
35611B,BLACK ASSORTED DROPLET DECORATION,59,22.419999999999998,2,0.38000000000000006,0.00012903742484910734,99.98060595706262,C,Slow Moving
35652,VINTAGE BEAD CHAISE LONG JEWEL BOX,18,21.5,2,3.625,0.00012374240117108868,99.9807296994638,C,Slow Moving
84387A,BIRD ON BRANCH CANVAS SCREEN,11,21.45,1,1.95,0.0001234546281451094,99.98085315409193,C,Slow Moving
35591T,TURQUOISE CHRISTMAS TREE ,17,21.25,9,1.25,0.0001223035360411923,99.98097545762798,C,Slow Moving
90128B,BLUE LEAVES AND BEADS PHONE CHARM,17,21.25,5,1.25,0.0001223035360411923,99.98109776116402,C,Slow Moving
90128A,PINK LEAVES AND BEADS PHONE CHARM,17,21.25,5,1.25,0.0001223035360411923,99.98122006470007,C,Slow Moving
21387,IVORY HANGING DECORATION  RABBIT,25,21.25,4,0.85,0.0001223035360411923,99.98134236823611,C,Slow Moving
90214Y,"LETTER ""Y"" BLING KEY RING",63,21.15,5,0.866,0.00012172798998923373,99.9814640962261,C,Slow Moving
23691,KEEP CALM BIRTHDAY WRAP,50,21.0,2,0.42,0.00012086467091129591,99.98158496089701,C,Slow Moving
23692,WRAP A PRETTY THANK YOU,50,21.0,2,0.42,0.00012086467091129591,99.98170582556791,C,Slow Moving
90052,CRACKED GLAZE NECKLACE BROWN,3,20.85,1,6.95,0.0001200013518333581,99.98182582691975,C,Slow Moving
23388,WOODLAND MINI RUCKSACK ,5,20.75,2,4.15,0.00011942580578139952,99.98194525272552,C,Slow Moving
90027B,GLASS BEAD HOOP EARRINGS MONTANA,7,20.650000000000002,4,2.95,0.000118850259729441,99.98206410298525,C,Slow Moving
90177A,CLASSIC DIAMANTE EARRINGS JET,7,20.650000000000002,2,2.95,0.000118850259729441,99.98218295324497,C,Slow Moving
72771C,BLACK FLOCK GOLD CANDLE,49,20.580000000000002,4,0.42,0.00011844737749307,99.98230140062246,C,Slow Moving
79172D,PURPLE TINT ACRYLIC FLOWER VASE,24,20.4,4,0.85,0.00011741139459954459,99.98241881201706,C,Slow Moving
22344,PARTY PIZZA DISH PINK+WHITE SPOT ,24,20.4,2,0.85,0.00011741139459954459,99.98253622341166,C,Slow Moving
90118,PINK DAISY BAG CHARM,8,20.4,3,2.55,0.00011741139459954459,99.98265363480625,C,Slow Moving
22418,"PEN, 10 COLOURS - SPACEBOY",24,20.4,1,0.85,0.00011741139459954459,99.98277104620085,C,Slow Moving
22345,PARTY PIZZA DISH BLUE+WHITE SPOT ,24,20.4,2,0.85,0.00011741139459954459,99.98288845759545,C,Slow Moving
84529B,BLUE KNITTED KID'S RUCKSACK,3,20.25,2,6.75,0.00011654807552160677,99.98300500567098,C,Slow Moving
22533,MAGIC SLATE BAKE A CAKE ,48,20.16,1,0.42,0.00011603008407484406,99.98312103575505,C,Slow Moving
35603B,S/16 BLACK SHINY/MAT BAUBLES,48,20.16,1,0.42,0.00011603008407484406,99.98323706583912,C,Slow Moving
44091C,MULTICOLOUR CRUSOE CHECK LAMPSHADE,48,20.16,10,0.42000000000000004,0.00011603008407484406,99.98335309592319,C,Slow Moving
84450B,YELLOW RABBIT SAT EASTER,48,20.16,3,0.42,0.00011603008407484406,99.98346912600726,C,Slow Moving
90187B,GREEN DROP EARRINGS W BEAD CLUSTER,6,20.1,2,3.35,0.00011568475644366896,99.9835848107637,C,Slow Moving
17091F,SANDALWOOD INCENSE IN TIN,16,20.0,6,1.25,0.00011510921039171039,99.9836999199741,C,Slow Moving
84415B,BLUE FLOCK CUSHION COVER ,8,20.0,3,2.9166666666666665,0.00011510921039171039,99.9838150291845,C,Slow Moving
78056,CAMOUFLAGE BACKPACK ON WHEELS,2,19.9,1,9.95,0.00011453366433975184,99.98392956284884,C,Slow Moving
90034,WHITE SILVER NECKLACE SHELL GLASS,2,19.9,2,9.95,0.00011453366433975184,99.98404409651319,C,Slow Moving
23249,ENAMEL DINNER PLATE PANTRY,12,19.8,1,1.65,0.00011395811828779329,99.98415805463148,C,Slow Moving
22351,DOTCOMGIFTSHOP TEA TOWEL,12,19.8,1,1.65,0.00011395811828779329,99.98427201274977,C,Slow Moving
84570B,WHITE SATIN DRESS JEWEL STAND,4,19.8,2,4.95,0.00011395811828779329,99.98438597086806,C,Slow Moving
23029,DOORKNOB CRACKED GLAZE GREEN,12,19.8,2,1.65,0.00011395811828779329,99.98449992898635,C,Slow Moving
23031,DOORKNOB CRACKED GLAZE PINK,12,19.8,2,1.65,0.00011395811828779329,99.98461388710464,C,Slow Moving
46307,ROSES BLUE BASE CUSHION COVER ,12,19.8,4,1.65,0.00011395811828779329,99.98472784522293,C,Slow Moving
84550,CROCHET LILAC/RED BEAR KEYRING,12,19.8,4,1.65,0.00011395811828779329,99.98484180334123,C,Slow Moving
37488A,YELLOW PINK FLOWER DESIGN BIG BOWL,31,19.770000000000003,5,1.4140000000000001,0.00011378545447220575,99.9849555887957,C,Slow Moving
37487B,YELLOW/ORANGE FLOWER DESIGN PLATE,68,19.72,2,0.29,0.00011349768144622643,99.98506908647714,C,Slow Moving
20680,PINK FLOWERS CHILDS UMBRELLA,6,19.5,4,3.25,0.00011223148013191763,99.98518131795727,C,Slow Moving
79062D,"RETRO TIN ASHTRAY,REVOLUTIONARY",52,19.4,4,0.38,0.00011165593407995908,99.98529297389135,C,Slow Moving
84450A,PINK RABBIT SITTING EASTER,46,19.32,4,0.42,0.00011119549723839223,99.98540416938859,C,Slow Moving
84340,LARGE FIBRE OPTIC CHRISTMAS TREE,15,19.08,6,1.485,0.0001098141867136917,99.9855139835753,C,Slow Moving
21185,HOME SWEET HOME  BLACKBOARD,3,19.049999999999997,3,6.349999999999999,0.00010964152289810413,99.9856236250982,C,Slow Moving
22963,JAM JAR WITH BLUE LID,26,18.98,2,0.7849999999999999,0.00010923864066173318,99.98573286373886,C,Slow Moving
82605,OLD DOC.RUSSEL METAL SIGN,9,18.9,4,2.1,0.00010877820382016632,99.98584164194268,C,Slow Moving
85131D,BEADED CRYSTAL HEART PINK\ON STICK,15,18.75,8,1.25,0.00010791488474222849,99.98594955682742,C,Slow Moving
84030B,KNITTED POM POM HOT WATER BOTTLE,5,18.75,3,3.75,0.00010791488474222849,99.98605747171216,C,Slow Moving
23056,CRYSTAL CHANDELIER T-LIGHT HOLDER,3,18.75,1,6.25,0.00010791488474222849,99.9861653865969,C,Slow Moving
84732B,CUTE BIRD CEATURE SCREEN,28,18.48,6,1.23,0.00010636091040194042,99.9862717475073,C,Slow Moving
72796A,S/3 ENGLISH LAVENDER SQU CANDLE,11,18.15,5,1.6499999999999997,0.00010446160843047719,99.98637620911573,C,Slow Moving
84311,CAMOFLAGE CUSHION COVER,11,18.15,1,1.65,0.00010446160843047719,99.98648067072416,C,Slow Moving
47591A,CAROUSEL CHILDRENS APRON,11,18.15,3,1.6499999999999997,0.00010446160843047719,99.98658513233259,C,Slow Moving
23079, TOADSTOOL BEDSIDE LIGHT ,2,17.9,1,8.95,0.00010302274330058078,99.9866881550759,C,Slow Moving
84614C,BLUE BAROQUE FLOCK CANDLE HOLDER,3,17.85,1,5.95,0.00010273497027460153,99.98679089004617,C,Slow Moving
90095,NECKLACE+BRACELET SET PINK BLOSSOM,7,17.85,2,2.55,0.00010273497027460153,99.98689362501644,C,Slow Moving
44092C,PURPLE/COPPER HANGING LAMPSHADE,21,17.849999999999998,8,0.85,0.00010273497027460152,99.9869963599867,C,Slow Moving
18097B,BLUE TALL PORCELAIN T-LIGHT HOLDER,7,17.849999999999998,3,2.55,0.00010273497027460152,99.98709909495697,C,Slow Moving
71050,SMALL SINGLE FLAME CANDLE HOLDER,51,17.849999999999998,8,0.35,0.00010273497027460152,99.98720182992724,C,Slow Moving
90130D,RED STONE/CRYSTAL EARRINGS,6,17.700000000000003,1,2.95,0.00010187165119666372,99.98730370157844,C,Slow Moving
90011C,GREEN CRYSTAL DROP EARRINGS,6,17.700000000000003,1,2.95,0.00010187165119666372,99.98740557322964,C,Slow Moving
21249,WOOD ANIMALS HEIGHT CHART STICKERS ,6,17.700000000000003,1,2.95,0.00010187165119666372,99.98750744488083,C,Slow Moving
90027A,GLASS BEAD HOOP EARRINGS BLACK,6,17.700000000000003,3,2.9500000000000006,0.00010187165119666372,99.98760931653203,C,Slow Moving
37489C,GREEN/BLUE FLOWER DESIGN BIG MUG,25,17.55,10,1.014,0.00010100833211872586,99.98771032486415,C,Slow Moving
90128C,GREEN LEAVES AND BEADS PHONE CHARM,14,17.5,3,1.25,0.0001007205590927466,99.98781104542324,C,Slow Moving
22884,"NUMBER TILE VINTAGE FONT, 5",8,17.36,1,2.17,9.991479462000462e-05,99.98791096021786,C,Slow Moving
22882,"NUMBER TILE VINTAGE FONT, 3",8,17.36,1,2.17,9.991479462000462e-05,99.98801087501248,C,Slow Moving
22880,"NUMBER TILE VINTAGE FONT, 1",8,17.36,1,2.17,9.991479462000462e-05,99.9881107898071,C,Slow Moving
22879,"NUMBER TILE VINTAGE FONT, 0",8,17.36,1,2.17,9.991479462000462e-05,99.98821070460171,C,Slow Moving
22883,"NUMBER TILE VINTAGE FONT, 4",8,17.36,1,2.17,9.991479462000462e-05,99.98831061939633,C,Slow Moving
22886,"NUMBER TILE VINTAGE FONT, 7",8,17.36,1,2.17,9.991479462000462e-05,99.98841053419095,C,Slow Moving
22885,"NUMBER TILE VINTAGE FONT, 6 ",8,17.36,1,2.17,9.991479462000462e-05,99.98851044898556,C,Slow Moving
22887,"NUMBER TILE VINTAGE FONT, 8",8,17.36,1,2.17,9.991479462000462e-05,99.98861036378018,C,Slow Moving
22881,"NUMBER TILE VINTAGE FONT, 2",8,17.36,1,2.17,9.991479462000462e-05,99.9887102785748,C,Slow Moving
23236,STORAGE TIN VINTAGE DOILEY ,6,17.34,1,2.89,9.979968540961292e-05,99.98881007826022,C,Slow Moving
20887,BOX OF 6 PEBBLE CANDLES,5,17.25,4,3.45,9.92816939628502e-05,99.98890935995418,C,Slow Moving
90001A,ANTIQUE RASPBERRY FLOWER EARRINGS,4,17.0,3,4.25,9.784282883295384e-05,99.98900720278301,C,Slow Moving
22777,GLASS BELL JAR LARGE,2,17.0,1,8.5,9.784282883295384e-05,99.98910504561185,C,Slow Moving
23342,MINT DINER CLOCK,2,17.0,1,8.5,9.784282883295384e-05,99.98920288844069,C,Slow Moving
72805,VANILLA CANDLE IN EMBOSSED ZINC POT,10,16.9,3,1.6900000000000002,9.726728278099526e-05,99.98930015572347,C,Slow Moving
21511,VINTAGE COLLAGE  GREETING  CARD ,40,16.8,2,0.42,9.669173672903673e-05,99.9893968474602,C,Slow Moving
72785A,S/4 CONTEMPORY PINK ROSEBUD CANDLES,8,16.8,4,2.1,9.669173672903673e-05,99.98949353919693,C,Slow Moving
21750, LARGE SKULL WINDMILL,8,16.8,2,2.1,9.669173672903673e-05,99.98959023093366,C,Slow Moving
37491B,BLUE/YELLOW CERAMIC CANDLE HOLDER,10,16.5,5,1.65,9.496509857316106e-05,99.98968519603223,C,Slow Moving
22384,LUNCH BAG PINK POLKADOTS,10,16.5,1,1.65,9.496509857316106e-05,99.9897801611308,C,Slow Moving
44089A,PINK GAUZE BUTTERFLY LAMPSHADE,39,16.38,12,0.42,9.42744433108108e-05,99.98987443557411,C,Slow Moving
23502,PLAYING CARDS VINTAGE DOILEY ,13,16.25,2,1.25,9.35262334432647e-05,99.98996796180755,C,Slow Moving
84630,FLOWERS AND BIRDS WALL PLAQUE,2,15.9,1,7.95,9.151182226140977e-05,99.99005947362981,C,Slow Moving
20891,LARGE GLASS ROSE SCENTED CANDLE ,2,15.9,1,7.95,9.151182226140977e-05,99.99015098545208,C,Slow Moving
22778,GLASS BELL JAR SMALL,4,15.8,1,3.95,9.093627620945121e-05,99.99024192172828,C,Slow Moving
35932,PINK CHRISTMAS TREE DECORATION,37,15.629999999999999,10,0.537,8.995784792112167e-05,99.9903318795762,C,Slow Moving
90037D,TINY CRYSTALS BRACELET BLACK,6,15.3,1,2.55,8.805854594965846e-05,99.99041993812216,C,Slow Moving
90076,MONTANA DIAMOND CLUSTER EARRINGS,6,15.3,1,2.55,8.805854594965846e-05,99.99050799666811,C,Slow Moving
37481,CUBIC MUG TEATIME CAKES,6,15.3,1,2.55,8.805854594965846e-05,99.99059605521407,C,Slow Moving
22932,BAKING MOULD TOFFEE CUP  CHOCOLATE,6,15.3,1,2.55,8.805854594965846e-05,99.99068411376003,C,Slow Moving
17107D,FLOWER FAIRY 5 SUMMER DRAW LINERS,6,15.3,1,2.55,8.805854594965846e-05,99.99077217230598,C,Slow Moving
17174,ASSTD RASTA KEY-CHAINS,36,15.120000000000001,7,0.42,8.702256305613306e-05,99.99085919486903,C,Slow Moving
84206A,3 BLACK CATS W HEARTS BLANK CARD,79,15.01,9,0.19,8.638946239897865e-05,99.99094558433143,C,Slow Moving
90127A,PINK BEADS+HAND PHONE CHARM,12,15.0,1,1.25,8.63319077937828e-05,99.99103191623922,C,Slow Moving
23251,ENAMEL MUG PANTRY,12,15.0,1,1.25,8.63319077937828e-05,99.99111824814702,C,Slow Moving
23212,PAINTED HEART WREATH WITH BELL,12,15.0,1,1.25,8.63319077937828e-05,99.99120458005481,C,Slow Moving
20890,SMALL GLASS ROSE SCENTED CANDLE,4,15.0,1,3.75,8.63319077937828e-05,99.99129091196261,C,Slow Moving
22954,HEN PARTY BANNER TAPE,12,15.0,1,1.25,8.63319077937828e-05,99.9913772438704,C,Slow Moving
22408,TIN CAN CONFECTIONERY DESIGN,12,15.0,1,1.25,8.63319077937828e-05,99.9914635757782,C,Slow Moving
23449,SET OF 6 EASTER RAINBOW CHICKS,12,15.0,1,1.25,8.63319077937828e-05,99.991549907686,C,Slow Moving
21475,SWEETHEART CREAM STEEL FOLDIN CHAIR,1,14.95,1,14.95,8.604413476780352e-05,99.99163595182075,C,Slow Moving
23282,FOLDING MIRROR IVORY ,18,14.940000000000001,2,0.83,8.598658016260768e-05,99.99172193840091,C,Slow Moving
23281,FOLDING MIRROR RED  ,18,14.940000000000001,2,0.83,8.598658016260768e-05,99.99180792498107,C,Slow Moving
35650,VINTAGE BEAD PINK JEWEL STAND,3,14.850000000000001,3,4.95,8.546858871584498e-05,99.9918933935698,C,Slow Moving
90141D,ROSE PENDANT TRIPLE SHELL NECKLACE,3,14.85,1,4.95,8.546858871584497e-05,99.99197886215852,C,Slow Moving
84567,FROSTED GLASS WITH SILVER SURROUND,9,14.85,1,1.65,8.546858871584497e-05,99.99206433074724,C,Slow Moving
22139,11 PC CERAMIC TEA SET POLKADOT,3,14.85,1,4.95,8.546858871584497e-05,99.99214979933596,C,Slow Moving
SP1002,KID'S CHALKBOARD/EASEL,5,14.75,2,2.95,8.489304266388641e-05,99.99223469237863,C,Slow Moving
90214V,"LETTER ""V"" BLING KEY RING",21,14.73,9,1.1433333333333333,8.477793345349471e-05,99.99231947031208,C,Slow Moving
90102,WHITE FRANGIPANI HAIR CLIP,17,14.45,3,0.85,8.316640450801076e-05,99.99240263671659,C,Slow Moving
81950V,FLOWER PURPLE CLOCK W/SUCKER,17,14.45,7,0.85,8.316640450801076e-05,99.9924858031211,C,Slow Moving
62074B,ELEPHANT CLIP W SUCTION CUP,34,14.28,11,0.42,8.218797621968121e-05,99.99256799109732,C,Slow Moving
23540,"WALL ART , THE MAGIC FOREST ",2,13.9,1,6.95,8.000090122223873e-05,99.99264799199854,C,Slow Moving
84868A,PINK BABY GIRL'S MEMORY BOX,2,13.9,2,6.95,8.000090122223873e-05,99.99272799289976,C,Slow Moving
16245A,PINK MINI STATIONERY SET W CASE,11,13.75,7,1.25,7.913758214430089e-05,99.9928071304819,C,Slow Moving
90171,DAISY RING,11,13.75,2,1.25,7.913758214430089e-05,99.99288626806405,C,Slow Moving
84899E,YELLOW BROWN BEAR FELT PURSE KIT,11,13.75,3,1.25,7.913758214430089e-05,99.9929654056462,C,Slow Moving
35936,CERISE+GOLD CHRISTMAS TREE DEC,36,13.68,9,0.38,7.873469990792991e-05,99.99304414034611,C,Slow Moving
21525,BEWARE OF THE CAT DOORMAT,2,13.5,2,6.75,7.769871701440452e-05,99.99312183906314,C,Slow Moving
10124G,ARMY CAMO BOOKCOVER TAPE,32,13.44,9,0.42,7.735338938322938e-05,99.99319919245252,C,Slow Moving
62097B,BLUE STRIPES SHOULDER BAG,11,13.370000000000001,4,1.36,7.69505071468584e-05,99.99327614295967,C,Slow Moving
23271,CHRISTMAS TABLE CANDLE SILVER SPIKE,16,13.28,1,0.83,7.64325157000957e-05,99.99335257547537,C,Slow Moving
35443,RASTA IN BATH W SPLIFF ASHTRAY,15,12.75,9,0.85,7.338212162471538e-05,99.993425957597,C,Slow Moving
72752B,"F.FAIRY,CANDLE IN GLASS,LAVENDER",3,12.75,2,4.25,7.338212162471538e-05,99.99349933971862,C,Slow Moving
20812,EMBOSSED FLOWER TRELLIS PHOTO FRAME,5,12.75,3,2.55,7.338212162471538e-05,99.99357272184025,C,Slow Moving
84648,NEW BAROQUE WALL MIRROR,1,12.75,1,12.75,7.338212162471538e-05,99.99364610396188,C,Slow Moving
85115B,S/4 BLACK DISCO PARTITION PANEL,3,12.75,1,4.25,7.338212162471538e-05,99.9937194860835,C,Slow Moving
21772,VINTAGE METAL CAKE STAND CREAM ,1,12.75,1,12.75,7.338212162471538e-05,99.99379286820513,C,Slow Moving
22201,FRYING PAN BLUE RETROSPOT,3,12.75,2,4.25,7.338212162471538e-05,99.99386625032676,C,Slow Moving
44092B,BLUE WHITE PLASTIC RINGS LAMPSHADE,15,12.75,6,0.85,7.338212162471538e-05,99.99393963244839,C,Slow Moving
90033,IVORY SHELL HEART EARRINGS,5,12.749999999999998,2,2.55,7.338212162471537e-05,99.99401301457002,C,Slow Moving
85083,KISS REINDEER SCANDINAVIAN STOCKING,5,12.749999999999998,2,2.55,7.338212162471537e-05,99.99408639669164,C,Slow Moving
35751C,PURPLE CURRENT CANDLE RING,31,12.61,2,0.47,7.25763571519734e-05,99.9941589730488,C,Slow Moving
35918B,BLUE FLORIBUNDA EGG WARMER,10,12.5,5,1.25,7.1943256494819e-05,99.9942309163053,C,Slow Moving
35597A,DUSTY PINK CHRISTMAS TREE 30CM,10,12.5,4,1.25,7.1943256494819e-05,99.9943028595618,C,Slow Moving
51012L,"FEATHER DUSTER, LIGHT PINK",10,12.5,6,1.25,7.1943256494819e-05,99.9943748028183,C,Slow Moving
23071,MARIE ANTOIENETT TRINKET BOX GOLD,1,12.5,1,12.5,7.1943256494819e-05,99.9944467460748,C,Slow Moving
79149B,SILICON STAR BULB  BLUE,29,12.18,12,0.42,7.010150912855163e-05,99.99451684758392,C,Slow Moving
44242A,LILAC FEATHERS CURTAIN,14,11.98,2,1.02,6.895041702463452e-05,99.99458579800095,C,Slow Moving
90027C,GLASS BEAD HOOP EARRINGS GREEN,4,11.8,2,2.95,6.791443413110914e-05,99.99465371243508,C,Slow Moving
85185E,DUCK SOCK PUPPET,4,11.8,2,2.95,6.791443413110914e-05,99.99472162686921,C,Slow Moving
84814B,RHOMBUS CRYSTAL PERFUME BOTTLE,6,11.7,2,1.95,6.733888807915058e-05,99.99478896575728,C,Slow Moving
37491A,YELLOW/PINK CERAMIC CANDLE HOLDER,7,11.549999999999999,5,1.65,6.647556900121274e-05,99.99485544132628,C,Slow Moving
23299,"FOOD COVER WITH BEADS , SET 2 SIZES",3,11.25,1,3.75,6.474893084533709e-05,99.99492019025712,C,Slow Moving
90025E,BAROQUE BUTTERFLY EARRINGS MONTANA,3,11.25,3,3.75,6.474893084533709e-05,99.99498493918796,C,Slow Moving
16151A,FLOWER DES BLUE HANDBAG/ORANG HANDL,3,11.25,2,3.75,6.474893084533709e-05,99.9950496881188,C,Slow Moving
84743C,ORANGE FELT VASE + FLOWERS,9,11.25,5,1.25,6.474893084533709e-05,99.99511443704964,C,Slow Moving
17011B,ORIGAMI JASMINE INCENSE+FLOWER ,19,11.100000000000001,2,1.2,6.388561176739927e-05,99.9951783226614,C,Slow Moving
72785B,S/4 CONTEMPORY RED ROSEBUD CANDLES,9,10.9,3,1.5666666666666667,6.273451966348217e-05,99.99524105718106,C,Slow Moving
84732D,CUTE RABBIT CEATURE SCREEN ,15,10.89,6,1.23,6.267696505828632e-05,99.99530373414612,C,Slow Moving
90041,PEARL AND CHERRY QUARTZ BRACLET,3,10.5,2,3.5,6.0432335455647953e-05,99.99536416648158,C,Slow Moving
21496,WOODLAND CREATURES  WRAP,25,10.5,1,0.42,6.0432335455647953e-05,99.99542459881704,C,Slow Moving
16169G,WRAP ROMANTIC DECOUPAGE,25,10.5,1,0.42,6.0432335455647953e-05,99.9954850311525,C,Slow Moving
16169A,WRAP CHRISTMAS DECOUPAGE,25,10.5,1,0.42,6.0432335455647953e-05,99.99554546348796,C,Slow Moving
22959,"WRAPPING PAPER, XMAS VILLAGE",25,10.5,1,0.42,6.0432335455647953e-05,99.99560589582342,C,Slow Moving
17084G,MOON INCENSE,50,10.5,2,0.21,6.0432335455647953e-05,99.99566632815888,C,Slow Moving
22343,PARTY PIZZA DISH RED+WHITE SPOT ,12,10.2,1,0.85,5.870569729977229e-05,99.99572503385617,C,Slow Moving
22346,PARTY PIZZA DISH GREEN+WHITE SPOT ,12,10.2,1,0.85,5.870569729977229e-05,99.99578373955347,C,Slow Moving
20939,ORANGE CANDLE,12,10.2,1,0.85,5.870569729977229e-05,99.99584244525077,C,Slow Moving
22196,HEART MEASURING SPOONS SMALL,12,10.2,1,0.85,5.870569729977229e-05,99.99590115094807,C,Slow Moving
23086,ZINC STAR T-LIGHT HOLDER ,8,10.0,1,1.25,5.755460519585519e-05,99.99595870555326,C,Slow Moving
22829,BROCANTE SHELF WITH HOOKS,1,9.95,1,9.95,5.726683216987592e-05,99.99601597238544,C,Slow Moving
90214Z,"LETTER ""Z"" BLING KEY RING",17,9.73,5,1.058,5.6000630855567105e-05,99.99607197301629,C,Slow Moving
81953P,ROUND ARTICULATED PINK CLOCK W/SUCK,33,9.57,6,0.52,5.507975717243343e-05,99.99612705277346,C,Slow Moving
20822,SILVER WINE GOBLET,2,9.3,1,4.65,5.352578283214533e-05,99.99618057855629,C,Slow Moving
72708,SCULPTED ROUND IVORY CANDLE ,44,9.24,5,0.21000000000000002,5.318045520097021e-05,99.99623375901149,C,Slow Moving
84450B,PINK/YELLOW RABBIT SAT EASTER,22,9.24,4,0.42,5.318045520097021e-05,99.99628693946669,C,Slow Moving
23441,HAND PAINTED HANGING EASTER EGG,22,9.24,3,0.42,5.318045520097021e-05,99.99634011992188,C,Slow Moving
35598C,WHITE CHRISTMAS TREE 60CM,3,8.850000000000001,3,2.9500000000000006,5.093582559833186e-05,99.99639105574748,C,Slow Moving
18098B,BLUE PORCELAIN B'FLY OIL BURNER,3,8.850000000000001,3,2.9500000000000006,5.093582559833186e-05,99.99644199157308,C,Slow Moving
71496B,A4 WALL TIDY RED FLOWERS,15,8.67,6,0.59,4.989984270480646e-05,99.99649189141579,C,Slow Moving
84572,6 HOOK JEWEL STAND LILAC DRESS,1,8.49,1,8.49,4.886385981128106e-05,99.9965407552756,C,Slow Moving
47591C,BLUE FAIRY CAKE CHILDRENS APRON,4,7.8,4,1.95,4.489259205276705e-05,99.99658564786766,C,Slow Moving
90188,DROP EARRINGS W FLOWER & LEAF,3,7.6499999999999995,3,2.55,4.4029272974829225e-05,99.99662967714063,C,Slow Moving
44091A,BLUE CRUSOE CHECK LAMPSHADE,18,7.56,6,0.42,4.351128152806652e-05,99.99667318842216,C,Slow Moving
82011E,"BATHROOM SCALES, FAG BREAK",2,7.5,2,3.75,4.31659538968914e-05,99.99671635437606,C,Slow Moving
90025F,BAROQUE BUTTERFLY EARRINGS CRYSTAL,2,7.5,2,3.75,4.31659538968914e-05,99.99675952032996,C,Slow Moving
84366,VENDETTA CANVAS PICTURE,2,7.5,2,3.75,4.31659538968914e-05,99.99680268628386,C,Slow Moving
20942,SET/6 GINGERBREAD TREE T-LIGHTS,6,7.5,4,1.25,4.31659538968914e-05,99.99684585223775,C,Slow Moving
84509E,CAROUSEL PLACEMATS ,2,7.5,2,3.75,4.31659538968914e-05,99.99688901819165,C,Slow Moving
46037A,PINK CANVAS DES CUSHION COVER ,6,7.5,2,1.25,4.31659538968914e-05,99.99693218414555,C,Slow Moving
90025A,BAROQUE BUTTERFLY EARRINGS BLACK,2,7.5,2,3.75,4.31659538968914e-05,99.99697535009945,C,Slow Moving
90025C,BAROQUE BUTTERFLY EARRINGS GREEN,2,7.5,2,3.75,4.31659538968914e-05,99.99701851605334,C,Slow Moving
90025D,BAROQUE BUTTERFLY EARRINGS PINK,2,7.5,2,3.75,4.31659538968914e-05,99.99706168200724,C,Slow Moving
90111,BLUE HIBISCUS  HAIR CLIP,7,7.35,6,1.05,4.2302634818953565e-05,99.99710398464207,C,Slow Moving
35001P,HAND OPEN SHAPE PINK,2,6.98,2,3.49,4.017311442670693e-05,99.9971441577565,C,Slow Moving
85230C,ROSE SCENTED VOTIVE CANDLE,24,6.959999999999999,1,0.29,4.0058005216315215e-05,99.9971842157617,C,Slow Moving
85230D,VANILLA SCENTED VOTIVE CANDLE,24,6.959999999999999,1,0.29,4.0058005216315215e-05,99.99722427376692,C,Slow Moving
21852,EMPIRE TEDDY,1,6.95,1,6.95,4.0000450611119365e-05,99.99726427421753,C,Slow Moving
37484,ENGLISH ROSE TEA FOR ONE GIFT BOX,1,6.75,1,6.75,3.884935850720226e-05,99.99730312357603,C,Slow Moving
22843,"BISCUIT TIN, MINT,IVORY, VINTAGE",1,6.75,1,6.75,3.884935850720226e-05,99.99734197293454,C,Slow Moving
48173A,DOOR MAT BLUE FLOCK,1,6.75,1,6.75,3.884935850720226e-05,99.99738082229304,C,Slow Moving
90187A,BLUE DROP EARRINGS W BEAD CLUSTER,2,6.7,1,3.35,3.8561585481222984e-05,99.99741938387852,C,Slow Moving
20858,SILVER PURSE GOLD PINK BUTTERFLY,4,6.6,1,1.65,3.798603942926443e-05,99.99745736991795,C,Slow Moving
20678,LARGE BLACK DIAMANTE HAIRSLIDE,4,6.6,1,1.65,3.798603942926443e-05,99.99749535595738,C,Slow Moving
90082C,DIAMANTE BOW BROOCH WHITE COLOUR,1,6.35,1,6.35,3.6547174299368044e-05,99.99753190313169,C,Slow Moving
47592B,SCOTTIE DOGS CHILDRENS OVERALL,3,6.300000000000001,1,2.1,3.625940127338878e-05,99.99756816253296,C,Slow Moving
79140,ASS WINDPROOF MARIJUANA LIGHTERS,15,6.3,2,0.42,3.625940127338877e-05,99.99760442193423,C,Slow Moving
37408,ASSORTED DESIGN GEISHA GIRL MUGS,5,6.25,1,1.25,3.59716282474095e-05,99.99764039356248,C,Slow Moving
82072,WHITE WOOD SINGLE P/FRAME,5,6.25,3,1.25,3.59716282474095e-05,99.99767636519073,C,Slow Moving
20673,STRAWBERRIES PRINT BOWL,5,6.25,2,1.25,3.59716282474095e-05,99.99771233681898,C,Slow Moving
90214W,"LETTER ""W"" BLING KEY RING",14,5.9799999999999995,3,0.93,3.44176539071214e-05,99.99774675447289,C,Slow Moving
90000C,OPAL WHITE/SILVER FLOWER NECKLACE,1,5.95,1,5.95,3.4244990091533844e-05,99.99778099946298,C,Slow Moving
72751C,"F.FAIRY S/3 SML CANDLE, ROSE",1,5.95,1,5.95,3.4244990091533844e-05,99.99781524445307,C,Slow Moving
72751B,"F.FAIRY S/3 SML CANDLE, LAVENDER",1,5.95,1,5.95,3.4244990091533844e-05,99.99784948944315,C,Slow Moving
72751A,"F.FAIRY S/3 SML CANDLE,LILY/VALLEY",1,5.95,1,5.95,3.4244990091533844e-05,99.99788373443324,C,Slow Moving
37409,ASSORTED DESIGN FLOWER MUGS,7,5.949999999999999,3,0.85,3.424499009153384e-05,99.99791797942333,C,Slow Moving
90011A,MIDNIGHT BLUE CRYSTAL DROP EARRINGS,2,5.9,2,2.95,3.395721706555457e-05,99.9979519366404,C,Slow Moving
90183C,BLACK DROP EARRINGS W LONG BEADS,2,5.9,2,2.95,3.395721706555457e-05,99.99798589385748,C,Slow Moving
84247J,PACK/12 RUSSIAN DOLL CARDS,2,5.9,2,2.95,3.395721706555457e-05,99.99801985107455,C,Slow Moving
35821P,"JEWELLED DECORATION,PINK",2,5.9,2,2.95,3.395721706555457e-05,99.99805380829162,C,Slow Moving
90014B,GOLD M.O.P. ORBIT NECKLACE,2,5.9,2,2.95,3.395721706555457e-05,99.99808776550869,C,Slow Moving
20882,MODERN CHRISTMAS TREE CANDLE,2,5.9,1,2.95,3.395721706555457e-05,99.99812172272576,C,Slow Moving
22360,"GLASS JAR, ENGLISH CONFECTIONERY",2,5.9,1,2.95,3.395721706555457e-05,99.99815567994283,C,Slow Moving
18098A,PINK PORCELAIN B'FLY OIL BURNER,2,5.9,2,2.95,3.395721706555457e-05,99.9981896371599,C,Slow Moving
79303A,WHITE ROHMBIC BLOCK TABLE LAMP,2,5.9,1,2.95,3.395721706555457e-05,99.99822359437697,C,Slow Moving
90130C,GREEN STONE/CRYSTAL EARRINGS,2,5.9,2,2.95,3.395721706555457e-05,99.99825755159404,C,Slow Moving
35823P,"ACRYLIC BEAD GARLAND,PINK",2,5.9,2,2.95,3.395721706555457e-05,99.9982915088111,C,Slow Moving
35051B,PINK BEADED CONE CHRISTMAS,14,5.88,2,0.42,3.3842107855162856e-05,99.99832535091896,C,Slow Moving
84228,HEN HOUSE WITH CHICK STANDING,14,5.88,3,0.42,3.3842107855162856e-05,99.99835919302681,C,Slow Moving
85186B,BUNNY BUNCH OF FLOWERS,14,5.88,2,0.42,3.3842107855162856e-05,99.99839303513467,C,Slow Moving
35537,CANDLE RING W/CLEAR BEADS,13,5.46,3,0.42,3.1424814436936934e-05,99.9984244599491,C,Slow Moving
21838,DADDY MOUSE RED GINGHAM BOW TIE,1,5.45,1,5.45,3.1367259831741084e-05,99.99845582720894,C,Slow Moving
35751D,PINK CURRENT CANDLE RING,28,5.32,1,0.19,3.0619049964194965e-05,99.99848644625891,C,Slow Moving
84201B,HAPPY BIRTHDAY CARD STRIPEY TEDDY,28,5.32,6,0.19000000000000003,3.0619049964194965e-05,99.99851706530887,C,Slow Moving
16215,FUNKY GIRLZ MAGNETIC TO DO LIST ,8,5.2,3,0.65,2.9928394701844703e-05,99.99854699370357,C,Slow Moving
90054,CRACKED GLAZE EARRINGS RED,2,5.1,2,2.55,2.9352848649886147e-05,99.99857634655223,C,Slow Moving
71101A,ANGEL ON KNEES METAL POLE 100CM H,6,5.1,1,0.85,2.9352848649886147e-05,99.99860569940088,C,Slow Moving
35916B,BLUE FELT HANGING HEART WITH FLOWER,6,5.1,1,0.85,2.9352848649886147e-05,99.99863505224954,C,Slow Moving
84942,KASHMIR FOLKART HEART DISHES,3,5.07,3,1.6900000000000002,2.9180184834298585e-05,99.99866423243438,C,Slow Moving
85232C,RUSSIAN FOLKART STACKING TINS,1,4.95,1,4.95,2.8489529571948323e-05,99.99869272196395,C,Slow Moving
85043,RED HEART CANDY POP LIGHTS,1,4.95,1,4.95,2.8489529571948323e-05,99.99872121149352,C,Slow Moving
37451,CERAMIC CAKE TEAPOT WITH CHERRY,1,4.95,1,4.95,2.8489529571948323e-05,99.99874970102309,C,Slow Moving
90214U,"LETTER ""U"" BLING KEY RING",13,4.7299999999999995,2,0.77,2.7223328257639505e-05,99.99877692435135,C,Slow Moving
45014,FOLDING SHIRT TIDY,1,4.65,1,4.65,2.6762891416072666e-05,99.99880368724277,C,Slow Moving
79151B,"SILICON CUBE 25W, BLUE",11,4.62,2,0.42,2.6590227600485104e-05,99.99883027747038,C,Slow Moving
35817P,PINK ACRYLIC JEWEL SNOWFLAKE,12,4.5600000000000005,1,0.38,2.6244899969309974e-05,99.99885652237035,C,Slow Moving
81950V,FLOWER PURPLE CLOCK WITH SUCKER,15,4.35,3,0.29,2.5036253260197006e-05,99.99888155862361,C,Slow Moving
79157B,UBO-LIGHT TRIOBASE BLUE,5,4.25,3,0.85,2.446070720823846e-05,99.99890601933082,C,Slow Moving
21409,SPOTTY COCKEREL DOORSTOP,1,4.25,1,4.25,2.446070720823846e-05,99.99893048003803,C,Slow Moving
79157V,UBO-LIGHT TRIOBASE PURPLE,5,4.25,3,0.85,2.446070720823846e-05,99.99895494074524,C,Slow Moving
72752A,"F.FAIRY,CANDLE IN GLASS,LILY/VALLEY",1,4.25,1,4.25,2.446070720823846e-05,99.99897940145244,C,Slow Moving
84255A,PINK GLASS COCKTAIL LAMP,2,4.2,2,2.1,2.4172934182259183e-05,99.99900357438662,C,Slow Moving
90125E,AMBER BERTIE GLASS BEAD BAG CHARM,2,4.2,2,2.1,2.4172934182259183e-05,99.9990277473208,C,Slow Moving
20884,MODERN CHRISTMAS TREE CANDLE ,2,4.2,2,2.1,2.4172934182259183e-05,99.99905192025497,C,Slow Moving
20877,MODERN CHRISTMAS BAUBLE CANDLE ,10,4.2,3,0.42,2.4172934182259183e-05,99.99907609318915,C,Slow Moving
23391, I LOVE LONDON MINI RUCKSACK,1,4.15,1,4.15,2.388516115627991e-05,99.9990999783503,C,Slow Moving
37432,MUG PINK AND PURPLE ARABIC DESIGN,6,3.9,1,0.65,2.2446296026383526e-05,99.99912242464633,C,Slow Moving
72084B,CHOCOLATE ICE CREAM CANDLE,2,3.9,1,1.95,2.2446296026383526e-05,99.99914487094236,C,Slow Moving
16010,FOLDING CAMPING SCISSOR W/KNIF & S,32,3.84,4,0.12,2.2100968395208395e-05,99.99916697191075,C,Slow Moving
40046C,PINK BUTTERFLY PAPER LAMPSHADE,3,3.75,3,1.25,2.15829769484457e-05,99.9991885548877,C,Slow Moving
35974,S/6 CHRISTMAS TREE PLACE SETTING,1,3.75,1,3.75,2.15829769484457e-05,99.99921013786464,C,Slow Moving
90004A,JADE GREEN PAIR ENAMEL HAIR SLIDES,1,3.75,1,3.75,2.15829769484457e-05,99.99923172084158,C,Slow Moving
37438,FUNKY FLOWER COFFEE POT,1,3.75,1,3.75,2.15829769484457e-05,99.99925330381852,C,Slow Moving
90128D,PURPLE LEAVES AND BEADS PHONE CHAR,3,3.75,2,1.25,2.15829769484457e-05,99.99927488679546,C,Slow Moving
90025B,BAROQUE BUTTERFLY EARRINGS RED,1,3.75,1,3.75,2.15829769484457e-05,99.9992964697724,C,Slow Moving
84731,3 BIRDS CANVAS SCREEN,3,3.69,3,1.23,2.1237649317270565e-05,99.99931770742172,C,Slow Moving
21081,SET/20 POSIES PAPER NAPKINS,4,3.4,4,0.85,1.9568565766590766e-05,99.99933727598749,C,Slow Moving
35995,SET/6 BLACK GLITTER REINDEER CANDLE,4,3.36,4,0.84,1.9338347345807346e-05,99.99935661433483,C,Slow Moving
20683,RAIN GIRL CHILDS UMBRELLA,1,3.25,1,3.25,1.870524668865294e-05,99.99937531958152,C,Slow Moving
23630,SET 10 CARDS HANGING BAUBLES 17080,1,2.99,1,2.99,1.7208826953560705e-05,99.99939252840846,C,Slow Moving
90014C,SILVER AND BLACK ORBIT NECKLACE,1,2.95,1,2.95,1.6978608532777285e-05,99.99940950701699,C,Slow Moving
20885,BOX OF 3 PEBBLE CANDLES,1,2.95,1,2.95,1.6978608532777285e-05,99.99942648562552,C,Slow Moving
90011E,AMBER CRYSTAL DROP EARRINGS,1,2.95,1,2.95,1.6978608532777285e-05,99.99944346423405,C,Slow Moving
62097A,PINK STRIPES SHOULDER BAG,1,2.95,1,2.95,1.6978608532777285e-05,99.99946044284258,C,Slow Moving
79301,FEATHER HEART LIGHTS,1,2.95,1,2.95,1.6978608532777285e-05,99.9994774214511,C,Slow Moving
21036,SET/2 TEA TOWELS MODERN VINTAGE,1,2.55,1,2.55,1.4676424324943073e-05,99.99949209787543,C,Slow Moving
85171,S/2 HYACINTH BULB CANDLES,1,2.55,1,2.55,1.4676424324943073e-05,99.99950677429976,C,Slow Moving
90055,CRACKED GLAZE EARRINGS BROWN,1,2.55,1,2.55,1.4676424324943073e-05,99.99952145072409,C,Slow Moving
47554,S/3 COLOURS FLOCK TEA TOWELS,1,2.55,1,2.55,1.4676424324943073e-05,99.99953612714842,C,Slow Moving
47556,SET/2 SPOTTY + ROSE TEA TOWELS ,1,2.55,1,2.55,1.4676424324943073e-05,99.99955080357275,C,Slow Moving
71434B,"BLACK RND BULLET""KEEP CLEAN"" BIN",1,2.55,1,2.55,1.4676424324943073e-05,99.99956547999707,C,Slow Moving
81953B,ROUND ARTICULATED BLUE CLOCK W/SUCK,3,2.55,3,0.85,1.4676424324943073e-05,99.9995801564214,C,Slow Moving
47569,ENGLISH ROSE DESIGN SHOPPING BAG,1,2.55,1,2.55,1.4676424324943073e-05,99.99959483284573,C,Slow Moving
35999,S/6 SCANDINAVIAN HEART T-LIGHT,1,2.55,1,2.55,1.4676424324943073e-05,99.99960950927006,C,Slow Moving
21493,VINTAGE DESIGN GIFT TAGS,3,2.55,2,0.85,1.4676424324943073e-05,99.99962418569439,C,Slow Moving
90077,BLACK DIAMOND CLUSTER EARRINGS,1,2.55,1,2.55,1.4676424324943073e-05,99.99963886211872,C,Slow Moving
90091,CRYSTAL DRAGONFLY PHONE CHARM,3,2.55,2,0.85,1.4676424324943073e-05,99.99965353854304,C,Slow Moving
17028J,INCENSE BAZAAR PEACH,6,2.52,1,0.42,1.4503760509355508e-05,99.99966804230355,C,Slow Moving
90127B,BLUE BEADS+HAND PHONE CHARM,2,2.5,2,1.25,1.4388651298963798e-05,99.99968243095485,C,Slow Moving
90071,RUBY GLASS CLUSTER EARRINGS,2,2.5,2,1.25,1.4388651298963798e-05,99.99969681960614,C,Slow Moving
21225,POCKET MIRROR BUTTERFLY ,2,2.5,2,1.25,1.4388651298963798e-05,99.99971120825744,C,Slow Moving
84250M,"GREETING CARD, BLACKPOOL ROCK",12,2.28,1,0.19,1.3122449984654983e-05,99.99972433070742,C,Slow Moving
20620,RED SPOTTY PASSPORT COVER,1,2.1,1,2.1,1.2086467091129591e-05,99.99973641717452,C,Slow Moving
81953B,ROUND BLUE CLOCK WITH SUCKER,11,2.09,3,0.19,1.2028912485933734e-05,99.999748446087,C,Slow Moving
17061,ASSORTED SHAPED STENCIL FOR HENNA,52,2.08,1,0.04,1.1971357880737882e-05,99.99976041744488,C,Slow Moving
85192S,HANGING SPRING FLOWER HEART SMALL,3,1.9500000000000002,2,0.65,1.1223148013191765e-05,99.99977164059288,C,Slow Moving
22631,CIRCUS PARADE LUNCHBOX ,1,1.95,1,1.95,1.1223148013191763e-05,99.99978286374089,C,Slow Moving
46138D,GREEN CHENILLE SHAGGY C/COVER,1,1.95,1,1.95,1.1223148013191763e-05,99.9997940868889,C,Slow Moving
84814A,HEXAGONAL CRYSTAL PERFUME BOTTLE,1,1.95,1,1.95,1.1223148013191763e-05,99.9998053100369,C,Slow Moving
35945,GOLD CHRISTMAS STOCKING DECORATION,1,1.95,1,1.95,1.1223148013191763e-05,99.99981653318491,C,Slow Moving
22659,LUNCHBOX I LOVE LONDON,1,1.95,1,1.95,1.1223148013191763e-05,99.99982775633292,C,Slow Moving
84201C,HAPPY BIRTHDAY CARD TEDDY/CAKE,10,1.9,3,0.19000000000000003,1.0935374987212488e-05,99.99983869170791,C,Slow Moving
84206C,CHAMPAGNE TRAY BLANK CARD,10,1.9,4,0.19,1.0935374987212488e-05,99.9998496270829,C,Slow Moving
35837,SET OF SIX SILVER+RED FLOCK BAUBLES,2,1.7,1,0.85,9.784282883295383e-06,99.99985941136578,C,Slow Moving
20881,MODERN CHRISTMAS TREE CANDLE,2,1.7,1,0.85,9.784282883295383e-06,99.99986919564866,C,Slow Moving
72754D,F FAIRY POTPOURRI CUSHIONS SUMMER,1,1.69,1,1.69,9.726728278099527e-06,99.99987892237694,C,Slow Moving
10109,BENDY COLOUR PENCILS,4,1.68,1,0.42,9.669173672903673e-06,99.99988859155062,C,Slow Moving
21585,SWALLOW SMALL TUBE MATCHES,1,1.65,1,1.65,9.496509857316108e-06,99.99989808806048,C,Slow Moving
85024A,CRYSTAL SMALL JEWELLED PHOTOFRAME,1,1.65,1,1.65,9.496509857316108e-06,99.99990758457034,C,Slow Moving
72796C,S/3 ROSE GARDEN SCENT SQU CANDLE,1,1.65,1,1.65,9.496509857316108e-06,99.9999170810802,C,Slow Moving
23664,FLOWER SHOP DESIGN MUG,1,1.65,1,1.65,9.496509857316108e-06,99.99992657759006,C,Slow Moving
35980B,RED TOP SCANDINAVIAN HEART ,4,1.52,2,0.38,8.74829998976999e-06,99.99993532589005,C,Slow Moving
84845A,HOLLYHOCK SQUARE HANDY TIN,1,1.25,1,1.25,7.194325649481899e-06,99.9999425202157,C,Slow Moving
35950,FOLKART HEART CHRISTMAS DECORATIONS,1,1.25,1,1.25,7.194325649481899e-06,99.99994971454134,C,Slow Moving
37326,FAIRY DESIGN MUGS,1,1.25,1,1.25,7.194325649481899e-06,99.99995690886699,C,Slow Moving
23370,SET 36 COLOURING PENCILS DOILEY,1,1.25,1,1.25,7.194325649481899e-06,99.99996410319264,C,Slow Moving
35976B,WHITE SCANDINAVIAN HEART CHRISTMAS,1,1.25,1,1.25,7.194325649481899e-06,99.99997129751829,C,Slow Moving
TEST002,This is a test product.,1,1.0,1,1.0,5.75546051958552e-06,99.9999770529788,C,Slow Moving
84206B,CAT WITH SUNGLASSES BLANK CARD,5,0.95,1,0.19,5.467687493606244e-06,99.9999825206663,C,Slow Moving
20721,OWLS CHARLOTTE BAG,1,0.85,1,0.85,4.892141441647691e-06,99.99998741280774,C,Slow Moving
84206B,CAT W SUNGLASSES BLANK CARD,4,0.76,1,0.19,4.374149994884995e-06,99.99999178695774,C,Slow Moving
23366,SET 12 COLOURING PENCILS DOILEY,1,0.65,1,0.65,3.741049337730588e-06,99.99999552800708,C,Slow Moving
84205C,HAPPY BIRTHDAY GINGER CAT CARD,2,0.38,1,0.19,2.1870749974424977e-06,99.99999771508207,C,Slow Moving
35930,PINK HEART CHRISTMAS DECORATION,1,0.38,1,0.38,2.1870749974424977e-06,99.99999990215707,C,Slow Moving
PADS,PADS TO MATCH ALL CUSHIONS,17,0.017,17,0.001,9.784282883295385e-08,99.9999999999999,C,Slow Moving
