CustomerID,FirstPurchaseDate,LastPurchaseDate,TotalInvoices,TotalQuantity,TotalRevenue,AvgOrderValue,AvgBasketSize,AvgUniqueProducts,PreferredPurchaseHour,PreferredSeason,Country,Recency,Frequency,Monetary,Cluster,CustomerSegment
12346.0,2009-12-14 08:34:00,2011-01-18 10:01:00,12,74285,77556.46,2281.0723529411766,2195.5,11.647058823529411,13,Summer,United Kingdom,326,12,77556.46,0,Regular Customers
12347.0,2010-10-31 14:20:00,2011-12-07 15:52:00,8,2967,4921.53,22.16905405405405,425.5945945945946,32.054054054054056,14,Autumn,Iceland,2,8,4921.53,0,Regular Customers
12348.0,2010-09-27 14:59:00,2011-09-25 13:13:00,5,2714,2019.4,39.59607843137255,674.1176470588235,13.549019607843135,14,Autumn,Finland,75,5,2019.4,0,Regular Customers
12349.0,2010-04-29 13:20:00,2011-11-21 09:51:00,4,1624,4428.6900000000005,25.306800000000003,550.6685714285715,59.83428571428571,9,Autumn,Italy,19,4,4428.69,0,Regular Customers
12350.0,2011-02-02 16:01:00,2011-02-02 16:01:00,1,197,334.40000000000003,19.67058823529412,197.0,17.0,16,Winter,Norway,310,1,334.4,1,At-Risk Customers
12351.0,2010-11-29 15:23:00,2010-11-29 15:23:00,1,261,300.93,14.33,261.0,21.0,15,Autumn,Unspecified,375,1,300.93,1,At-Risk Customers
12352.0,2010-11-12 10:20:00,2011-11-03 14:37:00,10,724,2849.84,27.668349514563108,85.85436893203884,12.533980582524272,14,Autumn,Norway,36,10,2849.84,0,Regular Customers
12353.0,2010-10-27 12:44:00,2011-05-19 17:47:00,2,212,406.76,16.948333333333334,163.33333333333334,17.333333333333332,12,Autumn,Bahrain,204,2,406.76,0,Regular Customers
12354.0,2011-04-21 13:11:00,2011-04-21 13:11:00,1,530,1079.4,18.610344827586207,530.0,58.0,13,Spring,Spain,232,1,1079.4,0,Regular Customers
12355.0,2010-05-21 11:59:00,2011-05-09 13:49:00,2,543,947.61,27.074571428571428,279.6,18.65714285714286,11,Spring,Bahrain,214,2,947.61,0,Regular Customers
12356.0,2010-10-11 09:42:00,2011-11-17 08:40:00,6,3416,6371.7300000000005,44.87133802816902,731.4507042253521,29.295774647887324,9,Autumn,Portugal,23,6,6371.73,0,Regular Customers
12357.0,2010-11-16 10:05:00,2011-11-06 16:07:00,3,6587,18287.66,61.78263513513514,3347.097972972973,148.84459459459458,10,Autumn,Switzerland,33,3,18287.66,0,Regular Customers
12358.0,2009-12-08 07:59:00,2011-12-08 10:26:00,5,1079,3887.07,50.48142857142857,234.93506493506493,17.103896103896105,10,Summer,Austria,2,5,3887.07,0,Regular Customers
12359.0,2009-12-05 13:32:00,2011-10-13 12:47:00,10,2739,8873.39,24.5121270718232,408.0193370165746,60.72928176795581,12,Autumn,Cyprus,58,10,8873.39,0,Regular Customers
12360.0,2010-02-22 09:32:00,2011-10-18 15:22:00,8,2459,4252.89,19.59857142857143,456.1658986175115,40.84331797235023,9,Autumn,Austria,52,8,4252.89,0,Regular Customers
12361.0,2010-01-26 14:37:00,2011-02-25 13:51:00,4,235,511.25,17.629310344827587,62.72413793103448,7.620689655172414,15,Winter,Belgium,287,4,511.25,1,At-Risk Customers
12362.0,2009-12-01 10:10:00,2011-12-06 15:40:00,11,2230,5356.2300000000005,20.06078651685393,231.31086142322096,28.580524344569287,15,Autumn,Belgium,3,11,5356.23,0,Regular Customers
12363.0,2011-04-11 13:29:00,2011-08-22 10:18:00,2,408,552.0,24.0,234.5217391304348,13.26086956521739,13,Spring,Unspecified,110,2,552.0,0,Regular Customers
12364.0,2011-08-19 15:24:00,2011-12-02 10:22:00,4,1506,1313.1,15.448235294117646,455.08235294117645,27.91764705882353,15,Summer,Belgium,8,4,1313.1,0,Regular Customers
12365.0,2011-02-21 13:51:00,2011-02-21 14:04:00,2,174,641.38,29.15363636363636,165.1818181818182,20.09090909090909,13,Winter,Cyprus,291,2,641.38,1,At-Risk Customers
12366.0,2010-03-16 10:28:00,2010-03-16 10:28:00,1,296,500.24,166.74666666666667,296.0,3.0,10,Spring,Cyprus,634,1,500.24,1,At-Risk Customers
12367.0,2011-12-05 16:48:00,2011-12-05 16:48:00,1,173,168.9,15.354545454545455,173.0,11.0,16,Winter,Denmark,4,1,168.9,0,Regular Customers
12368.0,2010-03-21 15:56:00,2010-03-21 15:56:00,1,330,917.7,50.98333333333333,330.0,18.0,15,Spring,Cyprus,628,1,917.7,1,At-Risk Customers
12369.0,2010-03-08 08:09:00,2010-10-22 13:13:00,3,1241,1791.15,19.25967741935484,791.4516129032259,62.2258064516129,14,Autumn,Austria,413,3,1791.15,1,At-Risk Customers
12370.0,2010-02-09 09:41:00,2011-10-19 14:51:00,7,2604,4316.56,21.47542288557214,692.4179104477612,52.53233830845771,12,Winter,Cyprus,51,7,4316.56,0,Regular Customers
12371.0,2010-03-04 18:23:00,2011-10-26 10:16:00,5,1436,4067.38,24.35556886227545,490.3413173652695,55.82634730538922,13,Autumn,Switzerland,45,5,4067.38,0,Regular Customers
12372.0,2011-02-16 12:46:00,2011-09-29 12:12:00,3,794,1298.04,24.962307692307693,271.11538461538464,17.884615384615383,12,Winter,Denmark,72,3,1298.04,0,Regular Customers
12373.0,2010-02-04 12:08:00,2011-02-01 13:10:00,3,516,1127.65,22.11078431372549,174.54901960784315,17.50980392156863,13,Winter,Austria,311,3,1127.65,1,At-Risk Customers
12374.0,2010-04-30 14:01:00,2011-11-14 15:37:00,4,1362,2989.2200000000003,36.01469879518073,516.144578313253,30.783132530120483,14,Autumn,Austria,25,4,2989.2200000000003,0,Regular Customers
12375.0,2011-09-02 14:23:00,2011-11-29 10:36:00,2,178,457.5,26.91176470588235,88.41176470588235,9.235294117647058,14,Autumn,Finland,11,2,457.5,0,Regular Customers
12376.0,2010-10-18 08:42:00,2010-11-15 12:15:00,2,240,503.15,38.70384615384615,177.46153846153845,9.615384615384617,8,Autumn,Switzerland,390,2,503.15,1,At-Risk Customers
12377.0,2010-04-29 15:34:00,2011-01-28 15:45:00,4,2105,3426.32,22.54157894736842,565.1644736842105,39.46052631578947,15,Winter,Switzerland,315,4,3426.32,1,At-Risk Customers
12378.0,2010-05-26 14:07:00,2011-08-02 10:34:00,2,3316,5416.32,17.994418604651162,2054.435215946844,181.67774086378736,10,Summer,Switzerland,130,2,5416.32,0,Regular Customers
12379.0,2010-06-23 12:49:00,2011-09-19 10:09:00,4,815,1620.22,20.00271604938272,206.28395061728395,20.40740740740741,14,Autumn,Belgium,82,4,1620.22,0,Regular Customers
12380.0,2010-02-15 12:05:00,2011-11-18 11:27:00,11,3355,9676.3,34.93249097472925,481.014440433213,38.27797833935018,15,Summer,Belgium,22,11,9676.3,0,Regular Customers
12381.0,2011-08-12 09:57:00,2011-12-05 12:44:00,5,808,1845.31,21.21045977011494,439.0574712643678,47.71264367816092,9,Summer,Norway,5,5,1845.31,0,Regular Customers
12383.0,2010-12-22 14:28:00,2011-06-08 08:02:00,5,1532,1850.56,18.69252525252525,489.8989898989899,27.282828282828284,14,Winter,Belgium,185,5,1850.56,0,Regular Customers
12384.0,2011-08-10 11:23:00,2011-11-11 08:39:00,2,126,585.27,21.676666666666662,62.96296296296296,13.51851851851852,11,Summer,Switzerland,29,2,585.27,0,Regular Customers
12385.0,2010-11-25 15:14:00,2010-11-25 15:14:00,1,612,1938.4,29.821538461538463,612.0,65.0,15,Autumn,Belgium,379,1,1938.4,1,At-Risk Customers
12386.0,2010-12-08 09:53:00,2011-01-06 12:37:00,2,354,401.9,40.19,199.2,6.8,9,Winter,Australia,338,2,401.9,1,At-Risk Customers
12387.0,2010-10-20 16:27:00,2010-10-20 16:27:00,1,134,143.94,15.993333333333332,134.0,9.0,16,Autumn,Australia,415,1,143.94,1,At-Risk Customers
12388.0,2010-05-06 12:54:00,2011-11-24 12:30:00,8,2001,3901.11,26.71993150684932,306.1438356164384,22.91780821917808,12,Autumn,Australia,16,8,3901.11,0,Regular Customers
12389.0,2010-02-22 10:15:00,2010-11-02 11:52:00,3,614,1433.33,29.251632653061225,253.6326530612245,19.693877551020407,11,Autumn,Australia,403,3,1433.33,1,At-Risk Customers
12390.0,2011-09-21 09:33:00,2011-09-21 09:33:00,1,353,549.84,17.1825,353.0,32.0,9,Autumn,Belgium,80,1,549.84,0,Regular Customers
12391.0,2010-02-15 10:12:00,2011-11-18 12:07:00,6,1204,2724.84,10.205393258426966,266.5580524344569,68.27715355805243,12,Autumn,Cyprus,22,6,2724.84,0,Regular Customers
12392.0,2010-04-27 14:04:00,2010-04-27 14:04:00,1,73,234.75000000000003,33.53571428571429,73.0,7.0,14,Spring,Australia,591,1,234.75000000000003,1,At-Risk Customers
12393.0,2010-10-07 13:49:00,2011-09-28 15:41:00,6,1311,2399.45,22.424766355140186,258.32710280373834,20.97196261682243,9,Autumn,Australia,72,6,2399.4500000000003,0,Regular Customers
12394.0,2011-05-06 14:01:00,2011-10-07 08:08:00,2,819,1272.48,47.12888888888889,283.1111111111111,17.666666666666668,14,Spring,Belgium,64,2,1272.48,0,Regular Customers
12395.0,2010-04-16 10:16:00,2011-11-20 15:21:00,15,3205,4721.17,19.50896694214876,298.5123966942149,22.446280991735534,16,Spring,Belgium,19,15,4721.17,0,Regular Customers
12396.0,2010-02-03 13:22:00,2010-02-03 13:22:00,1,591,931.43,14.329692307692309,591.0,65.0,13,Winter,RSA,674,1,931.43,1,At-Risk Customers
12397.0,2011-07-27 14:21:00,2011-11-04 09:52:00,2,1263,2409.9,19.12619047619048,639.5555555555555,63.77777777777778,14,Summer,Belgium,36,2,2409.9,0,Regular Customers
12398.0,2011-10-25 10:27:00,2011-10-25 10:27:00,1,1394,1635.66,19.24305882352941,1394.0,85.0,10,Autumn,Switzerland,46,1,1635.66,0,Regular Customers
12399.0,2010-03-05 08:45:00,2011-08-12 13:15:00,7,2198,1962.3,17.83909090909091,358.6636363636364,17.672727272727272,9,Spring,Belgium,119,7,1962.3,0,Regular Customers
12400.0,2010-10-21 13:45:00,2010-10-21 13:45:00,1,91,205.25,18.65909090909091,91.0,11.0,13,Autumn,Australia,414,1,205.25,1,At-Risk Customers
12401.0,2011-02-09 13:50:00,2011-02-09 13:50:00,1,11,84.3,16.86,11.0,5.0,13,Winter,Belgium,303,1,84.3,1,At-Risk Customers
12402.0,2010-02-07 12:41:00,2011-01-20 13:49:00,6,584,1256.9,17.955714285714286,103.88571428571429,12.2,12,Winter,Belgium,323,6,1256.9,1,At-Risk Customers
12403.0,2010-07-06 11:39:00,2011-10-21 10:51:00,2,260,1019.36,113.26222222222222,126.22222222222224,4.555555555555555,10,Autumn,Denmark,50,2,1019.36,0,Regular Customers
12404.0,2010-01-26 16:25:00,2010-01-26 16:25:00,1,1,63.24,63.24,1.0,1.0,16,Winter,Finland,682,1,63.24,1,At-Risk Customers
12405.0,2011-07-14 08:52:00,2011-07-14 08:52:00,1,857,1710.39,31.67388888888889,857.0,54.0,8,Summer,Finland,149,1,1710.39,0,Regular Customers
12406.0,2010-01-11 14:04:00,2011-11-17 19:22:00,5,3416,6390.36,38.49614457831325,771.9096385542168,41.5,19,Autumn,Denmark,22,5,6390.36,0,Regular Customers
12407.0,2011-03-20 13:21:00,2011-10-21 10:11:00,5,1416,1708.12,22.18337662337662,342.987012987013,21.337662337662337,9,Summer,Belgium,50,5,1708.12,0,Regular Customers
12408.0,2010-07-29 13:27:00,2011-11-07 12:27:00,8,2229,4340.77,27.30044025157233,336.9245283018868,24.144654088050316,13,Autumn,Belgium,33,8,4340.77,0,Regular Customers
12409.0,2010-05-23 15:21:00,2011-09-22 10:38:00,7,13143,23419.29,88.70943181818183,3373.2916666666665,67.54545454545455,10,Autumn,Switzerland,79,7,23419.29,0,Regular Customers
12410.0,2010-07-25 13:26:00,2011-02-04 10:39:00,3,341,1013.71,25.34275,157.95,17.4,10,Winter,Switzerland,309,3,1013.71,1,At-Risk Customers
12411.0,2010-10-26 09:25:00,2010-10-26 09:25:00,1,138,346.9,15.768181818181818,138.0,22.0,9,Autumn,Australia,410,1,346.9,1,At-Risk Customers
12412.0,2010-06-18 13:22:00,2011-09-26 10:16:00,6,1997,2596.93,20.448267716535437,383.8110236220472,23.992125984251967,13,Summer,Denmark,75,6,2596.93,0,Regular Customers
12413.0,2010-11-02 13:26:00,2011-10-04 09:00:00,4,319,999.45,19.59705882352941,110.96078431372548,16.88235294117647,16,Winter,France,67,4,999.45,0,Regular Customers
12414.0,2010-09-02 12:22:00,2011-05-06 14:51:00,6,495,952.41,34.01464285714286,120.64285714285714,6.285714285714286,14,Spring,Austria,217,6,952.41,0,Regular Customers
12415.0,2010-06-30 08:30:00,2011-11-15 14:22:00,28,91447,144458.37,156.00255939524837,8202.316414686826,82.21166306695464,15,Summer,Australia,24,28,144458.37,3,Loyal Customers
12416.0,2010-02-21 10:19:00,2010-02-21 10:19:00,1,132,202.56,18.41454545454545,132.0,11.0,10,Winter,Australia,657,1,202.56,1,At-Risk Customers
12417.0,2009-12-06 10:30:00,2011-12-06 14:52:00,20,2884,6797.41,18.42116531165312,169.78861788617886,21.37940379403794,10,Summer,Belgium,3,20,6797.41,0,Regular Customers
12418.0,2010-03-19 14:47:00,2011-08-19 11:08:00,4,1088,2021.2,19.815686274509805,297.3921568627451,27.176470588235293,11,Spring,Switzerland,113,4,2021.2,0,Regular Customers
12419.0,2010-10-22 10:40:00,2010-11-19 10:04:00,2,231,503.01,20.1204,171.0,17.0,10,Autumn,Spain,386,2,503.01,1,At-Risk Customers
12420.0,2011-10-07 08:55:00,2011-10-07 08:55:00,1,345,600.39,20.70310344827586,345.0,29.0,8,Autumn,Cyprus,64,1,600.39,0,Regular Customers
12421.0,2010-07-22 13:57:00,2011-11-24 09:07:00,6,652,1098.6,16.90153846153846,122.23076923076924,12.169230769230769,13,Summer,Spain,16,6,1098.6,0,Regular Customers
12422.0,2009-12-18 12:44:00,2011-09-05 09:48:00,17,2596,5231.8,30.41744186046512,220.4593023255814,16.325581395348838,13,Autumn,Switzerland,96,17,5231.8,0,Regular Customers
12423.0,2010-08-31 09:31:00,2011-12-09 10:10:00,10,1793,2622.39,15.893272727272729,202.0484848484849,18.454545454545453,10,Spring,Belgium,1,10,2622.39,0,Regular Customers
12424.0,2010-06-09 15:15:00,2011-06-30 12:06:00,4,2025,3340.03,36.30467391304347,658.5108695652174,32.73913043478261,10,Autumn,Australia,163,4,3340.03,0,Regular Customers
12425.0,2010-09-17 14:10:00,2011-09-22 17:31:00,2,1147,1741.41,19.136373626373626,589.6813186813187,47.48351648351648,14,Autumn,Portugal,78,2,1741.41,0,Regular Customers
12426.0,2010-02-15 08:41:00,2011-05-29 12:26:00,2,584,1345.21,17.470259740259742,299.5064935064935,40.37662337662338,8,Winter,Germany,195,2,1345.21,0,Regular Customers
12427.0,2010-12-03 10:44:00,2011-11-18 08:56:00,3,533,825.8000000000001,26.63870967741936,146.4516129032258,11.64516129032258,15,Autumn,Germany,22,3,825.8,0,Regular Customers
12428.0,2011-03-01 09:33:00,2011-11-14 08:22:00,9,3536,7956.46,27.062789115646257,785.078231292517,69.63265306122449,9,Spring,Finland,26,9,7956.46,0,Regular Customers
12429.0,2010-06-11 13:28:00,2011-11-30 17:22:00,8,2890,6204.41,40.55169934640523,425.4313725490196,23.77124183006536,12,Autumn,Denmark,9,8,6204.41,0,Regular Customers
12430.0,2011-10-27 15:09:00,2011-10-27 15:09:00,1,117,256.4,23.30909090909091,117.0,11.0,15,Autumn,Norway,43,1,256.4,0,Regular Customers
12431.0,2010-01-15 09:04:00,2011-11-04 11:55:00,27,4600,10432.22,26.74928205128205,241.71794871794876,25.543589743589745,9,Winter,Australia,36,27,10432.22,0,Regular Customers
12432.0,2011-06-20 13:27:00,2011-10-28 11:43:00,5,1801,5059.32,46.84555555555556,768.0092592592592,45.53703703703704,13,Summer,Norway,43,5,5059.32,0,Regular Customers
12433.0,2010-08-20 09:23:00,2011-12-09 10:02:00,10,13534,16794.14,30.04318425760286,1643.9982110912345,68.9391771019678,13,Autumn,Norway,1,10,16794.14,0,Regular Customers
12434.0,2010-11-23 13:38:00,2011-09-16 12:38:00,3,532,1103.43,15.763285714285717,211.0,25.88571428571429,13,Autumn,Australia,85,3,1103.43,0,Regular Customers
12435.0,2009-12-02 13:58:00,2011-09-21 09:06:00,6,4958,13925.93,124.33866071428572,937.6875,23.964285714285715,16,Autumn,Denmark,80,6,13925.93,0,Regular Customers
12436.0,2011-09-01 12:09:00,2011-09-01 12:09:00,1,211,509.01,31.813125,211.0,16.0,12,Autumn,Norway,100,1,509.01,0,Regular Customers
12437.0,2009-12-02 16:24:00,2011-12-08 11:35:00,39,8000,12683.4,22.52824156305506,436.78330373001774,29.26287744227353,9,Autumn,France,2,39,12683.4,0,Regular Customers
12438.0,2011-07-22 13:29:00,2011-11-25 13:28:00,2,1180,2906.85,29.66173469387755,590.0,49.0,13,Autumn,Norway,14,2,2906.85,0,Regular Customers
12439.0,2009-12-14 08:40:00,2010-01-26 12:11:00,2,478,1142.88,16.096901408450705,422.67605633802816,63.45070422535211,8,Winter,Cyprus,683,2,1142.88,1,At-Risk Customers
12440.0,2009-12-22 12:03:00,2010-09-03 13:11:00,2,331,859.2,26.85,193.46875,17.5625,12,Winter,Austria,462,2,859.2,1,At-Risk Customers
12441.0,2010-12-08 10:45:00,2010-12-08 10:45:00,1,121,173.55,15.77727272727273,121.0,11.0,10,Winter,France,367,1,173.55,1,At-Risk Customers
12442.0,2011-12-06 14:22:00,2011-12-06 14:22:00,1,182,172.06,14.338333333333331,182.0,12.0,14,Winter,Spain,3,1,172.06,0,Regular Customers
12443.0,2009-12-07 15:42:00,2009-12-07 15:42:00,1,182,485.31,23.11,182.0,21.0,15,Winter,Norway,732,1,485.31,1,At-Risk Customers
12444.0,2011-06-21 14:00:00,2011-11-18 13:23:00,5,1153,5005.46,28.44011363636364,378.21022727272725,57.78409090909091,14,Summer,Norway,21,5,5005.46,0,Regular Customers
12445.0,2010-10-15 12:28:00,2011-11-17 18:43:00,2,206,434.98,18.124166666666667,130.33333333333334,17.333333333333332,12,Autumn,Spain,22,2,434.98,0,Regular Customers
12446.0,2011-10-13 12:50:00,2011-10-13 12:50:00,1,351,1002.31,17.584385964912283,351.0,57.0,12,Autumn,RSA,58,1,1002.31,0,Regular Customers
12447.0,2011-04-10 13:25:00,2011-04-10 13:25:00,1,190,476.49,18.326538461538465,190.0,26.0,13,Spring,Belgium,243,1,476.49,0,Regular Customers
12448.0,2011-10-26 13:46:00,2011-10-26 13:46:00,1,243,449.45,20.42954545454545,243.0,22.0,13,Autumn,Spain,44,1,449.45,0,Regular Customers
12449.0,2010-09-27 09:37:00,2011-11-17 13:46:00,6,2282,4835.89,24.05915422885572,414.4776119402985,46.83084577114428,9,Autumn,Belgium,22,6,4835.89,0,Regular Customers
12450.0,2010-08-22 13:11:00,2011-07-06 14:41:00,5,442,688.2,18.6,103.51351351351352,9.594594594594597,16,Summer,Spain,156,5,688.2,0,Regular Customers
12451.0,2010-06-28 12:58:00,2011-11-29 08:40:00,8,9359,12669.88,24.794285714285717,1634.1350293542075,88.6477495107632,12,Autumn,Switzerland,11,8,12669.88,0,Regular Customers
12452.0,2011-11-23 08:05:00,2011-11-23 10:28:00,2,185,430.5700000000001,19.57136363636364,174.77272727272728,20.09090909090909,8,Autumn,Switzerland,17,2,430.57,0,Regular Customers
12453.0,2011-07-28 14:08:00,2011-07-28 14:08:00,1,473,707.09,16.443953488372095,473.0,43.0,14,Summer,Austria,134,1,707.09,0,Regular Customers
12454.0,2010-10-14 17:33:00,2011-10-14 17:13:00,5,7703,16679.78,416.9945,1716.475,10.45,17,Autumn,Spain,56,5,16679.78,0,Regular Customers
12455.0,2009-12-18 12:33:00,2011-09-27 15:31:00,10,3302,5879.95,25.902863436123347,564.7753303964757,48.77092511013216,12,Winter,Cyprus,73,10,5879.95,0,Regular Customers
12456.0,2011-03-30 09:12:00,2011-10-26 14:41:00,3,1633,3181.04,25.44832,546.76,41.816,15,Summer,Switzerland,44,3,3181.04,0,Regular Customers
12457.0,2010-09-30 17:59:00,2011-10-04 13:13:00,8,1094,2995.91,35.66559523809524,273.6904761904762,25.38095238095238,15,Autumn,Switzerland,66,8,2995.91,0,Regular Customers
12458.0,2010-08-09 10:33:00,2011-09-29 15:25:00,4,986,1777.49,21.16059523809524,242.73809523809524,21.404761904761905,10,Autumn,Switzerland,71,4,1777.49,0,Regular Customers
12459.0,2010-04-13 14:53:00,2010-04-13 14:53:00,1,258,454.36,19.754782608695653,258.0,23.0,14,Spring,Spain,605,1,454.36,1,At-Risk Customers
12460.0,2010-09-09 13:51:00,2010-09-09 13:51:00,1,170,326.65,18.147222222222226,170.0,18.0,13,Autumn,Belgium,456,1,326.65,1,At-Risk Customers
12461.0,2011-07-08 10:23:00,2011-09-06 16:57:00,2,287,826.88,23.62514285714286,274.0857142857143,33.05714285714286,10,Summer,Switzerland,94,2,826.88,0,Regular Customers
12462.0,2011-02-09 14:44:00,2011-11-21 09:11:00,2,536,1189.59,19.186935483870965,273.51612903225805,33.61290322580645,14,Winter,Spain,19,2,1189.59,0,Regular Customers
12463.0,2011-04-12 12:47:00,2011-10-17 13:44:00,4,776,1344.78,16.202168674698793,195.6867469879518,20.927710843373493,14,Spring,Belgium,53,4,1344.78,0,Regular Customers
12464.0,2011-02-03 13:30:00,2011-11-29 13:33:00,8,112,1212.05,41.79482758620689,15.586206896551724,4.103448275862069,13,Winter,Belgium,10,8,1212.05,0,Regular Customers
12465.0,2011-06-23 13:37:00,2011-11-22 16:34:00,2,479,742.19,15.791276595744682,245.29787234042556,23.76595744680851,13,Summer,Belgium,17,2,742.1899999999999,0,Regular Customers
12466.0,2010-01-26 16:26:00,2010-01-26 16:26:00,1,1,56.73,56.73,1.0,1.0,16,Winter,France,682,1,56.73,1,At-Risk Customers
12467.0,2010-10-12 15:41:00,2010-10-12 15:41:00,1,129,132.8,14.755555555555556,129.0,9.0,15,Autumn,USA,423,1,132.8,1,At-Risk Customers
12468.0,2010-01-26 10:09:00,2011-06-05 11:36:00,5,2201,3670.74,24.4716,595.3266666666667,37.24,10,Spring,Germany,188,5,3670.74,0,Regular Customers
12469.0,2010-06-21 10:30:00,2010-07-05 12:40:00,2,2552,3070.54,40.40184210526316,721.8947368421053,58.63157894736842,12,Summer,Thailand,523,2,3070.54,1,At-Risk Customers
12470.0,2010-01-19 11:01:00,2010-01-19 11:01:00,1,95,211.95,9.215217391304348,95.0,23.0,11,Winter,Unspecified,690,1,211.95,1,At-Risk Customers
12471.0,2009-12-07 10:41:00,2011-12-07 15:43:00,79,16858,39918.19,35.17021145374449,363.57444933920704,23.22907488986784,10,Autumn,Germany,2,79,39918.19,3,Loyal Customers
12472.0,2009-12-14 10:49:00,2011-11-07 14:01:00,19,10378,16249.29,19.32139120095125,700.7978596908442,55.87514863258026,12,Summer,Germany,32,19,16249.29,0,Regular Customers
12473.0,2011-06-01 10:15:00,2011-11-10 13:46:00,5,2414,3928.05,23.521257485029945,1089.047904191617,71.02395209580838,11,Autumn,Germany,29,5,3928.05,0,Regular Customers
12474.0,2010-02-11 09:41:00,2011-11-22 14:39:00,31,7940,12372.75,17.47563559322034,367.002824858757,31.94350282485876,12,Autumn,Germany,17,31,12372.75,0,Regular Customers
12475.0,2010-10-26 08:49:00,2011-10-17 10:10:00,2,771,1149.64,18.846557377049184,412.4590163934426,31.49180327868853,10,Autumn,Germany,54,2,1149.64,0,Regular Customers
12476.0,2010-07-26 09:04:00,2011-11-24 12:40:00,23,5631,14083.91,27.400603112840468,481.89299610894943,42.84241245136187,10,Autumn,Germany,16,23,14083.91,0,Regular Customers
12477.0,2010-03-26 14:01:00,2011-11-17 09:51:00,9,6119,20276.37,35.95101063829787,772.2216312056737,73.56028368794327,9,Summer,Germany,23,9,20276.37,0,Regular Customers
12478.0,2011-12-06 09:56:00,2011-12-06 09:56:00,1,236,680.99,18.91638888888889,236.0,36.0,9,Winter,Greece,4,1,680.99,0,Regular Customers
12479.0,2011-11-28 13:26:00,2011-11-28 13:26:00,1,385,527.2,17.006451612903227,385.0,31.0,13,Autumn,Germany,11,1,527.2,0,Regular Customers
12480.0,2010-07-20 13:21:00,2011-11-11 14:52:00,7,2952,5464.85,22.58202479338843,423.8884297520661,35.78512396694215,14,Autumn,Germany,28,7,5464.85,0,Regular Customers
12481.0,2010-04-11 13:10:00,2011-11-17 08:29:00,15,7158,12185.51,32.06713157894737,765.3394736842105,38.46842105263158,13,Autumn,Germany,23,15,12185.51,0,Regular Customers
12482.0,2010-02-24 10:24:00,2010-05-12 16:51:00,29,27042,23691.4,116.1343137254902,1209.686274509804,10.362745098039216,16,Spring,Sweden,576,29,23691.4,1,At-Risk Customers
12483.0,2010-01-31 13:28:00,2011-11-22 17:02:00,19,2160,5097.18,36.93608695652174,153.81159420289856,10.057971014492754,11,Autumn,Sweden,17,19,5097.18,0,Regular Customers
12484.0,2010-01-27 16:41:00,2011-11-07 11:37:00,12,3266,6354.1,13.490658174097666,556.2887473460722,78.22292993630573,14,Summer,Spain,33,12,6354.1,0,Regular Customers
12485.0,2010-06-28 15:22:00,2010-06-28 15:22:00,1,414,708.1,20.826470588235296,414.0,34.0,15,Summer,Sweden,529,1,708.1,1,At-Risk Customers
12486.0,2010-10-04 12:14:00,2010-10-04 12:14:00,1,523,1037.28,21.16897959183673,523.0,49.0,12,Autumn,Sweden,432,1,1037.28,1,At-Risk Customers
12487.0,2009-12-09 11:36:00,2009-12-09 11:36:00,1,174,285.3,142.65,174.0,2.0,11,Winter,Sweden,731,1,285.29999999999995,1,At-Risk Customers
12488.0,2011-09-25 10:34:00,2011-11-30 08:50:00,3,529,1298.66,23.612,208.52727272727276,22.163636363636364,10,Autumn,France,10,3,1298.66,0,Regular Customers
12489.0,2011-01-07 13:13:00,2011-01-07 13:13:00,1,105,334.93,22.328666666666667,105.0,15.0,13,Winter,France,336,1,334.93,1,At-Risk Customers
12490.0,2009-12-01 12:52:00,2011-12-04 16:07:00,21,5906,9823.64,21.26329004329004,329.5974025974026,25.51948051948052,14,Autumn,France,5,21,9823.64,0,Regular Customers
12491.0,2011-11-01 12:18:00,2011-11-01 12:18:00,1,260,460.4,17.70769230769231,260.0,25.0,12,Autumn,France,39,1,460.4,0,Regular Customers
12492.0,2010-11-01 14:58:00,2011-10-07 15:15:00,3,444,715.21,17.028809523809525,179.0,16.333333333333332,14,Autumn,Germany,63,3,715.21,0,Regular Customers
12493.0,2011-05-26 14:53:00,2011-06-27 10:17:00,2,207,433.74,19.715454545454545,102.0909090909091,11.090909090909092,14,Spring,France,166,2,433.74,0,Regular Customers
12494.0,2010-05-12 13:52:00,2011-11-24 09:34:00,9,979,1815.27,16.808055555555555,142.6851851851852,15.5,13,Spring,France,16,9,1815.27,0,Regular Customers
12495.0,2010-03-09 10:53:00,2010-03-09 10:53:00,1,130,357.4,21.023529411764702,130.0,17.0,10,Spring,Sweden,641,1,357.4,1,At-Risk Customers
12496.0,2010-03-29 13:57:00,2010-03-29 14:06:00,2,30,45.34,4.534000000000001,26.2,8.2,13,Spring,Spain,620,2,45.34,1,At-Risk Customers
12497.0,2010-03-05 09:39:00,2011-09-19 12:29:00,3,5685,6248.5,109.62280701754386,2191.9473684210525,20.36842105263158,12,Autumn,Germany,82,3,6248.5,0,Regular Customers
12498.0,2011-10-13 09:30:00,2011-11-18 12:53:00,3,159,403.7000000000001,17.55217391304348,67.95652173913044,10.304347826086955,9,Autumn,Germany,21,3,403.7000000000001,0,Regular Customers
12499.0,2010-05-28 15:12:00,2010-05-28 15:12:00,1,302,393.72,14.582222222222224,302.0,27.0,15,Spring,Germany,560,1,393.72,1,At-Risk Customers
12500.0,2010-02-04 15:05:00,2011-11-16 16:20:00,19,3377,5955.21,40.7891095890411,155.8904109589041,13.095890410958903,9,Winter,Germany,23,19,5955.21,0,Regular Customers
12501.0,2011-01-07 12:28:00,2011-01-07 12:28:00,1,1783,2169.39,14.5596644295302,1783.0,149.0,12,Winter,Germany,337,1,2169.39,1,At-Risk Customers
12502.0,2011-02-03 10:41:00,2011-09-05 11:52:00,5,820,3723.87,25.332448979591835,176.08163265306123,31.489795918367346,11,Spring,Spain,96,5,3723.87,0,Regular Customers
12503.0,2010-05-04 13:59:00,2010-05-04 13:59:00,1,561,1126.0,563.0,561.0,2.0,13,Spring,Spain,584,1,1126.0,1,At-Risk Customers
12504.0,2010-04-22 10:24:00,2011-11-21 16:02:00,4,458,779.05,38.9525,124.6,5.3,10,Autumn,Germany,18,4,779.05,0,Regular Customers
12505.0,2010-10-27 09:18:00,2010-10-27 09:18:00,1,324,955.2,22.742857142857144,324.0,42.0,9,Autumn,Italy,409,1,955.2,1,At-Risk Customers
12506.0,2011-04-21 08:54:00,2011-04-21 08:54:00,1,23,73.5,3.1956521739130435,23.0,23.0,8,Spring,France,233,1,73.5,0,Regular Customers
12507.0,2010-05-04 09:23:00,2011-07-28 17:09:00,4,1256,1844.06,37.6338775510204,360.0408163265306,20.46938775510204,9,Spring,Spain,134,4,1844.06,0,Regular Customers
12508.0,2011-11-10 16:27:00,2011-11-13 15:37:00,2,271,397.88,5.851176470588236,168.75,39.5,16,Autumn,France,26,2,397.88,0,Regular Customers
12509.0,2011-02-28 14:45:00,2011-02-28 14:45:00,1,55,176.5,25.214285714285715,55.0,7.0,14,Winter,France,284,1,176.5,1,At-Risk Customers
12510.0,2009-12-04 13:47:00,2011-07-20 10:15:00,9,2049,5178.02,35.71048275862069,386.5379310344828,28.76551724137931,14,Winter,Spain,143,9,5178.02,0,Regular Customers
12511.0,2010-10-07 10:39:00,2010-10-07 10:39:00,1,1753,3084.02,16.231684210526314,1753.0,190.0,10,Autumn,Greece,429,1,3084.02,1,At-Risk Customers
12512.0,2011-10-04 14:53:00,2011-10-04 14:55:00,2,96,132.18,4.263870967741935,86.3225806451613,27.258064516129032,14,Autumn,Israel,66,2,132.18,0,Regular Customers
12513.0,2011-08-19 10:51:00,2011-08-19 10:51:00,1,462,612.29,17.494,462.0,35.0,10,Summer,France,113,1,612.29,0,Regular Customers
12514.0,2010-03-08 12:18:00,2011-03-17 16:38:00,2,840,1597.76,19.02095238095238,424.2857142857143,43.92857142857143,16,Spring,Italy,267,2,1597.76,1,At-Risk Customers
12515.0,2010-12-21 15:43:00,2010-12-21 15:43:00,1,131,383.7,23.98125,131.0,16.0,15,Winter,Italy,353,1,383.7,1,At-Risk Customers
12516.0,2010-04-19 14:14:00,2011-09-23 09:13:00,4,1952,2648.62,35.792162162162164,502.2972972972973,20.16216216216216,9,Autumn,Germany,78,4,2648.62,0,Regular Customers
12517.0,2011-06-02 15:13:00,2011-11-11 14:04:00,5,1361,2481.6,8.894623655913978,370.326164874552,88.83870967741936,15,Summer,Germany,28,5,2481.6,0,Regular Customers
12518.0,2011-08-21 13:18:00,2011-12-09 10:13:00,5,1318,2056.89,16.58782258064516,276.6532258064516,26.306451612903224,10,Autumn,Germany,1,5,2056.89,0,Regular Customers
12519.0,2010-08-20 08:21:00,2011-10-07 09:26:00,2,387,716.54,18.37282051282051,195.8717948717949,19.82051282051282,8,Summer,Germany,64,2,716.54,0,Regular Customers
12520.0,2011-03-11 11:35:00,2011-09-21 15:23:00,5,1439,2634.26,17.330657894736845,379.5855263157895,38.39473684210526,11,Spring,Germany,79,5,2634.26,0,Regular Customers
12521.0,2011-07-20 10:51:00,2011-07-20 10:51:00,1,309,599.68,15.781052631578946,309.0,38.0,10,Summer,Germany,143,1,599.68,0,Regular Customers
12522.0,2011-10-19 14:41:00,2011-10-31 15:30:00,2,194,192.72,16.06,97.0,6.0,14,Autumn,Germany,39,2,192.72,0,Regular Customers
12523.0,2009-12-07 13:46:00,2011-11-20 12:55:00,23,2263,4352.35,17.479317269076308,128.55020080321285,13.698795180722891,12,Autumn,France,19,23,4352.35,0,Regular Customers
12524.0,2010-02-08 14:41:00,2011-11-30 15:31:00,17,7178,11126.11,46.35879166666667,524.925,21.125,11,Spring,Germany,9,17,11126.11,0,Regular Customers
12525.0,2010-03-02 14:01:00,2010-07-29 16:08:00,3,509,973.73,16.228833333333334,209.4833333333333,24.633333333333333,14,Spring,France,498,3,973.73,1,At-Risk Customers
12526.0,2011-09-06 14:19:00,2011-12-09 12:09:00,3,632,1316.66,18.54450704225352,238.3098591549296,26.070422535211268,9,Autumn,Germany,1,3,1316.66,0,Regular Customers
12527.0,2010-06-28 15:37:00,2011-09-19 11:55:00,5,526,735.51,22.9846875,168.28125,9.5,15,Winter,Germany,82,5,735.51,0,Regular Customers
12528.0,2011-01-31 09:05:00,2011-11-30 14:40:00,6,756,1933.48,21.01608695652174,159.1413043478261,18.73913043478261,9,Winter,Germany,9,6,1933.48,0,Regular Customers
12529.0,2010-06-29 13:10:00,2010-06-29 13:10:00,1,192,316.48,15.07047619047619,192.0,21.0,13,Summer,France,528,1,316.48,1,At-Risk Customers
12530.0,2010-03-07 14:37:00,2011-10-11 12:34:00,9,2713,3759.26,23.792784810126584,324.2278481012658,18.253164556962027,14,Autumn,Germany,60,9,3759.26,0,Regular Customers
12531.0,2010-01-22 14:17:00,2011-11-25 11:12:00,2,1119,1933.2,15.222047244094489,936.2598425196852,97.5511811023622,14,Winter,Germany,15,2,1933.2,0,Regular Customers
12532.0,2011-11-09 13:47:00,2011-11-09 13:47:00,1,153,349.83000000000004,21.864375000000003,153.0,16.0,13,Autumn,France,30,1,349.83000000000004,0,Regular Customers
12533.0,2009-12-01 11:50:00,2010-03-22 10:56:00,2,704,1367.89,18.998472222222222,381.3333333333333,37.77777777777778,11,Winter,Germany,628,2,1367.89,1,At-Risk Customers
12534.0,2011-08-01 10:26:00,2011-08-01 10:26:00,1,651,1089.18,17.28857142857143,651.0,63.0,10,Summer,Germany,131,1,1089.18,0,Regular Customers
12535.0,2011-06-06 12:47:00,2011-09-09 08:48:00,2,219,716.35,21.069117647058825,109.82352941176472,17.058823529411764,12,Summer,France,92,2,716.35,0,Regular Customers
12536.0,2011-10-11 14:52:00,2011-10-27 14:20:00,3,2803,12601.830000000002,48.2828735632184,2779.544061302682,257.02298850574715,14,Autumn,France,43,3,12601.830000000002,0,Regular Customers
12537.0,2010-10-27 08:36:00,2010-10-27 08:36:00,1,449,732.94,17.04511627906977,449.0,43.0,8,Autumn,Sweden,409,1,732.94,1,At-Risk Customers
12538.0,2010-11-26 13:02:00,2011-11-10 17:16:00,2,336,640.45,18.83676470588236,173.41176470588235,17.941176470588236,17,Autumn,Spain,29,2,640.45,0,Regular Customers
12539.0,2009-12-23 13:00:00,2011-11-17 13:30:00,7,4535,11214.75,22.25148809523809,757.797619047619,85.48412698412699,13,Winter,Spain,22,7,11214.75,0,Regular Customers
12540.0,2009-12-07 16:56:00,2011-11-20 11:31:00,33,11019,22254.49,28.864448767833984,438.9533073929961,30.219195849546043,12,Autumn,Spain,20,33,22254.49,0,Regular Customers
12541.0,2011-03-04 09:32:00,2011-11-10 10:40:00,3,680,981.18,18.868846153846157,242.32692307692307,18.96153846153846,10,Autumn,Spain,30,3,981.18,0,Regular Customers
12542.0,2010-03-09 16:26:00,2010-08-12 19:12:00,2,522,481.88,12.355897435897436,286.948717948718,21.05128205128205,16,Spring,Spain,484,2,481.88,1,At-Risk Customers
12543.0,2010-09-17 15:51:00,2010-09-17 15:51:00,1,688,980.25,22.796511627906977,688.0,43.0,15,Autumn,Spain,448,1,980.25,1,At-Risk Customers
12544.0,2011-11-03 16:15:00,2011-11-03 16:15:00,1,136,372.7,19.61578947368421,136.0,19.0,16,Autumn,Spain,36,1,372.7,0,Regular Customers
12545.0,2011-03-25 12:04:00,2011-09-25 13:39:00,2,523,1000.39,20.0078,291.92,28.24,12,Spring,Spain,75,2,1000.39,0,Regular Customers
12546.0,2011-09-23 09:44:00,2011-10-24 12:09:00,2,633,1161.5,16.833333333333332,364.7391304347826,37.69565217391305,9,Autumn,Spain,47,2,1161.5,0,Regular Customers
12547.0,2010-07-27 13:55:00,2011-05-26 12:38:00,3,309,383.58,18.265714285714285,141.85714285714286,9.952380952380953,13,Summer,Spain,198,3,383.58,0,Regular Customers
12548.0,2011-06-26 15:35:00,2011-06-26 15:35:00,1,49,95.2,19.04,49.0,5.0,15,Summer,Spain,166,1,95.2,0,Regular Customers
12549.0,2010-01-11 12:29:00,2010-05-13 12:05:00,6,1366,1575.68,32.15673469387755,356.18367346938777,13.775510204081632,12,Winter,USA,576,6,1575.68,1,At-Risk Customers
12550.0,2011-09-21 14:35:00,2011-09-21 14:35:00,1,569,964.83,16.92684210526316,569.0,57.0,14,Autumn,Spain,79,1,964.83,0,Regular Customers
12551.0,2010-12-17 11:23:00,2010-12-17 11:23:00,1,100,168.0,16.8,100.0,10.0,11,Winter,Spain,358,1,168.0,1,At-Risk Customers
12552.0,2011-10-31 12:11:00,2011-11-01 10:02:00,2,88,437.82,21.891,80.9,18.1,12,Autumn,Italy,39,2,437.82,0,Regular Customers
12553.0,2010-10-12 13:35:00,2011-12-01 16:38:00,12,2325,4608.75,19.36449579831933,232.1344537815126,23.521008403361343,10,Autumn,France,8,12,4608.75,0,Regular Customers
12554.0,2010-09-17 12:29:00,2010-09-17 12:29:00,1,240,468.5,18.01923076923077,240.0,26.0,12,Autumn,Spain,449,1,468.5,1,At-Risk Customers
12555.0,2010-01-26 16:26:00,2010-01-26 16:26:00,1,1,129.23,129.23,1.0,1.0,16,Winter,Spain,682,1,129.23,1,At-Risk Customers
12556.0,2011-07-11 13:35:00,2011-10-20 13:06:00,2,355,599.56,5.038319327731092,176.1596638655462,57.27731092436975,13,Summer,Spain,50,2,599.56,0,Regular Customers
12557.0,2009-12-17 10:39:00,2011-11-23 16:59:00,8,6382,18096.14,341.4366037735849,964.9811320754716,9.830188679245284,10,Autumn,Spain,16,8,18096.14,0,Regular Customers
12558.0,2011-12-02 10:41:00,2011-12-02 10:41:00,1,196,269.96,24.54181818181818,196.0,11.0,10,Winter,USA,8,1,269.96,0,Regular Customers
12559.0,2011-01-24 10:12:00,2011-02-02 09:49:00,2,283,561.71,26.74809523809524,236.95238095238096,19.09523809523809,10,Winter,Germany,311,2,561.71,1,At-Risk Customers
12560.0,2011-07-19 15:55:00,2011-12-04 13:54:00,3,1110,2134.01,20.323904761904764,665.1428571428571,62.48571428571429,15,Summer,Germany,5,3,2134.01,0,Regular Customers
12561.0,2011-02-10 11:39:00,2011-02-10 11:39:00,1,177,238.85,14.928125,177.0,16.0,11,Winter,Germany,303,1,238.85,1,At-Risk Customers
12562.0,2010-09-30 13:13:00,2011-12-01 17:20:00,9,2327,4966.92,23.99478260869565,260.82125603864733,23.657004830917877,9,Autumn,France,8,9,4966.92,0,Regular Customers
12563.0,2010-10-27 09:52:00,2010-10-27 09:52:00,1,113,249.24,19.17230769230769,113.0,13.0,9,Autumn,Italy,409,1,249.24,1,At-Risk Customers
12564.0,2011-03-23 14:55:00,2011-03-23 14:55:00,1,133,456.9,21.75714285714286,133.0,21.0,14,Spring,France,261,1,456.9,1,At-Risk Customers
12565.0,2011-02-24 10:34:00,2011-02-24 10:34:00,1,80,145.92000000000002,16.213333333333335,80.0,9.0,10,Winter,Saudi Arabia,289,1,145.92,1,At-Risk Customers
12566.0,2011-09-14 14:30:00,2011-09-14 14:30:00,1,265,351.65,18.507894736842104,265.0,19.0,14,Autumn,Germany,86,1,351.65,0,Regular Customers
12567.0,2010-02-11 10:30:00,2011-11-17 11:02:00,15,5308,11767.48,21.16453237410072,469.5611510791367,49.23021582733813,11,Summer,France,23,15,11767.48,0,Regular Customers
12568.0,2010-03-05 09:15:00,2010-03-05 09:15:00,1,48,70.0,14.0,48.0,5.0,9,Spring,Germany,645,1,70.0,1,At-Risk Customers
12569.0,2011-04-01 13:47:00,2011-12-07 16:24:00,32,1801,4124.6900000000005,21.93984042553192,75.56382978723404,6.9361702127659575,14,Autumn,Germany,2,32,4124.69,0,Regular Customers
12570.0,2010-01-26 17:28:00,2010-01-26 17:28:00,1,1,77.52,77.52,1.0,1.0,17,Winter,Spain,682,1,77.52,1,At-Risk Customers
12571.0,2011-08-10 12:35:00,2011-10-31 10:19:00,2,523,519.61,15.28264705882353,272.88235294117646,17.529411764705884,10,Autumn,France,40,2,519.61,0,Regular Customers
12572.0,2011-10-19 08:20:00,2011-12-01 09:20:00,2,452,1020.42,17.007,239.4,31.2,8,Autumn,Germany,9,2,1020.42,0,Regular Customers
12573.0,2010-08-31 17:25:00,2011-04-26 15:52:00,5,479,717.41,6.028655462184874,106.3109243697479,28.361344537815125,13,Autumn,France,227,5,717.41,0,Regular Customers
12574.0,2011-01-28 09:20:00,2011-01-28 09:20:00,1,61,218.45,19.85909090909091,61.0,11.0,9,Winter,France,316,1,218.45,1,At-Risk Customers
12575.0,2010-07-01 09:15:00,2010-09-08 13:09:00,2,315,622.82,16.39,157.60526315789474,19.84210526315789,9,Summer,France,457,2,622.8199999999999,1,At-Risk Customers
12576.0,2010-07-01 13:46:00,2011-11-04 10:11:00,8,1494,2142.7200000000003,15.089577464788734,199.51408450704224,18.87323943661972,10,Autumn,Poland,36,8,2142.72,0,Regular Customers
12577.0,2009-12-03 19:31:00,2011-11-04 13:24:00,8,1191,1617.1,5.426510067114093,200.3221476510067,48.34228187919463,13,Autumn,France,35,8,1617.1,0,Regular Customers
12578.0,2010-09-22 11:19:00,2011-11-18 13:30:00,4,2380,4642.45,26.99098837209302,629.8139534883721,50.68604651162791,15,Autumn,Italy,21,4,4642.45,0,Regular Customers
12579.0,2011-09-22 17:15:00,2011-09-22 17:15:00,1,285,440.42,15.18689655172414,285.0,29.0,17,Autumn,France,78,1,440.42,0,Regular Customers
12580.0,2010-05-12 11:45:00,2011-04-07 10:24:00,2,569,1052.9,18.153448275862072,292.51724137931035,29.86206896551724,11,Spring,Germany,247,2,1052.9,0,Regular Customers
12581.0,2011-10-31 08:56:00,2011-10-31 08:56:00,1,161,197.71,13.180666666666667,161.0,15.0,8,Autumn,Germany,40,1,197.71,0,Regular Customers
12582.0,2010-05-11 09:55:00,2011-04-15 08:45:00,4,985,1980.4,19.22718446601942,307.88349514563106,37.25242718446602,9,Spring,Finland,239,4,1980.4,0,Regular Customers
12583.0,2009-12-06 11:57:00,2011-12-07 08:07:00,27,8535,13591.58,30.47439461883408,342.3206278026906,18.278026905829595,12,Autumn,France,3,27,13591.58,0,Regular Customers
12584.0,2011-03-04 15:15:00,2011-12-06 09:35:00,9,416,2338.15,24.355729166666663,56.32291666666666,12.916666666666666,13,Autumn,Italy,4,9,2338.15,0,Regular Customers
12585.0,2010-12-23 12:58:00,2011-04-19 13:39:00,2,1279,2040.1,23.44942528735632,754.4137931034483,54.12643678160919,12,Winter,Germany,234,2,2040.1,0,Regular Customers
12586.0,2009-12-16 13:15:00,2011-11-22 16:24:00,4,687,2062.67,21.943297872340427,193.9255319148936,26.93617021276596,10,Autumn,Italy,17,4,2062.67,0,Regular Customers
12587.0,2011-12-02 12:47:00,2011-12-02 12:47:00,1,51,144.0,36.0,51.0,4.0,12,Winter,Finland,8,1,144.0,0,Regular Customers
12588.0,2010-04-21 12:22:00,2011-10-31 15:01:00,4,438,958.78,20.84304347826087,158.06521739130434,15.521739130434783,12,Autumn,Finland,39,4,958.78,0,Regular Customers
12589.0,2010-01-19 12:26:00,2011-11-11 10:19:00,8,1764,4695.66,26.087,319.02222222222224,33.45555555555556,11,Autumn,France,29,8,4695.66,0,Regular Customers
12590.0,2011-05-12 14:46:00,2011-05-12 14:52:00,2,4283,9864.26,145.06264705882353,4219.044117647059,66.02941176470588,14,Spring,Germany,211,2,9864.26,0,Regular Customers
12591.0,2010-10-27 10:42:00,2011-01-26 14:35:00,3,653,1338.95,19.69044117647059,300.54411764705884,30.44117647058824,10,Autumn,Italy,317,3,1338.95,1,At-Risk Customers
12592.0,2010-07-08 14:06:00,2011-09-08 15:04:00,5,1875,2582.66,31.88469135802469,638.4567901234568,25.74074074074074,14,Summer,Germany,92,5,2582.66,0,Regular Customers
12593.0,2011-05-05 09:29:00,2011-08-23 12:43:00,3,206,418.1,19.90952380952381,77.61904761904762,8.142857142857142,9,Spring,France,109,3,418.1,0,Regular Customers
12594.0,2010-03-03 13:51:00,2011-11-02 12:20:00,15,2768,5090.110000000001,25.57844221105528,237.70854271356785,18.39698492462312,12,Autumn,Italy,38,15,5090.110000000001,0,Regular Customers
12595.0,2010-07-23 09:10:00,2010-07-23 09:10:00,1,271,299.02,15.737894736842104,271.0,19.0,9,Summer,Germany,505,1,299.02,1,At-Risk Customers
12596.0,2011-04-11 13:22:00,2011-10-19 13:02:00,2,474,618.27,22.898888888888887,228.0,13.666666666666666,13,Spring,Spain,51,2,618.27,0,Regular Customers
12597.0,2011-03-16 14:00:00,2011-11-20 13:33:00,4,2236,3811.22,18.50106796116505,977.3203883495146,81.57281553398059,13,Autumn,Spain,19,4,3811.22,0,Regular Customers
12598.0,2010-03-01 09:58:00,2011-11-30 12:18:00,11,2906,4534.09,22.01014563106796,342.56796116504853,25.475728155339805,12,Autumn,France,10,11,4534.09,0,Regular Customers
12599.0,2010-05-11 10:42:00,2011-11-10 13:34:00,13,2189,2296.72,17.268571428571427,226.9323308270677,13.466165413533837,13,Autumn,France,29,13,2296.72,0,Regular Customers
12600.0,2009-12-07 13:37:00,2011-11-11 10:29:00,21,1383,4967.42,38.21092307692308,81.52307692307693,7.415384615384616,10,Winter,Germany,29,21,4967.42,0,Regular Customers
12601.0,2010-10-31 10:57:00,2011-06-03 10:17:00,6,290,681.26,20.03705882352941,53.1764705882353,6.294117647058823,10,Winter,Germany,190,6,681.26,0,Regular Customers
12602.0,2011-10-12 11:22:00,2011-10-12 11:22:00,1,162,153.12,12.76,162.0,12.0,11,Autumn,France,59,1,153.12,0,Regular Customers
12603.0,2011-11-18 10:42:00,2011-11-18 10:42:00,1,63,739.1999999999999,369.6,63.0,2.0,10,Autumn,Germany,22,1,739.1999999999999,0,Regular Customers
12604.0,2011-03-23 12:06:00,2011-09-21 14:08:00,2,201,254.18,15.88625,109.625,8.5,12,Spring,France,79,2,254.18,0,Regular Customers
12605.0,2010-09-07 14:21:00,2010-11-28 14:18:00,4,929,1232.95,16.223026315789475,339.2631578947368,27.07894736842105,14,Autumn,Germany,376,4,1232.95,1,At-Risk Customers
12606.0,2010-01-26 16:23:00,2010-01-26 16:23:00,1,1,21.0,21.0,1.0,1.0,16,Winter,Spain,682,1,21.0,1,At-Risk Customers
12607.0,2011-10-10 16:06:00,2011-10-10 16:06:00,1,1228,1579.51,15.63871287128713,1228.0,101.0,16,Autumn,USA,60,1,1579.51,0,Regular Customers
12608.0,2010-10-31 10:49:00,2010-10-31 10:49:00,1,323,415.79,25.986875,323.0,16.0,10,Autumn,United Kingdom,405,1,415.79,1,At-Risk Customers
12609.0,2009-12-20 13:30:00,2011-09-22 16:34:00,9,1553,3435.86,19.633485714285715,183.84571428571428,20.794285714285717,12,Autumn,Germany,78,9,3435.86,0,Regular Customers
12610.0,2011-08-05 13:52:00,2011-11-17 09:34:00,5,1049,2099.54,19.80698113207547,332.5566037735849,36.77358490566038,13,Summer,Italy,23,5,2099.54,0,Regular Customers
12611.0,2011-10-18 13:12:00,2011-10-18 13:12:00,1,846,1193.32,18.35876923076923,846.0,65.0,13,Autumn,Italy,52,1,1193.32,0,Regular Customers
12612.0,2011-09-26 15:35:00,2011-09-26 15:35:00,1,262,704.04,37.054736842105264,262.0,19.0,15,Autumn,Germany,74,1,704.0400000000001,0,Regular Customers
12613.0,2009-12-14 13:10:00,2011-10-13 14:59:00,10,4157,6817.37,20.91217791411043,625.1196319018405,48.77914110429448,14,Autumn,Germany,57,10,6817.37,0,Regular Customers
12614.0,2011-03-07 10:22:00,2011-03-07 10:22:00,1,76,315.6,15.78,76.0,20.0,10,Spring,Germany,278,1,315.6,1,At-Risk Customers
12615.0,2010-03-18 14:09:00,2011-12-07 15:02:00,8,3317,5740.9800000000005,21.26288888888889,489.7814814814815,41.25185185185185,14,Autumn,France,2,8,5740.98,0,Regular Customers
12616.0,2010-11-16 11:38:00,2011-09-05 15:17:00,3,498,1131.1,20.946296296296296,179.4814814814815,19.37037037037037,11,Autumn,France,95,3,1131.1,0,Regular Customers
12617.0,2011-11-10 14:39:00,2011-11-10 14:39:00,1,210,352.98,8.609268292682927,210.0,39.0,14,Autumn,France,29,1,352.98,0,Regular Customers
12618.0,2011-11-18 11:10:00,2011-11-18 11:10:00,1,96,177.31,16.11909090909091,96.0,11.0,11,Autumn,Italy,22,1,177.31,0,Regular Customers
12619.0,2010-05-28 12:52:00,2011-11-23 14:52:00,10,3518,3781.38,37.8138,438.68,12.24,14,Autumn,Germany,16,10,3781.38,0,Regular Customers
12620.0,2011-05-19 12:10:00,2011-11-25 10:20:00,3,1181,1339.41,14.558804347826088,403.2717391304348,31.41304347826087,10,Autumn,France,15,3,1339.41,0,Regular Customers
12621.0,2010-02-09 12:01:00,2011-12-08 11:25:00,35,13706,24311.2,32.15767195767196,472.34656084656086,28.64814814814815,12,Spring,Germany,2,35,24311.2,0,Regular Customers
12622.0,2011-04-21 16:39:00,2011-04-21 16:39:00,1,69,180.1,16.37272727272727,69.0,11.0,16,Spring,Germany,232,1,180.1,0,Regular Customers
12623.0,2010-01-12 11:45:00,2011-03-08 13:50:00,7,1971,3747.84,21.66381502890173,411.3872832369942,33.23121387283237,11,Winter,Germany,276,7,3747.84,1,At-Risk Customers
12624.0,2011-06-15 12:34:00,2011-08-25 15:04:00,2,355,641.13,16.87184210526316,177.5,19.0,12,Summer,France,106,2,641.13,0,Regular Customers
12625.0,2010-04-22 11:33:00,2011-05-12 09:54:00,4,3309,5164.88,28.22338797814208,877.0218579234972,48.21311475409836,15,Spring,Germany,212,4,5164.88,0,Regular Customers
12626.0,2011-01-17 11:01:00,2011-11-16 16:06:00,9,3453,6620.4800000000005,22.518639455782317,518.5442176870748,43.27891156462585,11,Summer,Germany,23,9,6620.48,0,Regular Customers
12627.0,2011-07-22 13:59:00,2011-11-29 12:07:00,7,2752,4478.53,19.47186956521739,510.5652173913044,40.95652173913044,15,Autumn,Germany,11,7,4478.53,0,Regular Customers
12628.0,2011-10-06 09:28:00,2011-12-05 13:15:00,3,448,786.46,19.1819512195122,155.90243902439025,14.121951219512194,9,Autumn,Germany,4,3,786.46,0,Regular Customers
12629.0,2010-10-12 16:40:00,2010-11-19 09:18:00,2,722,1558.22,34.62711111111111,362.3333333333333,22.77777777777778,9,Autumn,Sweden,386,2,1558.22,1,At-Risk Customers
12630.0,2011-10-27 10:41:00,2011-11-30 10:48:00,2,548,1270.88,19.8575,274.9375,32.28125,10,Autumn,Finland,10,2,1270.88,0,Regular Customers
12631.0,2010-01-15 14:50:00,2011-10-13 13:53:00,6,1607,3481.57,19.024972677595628,340.24590163934425,38.377049180327866,13,Autumn,Finland,57,6,3481.57,0,Regular Customers
12632.0,2010-05-24 09:07:00,2010-07-07 09:39:00,2,694,804.88,22.99657142857143,339.0,18.2,9,Summer,Germany,521,2,804.88,1,At-Risk Customers
12633.0,2010-07-02 11:44:00,2011-10-12 11:40:00,7,3238,5678.16,18.556078431372548,836.8496732026143,77.44444444444444,11,Summer,Germany,59,7,5678.16,0,Regular Customers
12634.0,2010-06-09 15:41:00,2010-06-22 10:05:00,2,337,490.0,24.5,319.25,18.1,15,Summer,USA,536,2,490.0,1,At-Risk Customers
12635.0,2010-09-09 10:50:00,2011-09-11 11:04:00,4,1949,2930.41,16.37100558659218,538.804469273743,47.83798882681564,11,Autumn,Germany,90,4,2930.41,0,Regular Customers
12636.0,2009-12-01 09:55:00,2009-12-01 09:55:00,1,1,141.0,141.0,1.0,1.0,9,Winter,USA,739,1,141.0,1,At-Risk Customers
12637.0,2010-06-14 13:36:00,2011-10-03 13:46:00,12,4257,8283.81,13.491547231270358,407.00488599348535,58.93485342019544,15,Autumn,France,67,12,8283.81,0,Regular Customers
12638.0,2010-03-10 10:30:00,2011-11-06 13:11:00,2,663,921.49,19.19770833333333,484.9375,33.375,13,Autumn,Sweden,33,2,921.49,0,Regular Customers
12639.0,2010-03-22 09:05:00,2011-04-15 12:48:00,3,631,1312.37,20.50578125,223.3125,22.46875,12,Spring,Sweden,239,3,1312.37,0,Regular Customers
12640.0,2011-09-19 12:01:00,2011-11-16 11:52:00,3,311,1174.58,22.16188679245283,202.67924528301887,34.886792452830186,12,Autumn,France,24,3,1174.58,0,Regular Customers
12641.0,2011-08-16 13:26:00,2011-08-16 13:26:00,1,72,185.9,18.59,72.0,10.0,13,Summer,Sweden,115,1,185.9,0,Regular Customers
12642.0,2011-08-24 09:23:00,2011-11-14 15:03:00,3,552,1013.26,21.55872340425532,209.3617021276596,17.893617021276597,9,Summer,Germany,25,3,1013.26,0,Regular Customers
12643.0,2010-04-07 14:16:00,2011-08-03 12:56:00,12,4665,8304.82,162.83960784313726,600.0588235294117,6.0588235294117645,12,Spring,France,128,12,8304.82,0,Regular Customers
12644.0,2010-01-14 13:02:00,2011-08-02 10:33:00,4,1032,1918.49,17.283693693693692,311.3783783783784,33.32432432432432,10,Winter,Germany,130,4,1918.49,0,Regular Customers
12645.0,2010-02-09 10:49:00,2011-11-06 12:38:00,8,2125,3539.3,22.120625,269.04375,20.6125,12,Autumn,Germany,34,8,3539.3,0,Regular Customers
12646.0,2011-10-21 12:52:00,2011-12-05 10:14:00,2,897,1346.97,29.932666666666663,451.2,22.6,12,Autumn,USA,5,2,1346.97,0,Regular Customers
12647.0,2010-01-13 15:06:00,2011-11-17 12:56:00,36,6633,16955.55,32.923398058252424,255.76893203883492,22.778640776699028,12,Spring,Germany,22,36,16955.55,0,Regular Customers
12648.0,2010-01-07 18:38:00,2011-07-08 11:55:00,4,518,1112.0,17.107692307692307,151.8923076923077,19.8,10,Autumn,Germany,155,4,1112.0,0,Regular Customers
12649.0,2010-01-12 17:24:00,2011-08-24 14:41:00,8,1959,2294.65,19.44618644067797,322.5084745762712,20.0,14,Autumn,Germany,107,8,2294.65,0,Regular Customers
12650.0,2011-12-06 16:34:00,2011-12-06 16:34:00,1,254,314.44,15.722,254.0,20.0,16,Winter,France,3,1,314.44,0,Regular Customers
12651.0,2010-08-31 15:21:00,2011-01-09 12:46:00,4,265,377.75,12.591666666666669,70.16666666666667,7.8,12,Autumn,France,335,4,377.75,1,At-Risk Customers
12652.0,2010-10-01 15:16:00,2011-01-12 15:00:00,2,536,1017.03,19.94176470588236,477.11764705882354,45.35294117647059,15,Winter,France,331,2,1017.03,1,At-Risk Customers
12653.0,2010-07-01 09:56:00,2011-07-14 10:41:00,3,1681,4160.83,48.38174418604651,632.9418604651163,32.95348837209303,9,Summer,Israel,149,3,4160.83,0,Regular Customers
12654.0,2011-02-17 13:16:00,2011-11-29 10:10:00,5,264,601.98,15.841578947368422,58.36842105263158,8.947368421052632,10,Autumn,Germany,11,5,601.98,0,Regular Customers
12655.0,2010-10-12 09:17:00,2010-10-12 09:17:00,1,80,261.35,16.334375,80.0,16.0,9,Autumn,France,424,1,261.35,1,At-Risk Customers
12656.0,2010-05-26 09:00:00,2011-11-22 13:42:00,8,2860,6407.83,25.942631578947367,383.8744939271255,36.07692307692308,9,Autumn,France,17,8,6407.83,0,Regular Customers
12657.0,2011-09-22 11:40:00,2011-11-28 15:47:00,4,1044,1643.18,34.961276595744685,303.7659574468085,20.148936170212767,11,Autumn,France,11,4,1643.18,0,Regular Customers
12658.0,2011-11-21 10:22:00,2011-11-21 10:22:00,1,320,686.05,19.056944444444444,320.0,36.0,10,Autumn,Germany,19,1,686.05,0,Regular Customers
12659.0,2011-11-10 11:53:00,2011-11-10 11:53:00,1,105,91.68,18.336,105.0,5.0,11,Autumn,France,30,1,91.68,0,Regular Customers
12660.0,2011-11-28 13:26:00,2011-11-28 13:26:00,1,127,245.1,18.85384615384616,127.0,13.0,13,Autumn,France,11,1,245.1,0,Regular Customers
12661.0,2010-09-29 16:46:00,2010-09-29 16:46:00,1,216,162.0,14.727272727272728,216.0,11.0,16,Autumn,Sweden,436,1,162.0,1,At-Risk Customers
12662.0,2010-04-01 09:50:00,2011-12-09 11:59:00,20,3424,6726.54,17.203427109974424,192.73401534526852,22.017902813299237,13,Summer,Germany,1,20,6726.54,0,Regular Customers
12663.0,2010-02-09 14:28:00,2010-03-25 09:40:00,2,181,239.4,23.94,86.7,5.8,14,Winter,Germany,625,2,239.4,1,At-Risk Customers
12664.0,2009-12-13 10:28:00,2011-12-01 17:07:00,11,1495,6070.04,134.88977777777777,149.2888888888889,4.866666666666666,12,Autumn,Finland,8,11,6070.04,0,Regular Customers
12665.0,2010-02-08 15:11:00,2011-01-19 08:34:00,3,165,313.6,18.447058823529414,60.52941176470589,6.411764705882353,15,Winter,Germany,325,3,313.6,1,At-Risk Customers
12666.0,2010-11-10 16:40:00,2010-11-10 16:40:00,1,370,1248.42,40.27161290322581,370.0,31.0,16,Autumn,Israel,394,1,1248.42,1,At-Risk Customers
12667.0,2011-10-12 17:00:00,2011-10-12 17:00:00,1,395,620.13,18.791818181818183,395.0,33.0,17,Autumn,Finland,58,1,620.13,0,Regular Customers
12668.0,2010-01-31 15:45:00,2011-11-28 10:56:00,10,5049,11383.03,21.23699626865672,691.2332089552239,74.22574626865672,15,Spring,Germany,12,10,11383.03,0,Regular Customers
12669.0,2011-03-28 10:15:00,2011-07-12 09:54:00,3,1115,2744.03,27.16861386138613,660.980198019802,56.66336633663367,10,Spring,France,151,3,2744.03,0,Regular Customers
12670.0,2010-02-11 10:13:00,2011-11-29 15:23:00,7,1627,3760.29,32.69817391304348,253.33913043478265,17.973913043478262,10,Autumn,France,10,7,3760.29,0,Regular Customers
12671.0,2010-04-12 16:30:00,2010-04-12 16:30:00,1,1460,2622.481,58.27735555555556,1460.0,45.0,16,Spring,Germany,606,1,2622.481,1,At-Risk Customers
12672.0,2010-04-23 09:57:00,2011-01-14 09:20:00,2,138,437.05,19.86590909090909,68.18181818181819,11.090909090909092,9,Spring,France,330,2,437.05,1,At-Risk Customers
12673.0,2010-11-03 10:46:00,2011-12-04 13:55:00,3,700,1230.02,16.62189189189189,250.28378378378375,25.864864864864863,10,Winter,Germany,5,3,1230.02,0,Regular Customers
12674.0,2011-05-16 09:10:00,2011-11-01 12:12:00,4,1133,1970.6,23.742168674698792,288.72289156626505,21.072289156626507,9,Autumn,France,39,4,1970.6,0,Regular Customers
12675.0,2010-05-10 16:44:00,2010-06-04 09:49:00,2,336,957.25,8.546875,332.0178571428572,110.01785714285714,16,Spring,Italy,554,2,957.25,1,At-Risk Customers
12676.0,2010-08-13 13:29:00,2011-11-15 12:25:00,11,1867,2843.09,26.570934579439253,287.0841121495327,14.25233644859813,14,Autumn,Sweden,25,11,2843.09,0,Regular Customers
12677.0,2010-02-11 13:55:00,2010-06-02 14:30:00,2,176,395.1,18.81428571428572,89.85714285714286,10.714285714285714,14,Summer,France,555,2,395.1,1,At-Risk Customers
12678.0,2010-01-07 16:46:00,2011-10-28 13:04:00,21,22372,34281.18,91.17335106382978,2840.25,45.02659574468085,11,Autumn,France,42,21,34281.18,0,Regular Customers
12679.0,2011-03-01 12:26:00,2011-10-12 12:30:00,4,554,1113.02,23.187916666666663,300.5833333333333,37.0,12,Spring,France,59,4,1113.02,0,Regular Customers
12680.0,2011-08-18 15:44:00,2011-12-09 12:50:00,4,444,880.81,16.619056603773583,136.73584905660377,15.18867924528302,12,Summer,France,1,4,880.81,0,Regular Customers
12681.0,2009-12-13 13:31:00,2011-11-25 11:33:00,45,17011,29834.76,20.951376404494383,470.8925561797753,39.28511235955056,11,Autumn,France,15,45,29834.76,0,Regular Customers
12682.0,2009-12-01 09:28:00,2011-12-06 10:00:00,52,10522,22950.22,23.20548028311426,244.84732052578363,23.281092012133467,13,Winter,France,4,52,22950.22,0,Regular Customers
12683.0,2009-12-13 15:01:00,2011-12-05 16:31:00,21,7019,11633.7,23.888501026694048,456.1560574948665,31.024640657084188,15,Winter,France,4,21,11633.7,0,Regular Customers
12684.0,2011-05-10 12:55:00,2011-12-02 09:53:00,7,1985,2283.63,21.748857142857144,385.8952380952381,22.123809523809523,10,Spring,France,8,7,2283.63,0,Regular Customers
12685.0,2011-09-07 10:28:00,2011-11-11 13:46:00,6,1523,2863.08,18.23617834394904,377.0636942675159,37.94267515923567,10,Autumn,France,28,6,2863.08,0,Regular Customers
12686.0,2010-12-03 09:51:00,2010-12-03 09:51:00,1,107,89.14,12.734285714285717,107.0,7.0,9,Winter,France,372,1,89.14,1,At-Risk Customers
12687.0,2010-08-16 12:10:00,2010-08-16 12:12:00,2,1403,2138.91,16.97547619047619,1390.8809523809523,124.015873015873,12,Summer,Sweden,481,2,2138.91,1,At-Risk Customers
12688.0,2011-08-18 08:49:00,2011-08-18 08:49:00,1,3028,4873.81,28.50181286549708,3028.0,171.0,8,Summer,Israel,114,1,4873.81,0,Regular Customers
12689.0,2011-08-04 10:04:00,2011-11-14 08:31:00,2,628,1247.61,17.327916666666667,315.8333333333333,36.11111111111112,8,Autumn,France,26,2,1247.61,0,Regular Customers
12690.0,2011-05-18 09:09:00,2011-05-18 09:09:00,1,106,389.01,24.313125,106.0,16.0,9,Spring,France,206,1,389.01,0,Regular Customers
12691.0,2010-10-15 12:00:00,2011-11-11 16:49:00,7,445,1170.4,30.010256410256414,71.97435897435898,7.102564102564102,12,Autumn,France,28,7,1170.4,0,Regular Customers
12692.0,2010-03-12 14:02:00,2010-03-12 14:02:00,1,36,110.95,8.534615384615385,36.0,13.0,14,Spring,France,637,1,110.95,1,At-Risk Customers
12693.0,2010-07-05 13:56:00,2011-08-04 17:51:00,7,536,1703.02,21.557215189873418,117.39240506329114,17.253164556962027,13,Summer,Germany,127,7,1703.02,0,Regular Customers
12694.0,2010-10-14 19:39:00,2011-09-30 13:06:00,3,1355,1843.35,22.209036144578317,584.7951807228916,33.795180722891565,19,Autumn,France,70,3,1843.35,0,Regular Customers
12695.0,2010-02-12 13:22:00,2011-12-02 13:22:00,7,454,1407.12,23.84949152542373,97.8135593220339,11.745762711864408,13,Winter,France,7,7,1407.12,0,Regular Customers
12696.0,2010-07-19 10:02:00,2010-10-01 10:43:00,2,564,851.91,17.38591836734694,293.1428571428572,25.0,10,Autumn,Finland,435,2,851.91,1,At-Risk Customers
12697.0,2011-06-23 15:44:00,2011-11-11 08:47:00,3,508,957.59,23.355853658536585,166.73170731707316,14.75609756097561,15,Summer,Sweden,29,3,957.59,0,Regular Customers
12698.0,2010-04-28 15:51:00,2010-04-28 15:51:00,1,111,339.75,21.234375,111.0,16.0,15,Spring,Germany,590,1,339.75,1,At-Risk Customers
12699.0,2010-10-18 12:07:00,2010-10-18 12:07:00,1,373,638.11,15.563658536585368,373.0,41.0,12,Autumn,Germany,418,1,638.11,1,At-Risk Customers
12700.0,2011-05-08 16:10:00,2011-12-02 10:47:00,4,2967,4939.99,18.432798507462685,758.526119402985,69.45522388059702,9,Autumn,France,8,4,4939.99,0,Regular Customers
12701.0,2010-03-16 13:23:00,2011-09-21 10:47:00,6,1727,2446.41,16.642244897959184,328.82312925170066,27.367346938775512,10,Summer,Germany,80,6,2446.41,0,Regular Customers
12702.0,2011-11-20 10:36:00,2011-11-20 10:36:00,1,53,219.0,18.25,53.0,12.0,10,Autumn,Germany,20,1,219.0,0,Regular Customers
12703.0,2010-01-24 12:05:00,2011-09-29 17:52:00,4,595,1006.53,13.601756756756757,239.3108108108108,28.72972972972973,12,Winter,Germany,71,4,1006.53,0,Regular Customers
12704.0,2011-06-23 10:20:00,2011-12-02 13:15:00,8,1006,2340.84,26.600454545454543,140.48863636363637,14.090909090909092,10,Summer,Finland,7,8,2340.84,0,Regular Customers
12705.0,2010-06-24 09:51:00,2011-11-24 13:17:00,14,7188,11762.1,19.636227045075128,707.4774624373956,57.35058430717863,13,Autumn,Germany,15,14,11762.1,0,Regular Customers
12707.0,2011-02-21 08:38:00,2011-02-21 08:38:00,1,256,603.42,18.285454545454545,256.0,33.0,8,Winter,France,292,1,603.42,1,At-Risk Customers
12708.0,2009-12-18 10:25:00,2011-11-10 09:52:00,18,2432,5117.66,17.289391891891892,144.90202702702703,17.68243243243243,10,Spring,Germany,30,18,5117.66,0,Regular Customers
12709.0,2009-12-09 13:49:00,2011-11-24 15:38:00,34,13772,30291.76,61.819918367346936,746.9387755102041,24.616326530612245,13,Spring,Germany,15,34,30291.76,0,Regular Customers
12710.0,2011-05-22 14:05:00,2011-09-04 12:00:00,3,851,1149.02,14.922337662337664,375.8961038961039,36.27272727272727,14,Spring,Germany,97,3,1149.02,0,Regular Customers
12711.0,2010-02-01 11:30:00,2010-04-07 11:59:00,2,770,1339.05,22.3175,390.1333333333333,30.133333333333333,11,Spring,Germany,612,2,1339.05,1,At-Risk Customers
12712.0,2009-12-09 10:46:00,2011-11-11 08:19:00,21,2205,6723.03,26.2618359375,116.796875,13.46875,9,Winter,Germany,29,21,6723.03,0,Regular Customers
12713.0,2011-12-09 12:16:00,2011-12-09 12:16:00,1,508,848.55,22.33026315789473,508.0,38.0,12,Winter,Germany,1,1,848.55,0,Regular Customers
12714.0,2009-12-04 10:00:00,2011-11-30 15:43:00,12,8774,14093.71,20.249583333333334,839.6077586206897,66.14942528735632,10,Autumn,France,9,12,14093.71,0,Regular Customers
12715.0,2011-08-25 15:22:00,2011-08-25 15:22:00,1,192,343.36,17.168,192.0,20.0,15,Summer,Sweden,106,1,343.36,0,Regular Customers
12716.0,2011-07-29 13:28:00,2011-12-06 08:55:00,2,708,1053.49,15.267971014492751,399.3478260869565,37.69565217391305,13,Summer,France,4,2,1053.49,0,Regular Customers
12717.0,2010-04-28 14:34:00,2011-07-11 14:47:00,3,600,1308.91,18.435352112676057,218.05633802816905,25.253521126760564,14,Spring,Greece,151,3,1308.91,0,Regular Customers
12718.0,2011-09-29 16:38:00,2011-09-29 16:38:00,1,203,238.25,12.539473684210526,203.0,19.0,16,Autumn,France,71,1,238.25,0,Regular Customers
12719.0,2011-10-05 14:50:00,2011-12-04 13:45:00,2,374,644.95,16.53717948717949,188.92307692307693,19.615384615384617,13,Winter,France,5,2,644.95,0,Regular Customers
12720.0,2010-07-21 09:46:00,2011-12-07 08:03:00,30,6018,7787.28,16.257369519832984,315.36951983298536,25.95615866388309,15,Autumn,Germany,3,30,7787.28,0,Regular Customers
12721.0,2010-08-25 11:07:00,2011-11-08 12:13:00,8,2655,4013.08,16.79112970711297,349.5020920502092,32.16317991631799,12,Autumn,France,32,8,4013.08,0,Regular Customers
12722.0,2011-07-12 11:55:00,2011-09-15 14:50:00,4,566,997.63,18.82320754716981,275.3018867924528,22.92452830188679,8,Summer,France,85,4,997.63,0,Regular Customers
12723.0,2011-10-05 15:52:00,2011-12-06 10:19:00,5,434,725.07,10.508260869565218,174.31884057971016,27.318840579710145,15,Autumn,France,4,5,725.07,0,Regular Customers
12724.0,2010-06-22 14:00:00,2011-12-04 16:02:00,7,1379,2317.52,17.96527131782946,248.8759689922481,23.573643410852718,13,Summer,France,5,7,2317.52,0,Regular Customers
12725.0,2010-05-04 13:59:00,2010-12-03 15:45:00,4,1142,2266.76,21.3845283018868,436.9811320754717,37.18867924528302,13,Spring,Italy,371,4,2266.76,1,At-Risk Customers
12726.0,2010-03-25 16:25:00,2011-11-11 13:35:00,11,4618,4014.6,22.427932960893852,488.0391061452514,20.76536312849162,14,Autumn,France,28,11,4014.6,0,Regular Customers
12727.0,2010-02-23 09:54:00,2011-11-29 11:46:00,10,2832,5679.53,27.9779802955665,396.9064039408867,28.004926108374384,11,Winter,France,11,10,5679.53,0,Regular Customers
12728.0,2010-11-21 11:34:00,2011-09-29 15:31:00,5,543,1070.17,17.54377049180328,113.59016393442624,12.63934426229508,13,Autumn,France,71,5,1070.17,0,Regular Customers
12729.0,2011-08-18 11:40:00,2011-08-18 11:40:00,1,233,453.01,17.423461538461538,233.0,26.0,11,Summer,France,114,1,453.01,0,Regular Customers
12730.0,2010-07-06 12:19:00,2010-07-06 12:19:00,1,234,829.25,17.643617021276597,234.0,47.0,12,Summer,Germany,522,1,829.25,1,At-Risk Customers
12731.0,2010-03-02 09:23:00,2011-11-16 11:59:00,17,11641,25775.71,65.58704834605598,851.5318066157761,29.99236641221374,15,Autumn,France,24,17,25775.71,0,Regular Customers
12732.0,2011-06-13 11:33:00,2011-06-13 11:33:00,1,111,236.26,19.688333333333336,111.0,12.0,11,Summer,France,180,1,236.26,0,Regular Customers
12733.0,2010-01-19 13:23:00,2011-04-19 16:19:00,4,896,2424.87,15.445031847133755,275.484076433121,45.89808917197452,13,Winter,USA,234,4,2424.87,0,Regular Customers
12734.0,2010-11-12 13:26:00,2010-12-22 12:47:00,3,265,639.65,33.66578947368421,88.78947368421052,7.421052631578948,11,Autumn,France,353,3,639.65,1,At-Risk Customers
12735.0,2011-01-06 14:26:00,2011-01-28 13:37:00,2,368,779.5699999999999,18.12953488372093,185.8372093023256,21.511627906976745,14,Winter,France,315,2,779.5699999999999,1,At-Risk Customers
12736.0,2011-01-11 07:57:00,2011-01-11 07:57:00,1,173,234.0,58.5,173.0,4.0,7,Winter,France,333,1,234.0,1,At-Risk Customers
12737.0,2010-07-29 12:27:00,2010-07-29 12:29:00,2,2,3710.5,1855.25,1.0,1.0,12,Summer,France,499,2,3710.5,1,At-Risk Customers
12738.0,2010-12-02 18:27:00,2010-12-02 18:27:00,1,148,155.35,14.122727272727271,148.0,11.0,18,Winter,Germany,372,1,155.35,1,At-Risk Customers
12739.0,2010-11-10 14:27:00,2011-09-22 13:00:00,4,951,2726.73,30.63741573033708,456.5955056179776,42.41573033707865,14,Autumn,United Arab Emirates,78,4,2726.73,0,Regular Customers
12740.0,2011-10-07 10:44:00,2011-10-07 10:44:00,1,342,427.6,15.837037037037035,342.0,27.0,10,Autumn,France,64,1,427.6,0,Regular Customers
12741.0,2010-06-24 16:24:00,2010-06-28 14:36:00,2,214,406.07,25.379375,199.75,14.125,16,Summer,USA,529,2,406.07,1,At-Risk Customers
12742.0,2010-03-24 12:43:00,2010-03-24 12:43:00,1,1359,1201.52,17.933134328358207,1359.0,67.0,12,Spring,United Arab Emirates,626,1,1201.52,1,At-Risk Customers
12743.0,2011-07-28 16:06:00,2011-07-28 16:21:00,2,315,540.13,4.123129770992366,169.21374045801528,68.90839694656489,16,Summer,Unspecified,134,2,540.13,0,Regular Customers
12744.0,2010-04-27 16:19:00,2011-10-19 11:18:00,11,6994,25317.06,74.68159292035399,1163.94395280236,51.50737463126843,10,Autumn,Singapore,52,11,25317.06,0,Regular Customers
12745.0,2010-01-26 16:22:00,2010-08-10 10:14:00,3,468,925.41,40.235217391304346,220.3913043478261,10.652173913043478,10,Summer,United Kingdom,487,3,925.41,1,At-Risk Customers
12746.0,2010-06-17 10:41:00,2010-06-17 10:41:00,1,97,254.55,14.973529411764709,97.0,17.0,10,Summer,United Kingdom,541,1,254.55,1,At-Risk Customers
12747.0,2009-12-07 13:23:00,2011-12-07 14:34:00,26,2640,8898.48,35.73686746987951,112.42570281124496,11.152610441767068,14,Spring,United Kingdom,2,26,8898.48,0,Regular Customers
12748.0,2009-12-04 17:31:00,2011-12-09 12:20:00,336,37109,53539.64,8.130545178435838,264.9849658314351,47.95611237661352,13,Autumn,United Kingdom,1,336,53539.64,3,Loyal Customers
12749.0,2010-07-06 15:05:00,2011-12-06 09:56:00,9,2360,6897.36,20.40639053254438,395.6686390532544,51.63313609467456,12,Autumn,United Kingdom,4,9,6897.36,0,Regular Customers
12750.0,2011-08-03 09:13:00,2011-08-03 09:13:00,1,137,275.88,18.392,137.0,15.0,9,Summer,Poland,129,1,275.88,0,Regular Customers
12751.0,2010-09-21 12:49:00,2010-09-21 12:49:00,1,189,268.27,4.326935483870967,189.0,61.0,12,Autumn,Brazil,445,1,268.27,1,At-Risk Customers
12752.0,2011-09-19 13:32:00,2011-09-19 13:32:00,1,2262,4366.78,82.3920754716981,2262.0,53.0,13,Autumn,Norway,81,1,4366.78,0,Regular Customers
12753.0,2010-12-12 11:44:00,2011-11-17 10:52:00,6,11421,21429.39,108.77862944162436,2335.289340101523,40.42131979695432,11,Winter,Japan,23,6,21429.39,0,Regular Customers
12754.0,2011-02-04 10:31:00,2011-04-18 09:00:00,3,6481,3010.74,47.78952380952381,1453.3492063492065,27.126984126984127,10,Winter,Japan,236,3,3010.74,0,Regular Customers
12755.0,2010-01-15 11:57:00,2011-03-04 12:42:00,11,2293,5236.26,83.1152380952381,159.28571428571428,11.634920634920634,9,Summer,Japan,281,11,5236.259999999999,0,Regular Customers
12756.0,2011-09-14 09:31:00,2011-09-14 09:31:00,1,144,112.08,28.02,144.0,4.0,9,Autumn,Japan,87,1,112.07999999999998,0,Regular Customers
12757.0,2011-05-12 19:01:00,2011-11-24 12:30:00,13,2395,7834.650000000001,21.52376373626374,623.8736263736264,102.95054945054945,14,Autumn,Portugal,16,13,7834.650000000001,0,Regular Customers
12758.0,2009-12-01 14:40:00,2011-08-15 10:22:00,7,6155,9903.24,31.639744408945685,1084.2044728434505,56.48242811501598,10,Spring,Portugal,117,7,9903.24,0,Regular Customers
12759.0,2009-12-04 10:47:00,2011-10-18 14:49:00,8,3202,5020.74,16.62496688741722,457.07615894039736,43.52980132450331,10,Autumn,Netherlands,52,8,5020.74,0,Regular Customers
12760.0,2010-09-10 08:50:00,2010-09-10 08:50:00,1,198,347.8,16.561904761904763,198.0,21.0,8,Autumn,Netherlands,456,1,347.8,1,At-Risk Customers
12761.0,2010-09-01 10:47:00,2010-09-08 12:17:00,2,281,782.95,28.99814814814815,269.6666666666667,25.074074074074076,10,Autumn,Netherlands,458,2,782.95,1,At-Risk Customers
12762.0,2011-11-14 14:23:00,2011-12-02 10:23:00,2,1227,1898.52,27.51478260869565,777.2608695652174,39.78260869565217,10,Winter,Portugal,8,2,1898.52,0,Regular Customers
12763.0,2010-12-05 15:46:00,2011-07-24 14:12:00,2,316,494.08,27.448888888888888,187.55555555555557,14.444444444444445,15,Winter,Japan,138,2,494.08,0,Regular Customers
12764.0,2011-01-27 10:19:00,2011-01-27 10:19:00,1,386,1693.88,37.64177777777778,386.0,45.0,10,Winter,Lebanon,317,1,1693.88,1,At-Risk Customers
12765.0,2010-03-08 09:43:00,2010-08-24 13:51:00,6,1009,1404.58,20.65558823529412,195.39705882352945,13.5,15,Summer,Netherlands,472,6,1404.58,1,At-Risk Customers
12766.0,2010-10-28 09:29:00,2011-12-06 08:46:00,9,5022,8918.99,22.186542288557213,617.4353233830846,49.39303482587065,13,Autumn,Portugal,4,9,8918.99,0,Regular Customers
12767.0,2010-11-29 09:38:00,2010-11-29 09:38:00,1,598,949.82,22.088837209302326,598.0,43.0,9,Autumn,Korea,376,1,949.82,1,At-Risk Customers
12768.0,2010-09-15 12:08:00,2010-09-15 12:08:00,1,102,168.69,16.869,102.0,10.0,12,Autumn,Korea,451,1,168.69000000000003,1,At-Risk Customers
12769.0,2011-04-15 10:25:00,2011-04-15 10:25:00,1,356,1143.6,35.7375,356.0,32.0,10,Spring,Brazil,239,1,1143.6,0,Regular Customers
12770.0,2010-09-09 11:43:00,2011-05-13 09:33:00,2,1843,3246.45,115.94464285714284,947.0,14.285714285714286,11,Autumn,Japan,211,2,3246.45,0,Regular Customers
12771.0,2010-08-11 11:51:00,2010-08-11 11:51:00,1,104,282.3,18.82,104.0,15.0,11,Summer,Portugal,486,1,282.3,1,At-Risk Customers
12772.0,2011-10-11 09:19:00,2011-10-11 09:19:00,1,556,892.47,16.226727272727274,556.0,55.0,9,Autumn,Portugal,60,1,892.47,0,Regular Customers
12773.0,2010-05-24 17:30:00,2010-05-24 17:30:00,1,109,124.25,20.70833333333333,109.0,6.0,17,Spring,Portugal,564,1,124.25,1,At-Risk Customers
12774.0,2010-06-22 10:38:00,2010-06-22 10:38:00,1,53,98.7,16.45,53.0,6.0,10,Summer,Netherlands,536,1,98.7,1,At-Risk Customers
12775.0,2010-10-26 14:24:00,2011-11-22 16:33:00,7,1083,1686.12,20.816296296296297,165.77777777777777,12.283950617283953,14,Autumn,Netherlands,17,7,1686.12,0,Regular Customers
12776.0,2010-02-10 12:11:00,2010-02-10 12:11:00,1,46,55.5,13.875,46.0,4.0,12,Winter,Portugal,668,1,55.5,1,At-Risk Customers
12777.0,2010-09-08 11:35:00,2010-09-08 11:35:00,1,458,519.45,19.97884615384616,458.0,26.0,11,Autumn,United Kingdom,458,1,519.45,1,At-Risk Customers
12778.0,2010-04-16 09:57:00,2011-11-20 11:30:00,9,1735,1775.68,15.576140350877193,249.33333333333331,16.75438596491228,9,Autumn,Netherlands,20,9,1775.68,0,Regular Customers
12779.0,2009-12-03 07:25:00,2011-11-02 11:43:00,14,3501,6474.11,24.06732342007435,335.9628252788104,26.353159851301115,15,Autumn,Poland,38,14,6474.11,0,Regular Customers
12780.0,2010-04-20 09:40:00,2010-04-20 09:40:00,1,285,337.4,16.869999999999997,285.0,20.0,9,Spring,Netherlands,599,1,337.4,1,At-Risk Customers
12781.0,2011-02-28 08:43:00,2011-10-07 10:37:00,2,671,826.74,33.0696,337.6,13.0,8,Winter,Czech Republic,64,2,826.74,0,Regular Customers
12782.0,2010-07-08 13:31:00,2011-12-05 09:16:00,11,2017,4618.24,20.344669603524228,213.4625550660793,24.01321585903084,10,Autumn,Portugal,5,11,4618.24,0,Regular Customers
12783.0,2011-09-25 15:35:00,2011-12-07 15:56:00,6,624,2225.91,26.49892857142857,167.27380952380952,23.09523809523809,11,Autumn,Portugal,2,6,2225.91,0,Regular Customers
12784.0,2010-06-28 13:06:00,2011-11-30 15:38:00,3,862,1763.15,13.66782945736434,445.5348837209302,63.201550387596896,13,Summer,Portugal,9,3,1763.15,0,Regular Customers
12785.0,2009-12-08 13:56:00,2010-12-10 13:48:00,3,453,1100.4,19.65,152.71428571428572,19.392857142857142,13,Winter,Portugal,364,3,1100.4,1,At-Risk Customers
12786.0,2010-04-09 12:12:00,2010-04-09 12:12:00,1,324,728.5000000000001,40.47222222222223,324.0,18.0,12,Spring,Netherlands,610,1,728.5,1,At-Risk Customers
12787.0,2010-10-22 14:57:00,2011-11-30 08:44:00,4,510,862.1800000000001,19.595,178.63636363636363,16.363636363636363,14,Autumn,Netherlands,10,4,862.18,0,Regular Customers
12788.0,2010-06-29 13:05:00,2010-09-02 14:21:00,4,194,444.9,17.111538461538462,56.38461538461539,7.461538461538462,13,Summer,Netherlands,463,4,444.9,1,At-Risk Customers
12789.0,2010-01-15 12:06:00,2011-10-05 13:34:00,3,36,273.35,34.16875,10.0,3.0,12,Autumn,Netherlands,65,3,273.35,0,Regular Customers
12790.0,2010-10-25 13:04:00,2011-05-31 14:14:00,2,306,591.85,15.995945945945946,154.75675675675674,18.83783783783784,14,Spring,Netherlands,192,2,591.85,0,Regular Customers
12791.0,2010-03-25 17:29:00,2010-12-01 11:27:00,6,353,863.51,30.839642857142856,66.82142857142857,6.714285714285714,14,Spring,Netherlands,374,6,863.51,1,At-Risk Customers
12792.0,2010-06-23 10:49:00,2011-03-28 11:36:00,2,394,827.01,17.59595744680851,198.2765957446809,23.595744680851062,11,Spring,Portugal,257,2,827.01,1,At-Risk Customers
12793.0,2010-11-03 13:05:00,2011-01-09 12:12:00,3,461,885.53,20.125681818181818,174.6590909090909,16.772727272727273,13,Winter,Portugal,335,3,885.53,1,At-Risk Customers
12794.0,2011-09-02 12:01:00,2011-10-17 14:54:00,2,592,860.41,19.12022222222222,303.6666666666667,22.77777777777778,14,Autumn,Portugal,53,2,860.41,0,Regular Customers
12795.0,2011-11-21 10:27:00,2011-11-21 10:27:00,1,68,430.48,30.74857142857143,68.0,14.0,10,Autumn,Portugal,19,1,430.48,0,Regular Customers
12796.0,2010-03-21 15:49:00,2010-03-21 15:49:00,1,182,381.0,54.42857142857143,182.0,7.0,15,Spring,Netherlands,628,1,381.0,1,At-Risk Customers
12797.0,2010-10-11 12:53:00,2010-12-09 10:55:00,2,215,552.08,18.40266666666667,106.1,15.266666666666667,12,Autumn,Portugal,366,2,552.08,1,At-Risk Customers
12798.0,2010-10-14 12:27:00,2011-11-29 15:52:00,4,8455,8510.93,257.9069696969697,2924.575757575757,20.09090909090909,12,Autumn,Japan,10,4,8510.93,0,Regular Customers
12799.0,2010-06-28 15:57:00,2010-06-28 15:57:00,1,137,219.35,14.623333333333331,137.0,15.0,15,Summer,Japan,529,1,219.35,1,At-Risk Customers
12800.0,2010-02-01 11:02:00,2010-08-26 14:11:00,3,284,584.25,17.183823529411764,158.3235294117647,18.529411764705884,11,Winter,Portugal,470,3,584.25,1,At-Risk Customers
12801.0,2010-07-27 09:38:00,2010-07-27 09:38:00,1,505,1071.82,21.4364,505.0,50.0,9,Summer,Sweden,501,1,1071.82,1,At-Risk Customers
12802.0,2010-05-25 09:34:00,2011-06-06 09:36:00,7,1972,2416.42,17.510289855072465,439.6739130434783,32.31884057971015,9,Summer,Netherlands,187,7,2416.42,0,Regular Customers
12803.0,2010-11-11 14:57:00,2010-11-11 14:57:00,1,872,1092.81,19.86927272727273,872.0,55.0,14,Autumn,Netherlands,393,1,1092.81,1,At-Risk Customers
12804.0,2010-07-27 13:52:00,2010-08-31 11:58:00,2,270,325.37,4.929848484848485,123.33333333333331,35.0,13,Summer,Netherlands,466,2,325.37,1,At-Risk Customers
12805.0,2010-02-03 09:06:00,2010-11-23 12:27:00,4,593,1434.95,24.74051724137931,169.63793103448276,16.103448275862068,12,Autumn,Netherlands,382,4,1434.95,1,At-Risk Customers
12806.0,2010-04-30 10:44:00,2010-09-30 13:34:00,4,2087,2878.96,42.96955223880597,985.6865671641792,32.16417910447761,10,Spring,Netherlands,435,4,2878.96,1,At-Risk Customers
12807.0,2010-11-21 14:21:00,2010-11-21 14:21:00,1,145,330.35,20.646875,145.0,16.0,14,Autumn,Sweden,383,1,330.35,1,At-Risk Customers
12808.0,2010-09-03 10:24:00,2011-11-03 10:05:00,5,322,776.7,16.52553191489362,68.91489361702128,9.936170212765957,10,Autumn,Portugal,37,5,776.7,0,Regular Customers
12809.0,2010-03-02 14:19:00,2011-06-15 10:51:00,3,518,1755.94,21.67827160493827,177.1358024691358,27.96296296296296,14,Spring,Portugal,178,3,1755.94,0,Regular Customers
12810.0,2010-02-01 09:52:00,2010-06-23 10:53:00,2,389,534.99,16.7184375,230.6875,18.25,10,Summer,Japan,535,2,534.99,1,At-Risk Customers
12811.0,2010-10-08 12:20:00,2011-03-24 09:42:00,5,435,1033.9,18.4625,107.25,13.75,10,Autumn,Portugal,261,5,1033.9,0,Regular Customers
12812.0,2011-10-26 09:54:00,2011-10-26 09:54:00,1,164,229.64,15.309333333333337,164.0,15.0,9,Autumn,Japan,45,1,229.64,0,Regular Customers
12813.0,2010-01-15 16:52:00,2010-07-26 09:50:00,3,1141,1687.8,37.50666666666667,418.6,18.244444444444444,9,Summer,Netherlands,502,3,1687.8,1,At-Risk Customers
12814.0,2011-08-30 12:11:00,2011-08-30 12:11:00,1,49,125.92,62.96,49.0,2.0,12,Summer,Poland,102,1,125.92,0,Regular Customers
12815.0,2011-05-25 13:34:00,2011-07-15 10:21:00,2,379,1063.46,22.6268085106383,205.29787234042556,25.8936170212766,13,Spring,Poland,148,2,1063.46,0,Regular Customers
12816.0,2011-06-16 13:24:00,2011-09-05 12:41:00,2,128,572.2,19.731034482758623,64.44827586206897,14.517241379310343,13,Summer,Poland,96,2,572.2,0,Regular Customers
12817.0,2010-10-01 08:57:00,2011-03-03 16:28:00,3,219,690.98,27.6392,83.0,9.64,8,Autumn,Austria,281,3,690.98,1,At-Risk Customers
12818.0,2011-03-23 12:06:00,2011-03-23 12:06:00,1,929,1542.08,110.14857142857144,929.0,14.0,12,Spring,Austria,262,1,1542.08,1,At-Risk Customers
12819.0,2010-09-07 15:20:00,2010-09-07 15:20:00,1,344,540.52,28.448421052631577,344.0,19.0,15,Autumn,United Kingdom,458,1,540.52,1,At-Risk Customers
12820.0,2009-12-05 13:37:00,2011-12-06 15:12:00,11,1964,2689.52,16.915220125786163,211.3018867924528,16.59748427672956,12,Winter,United Kingdom,3,11,2689.52,0,Regular Customers
12821.0,2010-04-07 15:14:00,2011-05-09 15:51:00,2,162,220.8,16.984615384615385,81.84615384615384,6.538461538461538,15,Spring,United Kingdom,214,2,220.8,0,Regular Customers
12822.0,2011-09-13 13:46:00,2011-09-30 10:04:00,2,550,948.88,20.62782608695652,365.69565217391306,31.52173913043478,13,Autumn,United Kingdom,71,2,948.88,0,Regular Customers
12823.0,2010-01-29 12:52:00,2011-09-26 07:35:00,18,930,6501.5,361.19444444444446,51.66666666666666,1.0,12,Autumn,United Kingdom,75,18,6501.5,0,Regular Customers
12824.0,2011-10-11 12:49:00,2011-10-11 12:49:00,1,232,397.12,15.8848,232.0,25.0,12,Autumn,United Kingdom,60,1,397.12,0,Regular Customers
12825.0,2010-03-08 10:17:00,2010-07-06 13:56:00,2,139,518.63,21.609583333333333,71.91666666666667,12.333333333333334,13,Summer,United Kingdom,521,2,518.63,1,At-Risk Customers
12826.0,2009-12-18 10:43:00,2011-12-07 10:25:00,12,1915,2800.75,17.839171974522294,185.54777070063693,16.197452229299362,12,Winter,United Kingdom,3,12,2800.75,0,Regular Customers
12827.0,2011-10-26 15:44:00,2011-12-04 12:17:00,3,197,430.15,17.206,86.2,11.0,15,Autumn,United Kingdom,6,3,430.15,0,Regular Customers
12828.0,2011-08-01 16:16:00,2011-12-07 08:45:00,6,494,1018.71,18.19125,96.16071428571428,10.785714285714286,10,Summer,United Kingdom,3,6,1018.71,0,Regular Customers
12829.0,2010-06-07 15:04:00,2011-01-07 11:13:00,3,550,385.3,20.27894736842105,185.42105263157896,6.578947368421052,15,Winter,United Kingdom,337,3,385.3,1,At-Risk Customers
12830.0,2011-06-21 10:53:00,2011-11-02 11:54:00,6,9848,6814.64,179.33263157894737,2170.5263157894738,9.578947368421051,10,Summer,United Kingdom,38,6,6814.64,0,Regular Customers
12831.0,2010-09-02 15:58:00,2011-03-22 13:02:00,3,303,451.11,20.505,104.4090909090909,8.090909090909092,13,Autumn,United Kingdom,262,3,451.11,1,At-Risk Customers
12832.0,2011-09-02 13:48:00,2011-11-07 13:30:00,2,195,383.03,14.186296296296298,109.0,15.0,13,Autumn,United Kingdom,32,2,383.03,0,Regular Customers
12833.0,2011-07-17 13:46:00,2011-07-17 13:46:00,1,156,417.38,17.390833333333333,156.0,24.0,13,Summer,United Kingdom,145,1,417.38,0,Regular Customers
12834.0,2011-03-02 09:49:00,2011-03-02 09:49:00,1,110,312.38,17.354444444444443,110.0,18.0,9,Spring,United Kingdom,283,1,312.38,1,At-Risk Customers
12835.0,2009-12-03 12:13:00,2010-10-08 10:59:00,41,2349,5996.83,9.750943089430894,74.9430894308943,19.04390243902439,11,Winter,United Kingdom,428,41,5996.83,1,At-Risk Customers
12836.0,2009-12-01 14:19:00,2011-10-11 15:10:00,15,2231,6559.7300000000005,15.960413625304138,207.49878345498783,37.8661800486618,15,Spring,United Kingdom,59,15,6559.7300000000005,0,Regular Customers
12837.0,2010-05-19 15:10:00,2011-06-19 16:07:00,2,194,662.66,7.530227272727273,150.0909090909091,64.68181818181819,15,Spring,United Kingdom,173,2,662.66,0,Regular Customers
12838.0,2010-04-26 09:59:00,2011-11-06 12:20:00,10,1606,2975.91,8.359297752808988,177.16573033707866,48.78089887640449,12,Autumn,United Kingdom,34,10,2975.91,0,Regular Customers
12839.0,2009-12-07 09:18:00,2011-12-07 12:33:00,26,6578,9669.12,17.453285198555957,280.3808664259928,23.575812274368232,14,Autumn,United Kingdom,3,26,9669.12,0,Regular Customers
12840.0,2010-02-03 14:51:00,2011-07-19 09:29:00,7,2258,4041.97,22.96573863636364,365.7613636363636,30.352272727272727,12,Spring,United Kingdom,144,7,4041.97,0,Regular Customers
12841.0,2010-07-08 15:38:00,2011-12-05 11:13:00,40,5008,6958.2,10.804658385093168,138.3835403726708,18.64751552795031,12,Autumn,United Kingdom,5,40,6958.2,0,Regular Customers
12842.0,2009-12-02 08:15:00,2011-09-30 15:33:00,4,887,1917.99,39.958125,258.2083333333333,15.125,15,Autumn,United Kingdom,70,4,1917.99,0,Regular Customers
12843.0,2009-12-13 11:41:00,2011-10-05 12:09:00,30,3028,6583.36,30.061004566210045,158.1917808219178,15.515981735159816,11,Summer,United Kingdom,66,30,6583.36,0,Regular Customers
12844.0,2010-04-25 11:51:00,2011-11-10 13:31:00,4,223,648.6,6.297087378640777,57.42718446601942,25.718446601941743,13,Autumn,United Kingdom,29,4,648.6,0,Regular Customers
12845.0,2011-02-22 14:10:00,2011-03-17 13:34:00,4,204,354.09000000000003,13.114444444444446,23.55555555555556,17.0,14,Winter,United Kingdom,267,4,354.09,1,At-Risk Customers
12846.0,2010-01-26 16:29:00,2010-01-26 16:29:00,1,1,15.58,15.58,1.0,1.0,16,Winter,United Kingdom,682,1,15.58,1,At-Risk Customers
12847.0,2010-11-17 12:44:00,2011-11-17 13:16:00,2,1497,1609.0,13.521008403361344,799.7647058823529,60.8235294117647,13,Autumn,United Kingdom,22,2,1609.0,0,Regular Customers
12848.0,2010-02-02 12:45:00,2010-02-02 12:45:00,1,58,208.0,13.0,58.0,16.0,12,Winter,United Kingdom,676,1,208.0,1,At-Risk Customers
12849.0,2010-04-27 13:44:00,2011-11-08 13:41:00,6,1855,3042.4700000000003,21.12826388888889,339.7361111111111,25.58333333333333,12,Autumn,United Kingdom,31,6,3042.47,0,Regular Customers
12850.0,2010-09-20 12:26:00,2010-09-20 12:26:00,1,200,330.0,165.0,200.0,2.0,12,Autumn,United Kingdom,446,1,330.0,1,At-Risk Customers
12851.0,2010-08-19 15:13:00,2011-09-04 12:41:00,2,157,280.76,3.6462337662337663,84.57142857142857,37.935064935064936,12,Autumn,United Kingdom,97,2,280.76,0,Regular Customers
12852.0,2011-02-18 08:47:00,2011-02-18 08:47:00,1,149,311.55,18.326470588235296,149.0,17.0,8,Winter,United Kingdom,295,1,311.55,1,At-Risk Customers
12853.0,2010-02-05 11:57:00,2011-07-28 11:29:00,11,1668,3907.5,26.402027027027028,226.1081081081081,18.95945945945946,11,Summer,United Kingdom,135,11,3907.5,0,Regular Customers
12854.0,2009-12-11 12:55:00,2011-09-22 12:15:00,7,1630,2970.9700000000003,11.383026819923373,257.8467432950192,42.77394636015325,14,Winter,United Kingdom,79,7,2970.9700000000003,0,Regular Customers
12855.0,2010-11-02 18:16:00,2010-12-02 09:37:00,4,240,612.84,9.146865671641793,104.01492537313432,36.23880597014925,14,Autumn,United Kingdom,373,4,612.84,1,At-Risk Customers
12856.0,2011-10-07 12:38:00,2011-12-02 10:52:00,6,1076,2170.78,6.98,193.2797427652733,57.72347266881029,12,Autumn,United Kingdom,8,6,2170.78,0,Regular Customers
12857.0,2010-01-25 15:37:00,2011-05-13 10:20:00,6,1420,3688.0,30.479338842975206,281.504132231405,23.90909090909091,12,Winter,United Kingdom,211,6,3688.0,0,Regular Customers
12858.0,2010-11-21 12:55:00,2010-11-21 12:55:00,1,51,147.27,3.980270270270271,51.0,36.0,12,Autumn,United Kingdom,383,1,147.27,1,At-Risk Customers
12859.0,2010-09-07 12:20:00,2010-09-07 12:20:00,1,292,575.1,27.38571428571429,292.0,21.0,12,Autumn,United Kingdom,459,1,575.1,1,At-Risk Customers
12860.0,2010-01-15 15:22:00,2010-01-15 15:22:00,1,26,54.22,3.38875,26.0,16.0,15,Winter,United Kingdom,693,1,54.22,1,At-Risk Customers
12861.0,2010-03-30 11:39:00,2010-03-30 11:39:00,1,27,68.25,17.0625,27.0,4.0,11,Spring,United Kingdom,620,1,68.25,1,At-Risk Customers
12862.0,2010-08-01 15:20:00,2010-10-10 11:47:00,2,611,984.62,7.51618320610687,312.57251908396944,66.0381679389313,15,Summer,United Kingdom,426,2,984.62,1,At-Risk Customers
12863.0,2010-04-29 13:54:00,2011-10-18 14:15:00,6,895,2792.55,58.178125,158.29166666666666,11.604166666666666,13,Spring,United Kingdom,52,6,2792.55,0,Regular Customers
12864.0,2010-07-19 17:22:00,2011-07-24 13:03:00,2,447,299.57,42.79571428571428,224.57142857142856,3.571428571428572,17,Summer,United Kingdom,138,2,299.57,0,Regular Customers
12865.0,2010-08-20 12:20:00,2011-11-13 14:31:00,4,1973,3323.4700000000003,17.0434358974359,523.7692307692307,51.38974358974359,12,Summer,Austria,26,4,3323.47,0,Regular Customers
12866.0,2010-07-25 11:37:00,2011-03-01 14:11:00,3,553,1227.35,19.48174603174603,181.31746031746036,21.666666666666668,14,Summer,Belgium,283,3,1227.35,1,At-Risk Customers
12867.0,2009-12-16 16:25:00,2011-11-13 15:30:00,13,7876,7829.26,7.456438095238095,644.0371428571428,84.41904761904762,15,Autumn,United Kingdom,26,13,7829.26,0,Regular Customers
12868.0,2010-11-12 10:05:00,2011-06-07 10:42:00,8,1170,2043.76,15.251940298507463,166.2910447761194,18.94029850746269,15,Spring,United Kingdom,186,8,2043.76,0,Regular Customers
12869.0,2010-01-27 12:10:00,2010-01-27 12:10:00,1,144,337.67,9.126216216216216,144.0,35.0,12,Winter,United Kingdom,682,1,337.67,1,At-Risk Customers
12870.0,2010-03-25 14:32:00,2010-11-29 13:42:00,3,906,1676.95,18.031720430107526,399.03225806451616,42.80645161290322,13,Autumn,United Kingdom,375,3,1676.95,1,At-Risk Customers
12871.0,2010-09-26 10:34:00,2011-09-16 15:07:00,3,484,744.02,41.33444444444444,174.88888888888889,6.333333333333333,10,Autumn,United Kingdom,84,3,744.02,0,Regular Customers
12872.0,2009-12-03 20:03:00,2011-01-17 10:52:00,12,1642,3283.96,8.33492385786802,148.11421319796955,34.82994923857868,13,Winter,United Kingdom,327,12,3283.96,1,At-Risk Customers
12873.0,2010-01-27 09:50:00,2011-03-02 14:58:00,3,786,2027.3,57.92285714285714,312.9714285714286,14.314285714285717,11,Autumn,United Kingdom,282,3,2027.3,1,At-Risk Customers
12874.0,2010-06-03 12:51:00,2010-11-19 15:23:00,2,623,948.42,19.75875,316.5416666666667,24.166666666666668,12,Summer,Belgium,385,2,948.42,1,At-Risk Customers
12875.0,2010-01-11 12:37:00,2011-07-19 15:30:00,5,5187,1356.9900000000002,169.62375000000003,1044.375,1.75,12,Summer,United Kingdom,143,5,1356.99,0,Regular Customers
12876.0,2010-04-28 13:26:00,2011-10-13 12:26:00,4,3047,4081.79,24.010529411764704,811.1176470588235,44.64705882352941,12,Autumn,Belgium,58,4,4081.79,0,Regular Customers
12877.0,2010-01-18 10:23:00,2011-12-06 10:30:00,20,2237,2942.14,10.737737226277371,167.71167883211675,27.54014598540146,13,Autumn,United Kingdom,4,20,2942.14,0,Regular Customers
12878.0,2011-03-18 14:02:00,2011-04-17 13:07:00,2,547,854.99,18.19127659574468,285.27659574468083,24.361702127659573,13,Spring,United Kingdom,236,2,854.99,0,Regular Customers
12879.0,2011-09-09 12:11:00,2011-10-26 12:24:00,3,370,573.22,57.322,116.8,3.4,12,Autumn,United Kingdom,45,3,573.22,0,Regular Customers
12880.0,2010-05-14 11:57:00,2010-11-23 10:50:00,2,279,640.13,17.781388888888888,139.91666666666666,18.5,11,Spring,United Kingdom,382,2,640.13,1,At-Risk Customers
12881.0,2011-03-09 11:44:00,2011-03-09 11:44:00,1,21,298.0,42.57142857142857,21.0,7.0,11,Spring,United Kingdom,276,1,298.0,1,At-Risk Customers
12882.0,2011-11-06 11:22:00,2011-11-30 16:18:00,2,246,1463.04,112.54153846153848,126.92307692307692,6.846153846153846,16,Autumn,United Kingdom,9,2,1463.04,0,Regular Customers
12883.0,2011-09-11 15:18:00,2011-11-15 09:32:00,4,196,703.47,16.749285714285715,61.595238095238095,14.238095238095235,9,Autumn,United Kingdom,25,4,703.47,0,Regular Customers
12884.0,2011-09-12 13:10:00,2011-09-12 13:10:00,1,43,309.05,44.15,43.0,7.0,13,Autumn,United Kingdom,88,1,309.05,0,Regular Customers
12885.0,2011-08-08 11:45:00,2011-10-07 13:40:00,3,655,1175.22,16.552394366197184,318.2112676056338,34.971830985915496,11,Summer,United Kingdom,63,3,1175.22,0,Regular Customers
12886.0,2011-05-04 11:21:00,2011-10-03 10:09:00,2,770,1378.4,16.809756097560978,389.5365853658537,41.8780487804878,11,Spring,United Kingdom,68,2,1378.4,0,Regular Customers
12887.0,2010-11-21 11:18:00,2010-11-21 11:18:00,1,100,222.4,17.107692307692307,100.0,13.0,11,Autumn,United Kingdom,384,1,222.4,1,At-Risk Customers
12888.0,2011-03-29 14:31:00,2011-05-09 16:02:00,2,76,354.12,70.824,46.4,3.4,14,Spring,United Kingdom,214,2,354.12,0,Regular Customers
12889.0,2010-07-25 14:32:00,2010-11-23 16:08:00,4,124,385.46,15.418400000000002,38.28,7.56,14,Autumn,United Kingdom,381,4,385.46,1,At-Risk Customers
12890.0,2010-11-17 14:05:00,2011-11-15 17:26:00,2,457,706.02,5.229777777777778,233.1851851851852,68.87407407407407,17,Autumn,United Kingdom,24,2,706.02,0,Regular Customers
12891.0,2010-02-18 14:32:00,2011-06-07 12:31:00,11,2325,840.5,76.4090909090909,211.3636363636364,1.0,13,Summer,United Kingdom,186,11,840.5,0,Regular Customers
12892.0,2010-11-08 09:51:00,2010-11-08 09:51:00,1,140,263.38,14.632222222222222,140.0,18.0,9,Autumn,United Kingdom,397,1,263.38,1,At-Risk Customers
12893.0,2011-11-09 12:34:00,2011-11-09 12:34:00,1,90,176.55,5.695161290322581,90.0,27.0,12,Autumn,United Kingdom,31,1,176.55,0,Regular Customers
12894.0,2010-05-13 14:47:00,2010-05-13 14:47:00,1,33,157.35,7.492857142857143,33.0,21.0,14,Spring,United Kingdom,575,1,157.35,1,At-Risk Customers
12895.0,2011-09-14 08:35:00,2011-10-28 13:51:00,2,210,372.8,16.945454545454545,121.8181818181818,13.272727272727272,8,Autumn,United Kingdom,42,2,372.8,0,Regular Customers
12897.0,2010-06-14 11:58:00,2011-05-19 12:13:00,4,249,514.25,36.73214285714285,59.285714285714285,4.285714285714286,11,Summer,United Kingdom,205,4,514.25,0,Regular Customers
12898.0,2010-02-18 12:36:00,2010-09-02 08:08:00,2,235,296.21,10.97074074074074,92.96296296296296,25.074074074074076,12,Winter,United Kingdom,464,2,296.21000000000004,1,At-Risk Customers
12899.0,2010-10-22 09:53:00,2010-10-22 09:53:00,1,108,366.4,21.552941176470583,108.0,17.0,9,Autumn,United Kingdom,414,1,366.4,1,At-Risk Customers
12900.0,2010-10-13 15:17:00,2010-10-13 15:17:00,1,139,340.33000000000004,26.179230769230774,139.0,13.0,15,Autumn,United Kingdom,422,1,340.33,1,At-Risk Customers
12901.0,2011-03-14 10:41:00,2011-12-01 10:07:00,28,23075,17654.54,152.19431034482758,1159.646551724138,7.017241379310345,11,Spring,United Kingdom,9,28,17654.54,0,Regular Customers
12902.0,2011-03-20 12:06:00,2011-03-20 12:06:00,1,66,138.68,13.868,66.0,10.0,12,Spring,United Kingdom,265,1,138.68,1,At-Risk Customers
12903.0,2010-10-07 12:39:00,2010-10-07 12:39:00,1,493,833.5300000000001,20.33,493.0,41.0,12,Autumn,United Kingdom,429,1,833.53,1,At-Risk Customers
12904.0,2011-06-20 13:18:00,2011-11-21 14:34:00,2,294,496.06,6.986760563380281,145.22535211267606,33.647887323943664,14,Autumn,United Kingdom,18,2,496.06,0,Regular Customers
12905.0,2010-01-26 14:06:00,2010-05-12 10:05:00,2,532,1018.42,18.85962962962963,274.2962962962963,27.59259259259259,14,Winter,United Kingdom,577,2,1018.42,1,At-Risk Customers
12906.0,2011-09-22 15:03:00,2011-11-28 09:55:00,5,1749,2919.81,46.34619047619047,555.9206349206349,19.984126984126984,15,Autumn,United Kingdom,12,5,2919.81,0,Regular Customers
12907.0,2010-08-02 14:33:00,2010-11-09 12:08:00,2,177,508.91,20.3564,95.76,14.92,14,Summer,United Kingdom,396,2,508.91,1,At-Risk Customers
12908.0,2010-03-19 15:59:00,2011-06-16 15:39:00,5,3000,1776.0,355.2,600.0,1.0,15,Summer,United Kingdom,176,5,1776.0,0,Regular Customers
12909.0,2010-02-24 12:14:00,2011-10-31 12:43:00,8,1948,3103.19,19.640443037974684,250.77215189873417,21.468354430379748,12,Spring,United Kingdom,40,8,3103.19,0,Regular Customers
12910.0,2010-03-28 13:10:00,2011-11-16 14:28:00,13,3632,5796.52,42.31036496350365,422.9051094890511,15.715328467153284,12,Autumn,United Kingdom,23,13,5796.52,0,Regular Customers
12911.0,2010-06-06 12:13:00,2010-06-06 12:13:00,1,807,1651.72,6.998813559322034,807.0,220.0,12,Summer,United Kingdom,552,1,1651.72,1,At-Risk Customers
12912.0,2011-10-30 11:35:00,2011-12-07 08:55:00,5,670,1662.3,69.2625,162.41666666666666,6.416666666666667,13,Autumn,United Kingdom,3,5,1662.3,0,Regular Customers
12913.0,2009-12-01 12:18:00,2011-12-05 12:11:00,13,3086,6283.24,68.29608695652173,329.5434782608696,11.23913043478261,10,Winter,United Kingdom,5,13,6283.24,0,Regular Customers
12914.0,2010-11-04 12:28:00,2010-11-04 12:28:00,1,336,223.98,24.886666666666667,336.0,9.0,12,Autumn,United Kingdom,401,1,223.98,1,At-Risk Customers
12915.0,2010-04-29 19:36:00,2011-07-14 11:34:00,4,411,975.1,16.25166666666667,128.58333333333334,17.4,10,Summer,United Kingdom,149,4,975.1,0,Regular Customers
12916.0,2010-01-24 11:26:00,2011-07-24 10:35:00,7,1681,4479.73,26.044941860465112,257.63953488372096,26.023255813953487,10,Spring,United Kingdom,139,7,4479.73,0,Regular Customers
12917.0,2009-12-09 14:22:00,2011-08-03 16:42:00,6,1104,4359.2,87.184,212.32,14.64,13,Spring,United Kingdom,128,6,4359.2,0,Regular Customers
12918.0,2010-03-23 15:22:00,2010-03-23 15:22:00,1,1,10953.5,10953.5,1.0,1.0,15,Spring,United Kingdom,626,1,10953.5,1,At-Risk Customers
12919.0,2011-06-23 09:22:00,2011-12-01 13:47:00,6,673,1335.19,26.7038,138.72,11.44,10,Autumn,United Kingdom,8,6,1335.19,0,Regular Customers
12920.0,2009-12-14 15:58:00,2011-11-22 15:05:00,4,420,486.64,8.248135593220338,161.59322033898306,23.57627118644068,15,Autumn,United Kingdom,17,4,486.64,0,Regular Customers
12921.0,2009-12-01 13:43:00,2011-11-30 16:22:00,74,21328,35233.24,23.504496330887257,365.54703135423614,26.509006004002668,13,Autumn,United Kingdom,9,74,35233.24,3,Loyal Customers
12922.0,2011-07-01 15:35:00,2011-07-01 15:35:00,1,370,405.38,14.477857142857143,370.0,28.0,15,Summer,United Kingdom,161,1,405.38,0,Regular Customers
12923.0,2010-05-13 14:55:00,2011-10-06 16:20:00,3,230,770.42,12.840333333333332,75.96666666666667,21.633333333333333,16,Autumn,United Kingdom,64,3,770.42,0,Regular Customers
12924.0,2009-12-09 12:40:00,2011-09-12 13:55:00,12,1423,2469.4,33.37027027027027,151.9189189189189,8.08108108108108,13,Autumn,United Kingdom,88,12,2469.4,0,Regular Customers
12925.0,2010-04-26 10:32:00,2011-12-05 11:11:00,3,649,729.33,14.5866,254.0,20.76,11,Autumn,United Kingdom,5,3,729.3299999999999,0,Regular Customers
12926.0,2009-12-14 14:35:00,2010-10-24 15:57:00,4,754,1523.97,5.816679389312977,206.293893129771,86.98091603053435,15,Autumn,United Kingdom,411,4,1523.97,1,At-Risk Customers
12927.0,2010-11-10 10:02:00,2010-11-10 10:02:00,1,145,197.31,17.937272727272727,145.0,11.0,10,Autumn,United Kingdom,395,1,197.31,1,At-Risk Customers
12928.0,2010-06-08 10:16:00,2011-11-04 14:24:00,12,2899,4304.89,24.04966480446928,306.7039106145251,20.865921787709496,15,Autumn,United Kingdom,35,12,4304.89,0,Regular Customers
12929.0,2011-02-01 12:08:00,2011-02-01 12:08:00,1,37,117.85,14.73125,37.0,8.0,12,Winter,United Kingdom,312,1,117.85,1,At-Risk Customers
12930.0,2011-06-21 13:25:00,2011-09-22 15:18:00,2,252,415.8,16.632,123.84,12.68,13,Summer,United Kingdom,78,2,415.8,0,Regular Customers
12931.0,2009-12-01 11:46:00,2011-11-18 12:39:00,57,62906,92347.34,423.6116513761468,3200.4311926605506,9.623853211009177,13,Summer,United Kingdom,22,57,92347.34,3,Loyal Customers
12932.0,2010-02-10 08:46:00,2010-06-18 14:22:00,8,1609,1698.56,17.87957894736842,301.17894736842106,18.49473684210526,8,Summer,United Kingdom,539,8,1698.56,1,At-Risk Customers
12933.0,2009-12-10 16:39:00,2011-11-15 16:38:00,8,949,1636.63,5.663079584775087,150.65397923875432,48.49480968858131,16,Autumn,United Kingdom,24,8,1636.63,0,Regular Customers
12934.0,2009-12-03 10:51:00,2009-12-03 10:51:00,1,31,181.65,90.825,31.0,2.0,10,Winter,United Kingdom,737,1,181.65,1,At-Risk Customers
12935.0,2010-04-11 15:59:00,2011-12-07 17:25:00,15,3201,4243.86,16.70811023622047,264.1771653543307,21.141732283464567,13,Summer,United Kingdom,2,15,4243.86,0,Regular Customers
12936.0,2011-09-22 13:51:00,2011-11-22 17:32:00,4,559,1063.9,17.15967741935484,254.9032258064516,28.548387096774192,13,Autumn,United Kingdom,17,4,1063.9,0,Regular Customers
12937.0,2009-12-03 15:43:00,2011-11-24 15:05:00,9,1983,3097.61,14.274700460829491,295.2258064516129,33.50691244239631,14,Autumn,United Kingdom,15,9,3097.61,0,Regular Customers
12938.0,2011-11-14 11:21:00,2011-11-14 11:21:00,1,140,114.14,12.682222222222222,140.0,9.0,11,Autumn,United Kingdom,26,1,114.14,0,Regular Customers
12939.0,2010-01-12 11:27:00,2011-10-06 14:33:00,20,10328,25264.8,293.7767441860465,775.2093023255813,6.813953488372093,11,Autumn,United Kingdom,64,20,25264.8,0,Regular Customers
12940.0,2011-09-13 10:16:00,2011-10-16 12:09:00,2,404,899.69,9.371770833333334,266.6458333333333,62.3125,12,Autumn,United Kingdom,55,2,899.69,0,Regular Customers
12941.0,2009-12-15 13:12:00,2009-12-15 13:12:00,1,381,377.49,13.981111111111112,381.0,27.0,13,Winter,United Kingdom,724,1,377.49,1,At-Risk Customers
12942.0,2010-12-09 09:34:00,2011-07-31 14:39:00,3,198,675.6,9.651428571428571,81.54285714285714,34.8,14,Summer,United Kingdom,131,3,675.6,0,Regular Customers
12943.0,2010-04-13 11:03:00,2010-05-30 13:52:00,2,222,496.5,19.86,137.4,17.0,11,Spring,United Kingdom,558,2,496.5,1,At-Risk Customers
12944.0,2010-12-20 10:41:00,2011-11-04 11:04:00,2,289,604.51,20.15033333333333,144.46666666666667,15.066666666666666,11,Autumn,United Kingdom,36,2,604.51,0,Regular Customers
12945.0,2010-02-21 15:18:00,2011-02-24 14:15:00,2,446,900.11,17.64921568627451,228.68627450980392,25.745098039215687,15,Winter,United Kingdom,288,2,900.11,1,At-Risk Customers
12946.0,2010-09-29 10:14:00,2010-09-29 10:14:00,1,149,324.45,16.2225,149.0,20.0,10,Autumn,United Kingdom,437,1,324.45,1,At-Risk Customers
12947.0,2010-12-01 16:21:00,2011-07-19 10:06:00,6,1165,1603.99,16.535979381443298,272.2061855670103,21.88659793814433,10,Spring,United Kingdom,144,6,1603.99,0,Regular Customers
12948.0,2009-12-02 12:28:00,2011-11-23 17:10:00,9,1304,2317.43,18.53944,200.352,20.312,10,Spring,United Kingdom,16,9,2317.43,0,Regular Customers
12949.0,2009-12-03 15:56:00,2011-11-09 11:25:00,22,8233,15526.7,21.715664335664336,602.2461538461539,52.11048951048951,11,Autumn,United Kingdom,31,22,15526.7,0,Regular Customers
12950.0,2011-11-15 13:48:00,2011-12-07 13:17:00,3,1380,1843.0,80.1304347826087,510.4347826086956,9.08695652173913,15,Winter,United Kingdom,2,3,1843.0,0,Regular Customers
12951.0,2010-01-10 12:43:00,2011-12-01 12:14:00,15,1662,3213.7200000000003,16.56556701030928,139.1340206185567,15.309278350515465,12,Autumn,United Kingdom,9,15,3213.7200000000003,0,Regular Customers
12952.0,2011-09-22 16:37:00,2011-12-04 10:35:00,4,653,1387.79,17.566962025316457,260.5822784810127,28.82278481012658,16,Autumn,United Kingdom,6,4,1387.79,0,Regular Customers
12953.0,2010-07-05 13:37:00,2011-11-30 09:24:00,2,364,828.8100000000001,17.266875000000002,210.58333333333331,26.041666666666668,13,Summer,United Kingdom,10,2,828.8100000000001,0,Regular Customers
12954.0,2010-03-11 10:16:00,2010-03-11 10:16:00,1,83,162.45,16.244999999999997,83.0,10.0,10,Spring,United Kingdom,639,1,162.45,1,At-Risk Customers
12955.0,2011-03-17 09:03:00,2011-12-08 16:29:00,11,3664,4757.16,26.428666666666665,442.72222222222223,22.03333333333333,10,Autumn,United Kingdom,1,11,4757.16,0,Regular Customers
12956.0,2009-12-15 19:03:00,2011-02-06 16:08:00,4,340,521.89,12.42595238095238,86.0,13.61904761904762,16,Winter,United Kingdom,306,4,521.89,1,At-Risk Customers
12957.0,2009-12-11 12:01:00,2011-11-30 09:53:00,13,4686,8706.97,17.769326530612243,491.6224489795918,53.82448979591837,13,Spring,United Kingdom,10,13,8706.97,0,Regular Customers
12958.0,2010-05-05 16:22:00,2010-11-04 16:16:00,2,118,467.34,9.537551020408165,69.20408163265306,27.857142857142858,16,Autumn,United Kingdom,400,2,467.34,1,At-Risk Customers
12959.0,2010-08-12 17:20:00,2010-08-12 17:20:00,1,109,150.95,18.86875,109.0,8.0,17,Summer,United Kingdom,484,1,150.95,1,At-Risk Customers
12960.0,2010-02-16 13:32:00,2010-10-22 09:31:00,4,1379,1322.0700000000002,18.886714285714287,353.42857142857144,19.4,13,Winter,United Kingdom,414,4,1322.07,1,At-Risk Customers
12961.0,2010-11-25 16:44:00,2010-11-25 16:44:00,1,180,211.99,5.29975,180.0,37.0,16,Autumn,United Kingdom,379,1,211.99,1,At-Risk Customers
12962.0,2011-08-18 13:38:00,2011-12-02 15:55:00,2,129,266.39,16.649375,69.5625,9.125,13,Summer,United Kingdom,7,2,266.39,0,Regular Customers
12963.0,2010-07-08 14:45:00,2011-12-01 12:55:00,12,1637,3235.79,18.59649425287356,223.4367816091954,22.264367816091955,14,Autumn,United Kingdom,8,12,3235.79,0,Regular Customers
12964.0,2010-09-28 17:47:00,2010-09-28 17:47:00,1,56,132.24,5.086153846153847,56.0,26.0,17,Autumn,United Kingdom,437,1,132.24,1,At-Risk Customers
12965.0,2011-09-11 15:31:00,2011-09-11 15:31:00,1,282,769.8100000000001,7.1278703703703705,282.0,108.0,15,Autumn,United Kingdom,89,1,769.8100000000001,0,Regular Customers
12966.0,2011-11-30 12:38:00,2011-11-30 12:38:00,1,75,160.18,16.018,75.0,10.0,12,Autumn,United Kingdom,10,1,160.18,0,Regular Customers
12967.0,2010-11-21 11:03:00,2010-12-16 19:10:00,3,912,2938.52,45.208,423.32307692307694,36.261538461538464,11,Autumn,United Kingdom,358,3,2938.52,1,At-Risk Customers
12968.0,2011-08-19 15:44:00,2011-08-19 15:44:00,1,73,135.95,27.19,73.0,5.0,15,Summer,United Kingdom,112,1,135.95,0,Regular Customers
12969.0,2010-04-16 10:50:00,2010-04-16 10:50:00,1,55,122.45,24.49,55.0,5.0,10,Spring,United Kingdom,603,1,122.45,1,At-Risk Customers
12970.0,2009-12-04 14:19:00,2011-12-02 14:30:00,10,954,1453.6,4.213333333333333,221.1304347826087,70.91884057971015,14,Winter,United Kingdom,7,10,1453.6,0,Regular Customers
12971.0,2009-12-15 19:04:00,2011-12-06 12:20:00,116,14306,15704.6,38.58624078624079,158.6216216216216,4.385749385749386,10,Autumn,United Kingdom,4,116,15704.6,3,Loyal Customers
12972.0,2010-02-16 14:30:00,2010-10-22 08:41:00,4,844,1161.2,15.08051948051948,279.4025974025974,26.428571428571427,11,Spring,United Kingdom,414,4,1161.2,1,At-Risk Customers
12973.0,2010-10-22 10:14:00,2010-10-22 10:14:00,1,31,385.55,64.25833333333334,31.0,6.0,10,Autumn,United Kingdom,414,1,385.55,1,At-Risk Customers
12974.0,2010-05-23 11:45:00,2011-05-26 09:33:00,2,104,408.95,12.7796875,66.0,20.0,11,Spring,United Kingdom,198,2,408.95,0,Regular Customers
12975.0,2009-12-06 10:38:00,2010-09-29 09:46:00,6,911,2100.09,18.750803571428573,272.04464285714283,28.517857142857142,10,Autumn,United Kingdom,437,6,2100.09,1,At-Risk Customers
12976.0,2010-02-12 15:46:00,2011-05-12 09:55:00,8,2684,3156.38,20.495974025974025,368.87012987012986,21.766233766233768,9,Spring,United Kingdom,212,8,3156.38,0,Regular Customers
12977.0,2010-07-16 16:25:00,2011-07-06 16:40:00,4,128,513.88,8.86,41.48275862068966,19.724137931034484,16,Summer,United Kingdom,156,4,513.88,0,Regular Customers
12978.0,2009-12-10 12:10:00,2010-11-19 14:29:00,5,1394,2502.82,15.35472392638037,349.44171779141107,39.8159509202454,12,Winter,United Kingdom,385,5,2502.82,1,At-Risk Customers
12979.0,2009-12-10 15:45:00,2009-12-10 15:45:00,1,520,517.7,9.24464285714286,520.0,56.0,15,Winter,United Arab Emirates,729,1,517.7,1,At-Risk Customers
12980.0,2009-12-02 11:26:00,2011-07-05 09:34:00,21,1910,16245.78,312.4188461538462,113.3076923076923,2.923076923076923,11,Winter,United Kingdom,158,21,16245.78,0,Regular Customers
12981.0,2011-07-29 14:14:00,2011-11-10 12:00:00,2,242,372.22,18.611,122.3,10.1,14,Summer,United Kingdom,30,2,372.22,0,Regular Customers
12982.0,2010-04-12 13:50:00,2011-04-11 11:51:00,8,1729,2744.81,15.420280898876404,292.53370786516854,29.43820224719101,13,Spring,United Kingdom,243,8,2744.81,0,Regular Customers
12983.0,2010-04-20 12:58:00,2010-04-20 12:58:00,1,638,490.08,16.336,638.0,30.0,12,Spring,United Kingdom,598,1,490.08,1,At-Risk Customers
12984.0,2011-11-21 12:37:00,2011-11-21 12:37:00,1,26,97.5,24.375,26.0,4.0,12,Autumn,United Kingdom,19,1,97.5,0,Regular Customers
12985.0,2011-11-11 12:44:00,2011-12-09 10:46:00,2,1533,1239.38,16.30763157894737,793.9473684210526,43.1578947368421,12,Autumn,United Kingdom,1,2,1239.38,0,Regular Customers
12986.0,2010-01-21 10:45:00,2010-10-07 11:57:00,10,1164,2729.84,26.763137254901963,163.58823529411765,15.27450980392157,12,Summer,United Kingdom,429,10,2729.84,1,At-Risk Customers
12987.0,2010-01-20 09:57:00,2011-09-27 12:03:00,5,585,1312.21,19.881969696969698,124.1818181818182,13.757575757575758,12,Autumn,United Kingdom,74,5,1312.21,0,Regular Customers
12988.0,2011-02-20 14:31:00,2011-02-20 14:31:00,1,126,505.82,6.094216867469879,126.0,75.0,14,Winter,United Kingdom,292,1,505.82,1,At-Risk Customers
12989.0,2009-12-10 13:27:00,2011-12-06 15:28:00,33,6935,13551.75,139.70876288659792,186.7319587628866,8.092783505154639,12,Winter,United Kingdom,3,33,13551.75,0,Regular Customers
12990.0,2010-03-30 11:36:00,2011-11-08 13:01:00,7,480,955.5,35.388888888888886,77.03703703703704,4.555555555555555,13,Autumn,United Kingdom,31,7,955.5,0,Regular Customers
12991.0,2010-11-15 13:43:00,2011-11-16 15:34:00,3,483,764.82,16.996000000000002,209.55555555555557,16.91111111111111,14,Autumn,United Kingdom,23,3,764.82,0,Regular Customers
12992.0,2009-12-14 16:46:00,2009-12-14 16:46:00,1,21,93.35,15.558333333333332,21.0,6.0,16,Winter,United Kingdom,725,1,93.35,1,At-Risk Customers
12993.0,2010-02-18 10:35:00,2011-11-16 15:49:00,8,751,1259.63,16.574078947368424,113.28947368421052,12.342105263157896,13,Autumn,United Kingdom,23,8,1259.63,0,Regular Customers
12994.0,2011-03-16 08:31:00,2011-12-05 15:43:00,3,459,974.42,15.974098360655738,153.68852459016392,20.40983606557377,8,Spring,United Kingdom,4,3,974.42,0,Regular Customers
12995.0,2011-09-15 15:44:00,2011-09-15 15:44:00,1,108,211.32,70.44,108.0,3.0,15,Autumn,United Kingdom,85,1,211.32,0,Regular Customers
12996.0,2010-11-29 09:27:00,2010-11-29 09:27:00,1,122,355.5,16.15909090909091,122.0,22.0,9,Autumn,United Kingdom,376,1,355.5,1,At-Risk Customers
12997.0,2010-04-06 11:06:00,2011-11-17 15:47:00,8,1186,2110.91,19.72813084112149,167.51401869158877,15.429906542056075,15,Autumn,United Kingdom,22,8,2110.91,0,Regular Customers
12998.0,2010-02-24 11:55:00,2010-08-04 08:05:00,3,1124,920.08,15.86344827586207,346.62068965517244,22.310344827586206,11,Winter,United Kingdom,493,3,920.08,1,At-Risk Customers
12999.0,2011-04-08 10:26:00,2011-05-27 13:24:00,3,342,455.88,16.28142857142857,258.57142857142856,19.5,10,Spring,United Kingdom,196,3,455.88,0,Regular Customers
13000.0,2009-12-14 17:03:00,2011-08-25 10:43:00,4,548,1032.5,16.653225806451612,169.80645161290323,23.29032258064516,10,Winter,United Kingdom,107,4,1032.5,0,Regular Customers
13001.0,2009-12-03 16:21:00,2011-12-05 14:51:00,33,13448,24042.65,23.687339901477834,498.3517241379311,45.317241379310346,14,Winter,United Kingdom,4,33,24042.65,0,Regular Customers
13002.0,2010-10-01 11:58:00,2011-01-25 15:18:00,3,201,414.13,18.00565217391304,77.8695652173913,9.08695652173913,11,Autumn,United Kingdom,318,3,414.13,1,At-Risk Customers
13003.0,2011-05-09 08:23:00,2011-08-26 10:50:00,3,103,149.05,24.84166666666667,32.666666666666664,3.0,8,Spring,United Kingdom,106,3,149.05,0,Regular Customers
13004.0,2009-12-15 09:44:00,2011-11-28 11:27:00,36,8768,11650.85,14.295521472392638,266.72638036809815,24.467484662576688,12,Autumn,United Kingdom,12,36,11650.85,0,Regular Customers
13005.0,2010-09-08 12:52:00,2011-06-19 10:53:00,4,462,999.68,17.85142857142857,131.64285714285714,15.107142857142858,13,Autumn,United Kingdom,174,4,999.68,0,Regular Customers
13006.0,2011-10-14 13:49:00,2011-10-14 13:49:00,1,55,81.57,20.3925,55.0,4.0,13,Autumn,United Kingdom,56,1,81.57,0,Regular Customers
13007.0,2010-05-09 10:38:00,2010-05-09 10:38:00,1,59,175.25,15.931818181818182,59.0,11.0,10,Spring,United Kingdom,580,1,175.25,1,At-Risk Customers
13008.0,2009-12-16 16:07:00,2011-01-20 14:24:00,3,379,612.13,17.489428571428572,130.42857142857142,11.914285714285716,14,Winter,United Kingdom,323,3,612.13,1,At-Risk Customers
13009.0,2010-02-05 12:22:00,2010-02-05 12:22:00,1,120,234.0,58.5,120.0,4.0,12,Winter,United Kingdom,673,1,234.0,1,At-Risk Customers
13010.0,2010-03-01 11:28:00,2010-11-30 15:09:00,2,323,330.12,27.51,161.5,6.0,11,Autumn,United Kingdom,374,2,330.12,1,At-Risk Customers
13011.0,2010-12-02 17:22:00,2010-12-02 17:22:00,1,13,50.55,16.85,13.0,3.0,17,Winter,United Kingdom,372,1,50.55,1,At-Risk Customers
13012.0,2010-04-26 14:14:00,2011-11-30 13:05:00,11,1559,2957.83,19.33222222222222,185.1764705882353,17.758169934640524,9,Autumn,United Kingdom,9,11,2957.83,0,Regular Customers
13013.0,2009-12-14 10:34:00,2011-12-08 15:01:00,29,5661,11097.43,22.787330595482548,302.5872689938398,25.410677618069816,10,Spring,United Kingdom,1,29,11097.43,0,Regular Customers
13014.0,2010-10-03 11:35:00,2011-11-29 12:27:00,11,1979,5381.08,24.02267857142857,602.5848214285714,65.52678571428571,11,Autumn,United Kingdom,11,11,5381.08,0,Regular Customers
13015.0,2010-04-15 16:35:00,2011-10-17 13:19:00,11,3527,6579.78,18.907413793103448,465.9712643678161,44.793103448275865,13,Autumn,United Kingdom,53,11,6579.78,0,Regular Customers
13016.0,2011-08-08 15:00:00,2011-09-27 14:08:00,3,527,789.89,16.806170212765956,266.6808510638298,23.595744680851062,15,Summer,United Kingdom,73,3,789.89,0,Regular Customers
13017.0,2011-12-02 15:53:00,2011-12-02 15:53:00,1,48,204.0,204.0,48.0,1.0,15,Winter,United Kingdom,7,1,204.0,0,Regular Customers
13018.0,2010-03-01 12:34:00,2011-11-23 13:28:00,35,6746,9763.16,16.190978441127694,265.379767827529,23.122719734660038,11,Spring,United Kingdom,16,35,9763.16,0,Regular Customers
13019.0,2009-12-06 15:40:00,2010-11-25 14:56:00,6,397,1229.95,22.362727272727277,68.49090909090908,9.363636363636363,15,Autumn,United Kingdom,379,6,1229.95,1,At-Risk Customers
13020.0,2010-02-18 10:35:00,2010-05-26 11:12:00,2,278,618.96,15.870769230769232,168.64102564102564,23.205128205128204,10,Winter,United Kingdom,563,2,618.96,1,At-Risk Customers
13021.0,2009-12-05 12:02:00,2011-12-05 16:37:00,17,2546,4887.24,19.016498054474702,183.2295719844358,18.11284046692607,15,Autumn,United Kingdom,4,17,4887.24,0,Regular Customers
13022.0,2010-10-06 10:50:00,2010-10-06 10:50:00,1,35,65.3,13.06,35.0,5.0,10,Autumn,Belgium,430,1,65.3,1,At-Risk Customers
13023.0,2010-06-29 09:51:00,2011-10-06 16:27:00,3,585,1449.03,19.06618421052632,216.8947368421053,27.57894736842105,9,Summer,United Kingdom,64,3,1449.03,0,Regular Customers
13024.0,2010-05-06 14:25:00,2010-08-26 09:42:00,2,181,555.87,17.931290322580644,90.87096774193547,15.516129032258064,9,Summer,United Kingdom,471,2,555.87,1,At-Risk Customers
13025.0,2009-12-08 10:02:00,2009-12-08 10:02:00,1,241,323.39,24.876153846153844,241.0,13.0,10,Winter,United Kingdom,732,1,323.39,1,At-Risk Customers
13026.0,2009-12-13 11:34:00,2011-12-08 16:58:00,9,2466,1733.08,21.13512195121951,339.3658536585366,14.170731707317072,11,Winter,United Kingdom,1,9,1733.08,0,Regular Customers
13027.0,2010-01-20 10:41:00,2011-08-18 09:39:00,19,42840,17239.2,202.8141176470588,2583.529411764706,5.258823529411765,10,Spring,United Kingdom,114,19,17239.2,0,Regular Customers
13028.0,2011-10-25 14:09:00,2011-11-17 11:10:00,2,798,661.3199999999999,14.695999999999998,397.73333333333335,22.6,14,Autumn,United Kingdom,23,2,661.3199999999999,0,Regular Customers
13029.0,2010-07-04 13:46:00,2011-11-09 09:13:00,5,194,1927.3,113.37058823529412,43.88235294117647,4.176470588235294,11,Summer,United Kingdom,31,5,1927.3,0,Regular Customers
13030.0,2010-12-06 14:31:00,2011-11-28 14:30:00,2,348,752.44,8.178695652173914,174.0,41.630434782608695,14,Winter,United Kingdom,11,2,752.4399999999999,0,Regular Customers
13031.0,2010-06-03 14:57:00,2010-10-28 15:34:00,5,2309,3292.84,8.090515970515971,555.2874692874693,100.16461916461915,15,Summer,United Kingdom,407,5,3292.84,1,At-Risk Customers
13032.0,2010-09-05 14:01:00,2011-10-18 15:54:00,9,1274,2815.96,13.60367149758454,218.2415458937198,37.429951690821255,14,Autumn,United Kingdom,52,9,2815.96,0,Regular Customers
13033.0,2010-10-06 09:37:00,2010-12-17 14:23:00,2,98,220.55,16.965384615384615,72.53846153846153,9.615384615384617,14,Winter,United Kingdom,357,2,220.55,1,At-Risk Customers
13034.0,2010-11-03 15:22:00,2011-10-16 12:21:00,3,406,756.82,17.200454545454548,184.38636363636363,19.227272727272727,12,Autumn,United Kingdom,55,3,756.82,0,Regular Customers
13035.0,2010-10-04 15:41:00,2011-09-27 08:57:00,3,926,1364.2,32.48095238095238,315.57142857142856,14.142857142857142,8,Autumn,United Kingdom,74,3,1364.2,0,Regular Customers
13036.0,2010-01-24 11:35:00,2010-01-24 11:35:00,1,38,307.1,51.18333333333334,38.0,6.0,11,Winter,United Kingdom,685,1,307.1,1,At-Risk Customers
13037.0,2009-12-03 17:04:00,2011-07-24 15:46:00,12,2130,3914.95,16.87478448275862,249.2284482758621,25.93103448275862,10,Spring,United Kingdom,138,12,3914.95,0,Regular Customers
13038.0,2011-02-22 11:43:00,2011-09-20 14:37:00,3,360,908.46,32.445,140.28571428571428,11.071428571428571,11,Winter,United Kingdom,80,3,908.46,0,Regular Customers
13039.0,2009-12-17 16:43:00,2010-05-04 16:45:00,4,290,1010.73,18.37690909090909,81.01818181818182,15.8,16,Spring,United Kingdom,584,4,1010.73,1,At-Risk Customers
13040.0,2011-11-06 13:53:00,2011-12-01 10:38:00,2,355,676.99,15.743953488372092,177.74418604651163,21.511627906976745,10,Winter,United Kingdom,9,2,676.99,0,Regular Customers
13041.0,2010-04-29 08:43:00,2010-09-15 11:44:00,4,335,799.13,22.832285714285717,84.94285714285714,9.17142857142857,11,Summer,United Kingdom,451,4,799.13,1,At-Risk Customers
13042.0,2009-12-07 15:42:00,2010-04-20 13:43:00,3,812,1488.59,8.09016304347826,288.57065217391306,60.47282608695652,15,Winter,United Kingdom,598,3,1488.59,1,At-Risk Customers
13043.0,2011-03-11 14:52:00,2011-03-11 14:52:00,1,254,516.42,39.72461538461538,254.0,13.0,14,Spring,United Kingdom,273,1,516.42,1,At-Risk Customers
13044.0,2010-01-08 14:46:00,2011-02-21 15:20:00,11,2548,4848.05,11.653966346153847,255.28125,54.82932692307692,15,Winter,United Kingdom,291,11,4848.05,1,At-Risk Customers
13045.0,2010-08-10 13:02:00,2011-09-01 15:04:00,3,405,808.9200000000001,17.976000000000003,145.15555555555557,15.577777777777778,15,Autumn,United Kingdom,99,3,808.92,0,Regular Customers
13046.0,2010-09-09 13:09:00,2011-11-09 08:36:00,3,505,949.25,16.950892857142858,179.875,19.25,8,Autumn,United Kingdom,31,3,949.25,0,Regular Customers
13047.0,2009-12-16 11:43:00,2011-11-08 12:06:00,24,3328,8428.53,22.297698412698413,197.67724867724868,23.32804232804233,11,Spring,United Kingdom,32,24,8428.53,0,Regular Customers
13048.0,2010-01-27 12:55:00,2011-11-25 13:23:00,9,2661,4049.13,15.279735849056603,341.5660377358491,33.422641509433966,13,Summer,United Kingdom,14,9,4049.13,0,Regular Customers
13049.0,2010-11-03 15:39:00,2011-10-06 15:31:00,4,620,1408.24,54.16307692307692,150.92307692307693,6.846153846153846,15,Autumn,United Kingdom,64,4,1408.24,0,Regular Customers
13050.0,2009-12-15 15:06:00,2011-11-25 09:18:00,35,7015,11986.52,12.181422764227642,304.2388211382114,66.95731707317073,13,Autumn,United Kingdom,15,35,11986.52,0,Regular Customers
13051.0,2010-03-30 11:11:00,2010-05-10 09:14:00,2,72,155.8,38.95,24.0,2.5,9,Spring,United Kingdom,579,2,155.8,1,At-Risk Customers
13052.0,2010-02-23 12:31:00,2011-05-11 14:12:00,7,1424,3119.33,12.577943548387095,258.14516129032256,45.11290322580645,14,Spring,United Kingdom,212,7,3119.33,0,Regular Customers
13053.0,2010-03-28 11:28:00,2010-03-28 11:28:00,1,47,127.65,7.508823529411765,47.0,17.0,11,Spring,United Kingdom,622,1,127.65,1,At-Risk Customers
13055.0,2010-10-06 08:17:00,2011-09-22 14:26:00,4,1821,2321.11,15.072142857142858,703.2077922077922,58.98701298701299,8,Autumn,United Kingdom,78,4,2321.11,0,Regular Customers
13056.0,2010-06-06 14:10:00,2010-06-06 14:10:00,1,158,209.48,11.025263157894736,158.0,18.0,14,Summer,United Kingdom,551,1,209.48,1,At-Risk Customers
13057.0,2010-03-18 12:14:00,2010-06-27 15:44:00,3,456,709.59,17.73975,215.55,20.6,12,Spring,United Kingdom,530,3,709.59,1,At-Risk Customers
13058.0,2011-07-11 12:01:00,2011-11-15 12:43:00,3,52,271.40000000000003,33.925000000000004,16.25,2.75,12,Autumn,United Kingdom,25,3,271.40000000000003,0,Regular Customers
13059.0,2010-03-31 12:23:00,2011-04-04 10:40:00,10,860,2291.77,11.57459595959596,115.66666666666669,37.16666666666666,12,Spring,United Kingdom,250,10,2291.77,0,Regular Customers
13060.0,2011-03-31 11:37:00,2011-03-31 11:37:00,1,123,307.53000000000003,20.502,123.0,15.0,11,Spring,United Kingdom,254,1,307.53,1,At-Risk Customers
13061.0,2011-09-28 16:04:00,2011-09-28 16:04:00,1,107,248.61,24.861,107.0,10.0,16,Autumn,United Kingdom,72,1,248.61,0,Regular Customers
13062.0,2011-06-01 15:12:00,2011-06-01 15:12:00,1,343,346.98,31.543636363636367,343.0,11.0,15,Summer,United Kingdom,191,1,346.98,0,Regular Customers
13063.0,2010-08-16 12:27:00,2010-08-16 12:27:00,1,116,188.4,15.7,116.0,12.0,12,Summer,United Kingdom,481,1,188.4,1,At-Risk Customers
13064.0,2010-04-27 10:08:00,2011-11-27 12:31:00,6,668,1666.84,17.92301075268817,134.03225806451613,17.688172043010752,11,Summer,United Kingdom,13,6,1666.84,0,Regular Customers
13065.0,2010-06-10 11:44:00,2010-12-01 16:52:00,5,381,1055.05,17.016935483870967,76.03225806451613,12.483870967741936,16,Autumn,United Kingdom,373,5,1055.05,1,At-Risk Customers
13066.0,2011-11-07 17:06:00,2011-11-15 12:57:00,2,322,470.8,9.808333333333334,156.83333333333334,24.666666666666668,17,Autumn,United Kingdom,24,2,470.8,0,Regular Customers
13067.0,2010-09-19 13:43:00,2011-09-18 13:38:00,3,131,508.51,15.8909375,45.34375,11.84375,13,Autumn,United Kingdom,82,3,508.51,0,Regular Customers
13068.0,2011-01-24 08:20:00,2011-11-29 15:00:00,2,200,344.0,172.0,100.0,1.0,8,Autumn,United Kingdom,10,2,344.0,0,Regular Customers
13069.0,2010-06-14 14:27:00,2011-12-09 08:39:00,38,15171,9284.45,8.944556840077071,615.1965317919075,49.98747591522158,14,Summer,United Kingdom,1,38,9284.45,0,Regular Customers
13070.0,2009-12-07 14:44:00,2011-05-31 13:45:00,4,372,751.7,22.77878787878788,93.51515151515152,8.272727272727273,13,Spring,United Kingdom,192,4,751.7,0,Regular Customers
13071.0,2010-04-06 13:37:00,2010-04-06 13:37:00,1,30,129.22,10.768333333333333,30.0,12.0,13,Spring,United Kingdom,612,1,129.22,1,At-Risk Customers
13072.0,2011-03-18 08:12:00,2011-03-18 08:12:00,1,69,177.15,25.307142857142857,69.0,7.0,8,Spring,United Kingdom,267,1,177.15,1,At-Risk Customers
13073.0,2010-09-28 09:27:00,2010-10-24 14:06:00,2,261,418.08,15.484444444444444,184.11111111111111,17.666666666666668,9,Autumn,United Kingdom,411,2,418.08,1,At-Risk Customers
13074.0,2009-12-16 11:46:00,2010-07-16 16:53:00,4,826,1378.74,47.54275862068965,146.13793103448276,9.827586206896552,11,Winter,United Kingdom,511,4,1378.74,1,At-Risk Customers
13075.0,2011-08-02 10:19:00,2011-08-02 10:19:00,1,485,919.61,41.80045454545455,485.0,22.0,10,Summer,United Kingdom,130,1,919.61,0,Regular Customers
13076.0,2010-09-08 10:27:00,2010-09-08 10:27:00,1,44,135.4,15.044444444444444,44.0,9.0,10,Autumn,United Kingdom,458,1,135.4,1,At-Risk Customers
13077.0,2009-12-11 11:17:00,2011-12-08 19:24:00,11,2468,2740.65,8.305,270.43939393939394,37.63636363636363,16,Winter,United Kingdom,1,11,2740.65,0,Regular Customers
13078.0,2009-12-01 09:06:00,2011-12-06 15:36:00,57,12032,29018.06,36.685284450063214,226.4551201011378,16.165613147914033,13,Autumn,United Kingdom,3,57,29018.06,0,Regular Customers
13079.0,2010-10-18 14:15:00,2011-12-05 16:53:00,6,158,419.18,24.657647058823528,67.05882352941177,7.588235294117647,14,Autumn,United Kingdom,4,6,419.18,0,Regular Customers
13080.0,2010-04-09 13:07:00,2011-06-13 14:59:00,4,193,280.73,14.775263157894738,54.68421052631579,4.894736842105263,14,Spring,United Kingdom,179,4,280.73,0,Regular Customers
13081.0,2009-12-08 13:58:00,2011-11-28 10:54:00,28,40077,56838.37,24.929109649122807,2354.455263157895,133.86315789473684,11,Winter,United Kingdom,12,28,56838.37,0,Regular Customers
13082.0,2009-12-22 15:37:00,2011-08-05 16:16:00,21,8466,7335.75,56.86627906976744,550.5193798449612,11.248062015503876,11,Spring,United Kingdom,126,21,7335.75,0,Regular Customers
13083.0,2010-10-10 13:38:00,2011-12-05 15:01:00,3,307,395.43,17.974090909090908,120.8181818181818,10.363636363636363,10,Autumn,United Kingdom,4,3,395.43,0,Regular Customers
13084.0,2010-08-05 08:49:00,2010-08-05 08:49:00,1,144,122.4,61.2,144.0,2.0,8,Summer,United Kingdom,492,1,122.4,1,At-Risk Customers
13085.0,2009-12-01 07:45:00,2011-07-05 12:11:00,8,944,2433.28,28.96761904761905,138.92857142857142,12.928571428571429,11,Winter,United Kingdom,158,8,2433.28,0,Regular Customers
13086.0,2010-11-22 10:28:00,2010-11-22 10:28:00,1,155,439.33,9.34744680851064,155.0,47.0,10,Autumn,United Kingdom,383,1,439.33,1,At-Risk Customers
13087.0,2009-12-13 15:16:00,2009-12-13 15:16:00,1,86,313.64,20.909333333333333,86.0,15.0,15,Winter,United Kingdom,726,1,313.64,1,At-Risk Customers
13088.0,2010-10-18 15:35:00,2010-10-18 15:35:00,1,76,236.11,11.8055,76.0,19.0,15,Autumn,United Kingdom,417,1,236.11,1,At-Risk Customers
13089.0,2009-12-02 15:44:00,2011-12-07 09:02:00,203,58932,113416.91,34.21324585218703,559.433484162896,35.73182503770739,14,Summer,United Kingdom,3,203,113416.91,3,Loyal Customers
13090.0,2010-08-02 13:58:00,2011-12-01 12:39:00,24,3247,13091.74,47.78007299270073,193.0948905109489,20.656934306569344,10,Autumn,United Kingdom,9,24,13091.74,0,Regular Customers
13091.0,2009-12-10 11:50:00,2011-11-11 15:54:00,3,1339,2321.82,51.596,663.1777777777778,21.57777777777778,12,Winter,United Kingdom,28,3,2321.82,0,Regular Customers
13092.0,2010-02-10 08:44:00,2011-09-30 11:18:00,12,664,2140.28,20.38361904761905,68.51428571428572,12.676190476190476,13,Spring,United Kingdom,71,12,2140.28,0,Regular Customers
13093.0,2009-12-04 10:32:00,2011-03-09 12:14:00,55,25971,54144.25,52.212391513982645,627.2642237222758,25.806171648987466,12,Winter,United Kingdom,276,55,54144.25,3,Loyal Customers
13094.0,2010-11-15 14:15:00,2011-11-18 14:07:00,13,1896,2209.44,76.18758620689655,163.86206896551724,2.793103448275862,11,Autumn,United Kingdom,21,13,2209.44,0,Regular Customers
13095.0,2011-09-30 12:03:00,2011-09-30 12:03:00,1,144,74.39999999999999,12.4,144.0,6.0,12,Autumn,United Kingdom,71,1,74.39999999999999,0,Regular Customers
13096.0,2010-11-10 14:08:00,2010-11-10 14:08:00,1,6,419.7000000000001,419.7000000000001,6.0,1.0,14,Autumn,United Kingdom,394,1,419.7000000000001,1,At-Risk Customers
13097.0,2009-12-01 13:31:00,2011-11-07 10:43:00,28,5345,13324.1,13.27101593625498,253.0179282868526,51.66733067729084,12,Spring,United Kingdom,33,28,13324.1,0,Regular Customers
13098.0,2011-01-26 13:46:00,2011-12-08 14:14:00,28,15968,28882.44,50.49377622377622,733.7045454545455,25.70979020979021,10,Summer,United Kingdom,1,28,28882.44,0,Regular Customers
13099.0,2011-09-01 17:40:00,2011-09-01 17:40:00,1,288,207.36,207.36,288.0,1.0,17,Autumn,United Kingdom,99,1,207.36,0,Regular Customers
13101.0,2010-01-27 15:49:00,2011-04-19 14:37:00,4,478,695.4,13.635294117647058,124.33333333333331,17.313725490196077,15,Winter,United Kingdom,234,4,695.4,0,Regular Customers
13102.0,2010-05-06 13:12:00,2011-12-08 12:52:00,37,6366,11380.1,23.65925155925156,201.56964656964655,15.972972972972974,12,Spring,United Kingdom,1,37,11380.1,0,Regular Customers
13103.0,2010-05-11 14:41:00,2011-10-31 09:38:00,3,426,709.64,21.504242424242424,191.93939393939397,13.969696969696969,11,Autumn,United Kingdom,40,3,709.64,0,Regular Customers
13104.0,2010-02-24 15:06:00,2011-12-06 13:10:00,9,834,1709.1,56.97,118.4,5.0,11,Autumn,United Kingdom,3,9,1709.1,0,Regular Customers
13105.0,2010-09-29 13:41:00,2010-09-29 13:41:00,1,100,72.0,72.0,100.0,1.0,13,Autumn,United Kingdom,436,1,72.0,1,At-Risk Customers
13106.0,2010-10-22 13:10:00,2011-07-29 15:12:00,2,231,603.46,37.71625,200.8125,14.125,13,Autumn,United Kingdom,133,2,603.46,0,Regular Customers
13107.0,2010-02-04 10:50:00,2011-10-26 14:52:00,9,4316,5253.07,29.511629213483143,626.0674157303371,26.146067415730336,10,Autumn,United Kingdom,44,9,5253.07,0,Regular Customers
13108.0,2010-09-30 17:09:00,2010-12-02 10:35:00,2,745,748.46,21.38457142857143,404.4285714285714,20.714285714285715,17,Autumn,United Kingdom,373,2,748.46,1,At-Risk Customers
13109.0,2010-06-06 12:59:00,2011-10-11 10:16:00,3,757,1134.03,16.20042857142857,252.44285714285715,23.34285714285714,14,Summer,United Kingdom,60,3,1134.03,0,Regular Customers
13110.0,2009-12-01 14:14:00,2011-11-08 14:30:00,12,763,2957.4700000000003,11.735992063492064,71.30555555555556,23.5,14,Winter,United Kingdom,31,12,2957.4700000000003,0,Regular Customers
13111.0,2009-12-21 09:00:00,2009-12-21 09:00:00,1,180,321.88000000000005,26.823333333333338,180.0,12.0,9,Winter,United Kingdom,719,1,321.88000000000005,1,At-Risk Customers
13112.0,2010-06-16 17:03:00,2010-06-16 17:03:00,1,11,20.6,10.3,11.0,2.0,17,Summer,United Kingdom,541,1,20.6,1,At-Risk Customers
13113.0,2010-03-28 16:13:00,2011-12-09 12:49:00,37,4435,18230.07,48.355623342175065,159.16180371352786,20.05835543766578,13,Spring,United Kingdom,1,37,18230.07,0,Regular Customers
13114.0,2009-12-09 09:56:00,2009-12-09 09:56:00,1,74,234.38,14.64875,74.0,16.0,9,Winter,United Kingdom,731,1,234.38,1,At-Risk Customers
13115.0,2010-04-19 13:29:00,2011-11-28 12:38:00,10,3934,5494.7,17.49904458598726,535.0732484076433,43.59235668789809,12,Autumn,United Kingdom,12,10,5494.7,0,Regular Customers
13116.0,2011-07-24 14:33:00,2011-07-24 14:33:00,1,291,501.14,16.704666666666665,291.0,30.0,14,Summer,United Kingdom,138,1,501.14,0,Regular Customers
13117.0,2010-03-26 13:50:00,2011-11-18 12:02:00,18,1852,2255.66,13.923827160493826,114.27777777777776,9.987654320987655,13,Spring,United Kingdom,22,18,2255.66,0,Regular Customers
13118.0,2010-09-26 15:46:00,2011-11-20 12:46:00,9,834,2415.41,16.320337837837837,111.54054054054056,20.324324324324323,12,Autumn,United Kingdom,20,9,2415.41,0,Regular Customers
13119.0,2010-02-09 08:38:00,2010-02-09 08:38:00,1,110,134.9,12.263636363636364,110.0,11.0,8,Winter,United Kingdom,669,1,134.9,1,At-Risk Customers
13120.0,2011-04-15 10:19:00,2011-04-15 10:19:00,1,12,30.6,30.6,12.0,1.0,10,Spring,United Kingdom,239,1,30.6,0,Regular Customers
13121.0,2011-03-15 16:47:00,2011-03-15 16:47:00,1,252,283.73,5.674600000000001,252.0,50.0,16,Spring,United Kingdom,269,1,283.73,1,At-Risk Customers
13122.0,2011-04-13 14:12:00,2011-09-06 15:53:00,2,585,922.39,16.77072727272727,528.1090909090909,53.03636363636364,14,Spring,United Kingdom,94,2,922.39,0,Regular Customers
13123.0,2010-06-28 12:43:00,2010-08-24 10:18:00,2,268,506.75,11.261111111111113,164.55555555555554,29.444444444444443,12,Summer,United Kingdom,473,2,506.75,1,At-Risk Customers
13124.0,2010-11-19 15:50:00,2011-09-11 12:45:00,4,2738,4641.66,16.401625441696112,672.9081272084806,69.04593639575971,15,Autumn,United Kingdom,90,4,4641.66,0,Regular Customers
13125.0,2010-07-04 11:58:00,2010-07-04 11:58:00,1,53,148.62,7.431,53.0,20.0,11,Summer,United Kingdom,524,1,148.62,1,At-Risk Customers
13126.0,2010-03-02 12:24:00,2011-12-05 10:00:00,13,3289,3774.81,15.860546218487396,293.0840336134454,20.69747899159664,10,Autumn,United Kingdom,5,13,3774.81,0,Regular Customers
13127.0,2011-09-23 10:26:00,2011-09-23 10:26:00,1,127,259.17,17.278000000000002,127.0,15.0,10,Autumn,United Kingdom,78,1,259.17,0,Regular Customers
13128.0,2010-03-18 15:08:00,2010-03-18 15:08:00,1,31,263.5,263.5,31.0,1.0,15,Spring,United Kingdom,631,1,263.5,1,At-Risk Customers
13129.0,2010-06-28 11:54:00,2010-09-13 13:47:00,2,296,233.25,21.204545454545453,128.63636363636363,5.909090909090909,13,Autumn,United Kingdom,452,2,233.25,1,At-Risk Customers
13130.0,2011-09-06 15:30:00,2011-09-06 15:30:00,1,32,64.0,32.0,32.0,2.0,15,Autumn,United Kingdom,94,1,64.0,0,Regular Customers
13131.0,2010-02-09 09:47:00,2011-11-16 13:21:00,7,1523,3313.77,22.24006711409396,274.0402684563758,27.013422818791945,9,Autumn,United Kingdom,23,7,3313.77,0,Regular Customers
13132.0,2011-03-23 12:44:00,2011-03-23 12:44:00,1,20,77.3,25.766666666666666,20.0,3.0,12,Spring,United Kingdom,262,1,77.3,1,At-Risk Customers
13133.0,2010-09-06 15:30:00,2011-03-11 10:31:00,3,55,200.45,16.704166666666666,19.33333333333333,4.166666666666667,15,Autumn,United Kingdom,274,3,200.45,1,At-Risk Customers
13134.0,2010-10-19 13:21:00,2011-09-15 10:35:00,6,1364,2475.23,20.45644628099173,410.5702479338843,33.28099173553719,10,Autumn,United Kingdom,86,6,2475.23,0,Regular Customers
13135.0,2010-08-05 17:28:00,2011-05-27 10:52:00,2,4423,3371.45,187.30277777777775,355.05555555555554,16.11111111111111,17,Summer,United Kingdom,197,2,3371.45,0,Regular Customers
13136.0,2009-12-08 18:30:00,2011-10-14 13:41:00,13,3109,6274.56,19.919238095238097,384.8126984126984,39.31111111111111,13,Autumn,United Kingdom,56,13,6274.56,0,Regular Customers
13137.0,2010-07-25 15:40:00,2011-11-29 12:09:00,16,4238,7586.94,5.442568149210904,309.219512195122,98.90530846484936,13,Autumn,United Kingdom,11,16,7586.94,0,Regular Customers
13138.0,2010-11-08 11:45:00,2011-11-17 16:51:00,7,593,1274.01,14.98835294117647,94.72941176470589,14.08235294117647,15,Autumn,United Kingdom,22,7,1274.01,0,Regular Customers
13139.0,2010-09-28 09:12:00,2011-11-23 13:54:00,8,4614,8202.98,30.95464150943396,1165.3283018867924,61.67169811320755,9,Autumn,United Kingdom,16,8,8202.98,0,Regular Customers
13140.0,2010-08-05 19:05:00,2011-08-23 15:33:00,5,572,1054.92,10.046857142857144,131.28571428571428,23.73333333333333,15,Summer,United Kingdom,108,5,1054.92,0,Regular Customers
13141.0,2009-12-09 13:34:00,2011-09-16 09:54:00,17,5159,7656.08,18.056792452830187,387.8254716981132,32.41981132075472,13,Autumn,United Kingdom,85,17,7656.08,0,Regular Customers
13142.0,2011-11-20 16:07:00,2011-11-20 16:07:00,1,258,307.09000000000003,13.351739130434783,258.0,23.0,16,Autumn,United Kingdom,19,1,307.09,0,Regular Customers
13143.0,2010-05-04 12:22:00,2010-05-04 12:22:00,1,198,405.1,17.61304347826087,198.0,23.0,12,Spring,United Kingdom,585,1,405.1,1,At-Risk Customers
13144.0,2010-10-04 14:14:00,2011-01-11 11:15:00,2,29,135.35,22.558333333333334,14.5,3.0,11,Autumn,United Kingdom,333,2,135.35,1,At-Risk Customers
13145.0,2010-04-19 11:11:00,2011-10-31 12:45:00,7,265,1128.52,125.39111111111112,50.77777777777778,1.6666666666666667,10,Autumn,United Kingdom,40,7,1128.52,0,Regular Customers
13146.0,2011-11-13 15:29:00,2011-11-13 15:29:00,1,154,228.91,13.465294117647058,154.0,16.0,15,Autumn,United Kingdom,26,1,228.91,0,Regular Customers
13147.0,2011-09-01 12:28:00,2011-11-29 13:59:00,4,144,712.8,178.2,36.0,1.0,10,Autumn,United Kingdom,10,4,712.8000000000001,0,Regular Customers
13148.0,2009-12-07 15:26:00,2011-11-10 15:23:00,26,4487,8497.82,11.13737876802097,231.72739187418085,40.16251638269987,14,Autumn,United Kingdom,29,26,8497.82,0,Regular Customers
13149.0,2011-02-23 13:57:00,2011-11-25 13:09:00,4,1280,1676.06,19.48906976744186,318.09302325581393,22.837209302325583,13,Summer,United Kingdom,14,4,1676.06,0,Regular Customers
13150.0,2010-03-19 09:03:00,2010-08-12 12:59:00,3,171,449.97,56.24625,63.375,2.75,12,Summer,United Kingdom,484,3,449.97,1,At-Risk Customers
13151.0,2010-03-22 10:26:00,2011-02-17 12:29:00,3,813,2465.21,15.60259493670886,337.72151898734177,62.221518987341774,12,Spring,United Kingdom,296,3,2465.21,1,At-Risk Customers
13152.0,2010-01-14 10:01:00,2010-10-18 13:44:00,7,977,2146.38,15.899111111111113,154.54814814814816,20.866666666666667,15,Winter,United Kingdom,417,7,2146.38,1,At-Risk Customers
13153.0,2011-12-04 12:14:00,2011-12-04 12:14:00,1,418,486.22,32.41466666666667,418.0,15.0,12,Winter,United Kingdom,6,1,486.22,0,Regular Customers
13154.0,2009-12-04 08:46:00,2010-11-05 16:00:00,3,976,1624.84,17.471397849462363,375.6559139784946,37.08602150537634,13,Summer,United Kingdom,399,3,1624.84,1,At-Risk Customers
13155.0,2010-08-05 09:30:00,2011-11-06 15:41:00,6,741,1370.48,12.236428571428572,145.83928571428572,30.660714285714285,12,Winter,United Kingdom,33,6,1370.48,0,Regular Customers
13156.0,2010-02-01 13:45:00,2010-11-19 13:09:00,3,914,1586.54,15.255192307692308,352.08653846153845,38.59615384615385,13,Winter,United Kingdom,385,3,1586.54,1,At-Risk Customers
13157.0,2010-03-08 11:59:00,2011-10-21 13:50:00,9,4762,5687.36,22.65880478087649,819.7569721115538,42.0996015936255,13,Spring,United Kingdom,49,9,5687.36,0,Regular Customers
13158.0,2010-11-16 17:12:00,2011-09-06 11:58:00,5,992,1508.18,15.0818,201.38,20.2,9,Autumn,United Kingdom,95,5,1508.18,0,Regular Customers
13159.0,2011-08-16 11:44:00,2011-12-01 11:20:00,4,1058,1429.35,11.91125,273.94166666666666,32.06666666666667,11,Summer,United Kingdom,9,4,1429.35,0,Regular Customers
13160.0,2011-11-17 13:07:00,2011-11-17 13:07:00,1,56,91.8,22.95,56.0,4.0,13,Autumn,United Kingdom,22,1,91.8,0,Regular Customers
13161.0,2010-07-27 12:44:00,2011-01-30 14:03:00,2,105,472.13,14.306969696969697,64.60606060606061,20.87878787878788,12,Summer,United Kingdom,313,2,472.13,1,At-Risk Customers
13162.0,2009-12-04 13:59:00,2011-08-09 15:59:00,16,5755,9275.49,38.972647058823526,456.0252100840336,19.201680672268907,10,Winter,United Kingdom,122,16,9275.49,0,Regular Customers
13163.0,2010-04-08 16:21:00,2010-04-08 16:21:00,1,3,17.65,8.825,3.0,2.0,16,Spring,United Kingdom,610,1,17.65,1,At-Risk Customers
13164.0,2010-02-10 11:52:00,2010-05-19 13:52:00,2,120,372.2,37.22,48.8,5.8,11,Winter,United Kingdom,569,2,372.2,1,At-Risk Customers
13165.0,2010-10-22 17:04:00,2011-10-24 15:05:00,3,1736,1451.16,29.61551020408163,703.8367346938776,21.612244897959183,15,Autumn,United Kingdom,46,3,1451.16,0,Regular Customers
13166.0,2010-10-21 14:29:00,2011-03-01 15:16:00,2,522,875.93,12.881323529411764,251.73529411764707,34.23529411764706,15,Spring,United Kingdom,283,2,875.93,1,At-Risk Customers
13167.0,2010-11-14 12:58:00,2011-11-21 12:24:00,5,1007,1125.15,13.890740740740744,192.6296296296296,17.271604938271604,12,Autumn,United Kingdom,19,5,1125.15,0,Regular Customers
13168.0,2010-06-15 15:00:00,2011-11-03 12:56:00,5,898,1840.73,10.640057803468208,247.5375722543353,48.028901734104046,13,Winter,United Kingdom,36,5,1840.73,0,Regular Customers
13169.0,2010-05-26 15:58:00,2011-10-07 12:11:00,3,296,840.08,46.67111111111112,107.11111111111111,6.111111111111111,12,Spring,United Kingdom,64,3,840.08,0,Regular Customers
13170.0,2011-11-13 12:19:00,2011-11-13 12:19:00,1,141,108.81,3.627,141.0,29.0,12,Autumn,United Kingdom,27,1,108.81,0,Regular Customers
13171.0,2011-02-13 14:16:00,2011-11-18 10:27:00,3,229,468.41,10.182826086956522,68.67391304347827,17.347826086956523,14,Autumn,United Kingdom,22,3,468.41,0,Regular Customers
13172.0,2010-11-04 15:10:00,2010-11-04 15:10:00,1,48,69.6,69.6,48.0,1.0,15,Autumn,United Kingdom,400,1,69.6,1,At-Risk Customers
13173.0,2009-12-10 12:52:00,2011-12-05 15:51:00,11,1481,2399.82,11.110277777777778,168.87037037037038,28.14814814814815,15,Winter,United Kingdom,4,11,2399.82,0,Regular Customers
13174.0,2009-12-04 15:40:00,2011-11-23 14:35:00,12,3794,7995.36,8.523837953091684,390.26226012793177,95.71428571428572,16,Winter,United Kingdom,16,12,7995.36,0,Regular Customers
13175.0,2009-12-04 12:11:00,2010-05-06 13:13:00,2,423,831.45,18.075,212.8695652173913,23.39130434782609,13,Spring,United Kingdom,582,2,831.45,1,At-Risk Customers
13176.0,2011-10-24 15:43:00,2011-10-24 15:43:00,1,448,481.49,7.186417910447761,448.0,66.0,15,Autumn,United Kingdom,46,1,481.49,0,Regular Customers
13177.0,2010-10-05 10:35:00,2011-10-06 09:56:00,2,180,512.2,17.073333333333334,90.13333333333334,15.266666666666667,9,Autumn,United Kingdom,65,2,512.2,0,Regular Customers
13178.0,2009-12-16 14:00:00,2011-11-13 16:14:00,21,8778,14059.19,20.46461426491994,469.86899563318775,37.57933042212518,14,Summer,United Kingdom,26,21,14059.19,0,Regular Customers
13179.0,2010-03-31 11:40:00,2010-03-31 11:40:00,1,368,572.3100000000001,16.832647058823532,368.0,34.0,11,Spring,United Kingdom,619,1,572.3100000000001,1,At-Risk Customers
13180.0,2010-04-11 13:37:00,2010-04-11 13:37:00,1,42,86.10000000000001,21.525,42.0,4.0,13,Spring,United Kingdom,607,1,86.10000000000001,1,At-Risk Customers
13181.0,2010-11-23 15:05:00,2010-11-23 15:05:00,1,171,359.69,18.931052631578947,171.0,19.0,15,Autumn,United Kingdom,381,1,359.69,1,At-Risk Customers
13182.0,2011-10-25 13:46:00,2011-10-25 13:46:00,1,201,121.18,11.016363636363636,201.0,11.0,13,Autumn,United Kingdom,45,1,121.18,0,Regular Customers
13183.0,2010-03-14 12:32:00,2011-12-02 10:30:00,15,4027,7036.18,45.10371794871795,284.6602564102564,12.41025641025641,10,Summer,United Kingdom,8,15,7036.18,0,Regular Customers
13184.0,2011-02-22 17:25:00,2011-11-25 12:02:00,10,1662,1668.95,9.323743016759776,214.48603351955308,24.70949720670391,12,Summer,United Kingdom,15,10,1668.95,0,Regular Customers
13185.0,2011-03-17 11:56:00,2011-03-17 11:56:00,1,12,71.4,71.4,12.0,1.0,11,Spring,United Kingdom,268,1,71.4,1,At-Risk Customers
13186.0,2011-08-03 09:09:00,2011-10-31 11:40:00,3,820,1575.89,19.947974683544302,316.1012658227848,37.9873417721519,9,Summer,United Kingdom,40,3,1575.89,0,Regular Customers
13187.0,2010-03-25 17:18:00,2011-01-06 18:57:00,4,296,341.36,6.095714285714286,109.16071428571428,27.5,18,Winter,United Kingdom,337,4,341.36,1,At-Risk Customers
13188.0,2011-11-28 15:28:00,2011-11-28 15:28:00,1,25,114.6,57.3,25.0,2.0,15,Autumn,United Kingdom,11,1,114.6,0,Regular Customers
13189.0,2011-08-16 13:12:00,2011-11-21 10:39:00,2,842,260.68,8.988965517241379,446.3448275862069,15.344827586206897,13,Summer,United Kingdom,19,2,260.68,0,Regular Customers
13190.0,2009-12-07 12:13:00,2010-06-13 15:47:00,3,308,570.66,33.56823529411764,103.11764705882354,5.941176470588236,12,Winter,United Kingdom,544,3,570.66,1,At-Risk Customers
13191.0,2010-02-19 17:02:00,2010-02-19 17:02:00,1,115,164.69,2.79135593220339,115.0,58.0,17,Winter,United Kingdom,658,1,164.69,1,At-Risk Customers
13192.0,2010-01-22 08:37:00,2011-09-05 14:13:00,6,1629,2558.58,15.793703703703704,363.679012345679,34.72839506172839,14,Spring,United Kingdom,95,6,2558.58,0,Regular Customers
13193.0,2011-10-09 14:30:00,2011-10-09 14:30:00,1,46,112.08,4.4832,46.0,22.0,14,Autumn,United Kingdom,61,1,112.08,0,Regular Customers
13194.0,2010-10-14 11:54:00,2011-07-27 09:01:00,2,326,472.78,47.278,217.8,5.8,11,Autumn,United Kingdom,136,2,472.78,0,Regular Customers
13195.0,2010-10-21 13:07:00,2010-10-21 13:07:00,1,70,136.73,2.972391304347826,70.0,43.0,13,Autumn,United Kingdom,414,1,136.73,1,At-Risk Customers
13196.0,2010-04-01 12:54:00,2011-11-28 13:54:00,7,2006,3068.84,16.323617021276597,441.7287234042553,40.297872340425535,12,Autumn,United Kingdom,11,7,3068.84,0,Regular Customers
13197.0,2010-04-09 09:14:00,2010-04-09 09:14:00,1,204,373.0100000000001,19.632105263157897,204.0,19.0,9,Spring,United Kingdom,610,1,373.0100000000001,1,At-Risk Customers
13198.0,2010-10-01 13:27:00,2011-11-29 15:17:00,8,3449,4974.2300000000005,15.841496815286623,495.5031847133758,44.59235668789809,13,Autumn,United Kingdom,10,8,4974.2300000000005,0,Regular Customers
13199.0,2009-12-05 10:11:00,2011-12-06 12:30:00,67,11567,15964.21,78.64142857142858,211.4630541871921,4.487684729064039,14,Autumn,United Kingdom,4,67,15964.21,0,Regular Customers
13200.0,2011-08-05 14:50:00,2011-11-20 15:35:00,4,516,870.09,18.915,164.54347826086956,15.695652173913045,14,Autumn,United Kingdom,19,4,870.09,0,Regular Customers
13201.0,2010-03-07 11:01:00,2010-07-25 14:30:00,4,1036,1233.06,14.337906976744186,271.90697674418607,26.11627906976744,16,Spring,United Kingdom,502,4,1233.06,1,At-Risk Customers
13202.0,2009-12-09 10:48:00,2010-11-10 16:24:00,7,572,1580.3,22.90289855072464,82.8840579710145,10.159420289855072,14,Spring,United Kingdom,394,7,1580.3,1,At-Risk Customers
13203.0,2009-12-17 14:15:00,2011-11-30 10:45:00,10,2413,2648.25,15.670118343195266,303.58579881656806,20.91715976331361,14,Autumn,United Kingdom,10,10,2648.25,0,Regular Customers
13204.0,2009-12-08 14:56:00,2009-12-08 14:56:00,1,428,966.66,16.958947368421054,428.0,57.0,14,Winter,United Kingdom,731,1,966.66,1,At-Risk Customers
13205.0,2010-09-22 16:26:00,2010-09-22 16:26:00,1,256,2803.2,2803.2,256.0,1.0,16,Autumn,United Kingdom,443,1,2803.2,1,At-Risk Customers
13206.0,2009-12-07 13:48:00,2010-11-04 16:50:00,13,7086,8308.19,14.678780918727917,749.7314487632509,60.52650176678445,13,Winter,United Kingdom,400,13,8308.19,1,At-Risk Customers
13207.0,2010-04-06 16:37:00,2011-11-24 14:52:00,4,178,535.86,41.22,53.07692307692308,3.923076923076923,11,Summer,United Kingdom,15,4,535.86,0,Regular Customers
13208.0,2009-12-03 13:25:00,2011-10-12 09:54:00,9,1343,1976.3,7.842460317460318,185.93650793650792,33.5,19,Autumn,United Kingdom,59,9,1976.3,0,Regular Customers
13209.0,2010-01-24 14:30:00,2011-11-09 13:54:00,13,5781,8509.51,23.25002732240437,971.4918032786884,69.50273224043715,11,Spring,United Kingdom,30,13,8509.51,0,Regular Customers
13210.0,2011-09-07 08:18:00,2011-09-07 08:18:00,1,316,353.48,16.067272727272726,316.0,22.0,8,Autumn,United Kingdom,94,1,353.48,0,Regular Customers
13211.0,2009-12-06 15:24:00,2011-11-29 14:43:00,10,1845,2618.77,13.028706467661692,245.9303482587065,29.930348258706463,13,Autumn,United Kingdom,10,10,2618.77,0,Regular Customers
13212.0,2011-10-09 14:48:00,2011-11-20 12:40:00,3,309,786.83,5.580354609929079,155.6595744680851,66.35460992907801,12,Autumn,United Kingdom,20,3,786.83,0,Regular Customers
13213.0,2010-05-20 14:50:00,2011-10-14 11:42:00,11,2962,3851.52,18.88,412.7549019607843,25.58823529411765,13,Autumn,United Kingdom,57,11,3851.52,0,Regular Customers
13214.0,2010-03-03 14:10:00,2010-10-18 10:00:00,7,2966,3264.23,14.254279475982532,967.9563318777292,71.92576419213974,14,Spring,United Kingdom,418,7,3264.23,1,At-Risk Customers
13215.0,2010-11-02 18:26:00,2010-11-02 18:26:00,1,96,81.6,81.6,96.0,1.0,18,Autumn,United Kingdom,402,1,81.6,1,At-Risk Customers
13216.0,2011-03-17 12:18:00,2011-03-17 12:18:00,1,297,333.74,66.748,297.0,5.0,12,Spring,United Kingdom,268,1,333.74,1,At-Risk Customers
13217.0,2010-02-22 12:49:00,2011-08-09 15:32:00,4,512,666.48,133.296,131.2,1.4,10,Summer,United Kingdom,122,4,666.48,0,Regular Customers
13218.0,2011-08-04 16:59:00,2011-08-04 16:59:00,1,88,62.64,12.528,88.0,5.0,16,Summer,United Kingdom,127,1,62.63999999999999,0,Regular Customers
13219.0,2010-03-31 14:18:00,2010-03-31 14:18:00,1,11,76.23,6.930000000000001,11.0,11.0,14,Spring,United Kingdom,618,1,76.23,1,At-Risk Customers
13220.0,2010-05-13 10:35:00,2011-09-22 13:38:00,5,396,1336.09,25.20924528301887,153.43396226415095,23.90566037735849,10,Spring,United Kingdom,78,5,1336.09,0,Regular Customers
13221.0,2010-12-15 13:24:00,2011-04-13 16:58:00,2,244,847.41,12.839545454545457,123.87878787878788,33.121212121212125,13,Winter,United Kingdom,240,2,847.41,0,Regular Customers
13222.0,2010-05-11 13:54:00,2010-05-11 13:54:00,1,30,88.5,88.5,30.0,1.0,13,Spring,United Kingdom,577,1,88.5,1,At-Risk Customers
13223.0,2010-02-12 13:27:00,2011-05-23 13:03:00,6,568,969.12,74.5476923076923,102.76923076923076,3.0,13,Spring,United Kingdom,200,6,969.12,0,Regular Customers
13224.0,2011-07-11 14:10:00,2011-10-10 14:55:00,2,1518,2155.95,19.9625,779.8888888888889,56.66666666666666,14,Autumn,United Kingdom,60,2,2155.95,0,Regular Customers
13225.0,2009-12-17 09:09:00,2011-12-06 13:29:00,16,7401,16260.07,130.08056,542.856,12.152,13,Winter,United Kingdom,3,16,16260.07,0,Regular Customers
13226.0,2010-11-11 13:46:00,2011-03-11 14:35:00,2,179,312.46,11.159285714285714,88.14285714285714,14.285714285714286,14,Spring,United Kingdom,273,2,312.46,1,At-Risk Customers
13227.0,2011-05-22 11:47:00,2011-05-22 11:47:00,1,99,257.7,28.633333333333333,99.0,9.0,11,Spring,United Kingdom,202,1,257.7,0,Regular Customers
13228.0,2011-09-19 14:28:00,2011-09-19 14:28:00,1,200,358.0,179.0,200.0,2.0,14,Autumn,United Kingdom,81,1,358.0,0,Regular Customers
13229.0,2011-04-28 12:07:00,2011-04-28 12:07:00,1,63,160.95,16.095,63.0,10.0,12,Spring,United Kingdom,226,1,160.95,0,Regular Customers
13230.0,2010-03-18 20:02:00,2011-12-05 16:03:00,30,3520,6120.01,4.892094324540368,159.72741806554757,57.410071942446045,16,Spring,United Kingdom,4,30,6120.01,0,Regular Customers
13232.0,2011-04-10 13:48:00,2011-11-27 10:39:00,7,773,1328.35,6.575990099009901,116.53465346534654,36.29207920792079,13,Spring,United Kingdom,13,7,1328.35,0,Regular Customers
13233.0,2010-01-14 14:10:00,2011-09-26 13:25:00,4,1604,1176.46,15.479736842105265,424.9868421052632,19.86842105263158,14,Autumn,United Kingdom,74,4,1176.46,0,Regular Customers
13234.0,2009-12-07 12:32:00,2010-02-05 11:41:00,2,159,346.5,5.680327868852459,101.59016393442624,38.18032786885246,12,Winter,United Kingdom,673,2,346.5,1,At-Risk Customers
13235.0,2011-05-11 17:13:00,2011-05-11 17:13:00,1,441,1031.07,17.77706896551724,441.0,53.0,17,Spring,United Kingdom,212,1,1031.07,0,Regular Customers
13236.0,2011-08-25 08:58:00,2011-11-15 12:50:00,2,416,744.85,20.69027777777778,201.33333333333331,18.5,8,Summer,United Kingdom,25,2,744.85,0,Regular Customers
13237.0,2010-11-17 10:07:00,2010-11-17 10:07:00,1,128,643.0,26.791666666666668,128.0,24.0,10,Autumn,United Kingdom,388,1,643.0,1,At-Risk Customers
13238.0,2010-04-28 15:02:00,2011-11-22 15:37:00,6,442,1006.63,21.41765957446809,87.51063829787235,10.191489361702128,12,Autumn,United Kingdom,17,6,1006.63,0,Regular Customers
13239.0,2010-07-25 13:34:00,2011-03-23 10:25:00,5,1151,1594.69,17.14720430107527,393.76344086021504,28.93548387096774,10,Summer,United Kingdom,262,5,1594.69,0,Regular Customers
13240.0,2010-02-25 13:17:00,2011-09-04 14:08:00,8,709,1475.79,7.342238805970149,180.6417910447761,50.124378109452735,13,Autumn,United Kingdom,96,8,1475.79,0,Regular Customers
13241.0,2010-10-24 11:17:00,2010-10-24 11:17:00,1,46,112.53,2.81325,46.0,40.0,11,Autumn,United Kingdom,412,1,112.53,1,At-Risk Customers
13242.0,2010-02-09 13:12:00,2011-08-19 12:53:00,7,350,699.4,19.982857142857146,63.71428571428572,6.371428571428571,12,Summer,United Kingdom,112,7,699.4,0,Regular Customers
13243.0,2010-03-18 13:10:00,2011-05-20 13:14:00,5,554,1220.38,5.953073170731708,132.06829268292682,43.68780487804878,13,Spring,United Kingdom,203,5,1220.38,0,Regular Customers
13244.0,2011-09-08 11:46:00,2011-09-08 11:46:00,1,38,121.74,4.508888888888889,38.0,27.0,11,Autumn,United Kingdom,93,1,121.74,0,Regular Customers
13245.0,2010-10-03 14:03:00,2011-10-20 11:40:00,2,371,989.22,21.982666666666667,202.9777777777778,24.377777777777776,14,Autumn,United Kingdom,51,2,989.22,0,Regular Customers
13246.0,2010-07-02 13:36:00,2011-11-21 16:50:00,11,2796,3351.75,9.034366576819409,260.5094339622641,42.94878706199461,13,Autumn,United Kingdom,18,11,3351.75,0,Regular Customers
13247.0,2011-09-18 11:31:00,2011-11-22 10:59:00,4,328,501.12,20.0448,138.84,9.96,11,Autumn,United Kingdom,18,4,501.12,0,Regular Customers
13248.0,2011-06-03 13:05:00,2011-08-07 12:40:00,2,305,465.68,17.91076923076923,213.1153846153846,17.923076923076923,13,Summer,United Kingdom,125,2,465.68,0,Regular Customers
13249.0,2010-01-24 12:11:00,2011-09-08 13:26:00,9,1246,1608.9299999999998,45.969428571428566,103.25714285714284,11.228571428571428,16,Autumn,United Kingdom,92,9,1608.93,0,Regular Customers
13250.0,2010-07-25 14:01:00,2010-09-05 11:33:00,2,107,253.09,13.320526315789474,70.47368421052632,15.421052631578949,14,Summer,United Kingdom,461,2,253.09,1,At-Risk Customers
13251.0,2010-11-02 13:20:00,2010-11-02 13:20:00,1,215,252.68,10.1072,215.0,25.0,13,Autumn,United Kingdom,402,1,252.68,1,At-Risk Customers
13252.0,2010-03-24 10:30:00,2010-11-10 16:00:00,2,134,399.3,21.01578947368421,113.57894736842104,15.421052631578949,10,Spring,United Kingdom,394,2,399.3,1,At-Risk Customers
13253.0,2010-01-05 12:13:00,2011-07-06 10:09:00,4,3015,2951.11,39.34813333333334,784.7866666666666,19.69333333333333,12,Winter,United Kingdom,157,4,2951.11,0,Regular Customers
13254.0,2010-11-28 15:42:00,2010-11-28 15:42:00,1,43,51.41,12.8525,43.0,4.0,15,Autumn,United Kingdom,376,1,51.41,1,At-Risk Customers
13255.0,2010-07-15 13:20:00,2011-11-30 13:14:00,3,407,678.76,26.106153846153845,158.42307692307693,9.76923076923077,13,Summer,United Kingdom,9,3,678.76,0,Regular Customers
13257.0,2010-09-29 14:58:00,2010-09-29 14:58:00,1,33,149.75,21.392857142857142,33.0,7.0,14,Autumn,United Kingdom,436,1,149.75,1,At-Risk Customers
13258.0,2010-11-04 12:45:00,2011-11-28 09:31:00,5,446,1009.43,22.94159090909091,109.13636363636364,12.840909090909092,13,Autumn,United Kingdom,12,5,1009.43,0,Regular Customers
13259.0,2010-01-10 10:26:00,2011-10-09 10:48:00,9,503,1402.54,4.480958466453674,77.27476038338658,48.319488817891376,10,Autumn,United Kingdom,62,9,1402.54,0,Regular Customers
13260.0,2011-10-09 13:21:00,2011-10-09 13:21:00,1,142,557.62,69.7025,142.0,8.0,13,Autumn,United Kingdom,61,1,557.62,0,Regular Customers
13261.0,2011-02-27 10:41:00,2011-03-16 12:22:00,2,210,944.1,104.9,171.11111111111111,7.222222222222222,10,Winter,United Kingdom,269,2,944.1,1,At-Risk Customers
13262.0,2010-04-18 12:14:00,2011-03-21 15:06:00,3,247,573.45,11.469,83.4,19.32,12,Spring,United Kingdom,263,3,573.45,1,At-Risk Customers
13263.0,2010-10-22 17:07:00,2011-12-08 13:59:00,39,5372,8676.2,4.554435695538058,161.60419947506563,57.650918635170605,15,Spring,United Kingdom,1,39,8676.2,0,Regular Customers
13264.0,2010-09-23 12:42:00,2010-09-23 12:42:00,1,375,722.5600000000001,19.014736842105265,375.0,38.0,12,Autumn,United Kingdom,443,1,722.5600000000001,1,At-Risk Customers
13265.0,2011-03-11 09:54:00,2011-10-17 15:02:00,5,1740,2092.66,23.25177777777777,403.6444444444445,19.75555555555556,9,Spring,United Kingdom,53,5,2092.66,0,Regular Customers
13266.0,2009-12-17 10:52:00,2011-11-28 14:39:00,19,6837,6135.04,19.98384364820847,378.3094462540717,18.10097719869707,11,Spring,United Kingdom,11,19,6135.04,0,Regular Customers
13267.0,2009-12-07 16:56:00,2011-12-07 11:12:00,36,3959,9429.81,22.943576642335763,137.94403892944038,14.357664233576642,9,Autumn,United Kingdom,3,36,9429.81,0,Regular Customers
13268.0,2011-03-17 13:20:00,2011-11-22 11:51:00,11,3624,3174.75,7.331986143187067,470.3233256351039,54.34180138568129,11,Spring,United Kingdom,18,11,3174.75,0,Regular Customers
13269.0,2009-12-02 11:47:00,2011-12-08 14:53:00,28,6366,8537.32,17.566502057613167,308.43621399176953,32.66255144032922,12,Spring,United Kingdom,1,28,8537.32,0,Regular Customers
13270.0,2010-12-08 14:53:00,2010-12-08 14:53:00,1,200,590.0,590.0,200.0,1.0,14,Winter,United Kingdom,366,1,590.0,1,At-Risk Customers
13271.0,2011-11-02 14:31:00,2011-11-02 14:31:00,1,240,211.49,2.430919540229885,240.0,79.0,14,Autumn,United Kingdom,37,1,211.49,0,Regular Customers
13272.0,2011-09-11 12:06:00,2011-11-08 14:00:00,2,96,276.56,18.43733333333333,49.6,7.533333333333333,12,Autumn,United Kingdom,31,2,276.56,0,Regular Customers
13273.0,2011-08-18 14:02:00,2011-08-18 14:02:00,1,153,138.98,8.68625,153.0,16.0,14,Summer,United Kingdom,113,1,138.98,0,Regular Customers
13274.0,2010-10-26 13:48:00,2010-10-26 13:48:00,1,199,360.85,18.992105263157896,199.0,19.0,13,Autumn,United Kingdom,409,1,360.85,1,At-Risk Customers
13275.0,2010-03-17 14:05:00,2010-11-21 12:09:00,2,138,238.86,4.97625,118.16666666666669,40.66666666666666,14,Spring,United Kingdom,384,2,238.86,1,At-Risk Customers
13276.0,2010-03-07 14:05:00,2011-10-07 12:44:00,5,840,1891.91,7.915941422594143,246.744769874477,69.28033472803347,14,Autumn,United Kingdom,64,5,1891.91,0,Regular Customers
13277.0,2010-06-18 08:45:00,2011-11-24 09:21:00,7,382,523.3,22.752173913043475,58.0,4.130434782608695,14,Summer,United Kingdom,16,7,523.3,0,Regular Customers
13278.0,2010-04-08 11:59:00,2011-10-30 11:49:00,4,1358,1435.85,13.294907407407406,384.1203703703704,31.87037037037037,11,Autumn,United Kingdom,41,4,1435.85,0,Regular Customers
13279.0,2011-09-22 17:24:00,2011-09-22 17:24:00,1,73,137.75,15.305555555555555,73.0,9.0,17,Autumn,United Kingdom,78,1,137.75,0,Regular Customers
13280.0,2010-03-05 09:07:00,2011-08-09 13:14:00,7,1489,2293.33,11.186975609756097,263.77560975609754,34.44390243902439,16,Autumn,United Kingdom,122,7,2293.33,0,Regular Customers
13281.0,2010-09-26 16:03:00,2010-09-26 16:03:00,1,201,350.85,15.947727272727274,201.0,22.0,16,Autumn,United Kingdom,439,1,350.85,1,At-Risk Customers
13282.0,2010-10-29 14:11:00,2011-11-21 15:33:00,4,410,1313.19,25.74882352941177,104.84313725490196,13.352941176470589,15,Autumn,United Kingdom,18,4,1313.19,0,Regular Customers
13283.0,2010-03-09 14:36:00,2011-10-11 09:50:00,4,204,373.36,18.668,61.3,6.3,13,Spring,United Kingdom,60,4,373.36,0,Regular Customers
13284.0,2011-01-13 09:23:00,2011-01-13 09:23:00,1,91,201.19,15.476153846153846,91.0,13.0,9,Winter,United Kingdom,331,1,201.19,1,At-Risk Customers
13285.0,2010-03-25 14:26:00,2011-11-16 13:19:00,6,2457,3364.59,14.565324675324677,472.3982683982684,43.71861471861472,13,Spring,United Kingdom,23,6,3364.59,0,Regular Customers
13286.0,2010-04-18 15:35:00,2010-04-18 15:35:00,1,274,734.91,14.998163265306122,274.0,46.0,15,Spring,United Kingdom,600,1,734.91,1,At-Risk Customers
13287.0,2010-01-04 10:43:00,2010-04-15 15:26:00,3,429,781.59,14.746981132075472,143.60377358490567,17.90566037735849,15,Winter,United Kingdom,603,3,781.59,1,At-Risk Customers
13288.0,2010-02-11 14:59:00,2010-09-22 16:32:00,5,379,927.61,92.761,110.4,4.0,15,Summer,United Kingdom,443,5,927.61,1,At-Risk Customers
13289.0,2009-12-16 11:53:00,2009-12-16 11:53:00,1,119,307.95,19.246875,119.0,16.0,11,Winter,United Kingdom,724,1,307.95,1,At-Risk Customers
13290.0,2010-09-27 16:29:00,2010-09-27 16:29:00,1,1,208.63,208.63,1.0,1.0,16,Autumn,United Kingdom,438,1,208.63,1,At-Risk Customers
13291.0,2010-02-11 18:36:00,2011-07-07 10:36:00,11,1600,3270.79,10.285503144654088,167.72327044025158,30.67295597484277,19,Summer,United Kingdom,156,11,3270.79,0,Regular Customers
13292.0,2010-07-01 14:36:00,2011-11-01 10:04:00,5,530,994.51,16.856101694915253,120.84745762711864,13.33898305084746,10,Summer,United Kingdom,39,5,994.51,0,Regular Customers
13293.0,2010-02-09 12:05:00,2010-11-12 13:28:00,6,555,1192.94,16.56861111111111,119.66666666666669,15.944444444444445,12,Spring,United Kingdom,392,6,1192.94,1,At-Risk Customers
13294.0,2010-03-03 12:54:00,2011-06-03 08:54:00,3,996,1689.53,16.564019607843136,384.3137254901961,37.372549019607845,12,Spring,United Kingdom,190,3,1689.53,0,Regular Customers
13295.0,2010-05-12 09:13:00,2010-12-15 11:21:00,4,733,1101.97,16.44731343283582,198.0597014925373,17.686567164179106,11,Autumn,United Kingdom,360,4,1101.97,1,At-Risk Customers
13296.0,2010-05-11 14:29:00,2011-07-25 13:46:00,6,653,792.51,14.953018867924529,118.16981132075472,9.566037735849056,8,Summer,United Kingdom,137,6,792.51,0,Regular Customers
13297.0,2010-06-15 12:35:00,2011-12-02 09:32:00,7,2694,4368.62,35.51723577235772,591.2276422764228,28.67479674796748,15,Autumn,United Kingdom,8,7,4368.62,0,Regular Customers
13298.0,2011-12-08 13:11:00,2011-12-08 13:11:00,1,96,360.0,180.0,96.0,2.0,13,Winter,United Kingdom,1,1,360.0,0,Regular Customers
13299.0,2010-06-29 11:30:00,2011-03-16 12:55:00,3,416,1218.7,19.656451612903226,200.9032258064516,28.41935483870968,10,Autumn,United Kingdom,268,3,1218.7,1,At-Risk Customers
13300.0,2010-05-14 15:56:00,2011-06-23 13:09:00,3,455,1285.51,23.37290909090909,154.2,18.418181818181814,13,Summer,United Kingdom,169,3,1285.51,0,Regular Customers
13301.0,2011-02-20 13:13:00,2011-08-28 11:25:00,4,345,618.09,7.630740740740741,86.64197530864197,20.65432098765432,13,Summer,United Kingdom,104,4,618.09,0,Regular Customers
13302.0,2010-07-01 12:32:00,2011-07-07 17:56:00,2,12,159.2,53.06666666666666,6.333333333333333,1.6666666666666667,12,Summer,United Kingdom,155,2,159.2,0,Regular Customers
13303.0,2010-11-04 14:55:00,2010-11-04 14:55:00,1,26,61.72,15.43,26.0,4.0,14,Autumn,United Kingdom,400,1,61.72,1,At-Risk Customers
13304.0,2010-02-08 12:42:00,2010-12-23 14:35:00,4,716,1217.99,15.61525641025641,184.93589743589743,19.71794871794872,10,Winter,United Kingdom,351,4,1217.99,1,At-Risk Customers
13305.0,2010-03-10 14:49:00,2011-12-05 15:15:00,16,2228,3616.41,18.08205,204.455,23.55,14,Autumn,United Kingdom,4,16,3616.41,0,Regular Customers
13306.0,2010-10-05 14:55:00,2010-10-05 14:55:00,1,74,53.65,13.4125,74.0,4.0,14,Autumn,United Kingdom,430,1,53.65,1,At-Risk Customers
13307.0,2010-04-26 13:28:00,2011-08-11 17:14:00,3,140,273.34,18.222666666666665,89.33333333333333,11.4,13,Spring,United Kingdom,120,3,273.34,0,Regular Customers
13308.0,2010-04-22 09:22:00,2011-11-17 09:31:00,4,1073,1670.37,23.52633802816901,309.1830985915493,19.366197183098592,9,Spring,United Kingdom,23,4,1670.37,0,Regular Customers
13309.0,2010-11-12 12:10:00,2011-12-02 16:34:00,6,1914,1706.37,13.125923076923078,342.9307692307692,23.815384615384616,12,Autumn,United Kingdom,7,6,1706.37,0,Regular Customers
13310.0,2010-11-02 17:03:00,2011-11-11 17:23:00,5,816,1541.2,16.223157894736843,176.47368421052633,21.25263157894737,17,Autumn,United Kingdom,28,5,1541.2,0,Regular Customers
13311.0,2011-07-12 14:26:00,2011-12-05 12:55:00,2,305,598.57,23.02192307692308,252.7692307692308,22.307692307692307,14,Summer,United Kingdom,4,2,598.57,0,Regular Customers
13312.0,2010-09-14 14:36:00,2010-09-14 14:36:00,1,41,124.75,24.95,41.0,5.0,14,Autumn,United Kingdom,451,1,124.75,1,At-Risk Customers
13313.0,2009-12-02 16:18:00,2011-11-17 16:48:00,12,2308,3445.32,18.42417112299465,218.6951871657754,17.128342245989305,16,Winter,United Kingdom,22,12,3445.32,0,Regular Customers
13314.0,2011-09-27 10:20:00,2011-12-08 12:29:00,3,560,775.94,12.51516129032258,277.0967741935484,30.11290322580645,10,Autumn,United Kingdom,2,3,775.94,0,Regular Customers
13315.0,2010-01-19 15:34:00,2010-01-19 15:34:00,1,232,310.26000000000005,14.102727272727275,232.0,22.0,15,Winter,United Kingdom,689,1,310.26,1,At-Risk Customers
13316.0,2010-03-10 10:01:00,2011-11-02 13:40:00,10,19931,12940.82,74.80242774566474,1761.4161849710983,21.936416184971097,10,Autumn,United Kingdom,37,10,12940.82,0,Regular Customers
13317.0,2009-12-13 11:11:00,2011-10-04 13:35:00,19,3149,6486.091,18.854915697674414,262.02906976744185,28.44767441860465,13,Autumn,United Kingdom,66,19,6486.091,0,Regular Customers
13318.0,2011-11-02 13:26:00,2011-12-08 18:51:00,3,304,640.76,32.038,137.8,9.7,13,Autumn,United Kingdom,1,3,640.76,0,Regular Customers
13319.0,2009-12-06 14:46:00,2011-12-04 13:34:00,58,8974,21323.22,23.10208017334778,236.80281690140845,23.715059588299024,14,Autumn,United Kingdom,5,58,21323.22,0,Regular Customers
13320.0,2010-08-18 10:29:00,2011-09-22 18:07:00,6,1509,2211.6,14.842953020134228,275.1476510067114,27.308724832214764,10,Autumn,United Kingdom,78,6,2211.6,0,Regular Customers
13321.0,2011-09-14 15:18:00,2011-09-28 15:24:00,2,372,567.36,51.57818181818182,156.72727272727272,7.727272727272727,15,Autumn,United Kingdom,72,2,567.36,0,Regular Customers
13322.0,2011-11-22 14:21:00,2011-11-22 14:21:00,1,117,199.48,7.9792,117.0,25.0,14,Autumn,United Kingdom,17,1,199.48,0,Regular Customers
13323.0,2011-09-16 13:23:00,2011-12-06 17:12:00,5,175,787.85,37.516666666666666,35.095238095238095,4.333333333333333,13,Autumn,United Kingdom,3,5,787.85,0,Regular Customers
13324.0,2010-05-25 10:23:00,2011-11-03 16:28:00,18,8448,10513.47,79.6475,610.9848484848485,9.348484848484848,12,Autumn,United Kingdom,36,18,10513.47,0,Regular Customers
13325.0,2011-09-19 10:36:00,2011-09-19 10:36:00,1,240,675.3,56.275,240.0,12.0,10,Autumn,United Kingdom,82,1,675.3,0,Regular Customers
13326.0,2010-10-03 16:00:00,2010-10-03 16:00:00,1,140,281.76,21.673846153846156,140.0,13.0,16,Autumn,United Kingdom,432,1,281.76,1,At-Risk Customers
13327.0,2009-12-18 15:35:00,2011-11-01 10:21:00,20,4203,9134.48,28.45632398753894,257.13084112149534,20.58878504672897,15,Spring,United Kingdom,39,20,9134.48,0,Regular Customers
13328.0,2011-01-27 15:22:00,2011-01-27 15:22:00,1,680,1308.48,76.96941176470588,680.0,17.0,15,Winter,United Kingdom,316,1,1308.48,1,At-Risk Customers
13329.0,2009-12-04 15:41:00,2011-11-08 10:29:00,8,3311,4808.77,40.75228813559322,542.7966101694915,16.779661016949152,14,Autumn,United Kingdom,32,8,4808.77,0,Regular Customers
13330.0,2010-02-23 10:12:00,2011-09-08 12:27:00,6,1951,2796.1,23.8982905982906,349.1794871794872,20.726495726495727,12,Autumn,United Kingdom,93,6,2796.1,0,Regular Customers
13331.0,2010-11-03 08:04:00,2010-11-03 08:04:00,1,54,262.4,21.866666666666664,54.0,12.0,8,Autumn,United Kingdom,402,1,262.4,1,At-Risk Customers
13332.0,2011-11-25 13:30:00,2011-11-25 13:30:00,1,179,350.90000000000003,16.709523809523812,179.0,21.0,13,Autumn,United Kingdom,14,1,350.9,0,Regular Customers
13333.0,2010-02-19 09:26:00,2010-10-24 13:24:00,3,685,1015.74,18.468,281.3090909090909,28.163636363636364,9,Autumn,United Kingdom,411,3,1015.74,1,At-Risk Customers
13334.0,2010-02-25 12:21:00,2011-09-18 15:21:00,5,3198,6201.8,13.08396624472574,682.3122362869199,100.63713080168776,11,Winter,United Kingdom,82,5,6201.8,0,Regular Customers
13336.0,2011-09-23 14:05:00,2011-09-23 14:05:00,1,559,795.12,15.590588235294115,559.0,51.0,14,Autumn,United Kingdom,77,1,795.12,0,Regular Customers
13337.0,2010-06-11 13:27:00,2010-06-11 13:27:00,1,980,1575.26,18.106436781609197,980.0,87.0,13,Summer,United Kingdom,546,1,1575.26,1,At-Risk Customers
13338.0,2010-01-05 12:25:00,2011-07-05 09:06:00,4,1151,2445.62,19.10640625,313.6953125,34.84375,12,Summer,United Kingdom,158,4,2445.62,0,Regular Customers
13339.0,2011-05-23 08:31:00,2011-05-23 08:31:00,1,326,860.12,15.928148148148148,326.0,54.0,8,Spring,United Kingdom,201,1,860.12,0,Regular Customers
13340.0,2010-02-22 14:54:00,2011-10-25 13:15:00,12,9636,22100.56,102.7933023255814,1190.5488372093023,27.8,11,Summer,United Kingdom,45,12,22100.56,0,Regular Customers
13341.0,2011-03-24 09:50:00,2011-03-24 09:50:00,1,301,775.85,18.472619047619048,301.0,42.0,9,Spring,United Kingdom,261,1,775.85,1,At-Risk Customers
13343.0,2011-06-15 12:24:00,2011-06-15 12:24:00,1,135,353.43,18.60157894736842,135.0,19.0,12,Summer,United Kingdom,178,1,353.43,0,Regular Customers
13344.0,2011-03-07 10:28:00,2011-10-03 09:45:00,3,952,2511.69,21.6525,432.7931034482759,50.89655172413793,10,Spring,United Kingdom,68,3,2511.69,0,Regular Customers
13345.0,2011-02-25 09:01:00,2011-02-25 09:01:00,1,141,389.5,19.475,141.0,20.0,9,Winter,United Kingdom,288,1,389.5,1,At-Risk Customers
13346.0,2010-04-22 12:34:00,2010-09-03 11:41:00,6,180,299.4,49.9,30.0,1.0,14,Summer,United Kingdom,463,6,299.4,1,At-Risk Customers
13347.0,2011-09-30 13:28:00,2011-09-30 13:28:00,1,205,341.36,42.67,205.0,8.0,13,Autumn,United Kingdom,70,1,341.36,0,Regular Customers
13348.0,2011-10-06 17:28:00,2011-10-06 17:28:00,1,136,233.76,16.697142857142858,136.0,14.0,17,Autumn,United Kingdom,64,1,233.76,0,Regular Customers
13349.0,2011-11-29 08:07:00,2011-11-29 08:07:00,1,225,247.32,15.4575,225.0,16.0,8,Autumn,United Kingdom,11,1,247.32,0,Regular Customers
13350.0,2011-09-21 13:33:00,2011-11-23 16:33:00,2,287,979.12,24.478,150.4,27.2,13,Autumn,United Kingdom,16,2,979.12,0,Regular Customers
13351.0,2011-10-04 12:55:00,2011-10-04 12:55:00,1,117,373.94,23.37125,117.0,16.0,12,Autumn,United Kingdom,66,1,373.94,0,Regular Customers
13352.0,2011-10-10 13:55:00,2011-10-10 13:55:00,1,321,397.98,16.5825,321.0,24.0,13,Autumn,United Kingdom,60,1,397.98,0,Regular Customers
13354.0,2011-09-29 13:17:00,2011-09-29 13:17:00,1,604,743.53,14.579019607843136,604.0,51.0,13,Autumn,United Kingdom,71,1,743.53,0,Regular Customers
13355.0,2011-08-09 14:48:00,2011-08-09 14:48:00,1,314,674.7,21.084375,314.0,32.0,14,Summer,United Kingdom,122,1,674.7,0,Regular Customers
13356.0,2011-09-20 14:33:00,2011-09-20 14:33:00,1,325,768.24,18.29142857142857,325.0,42.0,14,Autumn,United Kingdom,80,1,768.24,0,Regular Customers
13357.0,2010-03-22 14:30:00,2011-03-27 13:56:00,5,2112,3805.51,9.658654822335023,590.3096446700507,111.58375634517766,14,Spring,United Kingdom,257,5,3805.51,0,Regular Customers
13358.0,2011-03-16 11:52:00,2011-03-16 11:52:00,1,285,439.03,15.13896551724138,285.0,29.0,11,Spring,United Kingdom,269,1,439.03,1,At-Risk Customers
13359.0,2010-11-01 15:05:00,2011-10-07 09:30:00,2,381,1043.31,18.630535714285717,195.76785714285717,28.892857142857142,15,Autumn,United Kingdom,64,2,1043.31,0,Regular Customers
13360.0,2010-01-08 11:16:00,2010-10-04 12:37:00,4,942,1553.65,23.54015151515152,309.3030303030303,21.424242424242426,12,Autumn,United Kingdom,432,4,1553.65,1,At-Risk Customers
13361.0,2010-04-01 07:49:00,2010-08-24 14:56:00,2,324,1450.5,42.66176470588236,173.11764705882354,19.88235294117647,7,Spring,United Kingdom,472,2,1450.5,1,At-Risk Customers
13362.0,2010-10-10 15:27:00,2011-11-30 14:41:00,7,2481,5394.07,18.100906040268452,358.6275167785235,43.63758389261745,11,Autumn,United Kingdom,9,7,5394.07,0,Regular Customers
13363.0,2010-10-26 11:07:00,2011-11-22 12:40:00,3,1146,1723.86,16.90058823529412,403.88235294117646,36.52941176470589,11,Autumn,United Kingdom,18,3,1723.86,0,Regular Customers
13364.0,2011-09-29 18:13:00,2011-09-29 18:13:00,1,71,134.96,13.496,71.0,10.0,18,Autumn,United Kingdom,71,1,134.95999999999998,0,Regular Customers
13365.0,2011-05-06 12:00:00,2011-11-06 12:36:00,2,1247,2225.37,17.385703125,709.2421875,73.765625,12,Autumn,United Kingdom,34,2,2225.37,0,Regular Customers
13366.0,2011-10-20 13:37:00,2011-10-20 13:37:00,1,144,56.16,56.16,144.0,1.0,13,Autumn,United Kingdom,50,1,56.16,0,Regular Customers
13367.0,2010-10-04 10:00:00,2010-10-04 10:00:00,1,253,510.2,25.51,253.0,20.0,10,Autumn,United Kingdom,432,1,510.2000000000001,1,At-Risk Customers
13368.0,2010-10-12 10:43:00,2011-03-28 09:59:00,4,606,1121.5,21.567307692307693,283.03846153846155,24.423076923076923,9,Spring,United Kingdom,257,4,1121.5,0,Regular Customers
13369.0,2010-12-09 11:30:00,2010-12-09 11:30:00,1,149,308.28000000000003,22.020000000000003,149.0,14.0,11,Winter,United Kingdom,366,1,308.28000000000003,1,At-Risk Customers
13370.0,2010-12-03 10:26:00,2010-12-03 10:26:00,1,343,754.87,19.355641025641027,343.0,39.0,10,Winter,United Kingdom,372,1,754.87,1,At-Risk Customers
13371.0,2010-03-17 15:29:00,2010-07-22 17:33:00,2,1019,2297.66,24.9745652173913,542.5652173913044,53.04347826086956,15,Spring,United Kingdom,505,2,2297.66,1,At-Risk Customers
13372.0,2011-09-11 12:46:00,2011-09-11 12:46:00,1,159,378.64,16.46260869565217,159.0,23.0,12,Autumn,United Kingdom,90,1,378.64,0,Regular Customers
13373.0,2009-12-06 12:34:00,2011-10-10 10:51:00,6,4263,7587.19,21.193268156424583,794.4972067039106,64.91061452513966,10,Autumn,United Kingdom,61,6,7587.19,0,Regular Customers
13374.0,2010-09-16 10:29:00,2010-10-21 10:04:00,2,135,422.8,24.87058823529412,80.47058823529412,9.941176470588236,10,Autumn,United Kingdom,415,2,422.8,1,At-Risk Customers
13375.0,2010-09-21 08:12:00,2011-09-12 10:19:00,2,1124,1792.23,25.242676056338027,556.9295774647887,35.563380281690144,10,Autumn,United Kingdom,89,2,1792.23,0,Regular Customers
13376.0,2011-04-19 13:03:00,2011-09-01 16:16:00,3,493,1019.76,19.240754716981133,167.9056603773585,18.132075471698112,13,Spring,United Kingdom,99,3,1019.76,0,Regular Customers
13377.0,2010-03-04 10:06:00,2010-11-08 12:20:00,2,748,1552.88,19.90871794871795,380.84615384615387,39.23076923076923,12,Autumn,United Kingdom,397,2,1552.88,1,At-Risk Customers
13379.0,2011-07-26 12:26:00,2011-11-13 13:45:00,3,601,572.56,5.902680412371134,216.2577319587629,37.03092783505155,15,Autumn,United Kingdom,26,3,572.56,0,Regular Customers
13380.0,2010-10-03 10:18:00,2010-10-03 10:18:00,1,48,62.4,20.8,48.0,3.0,10,Autumn,United Kingdom,433,1,62.4,1,At-Risk Customers
13381.0,2009-12-01 15:19:00,2011-11-08 11:58:00,12,5125,8224.37,23.10216292134832,484.5196629213483,33.82022471910113,10,Autumn,United Kingdom,32,12,8224.37,0,Regular Customers
13382.0,2009-12-08 09:56:00,2011-03-04 10:03:00,5,863,1387.58,16.134651162790696,205.3139534883721,20.209302325581397,9,Spring,United Kingdom,281,5,1387.58,1,At-Risk Customers
13383.0,2010-06-14 11:45:00,2010-06-14 11:45:00,1,288,305.28000000000003,305.28000000000003,288.0,1.0,11,Summer,United Kingdom,544,1,305.28000000000003,1,At-Risk Customers
13384.0,2010-07-27 12:22:00,2011-11-09 11:04:00,11,4142,6680.83,25.30617424242424,547.2424242424242,35.95454545454545,12,Autumn,United Kingdom,31,11,6680.83,0,Regular Customers
13385.0,2011-01-14 09:52:00,2011-01-14 09:52:00,1,281,534.57,15.273428571428571,281.0,35.0,9,Winter,United Kingdom,330,1,534.57,1,At-Risk Customers
13386.0,2010-09-28 13:09:00,2010-10-21 12:52:00,2,514,835.46,26.950322580645164,246.1935483870968,15.903225806451612,13,Autumn,United Kingdom,414,2,835.46,1,At-Risk Customers
13387.0,2010-10-18 14:07:00,2010-10-18 14:07:00,1,123,186.94,2.632957746478873,123.0,71.0,14,Autumn,United Kingdom,417,1,186.94,1,At-Risk Customers
13388.0,2010-04-15 10:18:00,2011-07-31 12:52:00,3,701,1185.65,17.183333333333334,325.3333333333333,30.91304347826087,12,Summer,United Kingdom,131,3,1185.65,0,Regular Customers
13389.0,2011-04-21 12:12:00,2011-11-28 14:01:00,3,429,797.96,15.646274509803922,148.62745098039215,17.50980392156863,9,Autumn,United Kingdom,11,3,797.96,0,Regular Customers
13390.0,2011-09-26 08:38:00,2011-09-26 08:38:00,1,224,544.08,41.8523076923077,224.0,13.0,8,Autumn,United Kingdom,75,1,544.08,0,Regular Customers
13391.0,2011-05-20 10:50:00,2011-05-20 10:50:00,1,4,59.8,59.8,4.0,1.0,10,Spring,United Kingdom,204,1,59.8,0,Regular Customers
13392.0,2010-01-31 13:34:00,2010-01-31 13:34:00,1,82,91.14,11.3925,82.0,8.0,13,Winter,United Kingdom,677,1,91.14,1,At-Risk Customers
13393.0,2009-12-07 18:12:00,2010-05-05 09:34:00,4,662,1131.45,16.397826086956524,270.18840579710144,28.043478260869566,9,Winter,United Kingdom,584,4,1131.45,1,At-Risk Customers
13394.0,2009-12-01 11:58:00,2011-12-08 11:36:00,19,5354,6621.7,16.18997555012225,296.52322738386306,23.68948655256724,13,Winter,United Kingdom,2,19,6621.7,0,Regular Customers
13395.0,2010-10-14 13:00:00,2011-06-07 15:04:00,3,1660,1180.23,14.57074074074074,569.2345679012345,27.69135802469136,14,Autumn,United Kingdom,185,3,1180.23,0,Regular Customers
13396.0,2011-01-24 13:37:00,2011-11-10 16:59:00,2,600,1360.99,31.65093023255814,348.6744186046512,23.46511627906977,16,Autumn,United Kingdom,29,2,1360.99,0,Regular Customers
13397.0,2010-01-20 09:50:00,2011-09-28 10:56:00,10,1336,3191.87,35.863707865168536,151.42696629213484,10.393258426966293,13,Winter,United Kingdom,73,10,3191.87,0,Regular Customers
13398.0,2010-09-17 09:34:00,2011-05-31 13:17:00,2,341,670.34,17.18820512820513,207.33333333333331,21.666666666666668,13,Spring,United Kingdom,192,2,670.34,0,Regular Customers
13399.0,2010-07-08 17:47:00,2010-09-01 13:59:00,3,120,275.4,18.36,39.333333333333336,5.133333333333334,17,Summer,United Kingdom,464,3,275.4,1,At-Risk Customers
13400.0,2010-05-06 09:00:00,2010-05-06 09:00:00,1,284,310.83,13.514347826086956,284.0,23.0,9,Spring,United Kingdom,583,1,310.83,1,At-Risk Customers
13402.0,2010-05-24 10:56:00,2011-08-04 15:51:00,4,917,1226.85,15.52974683544304,232.37974683544303,19.93670886075949,15,Summer,United Kingdom,127,4,1226.85,0,Regular Customers
13403.0,2009-12-16 13:23:00,2011-11-22 08:28:00,3,114,229.5,25.5,38.0,3.0,8,Autumn,United Kingdom,18,3,229.5,0,Regular Customers
13404.0,2011-05-11 11:57:00,2011-12-08 15:37:00,2,111,252.49,22.953636363636363,83.18181818181819,7.727272727272727,11,Spring,United Kingdom,1,2,252.49,0,Regular Customers
13405.0,2009-12-15 14:13:00,2011-09-26 17:01:00,6,855,1213.811,28.228162790697677,118.55813953488372,11.55813953488372,16,Spring,United Kingdom,74,6,1213.811,0,Regular Customers
13406.0,2010-03-18 07:29:00,2010-10-08 14:44:00,2,292,568.92,63.21333333333333,173.77777777777777,5.888888888888889,14,Autumn,United Kingdom,427,2,568.92,1,At-Risk Customers
13407.0,2010-02-16 11:13:00,2010-05-10 12:41:00,3,1690,2244.7,26.408235294117645,854.7529411764706,44.90588235294118,11,Winter,United Kingdom,579,3,2244.7,1,At-Risk Customers
13408.0,2009-12-04 09:31:00,2011-12-08 09:05:00,106,28675,50174.782,60.74428813559322,379.1077481840194,11.653753026634382,12,Winter,United Kingdom,2,106,50174.782,3,Loyal Customers
13410.0,2009-12-08 13:43:00,2011-11-15 15:33:00,9,1244,2201.96,44.0392,158.4,6.64,15,Autumn,United Kingdom,24,9,2201.96,0,Regular Customers
13411.0,2011-08-24 13:57:00,2011-08-24 13:57:00,1,72,213.55,11.863888888888887,72.0,17.0,13,Summer,United Kingdom,107,1,213.55,0,Regular Customers
13412.0,2010-03-29 16:28:00,2010-03-29 16:28:00,1,176,487.35,14.333823529411765,176.0,33.0,16,Spring,United Kingdom,620,1,487.35,1,At-Risk Customers
13413.0,2010-01-21 17:43:00,2010-03-10 12:17:00,6,455,429.44,9.986976744186046,46.97674418604651,10.16279069767442,12,Spring,United Kingdom,640,6,429.44,1,At-Risk Customers
13414.0,2010-04-15 17:00:00,2011-07-29 11:45:00,6,2702,2494.14,45.348,338.3636363636364,14.2,11,Summer,United Kingdom,134,6,2494.14,0,Regular Customers
13415.0,2009-12-11 14:20:00,2010-08-24 11:38:00,4,496,784.17,7.764059405940594,200.05940594059405,53.15841584158416,14,Winter,United Kingdom,473,4,784.17,1,At-Risk Customers
13416.0,2009-12-03 13:02:00,2011-10-27 08:56:00,3,208,940.8,36.18461538461538,67.0,9.0,14,Autumn,United Kingdom,44,3,940.8,0,Regular Customers
13417.0,2010-02-08 12:39:00,2011-12-05 08:49:00,6,532,1669.49,21.681688311688312,137.0909090909091,19.415584415584416,12,Winter,United Kingdom,5,6,1669.49,0,Regular Customers
13418.0,2009-12-11 12:51:00,2011-11-28 10:23:00,31,7354,11559.66,21.5263687150838,298.219739292365,23.104283054003723,14,Spring,United Kingdom,12,31,11559.66,0,Regular Customers
13419.0,2011-10-07 12:49:00,2011-10-07 12:49:00,1,275,221.06,13.81625,275.0,16.0,12,Autumn,United Kingdom,64,1,221.06,0,Regular Customers
13420.0,2011-06-22 11:35:00,2011-07-13 08:48:00,2,101,159.85,19.98125,50.5,4.0,8,Summer,United Kingdom,150,2,159.85,0,Regular Customers
13421.0,2010-02-14 14:45:00,2011-10-30 14:21:00,8,2351,4058.75,15.316037735849056,356.38490566037734,40.9245283018868,15,Winter,United Kingdom,40,8,4058.75,0,Regular Customers
13422.0,2011-10-06 13:42:00,2011-10-06 13:42:00,1,1326,2626.3,20.67952755905512,1326.0,127.0,13,Autumn,United Kingdom,64,1,2626.3,0,Regular Customers
13423.0,2010-10-07 09:02:00,2010-10-07 09:02:00,1,141,217.03,18.085833333333333,141.0,12.0,9,Autumn,United Kingdom,429,1,217.03,1,At-Risk Customers
13424.0,2010-09-16 10:49:00,2010-09-16 10:49:00,1,529,572.77,14.31925,529.0,40.0,10,Autumn,United Kingdom,450,1,572.77,1,At-Risk Customers
13425.0,2010-05-09 14:35:00,2011-08-23 17:13:00,5,2358,3390.4300000000003,19.154971751412432,509.33898305084745,39.24858757062147,14,Summer,United Kingdom,108,5,3390.4300000000003,0,Regular Customers
13426.0,2009-12-09 15:16:00,2011-12-09 08:59:00,22,4868,8167.38,23.81160349854228,257.8600583090379,18.527696793002917,12,Autumn,United Kingdom,1,22,8167.38,0,Regular Customers
13427.0,2009-12-17 13:44:00,2011-11-20 13:02:00,6,880,1006.53,19.356346153846157,165.76923076923077,9.576923076923077,12,Summer,United Kingdom,19,6,1006.53,0,Regular Customers
13428.0,2010-07-13 13:20:00,2011-11-29 14:20:00,3,356,478.54,3.46768115942029,167.45652173913044,65.29710144927536,14,Autumn,United Kingdom,10,3,478.54,0,Regular Customers
13429.0,2011-09-25 15:59:00,2011-11-29 09:10:00,4,1390,1006.8,15.02686567164179,389.8805970149254,18.28358208955224,12,Autumn,United Kingdom,11,4,1006.8,0,Regular Customers
13430.0,2011-09-14 14:26:00,2011-11-21 08:19:00,2,751,679.45,13.866326530612248,386.0612244897959,25.3265306122449,14,Autumn,United Kingdom,19,2,679.45,0,Regular Customers
13431.0,2010-02-18 11:53:00,2011-10-03 13:49:00,8,1570,3316.24,25.707286821705427,282.6124031007752,22.44186046511628,11,Autumn,United Kingdom,67,8,3316.24,0,Regular Customers
13432.0,2010-04-06 14:42:00,2010-05-17 13:18:00,2,217,439.1,3.955855855855856,118.74774774774777,60.36036036036036,13,Spring,United Kingdom,571,2,439.1,1,At-Risk Customers
13433.0,2010-01-12 08:59:00,2010-07-26 16:55:00,4,190,658.32,27.430000000000003,66.66666666666667,9.416666666666666,17,Summer,United Kingdom,501,4,658.3199999999999,1,At-Risk Customers
13434.0,2010-02-22 09:54:00,2011-09-26 14:30:00,5,864,1666.86,47.62457142857144,170.74285714285713,8.314285714285715,9,Autumn,United Kingdom,74,5,1666.86,0,Regular Customers
13435.0,2010-07-27 16:56:00,2011-12-04 14:45:00,9,2754,4447.33,29.84785234899329,325.503355704698,18.78523489932886,13,Autumn,United Kingdom,5,9,4447.33,0,Regular Customers
13436.0,2011-12-08 10:33:00,2011-12-08 10:33:00,1,76,196.89,16.4075,76.0,12.0,10,Winter,United Kingdom,2,1,196.89,0,Regular Customers
13437.0,2011-06-02 14:30:00,2011-11-25 14:00:00,7,1283,3408.06,20.40754491017964,278.311377245509,46.94011976047904,14,Summer,United Kingdom,14,7,3408.06,0,Regular Customers
13438.0,2010-06-10 18:46:00,2010-06-10 18:46:00,1,10,46.5,46.5,10.0,1.0,18,Summer,United Kingdom,547,1,46.5,1,At-Risk Customers
13439.0,2010-07-01 14:36:00,2011-03-29 14:20:00,3,952,986.61,5.907844311377246,327.3532934131737,55.44311377245509,14,Autumn,United Kingdom,255,3,986.61,0,Regular Customers
13440.0,2010-09-14 10:34:00,2010-10-12 13:11:00,7,573,1295.25,21.953389830508478,465.8474576271187,41.20338983050848,10,Autumn,United Kingdom,423,7,1295.25,1,At-Risk Customers
13441.0,2010-10-04 10:38:00,2011-09-09 09:38:00,2,520,720.9,18.971052631578942,277.6842105263158,20.894736842105264,10,Autumn,United Kingdom,92,2,720.9,0,Regular Customers
13442.0,2009-12-01 14:59:00,2010-02-10 14:03:00,3,115,419.87,11.04921052631579,40.97368421052632,13.31578947368421,14,Winter,United Kingdom,667,3,419.87,1,At-Risk Customers
13443.0,2010-01-31 13:30:00,2010-09-17 12:31:00,6,805,1273.16,6.3658,186.98,63.055,12,Spring,United Kingdom,449,6,1273.16,1,At-Risk Customers
13444.0,2010-07-21 14:34:00,2010-11-30 13:02:00,2,331,619.08,10.861052631578948,198.40350877192984,33.8421052631579,13,Autumn,United Kingdom,374,2,619.08,1,At-Risk Customers
13445.0,2010-03-23 15:34:00,2010-03-23 15:34:00,1,198,241.9,34.55714285714286,198.0,7.0,15,Spring,United Kingdom,626,1,241.9,1,At-Risk Customers
13446.0,2010-02-14 11:52:00,2010-10-05 18:51:00,11,2403,3881.89,20.21817708333333,218.55729166666663,20.229166666666668,11,Spring,United Kingdom,430,11,3881.89,1,At-Risk Customers
13447.0,2011-11-04 10:10:00,2011-11-16 13:38:00,3,584,1129.14,19.13796610169492,195.16949152542367,20.016949152542374,11,Autumn,United Kingdom,23,3,1129.14,0,Regular Customers
13448.0,2009-12-06 12:14:00,2011-11-23 12:33:00,13,4195,8745.93,16.408874296435272,474.0806754221388,64.83489681050656,12,Autumn,United Kingdom,17,13,8745.93,0,Regular Customers
13449.0,2011-11-16 08:28:00,2011-11-16 08:28:00,1,222,291.88,15.362105263157895,222.0,19.0,8,Autumn,United Kingdom,24,1,291.88,0,Regular Customers
13450.0,2010-04-15 19:15:00,2011-11-13 11:54:00,13,4318,4120.04,28.02748299319728,334.53061224489795,12.197278911564624,14,Summer,United Kingdom,27,13,4120.04,0,Regular Customers
13451.0,2010-03-21 16:13:00,2011-11-13 15:58:00,11,5229,7090.06,6.937436399217222,530.1829745596868,102.2778864970646,16,Spring,United Kingdom,26,11,7090.06,0,Regular Customers
13452.0,2010-08-24 09:53:00,2011-03-25 14:19:00,3,6,729.8,243.26666666666665,2.0,1.0,9,Spring,United Kingdom,259,3,729.8,1,At-Risk Customers
13453.0,2010-11-02 13:23:00,2011-06-27 09:34:00,3,341,781.69,19.542250000000003,147.275,16.85,13,Autumn,United Kingdom,166,3,781.6899999999999,0,Regular Customers
13454.0,2010-03-08 14:40:00,2010-03-08 14:40:00,1,198,219.87,9.559565217391304,198.0,23.0,14,Spring,United Kingdom,641,1,219.87,1,At-Risk Customers
13455.0,2009-12-09 08:58:00,2011-11-15 11:21:00,6,795,2212.99,19.412192982456144,164.0701754385965,23.54385964912281,14,Winter,United Kingdom,25,6,2212.99,0,Regular Customers
13456.0,2011-05-16 15:34:00,2011-11-22 09:18:00,6,765,1766.72,28.0431746031746,161.9047619047619,14.365079365079366,15,Autumn,United Kingdom,18,6,1766.72,0,Regular Customers
13457.0,2009-12-02 12:46:00,2010-01-20 08:48:00,2,96,148.22,16.468888888888888,54.66666666666666,5.0,12,Winter,United Kingdom,689,2,148.22,1,At-Risk Customers
13458.0,2010-11-16 14:01:00,2011-12-02 15:29:00,16,6760,11959.27,24.65828865979381,508.9525773195877,36.44329896907217,15,Autumn,United Kingdom,7,16,11959.27,0,Regular Customers
13459.0,2010-01-26 13:35:00,2010-03-25 10:24:00,2,986,1160.41,15.896027397260276,490.1232876712329,36.83561643835616,13,Winter,United Kingdom,625,2,1160.41,1,At-Risk Customers
13460.0,2011-10-21 09:50:00,2011-11-10 17:17:00,2,286,183.44,10.790588235294118,158.88235294117646,9.235294117647058,9,Autumn,United Kingdom,29,2,183.44,0,Regular Customers
13461.0,2010-04-21 16:01:00,2011-11-01 09:01:00,6,3132,4160.0,67.09677419354838,695.1290322580645,12.516129032258064,13,Summer,United Kingdom,39,6,4160.0,0,Regular Customers
13462.0,2009-12-14 09:48:00,2011-04-01 11:20:00,5,697,1153.85,16.251408450704226,182.1267605633803,17.309859154929576,10,Autumn,United Kingdom,253,5,1153.85,0,Regular Customers
13464.0,2010-03-31 15:22:00,2011-10-12 15:01:00,6,1440,3097.64,20.514172185430464,333.4503311258278,35.913907284768214,15,Autumn,United Kingdom,58,6,3097.64,0,Regular Customers
13465.0,2010-05-02 15:30:00,2010-09-19 15:13:00,2,584,931.12,27.385882352941177,294.3529411764706,17.941176470588236,15,Spring,United Kingdom,446,2,931.12,1,At-Risk Customers
13466.0,2010-03-21 13:50:00,2011-06-08 16:39:00,5,660,1013.35,18.424545454545456,174.8909090909091,13.763636363636364,16,Summer,United Kingdom,184,5,1013.35,0,Regular Customers
13467.0,2011-11-03 16:56:00,2011-11-29 10:01:00,2,580,1071.91,10.937857142857144,368.1224489795918,60.59183673469388,16,Autumn,United Kingdom,11,2,1071.91,0,Regular Customers
13468.0,2009-12-03 13:32:00,2011-12-08 10:39:00,72,5617,12793.28,18.4607215007215,93.5108225108225,11.66089466089466,10,Winter,United Kingdom,2,72,12793.28,3,Loyal Customers
13469.0,2010-02-24 15:03:00,2010-02-24 15:03:00,1,52,82.4,13.733333333333334,52.0,6.0,15,Winter,United Kingdom,653,1,82.4,1,At-Risk Customers
13470.0,2011-08-16 17:06:00,2011-09-01 14:57:00,2,100,165.0,16.5,58.0,5.8,17,Summer,United Kingdom,99,2,165.0,0,Regular Customers
13471.0,2011-10-23 13:10:00,2011-12-08 15:44:00,4,1583,2501.84,9.84976377952756,524.0944881889764,90.7755905511811,11,Winter,United Kingdom,1,4,2501.84,0,Regular Customers
13472.0,2010-06-02 09:48:00,2010-09-02 09:41:00,2,310,592.24,21.15142857142857,155.0,14.0,9,Autumn,United Kingdom,464,2,592.24,1,At-Risk Customers
13473.0,2009-12-15 19:02:00,2011-10-10 11:20:00,8,1000,2657.76,37.968,146.0,12.17142857142857,10,Spring,United Kingdom,61,8,2657.76,0,Regular Customers
13474.0,2010-08-01 14:40:00,2011-04-17 13:53:00,3,318,646.59,5.131666666666667,140.5873015873016,57.73015873015873,13,Spring,United Kingdom,236,3,646.59,0,Regular Customers
13475.0,2011-02-14 12:36:00,2011-06-01 13:52:00,4,1012,1431.78,16.648604651162792,302.0,25.32558139534884,12,Spring,United Kingdom,191,4,1431.78,0,Regular Customers
13476.0,2010-03-05 09:39:00,2011-06-14 12:00:00,5,713,2061.4700000000003,19.447830188679248,159.2924528301887,23.339622641509436,12,Summer,United Kingdom,179,5,2061.4700000000003,0,Regular Customers
13477.0,2010-01-25 11:52:00,2011-11-02 12:04:00,11,2091,2819.17,17.956496815286624,236.93630573248407,18.796178343949045,12,Autumn,United Kingdom,38,11,2819.17,0,Regular Customers
13478.0,2010-01-31 15:51:00,2010-08-27 13:23:00,5,1189,2215.78,17.72624,407.208,46.104,14,Spring,United Kingdom,469,5,2215.78,1,At-Risk Customers
13479.0,2010-08-19 16:18:00,2011-05-23 10:45:00,4,716,851.37,16.063584905660377,303.1132075471698,19.52830188679245,16,Summer,United Kingdom,201,4,851.37,0,Regular Customers
13480.0,2010-01-29 12:35:00,2010-10-19 11:53:00,2,362,627.82,15.31268292682927,191.7560975609756,25.87804878048781,12,Winter,United Kingdom,417,2,627.82,1,At-Risk Customers
13481.0,2009-12-04 12:37:00,2011-10-25 09:07:00,11,2055,3830.84,17.101964285714285,248.47321428571428,26.232142857142858,9,Spring,United Kingdom,46,11,3830.84,0,Regular Customers
13482.0,2010-03-22 10:31:00,2011-04-21 17:03:00,2,187,336.09,16.804499999999997,95.75,10.1,17,Spring,United Kingdom,232,2,336.09,0,Regular Customers
13483.0,2011-10-05 11:53:00,2011-10-05 11:53:00,1,160,140.34,14.034,160.0,10.0,11,Autumn,United Kingdom,66,1,140.34,0,Regular Customers
13484.0,2010-03-10 11:46:00,2011-04-12 16:30:00,3,224,790.72,20.2748717948718,75.48717948717949,15.0,13,Autumn,United Kingdom,241,3,790.72,0,Regular Customers
13485.0,2009-12-03 13:46:00,2011-04-20 13:58:00,11,1798,3019.2200000000003,19.108987341772156,259.10759493670884,22.848101265822784,15,Spring,United Kingdom,233,11,3019.2200000000003,0,Regular Customers
13486.0,2011-07-07 17:19:00,2011-09-22 13:13:00,3,669,1122.41,16.2668115942029,273.5217391304348,27.28985507246377,13,Summer,United Kingdom,78,3,1122.41,0,Regular Customers
13487.0,2009-12-05 10:25:00,2011-10-13 12:07:00,5,362,846.87,17.283061224489796,79.93877551020408,10.346938775510203,10,Winter,United Kingdom,58,5,846.87,0,Regular Customers
13488.0,2010-01-25 10:13:00,2011-11-22 14:41:00,23,7375,14205.96,20.921885125184097,443.27540500736376,40.18114874815906,11,Autumn,United Kingdom,17,23,14205.96,0,Regular Customers
13489.0,2011-02-18 10:42:00,2011-08-26 13:16:00,4,560,449.52,32.10857142857143,95.42857142857144,4.428571428571429,10,Summer,United Kingdom,105,4,449.52,0,Regular Customers
13490.0,2010-02-23 14:48:00,2010-02-23 14:48:00,1,25,154.25,19.28125,25.0,8.0,14,Winter,United Kingdom,654,1,154.25,1,At-Risk Customers
13491.0,2009-12-07 08:24:00,2011-10-19 08:32:00,27,2349,4467.66,17.117471264367815,103.00766283524904,11.57471264367816,9,Winter,United Kingdom,52,27,4467.66,0,Regular Customers
13492.0,2011-05-09 10:06:00,2011-07-26 14:25:00,3,408,1269.84,25.3968,136.2,17.56,14,Summer,Switzerland,136,3,1269.84,0,Regular Customers
13493.0,2011-02-25 16:42:00,2011-03-09 15:35:00,2,380,618.63,77.32875,190.0,4.0,15,Spring,Switzerland,275,2,618.63,1,At-Risk Customers
13494.0,2011-02-01 11:58:00,2011-02-01 11:58:00,1,162,316.26000000000005,17.570000000000004,162.0,18.0,11,Winter,United Kingdom,312,1,316.26000000000005,1,At-Risk Customers
13495.0,2009-12-07 12:12:00,2011-12-02 11:21:00,10,2465,4863.31,36.566240601503765,332.3533834586466,17.661654135338345,15,Autumn,United Kingdom,8,10,4863.31,0,Regular Customers
13496.0,2010-12-15 10:17:00,2011-11-29 10:58:00,2,341,653.33,18.66657142857143,198.9142857142857,21.62857142857143,10,Winter,United Kingdom,11,2,653.33,0,Regular Customers
13497.0,2010-02-08 10:27:00,2011-03-02 09:04:00,6,525,1166.8300000000002,20.117758620689656,91.03448275862068,10.241379310344827,12,Spring,United Kingdom,283,6,1166.83,1,At-Risk Customers
13498.0,2009-12-09 15:26:00,2009-12-09 15:26:00,1,362,327.38,19.25764705882353,362.0,17.0,15,Winter,United Kingdom,730,1,327.38,1,At-Risk Customers
13499.0,2011-03-15 08:52:00,2011-11-22 11:21:00,5,1365,1159.11,27.597857142857144,256.1666666666667,8.904761904761905,14,Autumn,United Kingdom,18,5,1159.11,0,Regular Customers
13500.0,2010-11-03 13:16:00,2011-11-16 15:35:00,4,838,1466.3,17.250588235294117,216.45882352941177,21.8,15,Autumn,United Kingdom,23,4,1466.3,0,Regular Customers
13501.0,2010-05-18 13:24:00,2011-02-24 18:59:00,3,1253,2885.11,25.30798245614035,444.43859649122805,40.59649122807018,13,Winter,Switzerland,288,3,2885.11,1,At-Risk Customers
13502.0,2010-06-09 10:52:00,2011-11-23 10:39:00,5,490,780.5,23.651515151515152,114.36363636363636,7.848484848484849,10,Autumn,United Kingdom,17,5,780.5,0,Regular Customers
13503.0,2010-02-16 13:49:00,2011-09-29 13:23:00,6,1105,1859.24,9.837248677248676,364.67195767195767,84.70370370370371,13,Winter,United Kingdom,71,6,1859.24,0,Regular Customers
13504.0,2011-10-06 13:20:00,2011-10-06 13:20:00,1,178,295.93,13.451363636363636,178.0,22.0,13,Autumn,United Kingdom,64,1,295.93,0,Regular Customers
13505.0,2011-04-21 12:07:00,2011-09-28 11:56:00,4,2486,4393.63,20.435488372093022,769.3488372093024,64.52558139534884,11,Spring,Switzerland,73,4,4393.63,0,Regular Customers
13506.0,2010-09-05 12:33:00,2011-01-27 13:53:00,5,942,1338.08,16.519506172839506,219.12345679012347,18.40740740740741,12,Autumn,United Kingdom,316,5,1338.08,1,At-Risk Customers
13507.0,2011-07-17 11:50:00,2011-12-06 13:13:00,4,1597,2479.16,15.303456790123455,528.5555555555555,55.28395061728395,11,Summer,United Kingdom,3,4,2479.16,0,Regular Customers
13508.0,2010-03-07 11:58:00,2011-04-10 11:58:00,2,180,287.05,10.251785714285717,99.42857142857144,14.285714285714286,11,Spring,United Kingdom,244,2,287.05,0,Regular Customers
13509.0,2010-07-20 12:10:00,2011-12-01 10:10:00,8,1214,1114.72,22.74938775510204,238.48979591836732,9.979591836734691,13,Winter,United Kingdom,9,8,1114.72,0,Regular Customers
13510.0,2009-12-21 11:53:00,2011-12-08 13:46:00,11,3044,4558.29,15.772629757785468,319.4117647058824,30.83391003460208,14,Autumn,United Kingdom,1,11,4558.29,0,Regular Customers
13511.0,2010-02-01 12:10:00,2010-02-01 12:10:00,1,60,282.76,56.552,60.0,5.0,12,Winter,United Kingdom,677,1,282.76,1,At-Risk Customers
13512.0,2010-05-05 13:22:00,2011-03-24 10:03:00,4,419,713.39,18.292051282051283,110.23076923076924,11.051282051282053,10,Spring,United Kingdom,261,4,713.39,0,Regular Customers
13513.0,2010-02-22 16:36:00,2011-08-05 11:50:00,3,364,824.59,20.61475,122.825,13.95,16,Autumn,United Kingdom,127,3,824.59,0,Regular Customers
13514.0,2010-01-26 15:11:00,2011-09-27 09:39:00,4,288,815.9000000000001,38.85238095238096,80.95238095238095,6.904761904761905,15,Winter,United Kingdom,74,4,815.9000000000001,0,Regular Customers
13515.0,2010-03-05 11:58:00,2011-09-28 11:26:00,6,819,1265.82,16.655526315789473,156.0921052631579,15.052631578947368,11,Autumn,United Kingdom,73,6,1265.82,0,Regular Customers
13516.0,2010-10-18 08:52:00,2011-11-18 13:15:00,4,1114,1685.26,27.6272131147541,241.9508196721312,21.885245901639344,12,Autumn,United Kingdom,21,4,1685.26,0,Regular Customers
13517.0,2011-06-13 08:44:00,2011-10-11 11:43:00,3,1369,2128.42,15.09517730496454,536.5673758865248,55.95035460992908,8,Summer,United Kingdom,60,3,2128.42,0,Regular Customers
13518.0,2011-09-15 10:29:00,2011-09-15 10:29:00,1,382,627.16,17.42111111111111,382.0,36.0,10,Autumn,United Kingdom,86,1,627.16,0,Regular Customers
13519.0,2010-09-23 11:45:00,2011-09-22 18:24:00,2,133,343.21,18.063684210526315,73.36842105263158,9.736842105263158,11,Autumn,United Kingdom,78,2,343.21,0,Regular Customers
13520.0,2009-12-17 11:11:00,2011-10-12 10:20:00,11,3179,6606.0,33.19597989949749,309.39195979899495,20.246231155778894,12,Winter,Switzerland,59,11,6606.0,0,Regular Customers
13521.0,2011-11-29 15:09:00,2011-12-08 13:50:00,3,718,1071.73,2.5639473684210525,248.3636363636364,141.55502392344496,13,Winter,United Kingdom,1,3,1071.73,0,Regular Customers
13522.0,2011-11-09 15:11:00,2011-11-09 15:11:00,1,44,125.8,25.160000000000004,44.0,5.0,15,Autumn,United Kingdom,30,1,125.8,0,Regular Customers
13523.0,2010-11-02 14:55:00,2011-11-06 15:11:00,6,1989,4534.57,22.56004975124378,402.0149253731343,44.13432835820896,8,Autumn,United Kingdom,33,6,4534.57,0,Regular Customers
13524.0,2011-05-04 12:26:00,2011-10-30 12:34:00,5,324,680.1800000000001,25.19185185185185,81.14814814814815,6.62962962962963,12,Autumn,United Kingdom,41,5,680.1800000000001,0,Regular Customers
13525.0,2011-04-05 15:36:00,2011-11-25 12:01:00,2,394,628.78,104.79666666666668,193.33333333333331,3.333333333333333,12,Autumn,United Kingdom,15,2,628.78,0,Regular Customers
13526.0,2009-12-01 12:56:00,2009-12-01 13:13:00,2,1911,1182.0,26.863636363636363,1184.409090909091,21.227272727272727,12,Winter,United Kingdom,738,2,1182.0,1,At-Risk Customers
13527.0,2010-01-21 12:37:00,2011-11-06 12:04:00,12,2736,4541.29,10.251218961625282,257.1941309255079,43.363431151241535,12,Autumn,United Kingdom,34,12,4541.29,0,Regular Customers
13529.0,2011-05-19 11:50:00,2011-09-22 09:15:00,2,74,307.76,20.517333333333333,37.46666666666667,7.533333333333333,9,Autumn,United Kingdom,79,2,307.76,0,Regular Customers
13530.0,2010-03-15 14:10:00,2010-03-15 14:10:00,1,272,402.98,22.387777777777774,272.0,18.0,14,Spring,United Kingdom,634,1,402.98,1,At-Risk Customers
13531.0,2009-12-03 15:20:00,2011-05-18 16:56:00,6,497,1433.07,19.1076,100.57333333333334,15.853333333333332,15,Winter,United Kingdom,205,6,1433.07,0,Regular Customers
13532.0,2011-11-06 12:25:00,2011-11-06 12:25:00,1,129,210.31,3.1865151515151515,129.0,66.0,12,Autumn,United Kingdom,34,1,210.31,0,Regular Customers
13533.0,2011-03-17 12:47:00,2011-06-10 11:54:00,3,202,269.09,3.5878666666666663,92.0,34.04,12,Spring,United Kingdom,183,3,269.09,0,Regular Customers
13534.0,2010-07-07 15:00:00,2011-12-07 14:52:00,35,3869,7720.900000000001,19.696173469387755,136.9158163265306,13.571428571428571,10,Summer,United Kingdom,2,35,7720.9,0,Regular Customers
13535.0,2010-11-02 11:49:00,2010-11-02 11:49:00,1,10,89.5,89.5,10.0,1.0,11,Autumn,United Kingdom,403,1,89.5,1,At-Risk Customers
13536.0,2011-09-25 13:30:00,2011-12-08 16:38:00,7,2126,3444.39,19.35050561797753,337.7584269662921,29.04494382022472,13,Autumn,United Kingdom,1,7,3444.39,0,Regular Customers
13537.0,2010-09-14 10:41:00,2010-10-10 12:45:00,2,337,717.85,17.09166666666667,176.95238095238096,22.19047619047619,10,Autumn,United Kingdom,426,2,717.85,1,At-Risk Customers
13538.0,2010-02-02 12:47:00,2011-10-27 16:34:00,12,959,3103.13,21.853028169014085,249.03521126760563,34.74647887323944,14,Autumn,United Kingdom,43,12,3103.13,0,Regular Customers
13539.0,2010-04-28 12:04:00,2011-09-15 10:18:00,7,710,1569.36,18.248372093023253,130.65116279069767,15.813953488372093,15,Spring,United Kingdom,86,7,1569.36,0,Regular Customers
13540.0,2010-02-22 09:22:00,2010-08-29 14:20:00,3,189,632.39,19.7621875,76.4375,11.75,9,Winter,United Kingdom,467,3,632.39,1,At-Risk Customers
13541.0,2010-05-18 16:15:00,2010-10-08 16:37:00,2,279,785.25,78.525,168.6,6.8,16,Autumn,United Kingdom,427,2,785.25,1,At-Risk Customers
13542.0,2009-12-10 19:53:00,2010-11-28 11:24:00,17,804,3959.49,11.962205438066466,53.09667673716013,21.619335347432024,11,Summer,United Kingdom,377,17,3959.49,1,At-Risk Customers
13543.0,2010-01-21 14:30:00,2010-03-15 13:34:00,2,329,1439.61,30.63,166.7872340425532,23.21276595744681,13,Spring,United Kingdom,634,2,1439.61,1,At-Risk Customers
13544.0,2010-03-05 11:31:00,2011-10-31 11:57:00,6,331,790.2,3.320168067226891,67.58403361344538,47.88235294117647,11,Autumn,United Kingdom,40,6,790.2,0,Regular Customers
13545.0,2010-06-13 11:49:00,2010-11-14 11:27:00,2,252,364.93,6.757962962962963,119.88888888888889,31.48148148148148,11,Autumn,United Kingdom,391,2,364.93,1,At-Risk Customers
13546.0,2010-10-11 17:23:00,2011-11-27 14:50:00,5,587,1086.24,7.146315789473684,121.83552631578948,30.92763157894737,14,Autumn,United Kingdom,12,5,1086.24,0,Regular Customers
13547.0,2010-10-27 14:14:00,2010-10-27 14:14:00,1,79,167.08,3.797272727272728,79.0,44.0,14,Autumn,United Kingdom,408,1,167.08,1,At-Risk Customers
13548.0,2010-08-25 13:44:00,2011-09-04 14:50:00,3,558,901.44,4.899130434782609,186.4673913043478,60.33695652173913,14,Autumn,United Kingdom,96,3,901.44,0,Regular Customers
13549.0,2010-11-17 12:17:00,2011-11-14 09:20:00,8,554,1005.8,17.047457627118646,80.88135593220339,8.11864406779661,13,Spring,United Kingdom,26,8,1005.8,0,Regular Customers
13550.0,2010-11-21 15:24:00,2010-11-21 15:24:00,1,430,342.55,8.155952380952382,430.0,40.0,15,Autumn,United Kingdom,383,1,342.55,1,At-Risk Customers
13551.0,2010-02-11 15:01:00,2011-01-24 14:46:00,2,36,244.2,48.84,14.4,3.4,14,Winter,United Kingdom,319,2,244.2,1,At-Risk Customers
13552.0,2010-02-19 13:28:00,2011-10-04 15:19:00,22,2630,6948.92,33.56966183574879,156.03381642512076,12.159420289855072,15,Autumn,United Kingdom,66,22,6948.92,0,Regular Customers
13553.0,2010-02-03 12:21:00,2010-02-03 12:21:00,1,201,499.6,5.613483146067416,201.0,85.0,12,Winter,United Kingdom,675,1,499.6,1,At-Risk Customers
13554.0,2010-09-19 12:39:00,2010-11-24 15:05:00,7,578,1629.35,8.313010204081632,120.60204081632654,47.892857142857146,16,Autumn,United Kingdom,380,7,1629.35,1,At-Risk Customers
13555.0,2010-01-19 13:20:00,2011-09-27 12:36:00,13,4762,8891.84,22.39758186397985,486.6675062972293,39.29974811083123,11,Autumn,United Kingdom,74,13,8891.84,0,Regular Customers
13556.0,2010-09-30 09:01:00,2010-10-06 16:44:00,2,134,200.82,22.313333333333333,77.33333333333333,5.0,9,Autumn,United Kingdom,429,2,200.82,1,At-Risk Customers
13557.0,2009-12-08 17:41:00,2011-11-11 15:24:00,13,2398,3032.26,16.84588888888889,245.82777777777775,17.68888888888889,11,Winter,United Kingdom,28,13,3032.26,0,Regular Customers
13558.0,2011-10-02 13:01:00,2011-12-04 11:24:00,4,338,594.52,3.517869822485207,88.75739644970415,43.73964497041421,11,Autumn,United Kingdom,6,4,594.52,0,Regular Customers
13559.0,2010-06-14 11:52:00,2010-07-15 09:52:00,2,360,990.0,495.0,180.0,1.0,9,Summer,United Kingdom,513,2,990.0,1,At-Risk Customers
13560.0,2011-12-02 13:11:00,2011-12-02 13:11:00,1,63,171.42000000000002,5.3568750000000005,63.0,32.0,13,Winter,United Kingdom,7,1,171.42000000000002,0,Regular Customers
13561.0,2010-02-28 13:42:00,2011-05-08 12:39:00,11,1125,1803.4,7.875109170305677,115.27947598253274,24.8646288209607,14,Spring,United Kingdom,216,11,1803.4,0,Regular Customers
13562.0,2010-01-14 16:33:00,2011-09-19 10:51:00,8,1603,4838.18,24.684591836734697,219.4081632653061,28.1530612244898,10,Autumn,United Kingdom,82,8,4838.18,0,Regular Customers
13563.0,2011-07-22 17:21:00,2011-09-16 14:45:00,2,209,777.53,15.867959183673468,129.0612244897959,33.08163265306123,17,Summer,United Kingdom,84,2,777.53,0,Regular Customers
13564.0,2009-12-02 11:55:00,2011-07-18 14:33:00,37,8878,16498.97,13.749141666666668,403.8733333333333,52.25333333333333,16,Summer,United Kingdom,144,37,16498.97,0,Regular Customers
13565.0,2010-10-24 15:51:00,2011-11-20 14:33:00,3,260,414.8,6.913333333333333,88.33333333333333,21.3,14,Autumn,United Kingdom,19,3,414.8,0,Regular Customers
13566.0,2010-03-10 12:22:00,2011-10-30 11:59:00,5,1257,1688.6,4.613661202185792,261.4234972677596,74.52459016393442,12,Autumn,United Kingdom,41,5,1688.6,0,Regular Customers
13567.0,2010-06-16 12:48:00,2010-10-07 12:51:00,4,643,1079.29,5.369601990049751,192.93532338308455,61.01990049751244,12,Summer,United Kingdom,428,4,1079.29,1,At-Risk Customers
13568.0,2011-06-19 14:42:00,2011-06-19 14:42:00,1,66,187.05,4.3500000000000005,66.0,41.0,14,Summer,United Kingdom,173,1,187.05,0,Regular Customers
13569.0,2010-10-07 13:05:00,2011-11-22 13:07:00,4,345,726.54,4.058882681564246,97.75977653631286,47.659217877094974,13,Autumn,United Kingdom,17,4,726.54,0,Regular Customers
13570.0,2011-04-10 13:36:00,2011-04-10 13:36:00,1,161,239.49,8.870000000000001,161.0,27.0,13,Spring,United Kingdom,243,1,239.49,0,Regular Customers
13571.0,2009-12-08 13:02:00,2011-11-27 10:47:00,26,3191,4537.26,6.74184249628529,133.84695393759287,28.216939078751857,12,Autumn,United Kingdom,13,26,4537.26,0,Regular Customers
13572.0,2011-05-18 11:59:00,2011-05-18 11:59:00,1,534,1384.25,41.946969696969695,534.0,32.0,11,Spring,United Kingdom,206,1,1384.25,0,Regular Customers
13573.0,2010-03-12 16:06:00,2011-10-20 14:33:00,6,647,904.52,10.396781609195402,141.72413793103448,19.080459770114945,15,Autumn,United Kingdom,50,6,904.52,0,Regular Customers
13574.0,2010-10-24 13:28:00,2010-10-24 13:28:00,1,304,404.45,4.444505494505495,304.0,84.0,13,Autumn,United Kingdom,411,1,404.45,1,At-Risk Customers
13575.0,2011-06-16 14:24:00,2011-11-16 13:14:00,5,449,732.07,15.914565217391305,106.2608695652174,10.73913043478261,11,Autumn,United Kingdom,23,5,732.0699999999999,0,Regular Customers
13576.0,2009-12-08 15:12:00,2011-11-29 15:34:00,28,4506,11202.59,41.80070895522388,190.0559701492537,14.947761194029852,12,Spring,United Kingdom,10,28,11202.59,0,Regular Customers
13577.0,2009-12-14 16:10:00,2011-11-14 15:19:00,11,1661,3489.28,20.76952380952381,196.3869047619048,20.08333333333333,10,Autumn,United Kingdom,25,11,3489.28,0,Regular Customers
13578.0,2010-10-26 13:44:00,2010-10-26 13:44:00,1,127,147.66,16.406666666666666,127.0,9.0,13,Autumn,United Kingdom,409,1,147.66,1,At-Risk Customers
13579.0,2010-02-18 13:53:00,2011-11-25 08:41:00,5,718,1374.34,16.967160493827162,175.64197530864195,18.65432098765432,13,Autumn,United Kingdom,15,5,1374.34,0,Regular Customers
13580.0,2010-10-29 15:01:00,2010-10-29 15:01:00,1,45,107.75,21.55,45.0,5.0,15,Autumn,United Kingdom,406,1,107.75,1,At-Risk Customers
13581.0,2010-10-21 16:30:00,2011-02-03 14:41:00,2,119,280.53000000000003,8.500909090909092,71.12121212121212,19.060606060606062,16,Autumn,United Kingdom,309,2,280.53000000000003,1,At-Risk Customers
13582.0,2010-04-01 11:38:00,2010-11-15 11:34:00,2,106,241.68,21.97090909090909,61.63636363636363,6.636363636363637,11,Autumn,United Kingdom,390,2,241.68,1,At-Risk Customers
13583.0,2010-01-29 13:53:00,2011-07-07 10:40:00,2,1097,1445.031,15.05240625,566.8854166666666,48.520833333333336,10,Summer,United Kingdom,156,2,1445.031,0,Regular Customers
13584.0,2010-02-02 08:40:00,2011-02-06 12:49:00,3,360,385.7,4.82125,231.8125,44.3375,13,Summer,United Kingdom,307,3,385.7,1,At-Risk Customers
13585.0,2009-12-01 14:56:00,2010-06-27 12:33:00,3,1386,684.54,17.552307692307693,674.2307692307693,18.58974358974359,16,Spring,United Kingdom,531,3,684.54,1,At-Risk Customers
13586.0,2010-06-16 13:47:00,2010-06-16 13:47:00,1,38,127.28,6.364,38.0,20.0,13,Summer,United Kingdom,541,1,127.28,1,At-Risk Customers
13587.0,2010-02-14 13:17:00,2011-10-07 12:31:00,4,664,1673.5,55.78333333333333,214.26666666666668,9.533333333333331,13,Autumn,United Kingdom,64,4,1673.5,0,Regular Customers
13588.0,2011-03-29 15:53:00,2011-11-24 10:42:00,9,2606,2478.95,14.246839080459768,412.6896551724138,26.919540229885055,9,Autumn,United Kingdom,16,9,2478.95,0,Regular Customers
13589.0,2009-12-06 10:26:00,2011-11-25 12:10:00,6,293,1120.74,21.552692307692308,58.05769230769231,11.076923076923077,12,Summer,United Kingdom,15,6,1120.74,0,Regular Customers
13590.0,2009-12-01 13:37:00,2011-11-28 12:54:00,18,5271,6336.04,15.606009852216747,419.1527093596059,42.91379310344828,12,Autumn,United Kingdom,11,18,6336.04,0,Regular Customers
13591.0,2009-12-14 15:44:00,2011-10-06 12:26:00,7,850,2093.94,20.732079207920798,152.69306930693068,18.445544554455445,12,Spring,United Kingdom,65,7,2093.94,0,Regular Customers
13592.0,2011-03-20 14:01:00,2011-11-04 09:49:00,4,84,247.96,15.4975,28.125,5.125,14,Spring,United Kingdom,36,4,247.96,0,Regular Customers
13593.0,2010-03-02 16:36:00,2011-08-23 13:35:00,14,2170,5493.29,13.463946078431372,193.56617647058823,37.52450980392157,16,Summer,United Kingdom,108,14,5493.29,0,Regular Customers
13594.0,2010-08-11 10:23:00,2011-10-18 10:19:00,2,396,533.32,16.161212121212124,290.6969696969697,21.96969696969697,10,Autumn,United Kingdom,53,2,533.32,0,Regular Customers
13595.0,2010-03-03 14:42:00,2010-07-11 12:36:00,3,341,784.48,5.485874125874126,196.93006993006992,72.46853146853147,14,Spring,United Kingdom,517,3,784.48,1,At-Risk Customers
13596.0,2011-11-27 11:57:00,2011-12-04 12:01:00,2,384,664.11,4.548698630136986,192.0,107.42465753424658,11,Autumn,United Kingdom,6,2,664.11,0,Regular Customers
13597.0,2010-11-02 09:30:00,2010-11-04 14:54:00,2,231,396.71,23.335882352941177,208.58823529411765,15.117647058823527,9,Autumn,United Kingdom,400,2,396.71,1,At-Risk Customers
13598.0,2010-02-26 11:22:00,2011-10-23 14:28:00,5,393,761.96,8.28217391304348,86.8586956521739,22.51086956521739,14,Autumn,United Kingdom,47,5,761.96,0,Regular Customers
13599.0,2009-12-01 12:30:00,2011-12-08 16:10:00,33,6248,9811.04,25.028163265306123,282.6811224489796,21.834183673469383,9,Autumn,United Kingdom,1,33,9811.04,0,Regular Customers
13600.0,2010-03-15 17:16:00,2011-01-31 15:27:00,2,599,518.42,12.644390243902436,297.7073170731707,20.60975609756097,17,Spring,United Kingdom,312,2,518.42,1,At-Risk Customers
13601.0,2010-06-11 15:03:00,2011-10-25 17:31:00,4,957,1159.99,6.270216216216216,232.12432432432436,47.11891891891892,15,Autumn,United Kingdom,45,4,1159.99,0,Regular Customers
13602.0,2010-05-28 11:49:00,2011-10-06 11:47:00,4,538,1025.17,17.67534482758621,169.01724137931035,16.724137931034484,11,Autumn,United Kingdom,65,4,1025.17,0,Regular Customers
13603.0,2011-11-13 15:57:00,2011-11-13 15:57:00,1,164,164.34,6.086666666666667,164.0,27.0,15,Autumn,United Kingdom,26,1,164.34,0,Regular Customers
13604.0,2010-02-19 12:02:00,2010-02-19 12:02:00,1,242,717.62,34.172380952380955,242.0,21.0,12,Winter,United Kingdom,659,1,717.62,1,At-Risk Customers
13605.0,2010-05-17 15:46:00,2010-11-17 17:16:00,2,425,522.67,9.861698113207549,242.0754716981132,29.22641509433962,17,Autumn,United Kingdom,387,2,522.67,1,At-Risk Customers
13606.0,2011-02-01 11:42:00,2011-11-10 17:46:00,3,276,276.75,6.91875,118.35,29.35,12,Spring,United Kingdom,29,3,276.75,0,Regular Customers
13607.0,2010-11-02 11:48:00,2011-10-30 16:17:00,2,466,1075.81,8.89099173553719,266.1818181818182,79.31404958677686,16,Autumn,United Kingdom,40,2,1075.81,0,Regular Customers
13608.0,2010-06-17 12:28:00,2010-06-17 12:28:00,1,110,232.05,6.825,110.0,31.0,12,Summer,United Kingdom,541,1,232.05,1,At-Risk Customers
13609.0,2010-04-25 13:26:00,2010-04-25 13:26:00,1,19,167.35,23.90714285714285,19.0,7.0,13,Spring,United Kingdom,593,1,167.35,1,At-Risk Customers
13610.0,2010-01-05 14:12:00,2011-11-27 15:38:00,14,869,2103.71,5.272456140350878,75.90726817042606,32.40350877192982,14,Summer,United Kingdom,12,14,2103.71,0,Regular Customers
13611.0,2009-12-03 07:57:00,2011-09-11 14:51:00,10,1988,3297.9300000000003,14.592610619469028,213.8982300884956,27.11504424778761,14,Summer,United Kingdom,89,10,3297.9300000000003,0,Regular Customers
13612.0,2010-03-17 12:14:00,2010-03-17 12:14:00,1,444,818.29,16.3658,444.0,50.0,12,Spring,United Kingdom,633,1,818.29,1,At-Risk Customers
13613.0,2010-02-17 12:40:00,2010-09-13 12:01:00,5,445,1039.85,17.62457627118644,162.98305084745763,20.661016949152543,12,Autumn,United Kingdom,453,5,1039.85,1,At-Risk Customers
13614.0,2010-06-06 13:42:00,2011-11-15 14:47:00,6,821,2332.74,8.836136363636363,188.1780303030303,64.5530303030303,14,Autumn,United Kingdom,24,6,2332.74,0,Regular Customers
13615.0,2010-01-28 15:43:00,2011-01-25 08:21:00,8,2910,6272.53,17.091362397820163,478.6648501362398,58.97820163487739,13,Autumn,United Kingdom,319,8,6272.53,1,At-Risk Customers
13616.0,2010-01-17 14:56:00,2010-05-20 12:59:00,2,172,283.85,8.110000000000001,93.71428571428572,16.142857142857142,14,Winter,United Kingdom,568,2,283.85,1,At-Risk Customers
13617.0,2010-08-01 15:23:00,2011-10-30 13:50:00,8,593,1278.75,11.950934579439252,76.57009345794393,13.710280373831775,13,Autumn,United Kingdom,40,8,1278.75,0,Regular Customers
13618.0,2011-06-19 11:09:00,2011-06-19 11:09:00,1,246,177.34,13.64153846153846,246.0,13.0,11,Summer,United Kingdom,174,1,177.34,0,Regular Customers
13619.0,2010-02-03 14:16:00,2010-06-13 11:39:00,2,79,224.94,4.998666666666667,39.51111111111111,21.0,11,Summer,United Kingdom,545,2,224.94,1,At-Risk Customers
13620.0,2010-06-29 15:02:00,2010-06-29 15:02:00,1,74,112.34,22.468,74.0,5.0,15,Summer,United Kingdom,528,1,112.34,1,At-Risk Customers
13621.0,2011-08-15 08:26:00,2011-08-15 08:26:00,1,343,213.85,11.255263157894737,343.0,19.0,8,Summer,United Kingdom,117,1,213.85,0,Regular Customers
13622.0,2010-01-12 13:22:00,2010-01-12 13:22:00,1,379,658.95,20.5921875,379.0,32.0,13,Winter,United Kingdom,696,1,658.95,1,At-Risk Customers
13623.0,2009-12-02 13:57:00,2011-11-09 12:00:00,10,1010,2533.06,8.919225352112676,132.95774647887325,37.76056338028169,13,Winter,United Kingdom,31,10,2533.06,0,Regular Customers
13624.0,2010-11-16 13:43:00,2010-11-16 13:43:00,1,820,462.08,21.003636363636364,820.0,22.0,13,Autumn,United Kingdom,388,1,462.08,1,At-Risk Customers
13625.0,2010-04-22 10:50:00,2010-04-22 10:50:00,1,144,301.26,14.345714285714283,144.0,21.0,10,Spring,United Kingdom,597,1,301.26,1,At-Risk Customers
13626.0,2010-11-25 16:12:00,2011-04-01 10:05:00,2,398,707.04,16.069090909090907,197.63636363636363,22.40909090909091,16,Autumn,United Kingdom,253,2,707.04,0,Regular Customers
13627.0,2010-03-09 14:03:00,2011-10-11 14:20:00,7,1632,2245.9,17.410077519379847,236.05426356589143,19.82170542635659,14,Summer,United Kingdom,59,7,2245.9,0,Regular Customers
13628.0,2010-02-01 14:44:00,2010-02-01 14:44:00,1,106,310.14,19.38375,106.0,16.0,14,Winter,United Kingdom,676,1,310.14,1,At-Risk Customers
13629.0,2010-02-11 17:34:00,2011-11-16 13:21:00,19,7722,13370.86,153.6880459770115,391.8390804597701,7.781609195402299,8,Summer,United Kingdom,23,19,13370.86,0,Regular Customers
13630.0,2011-02-27 12:49:00,2011-12-04 15:16:00,7,1391,2031.78,28.61661971830986,245.40845070422532,19.028169014084508,15,Spring,United Kingdom,5,7,2031.78,0,Regular Customers
13631.0,2011-03-17 17:13:00,2011-09-01 09:57:00,11,467,3070.42,279.1290909090909,42.45454545454545,1.0,15,Summer,United Kingdom,100,11,3070.42,0,Regular Customers
13632.0,2010-04-07 10:59:00,2011-11-15 10:51:00,8,1633,3645.81,16.571863636363638,217.38181818181815,30.5,15,Spring,United Kingdom,25,8,3645.81,0,Regular Customers
13634.0,2010-01-10 14:26:00,2011-11-06 13:40:00,16,2090,5033.77,11.286479820627804,149.71973094170403,33.11883408071749,14,Autumn,United Kingdom,33,16,5033.77,0,Regular Customers
13635.0,2009-12-01 09:46:00,2011-10-03 10:55:00,4,1884,2999.16,18.51333333333333,589.7098765432099,51.0,10,Autumn,United Kingdom,68,4,2999.16,0,Regular Customers
13636.0,2011-02-27 14:29:00,2011-11-03 10:30:00,5,592,949.12,15.065396825396826,152.77777777777777,15.253968253968257,10,Spring,United Kingdom,37,5,949.12,0,Regular Customers
13637.0,2011-04-27 13:06:00,2011-10-18 13:32:00,3,405,804.3,8.124242424242423,177.3030303030303,46.13131313131313,13,Spring,United Kingdom,52,3,804.3,0,Regular Customers
13638.0,2011-11-24 10:38:00,2011-11-24 10:38:00,1,93,122.64,15.33,93.0,8.0,10,Autumn,United Kingdom,16,1,122.64,0,Regular Customers
13639.0,2010-09-29 10:05:00,2011-09-26 13:36:00,2,997,1346.27,22.81813559322034,605.8135593220339,32.559322033898304,13,Autumn,United Kingdom,74,2,1346.27,0,Regular Customers
13640.0,2010-04-07 15:33:00,2010-04-07 15:33:00,1,108,405.0,101.25,108.0,4.0,15,Spring,United Kingdom,611,1,405.0,1,At-Risk Customers
13641.0,2009-12-05 13:17:00,2010-03-09 07:37:00,5,1098,1016.47,23.10159090909091,252.1818181818182,11.090909090909092,12,Winter,United Kingdom,641,5,1016.47,1,At-Risk Customers
13642.0,2010-10-03 12:23:00,2011-05-08 12:34:00,4,231,472.2,4.497142857142857,104.15238095238097,43.20952380952381,12,Spring,United Kingdom,216,4,472.2,0,Regular Customers
13643.0,2009-12-08 12:48:00,2011-11-08 15:37:00,10,902,2156.77,21.144803921568627,109.8529411764706,12.196078431372548,15,Autumn,United Kingdom,31,10,2156.77,0,Regular Customers
13644.0,2011-08-26 11:53:00,2011-11-23 14:07:00,4,2067,2624.26,17.974383561643837,531.2739726027397,38.06849315068493,11,Autumn,United Kingdom,16,4,2624.26,0,Regular Customers
13645.0,2011-08-11 16:11:00,2011-08-11 16:11:00,1,158,252.1,50.42,158.0,5.0,16,Summer,United Kingdom,120,1,252.1,0,Regular Customers
13646.0,2010-11-05 12:00:00,2010-11-05 12:13:00,2,79,326.25,5.625,69.24137931034483,50.55172413793103,12,Autumn,United Kingdom,400,2,326.25,1,At-Risk Customers
13647.0,2010-04-15 12:55:00,2011-11-30 12:00:00,8,1795,3041.68,21.882589928057552,261.705035971223,21.014388489208635,10,Spring,United Kingdom,10,8,3041.68,0,Regular Customers
13648.0,2009-12-01 18:13:00,2010-11-04 14:46:00,8,960,1764.02,16.641698113207546,175.5188679245283,19.566037735849054,14,Winter,United Kingdom,400,8,1764.02,1,At-Risk Customers
13649.0,2010-06-30 16:35:00,2011-03-28 11:51:00,6,782,1453.68,13.46,176.0,24.89814814814815,16,Summer,United Kingdom,257,6,1453.68,0,Regular Customers
13650.0,2010-01-26 08:44:00,2011-11-23 12:22:00,10,1746,3288.0,19.11627906976744,218.6627906976744,21.24418604651163,12,Autumn,United Kingdom,17,10,3288.0,0,Regular Customers
13651.0,2010-11-23 09:44:00,2011-11-04 14:59:00,3,62,226.85,16.20357142857143,28.071428571428573,6.428571428571429,9,Autumn,United Kingdom,35,3,226.85,0,Regular Customers
13652.0,2010-02-25 17:37:00,2011-10-25 08:51:00,5,1458,2262.05,16.04290780141844,348.21276595744683,32.8581560283688,14,Autumn,United Kingdom,46,5,2262.05,0,Regular Customers
13653.0,2010-08-09 08:19:00,2010-08-09 08:19:00,1,72,152.2,16.91111111111111,72.0,9.0,8,Summer,United Kingdom,488,1,152.2,1,At-Risk Customers
13654.0,2009-12-02 11:43:00,2011-10-27 16:24:00,11,4762,6308.0,19.173252279635257,720.4468085106383,47.13373860182371,11,Autumn,United Kingdom,43,11,6308.0,0,Regular Customers
13655.0,2010-04-27 09:59:00,2011-08-17 14:25:00,6,1225,2280.51,19.163949579831936,273.5042016806723,25.03361344537815,14,Spring,United Kingdom,114,6,2280.51,0,Regular Customers
13656.0,2010-04-23 12:50:00,2011-06-28 10:31:00,4,862,1078.85,12.400574712643676,199.4367816091954,23.27586206896552,10,Summer,United Kingdom,165,4,1078.85,0,Regular Customers
13657.0,2011-05-22 12:35:00,2011-11-29 12:32:00,2,209,382.14,23.88375,107.9375,8.125,12,Spring,United Kingdom,11,2,382.14,0,Regular Customers
13658.0,2010-02-05 13:17:00,2011-11-30 10:13:00,9,2171,6025.5,25.424050632911392,307.042194092827,34.89029535864979,13,Autumn,United Kingdom,10,9,6025.5,0,Regular Customers
13659.0,2010-02-17 09:05:00,2011-05-18 12:37:00,12,2527,4884.68,17.827299270072995,308.9890510948905,32.91970802919708,12,Spring,United Kingdom,206,12,4884.68,0,Regular Customers
13660.0,2010-11-04 16:10:00,2010-11-04 16:10:00,1,136,306.64,7.665999999999999,136.0,39.0,16,Autumn,United Kingdom,400,1,306.64,1,At-Risk Customers
13661.0,2010-04-15 14:58:00,2010-04-15 14:58:00,1,118,325.24,19.131764705882357,118.0,17.0,14,Spring,United Kingdom,603,1,325.24,1,At-Risk Customers
13662.0,2010-02-19 13:21:00,2011-09-15 12:04:00,11,1169,2233.61,16.423602941176473,134.58823529411765,14.852941176470589,13,Autumn,United Kingdom,86,11,2233.61,0,Regular Customers
13663.0,2010-03-03 10:11:00,2011-06-13 15:44:00,5,893,2047.51,20.681919191919192,250.2121212121212,28.595959595959595,14,Autumn,United Kingdom,179,5,2047.51,0,Regular Customers
13665.0,2010-07-23 13:29:00,2010-11-18 13:06:00,3,1652,1711.66,16.147735849056605,563.1037735849056,37.075471698113205,13,Autumn,United Kingdom,386,3,1711.66,1,At-Risk Customers
13666.0,2009-12-04 10:48:00,2011-10-10 15:39:00,5,54,127.9,6.731578947368422,10.0,5.0,15,Winter,United Kingdom,60,5,127.9,0,Regular Customers
13667.0,2011-07-13 15:42:00,2011-07-13 15:42:00,1,149,299.05,3.603012048192771,149.0,82.0,15,Summer,United Kingdom,149,1,299.05,0,Regular Customers
13668.0,2009-12-11 14:28:00,2011-12-07 12:11:00,35,6096,12948.48,17.127619047619046,206.10185185185185,27.46296296296296,12,Summer,United Kingdom,3,35,12948.48,0,Regular Customers
13669.0,2010-10-28 15:05:00,2011-10-20 09:32:00,3,393,413.55,29.539285714285715,154.5,5.0,9,Autumn,United Kingdom,51,3,413.55,0,Regular Customers
13670.0,2011-09-25 15:25:00,2011-09-25 15:25:00,1,282,349.7,13.988,282.0,25.0,15,Autumn,United Kingdom,75,1,349.7,0,Regular Customers
13671.0,2010-11-10 10:50:00,2010-11-10 10:50:00,1,95,172.6,2.696875,95.0,61.0,10,Autumn,United Kingdom,395,1,172.6,1,At-Risk Customers
13672.0,2009-12-09 11:40:00,2011-02-11 13:53:00,3,138,419.92,23.32888888888889,63.5,9.0,11,Winter,United Kingdom,301,3,419.92,1,At-Risk Customers
13673.0,2011-11-07 15:40:00,2011-11-21 12:11:00,2,114,387.44,6.457333333333334,55.6,29.6,15,Autumn,United Kingdom,19,2,387.44,0,Regular Customers
13674.0,2010-10-03 10:41:00,2010-10-03 10:41:00,1,102,240.68,17.19142857142857,102.0,14.0,10,Autumn,United Kingdom,433,1,240.68,1,At-Risk Customers
13675.0,2011-02-28 12:14:00,2011-07-11 12:57:00,2,330,486.8200000000001,19.472800000000003,172.8,13.0,12,Winter,United Kingdom,151,2,486.8200000000001,0,Regular Customers
13676.0,2010-03-30 16:53:00,2010-06-18 17:30:00,2,104,243.9,18.76153846153846,48.15384615384615,7.461538461538462,17,Summer,United Kingdom,539,2,243.9,1,At-Risk Customers
13677.0,2010-07-07 17:25:00,2010-10-31 11:32:00,2,217,551.24,5.200377358490566,114.91509433962264,54.20754716981132,17,Summer,United Kingdom,405,2,551.24,1,At-Risk Customers
13678.0,2011-07-11 10:14:00,2011-07-11 10:14:00,1,924,232.6,14.5375,924.0,16.0,10,Summer,United Kingdom,152,1,232.6,0,Regular Customers
13679.0,2009-12-04 16:52:00,2010-08-03 12:13:00,3,102,281.26,5.6252,35.68,17.72,16,Winter,United Kingdom,494,3,281.26,1,At-Risk Customers
13680.0,2009-12-04 14:14:00,2011-12-08 13:47:00,12,5244,11419.67,17.67750773993808,450.3777089783282,64.6687306501548,14,Winter,United Kingdom,1,12,11419.67,0,Regular Customers
13681.0,2011-07-07 15:21:00,2011-11-22 11:13:00,4,360,827.83,14.523333333333332,99.64912280701756,15.175438596491228,11,Autumn,United Kingdom,18,4,827.83,0,Regular Customers
13682.0,2011-06-05 14:06:00,2011-06-05 14:06:00,1,10,59.5,19.83333333333333,10.0,3.0,14,Summer,United Kingdom,187,1,59.5,0,Regular Customers
13683.0,2010-09-08 10:00:00,2010-09-08 10:00:00,1,180,258.6,25.860000000000003,180.0,10.0,10,Autumn,United Kingdom,458,1,258.6,1,At-Risk Customers
13684.0,2010-03-28 14:48:00,2011-02-27 10:13:00,4,234,594.88,5.508148148148148,64.85185185185185,31.85185185185185,14,Spring,United Kingdom,286,4,594.88,1,At-Risk Customers
13685.0,2011-10-10 12:59:00,2011-12-07 11:41:00,7,5056,3119.44,79.98564102564103,696.1538461538462,8.692307692307692,10,Autumn,United Kingdom,3,7,3119.44,0,Regular Customers
13686.0,2010-11-03 13:44:00,2011-06-10 09:10:00,3,378,409.04,12.030588235294118,155.88235294117646,12.764705882352942,13,Autumn,United Kingdom,183,3,409.04,0,Regular Customers
13687.0,2010-09-27 16:30:00,2010-09-27 16:30:00,1,87167,11880.84,264.01866666666666,87167.0,45.0,16,Autumn,United Kingdom,438,1,11880.84,1,At-Risk Customers
13688.0,2010-03-14 14:11:00,2010-03-14 14:11:00,1,130,375.5,75.1,130.0,5.0,14,Spring,United Kingdom,635,1,375.5,1,At-Risk Customers
13689.0,2010-09-21 10:27:00,2011-10-07 13:21:00,2,722,1259.5,139.94444444444446,411.3333333333333,5.0,13,Autumn,United Kingdom,63,2,1259.5,0,Regular Customers
13690.0,2011-10-11 15:03:00,2011-10-11 15:03:00,1,67,172.25,19.13888888888889,67.0,9.0,15,Autumn,United Kingdom,59,1,172.25,0,Regular Customers
13691.0,2010-11-08 17:34:00,2010-11-08 17:34:00,1,145,212.78,3.9403703703703705,145.0,54.0,17,Autumn,United Kingdom,396,1,212.78,1,At-Risk Customers
13692.0,2010-10-15 13:28:00,2011-11-15 11:17:00,5,2101,3114.4,32.44166666666667,664.6666666666666,29.916666666666668,13,Autumn,United Kingdom,25,5,3114.4,0,Regular Customers
13693.0,2009-12-07 11:29:00,2010-11-30 18:21:00,9,880,2011.82,18.979433962264157,105.02830188679243,12.9811320754717,10,Winter,United Kingdom,374,9,2011.82,1,At-Risk Customers
13694.0,2009-12-04 15:26:00,2011-12-06 09:32:00,143,188201,195640.69,128.7957142857143,3578.5049374588543,25.874259381171825,10,Spring,United Kingdom,4,143,195640.69,3,Loyal Customers
13695.0,2010-05-11 11:07:00,2011-11-08 14:26:00,16,1791,2770.73,28.86177083333333,147.89583333333334,8.5625,14,Autumn,United Kingdom,31,16,2770.73,0,Regular Customers
13696.0,2010-02-11 14:17:00,2010-10-14 09:44:00,3,552,2020.4,84.18333333333334,204.66666666666663,9.083333333333334,14,Winter,United Kingdom,422,3,2020.4,1,At-Risk Customers
13697.0,2011-11-01 09:14:00,2011-11-01 09:14:00,1,177,151.3,12.608333333333334,177.0,12.0,9,Autumn,United Kingdom,39,1,151.29999999999998,0,Regular Customers
13698.0,2010-01-27 09:02:00,2010-04-22 11:52:00,2,227,451.73,11.887631578947367,154.89473684210526,22.210526315789476,11,Spring,United Kingdom,597,2,451.73,1,At-Risk Customers
13699.0,2010-06-07 13:03:00,2011-07-07 16:51:00,2,219,764.15,20.6527027027027,120.08108108108108,19.594594594594597,13,Summer,United Kingdom,155,2,764.15,0,Regular Customers
13700.0,2010-02-07 10:53:00,2011-11-13 13:00:00,13,2786,2596.9700000000003,10.820708333333334,317.0208333333333,31.125,11,Autumn,United Kingdom,26,13,2596.9700000000003,0,Regular Customers
13701.0,2010-09-19 12:39:00,2010-09-19 12:39:00,1,80,161.0,17.88888888888889,80.0,9.0,12,Autumn,United Kingdom,447,1,161.0,1,At-Risk Customers
13702.0,2010-09-20 11:40:00,2010-09-20 11:40:00,1,74,135.18,27.036,74.0,5.0,11,Autumn,United Kingdom,446,1,135.18,1,At-Risk Customers
13703.0,2010-10-20 13:11:00,2011-01-25 13:10:00,2,128,425.56,11.501621621621622,115.08108108108108,34.08108108108108,13,Autumn,United Kingdom,318,2,425.56,1,At-Risk Customers
13704.0,2011-09-12 14:40:00,2011-12-04 15:13:00,9,1531,2308.06,17.224328358208954,192.61940298507463,17.149253731343283,15,Autumn,United Kingdom,5,9,2308.06,0,Regular Customers
13705.0,2010-03-25 17:19:00,2011-12-02 12:32:00,7,906,1717.19,23.205270270270272,133.32432432432432,11.45945945945946,14,Summer,United Kingdom,8,7,1717.19,0,Regular Customers
13706.0,2010-03-23 09:18:00,2011-02-10 09:21:00,2,301,631.1700000000001,16.609736842105264,152.52631578947367,19.05263157894737,9,Winter,United Kingdom,303,2,631.17,1,At-Risk Customers
13707.0,2010-06-21 11:57:00,2011-03-17 18:03:00,5,2210,3365.86,21.715225806451613,597.2,43.92903225806452,10,Autumn,United Kingdom,267,5,3365.86,0,Regular Customers
13708.0,2011-03-13 13:46:00,2011-03-13 13:46:00,1,301,285.33,5.823061224489796,301.0,49.0,13,Spring,United Kingdom,271,1,285.33,1,At-Risk Customers
13709.0,2010-01-11 10:40:00,2011-12-06 10:28:00,18,4122,7571.35,18.602825552825557,340.15233415233416,32.50859950859951,14,Autumn,United Kingdom,4,18,7571.35,0,Regular Customers
13710.0,2010-04-06 12:54:00,2011-11-08 08:16:00,3,336,509.52,33.968,139.2,6.2,8,Autumn,United Kingdom,32,3,509.52,0,Regular Customers
13711.0,2009-12-15 19:04:00,2011-05-05 10:31:00,9,819,1792.26,19.48108695652174,155.09782608695653,15.173913043478262,18,Winter,United Kingdom,219,9,1792.26,0,Regular Customers
13712.0,2010-04-08 11:16:00,2011-04-07 12:33:00,2,1128,766.42,23.224848484848483,647.5151515151515,19.060606060606062,11,Spring,United Kingdom,247,2,766.42,0,Regular Customers
13713.0,2010-05-05 16:48:00,2010-10-27 16:18:00,3,284,740.76,9.2595,109.0375,28.65,16,Summer,United Kingdom,408,3,740.76,1,At-Risk Customers
13714.0,2010-08-31 13:57:00,2010-08-31 13:57:00,1,50,161.35,5.378333333333333,50.0,30.0,13,Summer,United Kingdom,465,1,161.35,1,At-Risk Customers
13715.0,2010-03-11 15:33:00,2011-03-03 19:21:00,17,4800,8153.04,15.92390625,339.837890625,52.072265625,12,Summer,United Kingdom,281,17,8153.04,0,Regular Customers
13716.0,2011-03-15 13:49:00,2011-03-15 13:49:00,1,138,138.28,6.584761904761905,138.0,21.0,13,Spring,United Kingdom,269,1,138.28,1,At-Risk Customers
13717.0,2010-08-11 09:40:00,2011-11-07 14:13:00,8,2144,1763.3,14.22016129032258,294.14516129032256,16.29032258064516,14,Summer,United Kingdom,32,8,1763.3,0,Regular Customers
13718.0,2011-02-17 11:58:00,2011-04-07 13:24:00,2,173,306.55,25.54583333333333,94.58333333333331,6.166666666666667,11,Winter,United Kingdom,246,2,306.55,0,Regular Customers
13719.0,2010-05-17 14:36:00,2011-11-24 15:26:00,11,1588,2783.08,11.222096774193547,207.2016129032258,41.08870967741935,14,Spring,United Kingdom,15,11,2783.08,0,Regular Customers
13720.0,2011-03-30 09:17:00,2011-08-15 12:46:00,4,501,799.9,18.60232558139535,134.7674418604651,12.906976744186046,9,Spring,United Kingdom,117,4,799.9,0,Regular Customers
13721.0,2010-11-09 17:59:00,2011-11-03 14:05:00,2,512,741.54,17.655714285714286,276.0,23.33333333333333,14,Autumn,United Kingdom,36,2,741.54,0,Regular Customers
13722.0,2010-03-03 14:13:00,2011-07-31 12:44:00,10,3059,5635.41,29.816984126984128,528.026455026455,31.391534391534396,10,Summer,United Kingdom,132,10,5635.41,0,Regular Customers
13723.0,2010-04-07 14:32:00,2011-05-06 17:04:00,6,593,1194.08,20.58758620689655,176.6206896551724,16.586206896551722,14,Autumn,United Kingdom,217,6,1194.08,0,Regular Customers
13724.0,2010-03-12 15:28:00,2010-03-12 15:28:00,1,130,213.01,5.071666666666666,130.0,39.0,15,Spring,United Kingdom,637,1,213.01,1,At-Risk Customers
13725.0,2011-02-04 12:18:00,2011-10-21 10:03:00,8,806,1980.56,19.043846153846157,137.2403846153846,22.673076923076923,12,Winter,United Kingdom,50,8,1980.56,0,Regular Customers
13726.0,2011-08-31 11:06:00,2011-11-01 10:49:00,2,1054,1079.66,25.70619047619048,513.3809523809524,21.19047619047619,11,Summer,United Kingdom,39,2,1079.66,0,Regular Customers
13727.0,2009-12-09 13:25:00,2011-11-11 09:46:00,8,368,1074.15,12.941566265060242,63.73493975903615,17.457831325301203,11,Spring,United Kingdom,29,8,1074.15,0,Regular Customers
13728.0,2009-12-09 17:13:00,2011-11-03 10:49:00,16,1269,2855.17,17.409573170731708,84.20731707317073,10.634146341463415,12,Spring,United Kingdom,37,16,2855.17,0,Regular Customers
13729.0,2010-01-24 14:57:00,2010-09-30 10:44:00,3,419,724.73,18.582820512820515,206.46153846153845,18.58974358974359,14,Winter,United Kingdom,436,3,724.73,1,At-Risk Customers
13730.0,2011-07-01 12:47:00,2011-07-27 08:35:00,2,488,752.6,17.50232558139535,243.88372093023256,21.511627906976745,12,Summer,United Kingdom,136,2,752.6,0,Regular Customers
13731.0,2011-04-07 10:10:00,2011-05-04 14:33:00,2,278,610.59,16.068157894736842,140.42105263157896,19.05263157894737,10,Spring,United Kingdom,219,2,610.59,0,Regular Customers
13732.0,2011-11-11 15:49:00,2011-11-11 15:49:00,1,498,491.86,14.904848484848486,498.0,33.0,15,Autumn,United Kingdom,28,1,491.86,0,Regular Customers
13733.0,2009-12-04 15:28:00,2010-10-25 12:18:00,2,335,487.03,16.794137931034484,200.24137931034485,15.89655172413793,12,Autumn,United Kingdom,411,2,487.03,1,At-Risk Customers
13734.0,2010-04-16 08:42:00,2010-07-19 12:04:00,4,302,6695.6900000000005,247.98851851851853,102.25925925925924,11.814814814814817,15,Summer,United Kingdom,509,4,6695.6900000000005,1,At-Risk Customers
13735.0,2009-12-13 13:31:00,2011-11-15 11:14:00,13,4135,9762.77,15.089289026275116,383.6429675425039,56.13292117465224,13,Autumn,United Kingdom,25,13,9762.77,0,Regular Customers
13736.0,2009-12-06 12:07:00,2011-12-04 15:19:00,7,1549,2752.47,4.968357400722021,273.7274368231047,97.57581227436825,11,Winter,United Kingdom,5,7,2752.47,0,Regular Customers
13737.0,2011-05-23 16:32:00,2011-05-23 16:32:00,1,125,339.6,11.32,125.0,29.0,16,Spring,United Kingdom,200,1,339.6,0,Regular Customers
13738.0,2010-11-08 15:23:00,2010-11-08 15:23:00,1,237,434.78,4.885168539325843,237.0,88.0,15,Autumn,United Kingdom,396,1,434.78,1,At-Risk Customers
13739.0,2010-06-30 10:25:00,2011-11-21 13:35:00,2,76,292.2,48.7,38.0,3.0,10,Autumn,United Kingdom,18,2,292.2,0,Regular Customers
13740.0,2009-12-02 12:22:00,2011-04-13 10:32:00,5,987,1582.77,16.837978723404255,212.95744680851064,19.19148936170213,12,Spring,United Kingdom,241,5,1582.77,0,Regular Customers
13741.0,2011-05-06 13:43:00,2011-09-29 09:19:00,3,218,668.4300000000001,19.65970588235294,72.41176470588235,11.882352941176473,9,Autumn,United Kingdom,72,3,668.4300000000001,0,Regular Customers
13742.0,2011-01-23 14:59:00,2011-11-23 11:07:00,12,1115,3107.87,9.92929712460064,158.44728434504793,51.83386581469649,14,Winter,United Kingdom,17,12,3107.87,0,Regular Customers
13743.0,2011-03-25 14:46:00,2011-12-07 10:09:00,7,1776,1341.6,32.72195121951219,261.0731707317073,6.121951219512195,14,Summer,United Kingdom,3,7,1341.6,0,Regular Customers
13744.0,2011-02-20 14:08:00,2011-09-05 15:19:00,2,1153,1080.52,17.15111111111111,704.4761904761905,36.46031746031746,14,Winter,United Kingdom,95,2,1080.52,0,Regular Customers
13745.0,2010-06-11 17:19:00,2011-06-30 16:43:00,2,1146,777.36,13.881428571428572,581.25,28.321428571428573,17,Summer,United Kingdom,162,2,777.36,0,Regular Customers
13746.0,2010-10-22 11:55:00,2010-10-22 11:55:00,1,83,176.69,19.63222222222222,83.0,9.0,11,Autumn,United Kingdom,414,1,176.69,1,At-Risk Customers
13747.0,2010-10-11 09:15:00,2010-12-01 10:37:00,2,60,169.8,33.96,43.2,3.4,9,Autumn,United Kingdom,374,2,169.79999999999998,1,At-Risk Customers
13748.0,2009-12-01 16:44:00,2011-09-05 09:45:00,9,1028,2064.35,35.592241379310344,149.06896551724137,8.827586206896552,9,Autumn,United Kingdom,96,9,2064.35,0,Regular Customers
13750.0,2010-04-01 14:49:00,2011-10-17 12:16:00,11,1370,3602.18,48.029066666666665,118.06666666666666,11.0,11,Spring,United Kingdom,54,11,3602.1800000000003,0,Regular Customers
13751.0,2011-02-24 15:56:00,2011-02-24 15:56:00,1,152,296.25,32.916666666666664,152.0,9.0,15,Winter,United Kingdom,288,1,296.25,1,At-Risk Customers
13752.0,2010-06-30 10:23:00,2011-08-07 14:16:00,7,1005,1579.8300000000002,16.806702127659577,164.36170212765958,17.23404255319149,14,Spring,United Kingdom,124,7,1579.8300000000002,0,Regular Customers
13753.0,2009-12-03 10:20:00,2011-02-25 12:48:00,4,1450,2094.57,26.182125000000003,405.1,24.075,12,Winter,United Kingdom,288,4,2094.57,1,At-Risk Customers
13754.0,2010-09-28 15:29:00,2011-07-11 11:51:00,3,315,447.05,21.28809523809524,99.66666666666669,7.666666666666667,15,Autumn,United Kingdom,152,3,447.05,0,Regular Customers
13755.0,2011-10-07 15:45:00,2011-12-06 12:26:00,9,1242,2108.06,6.567165109034268,200.30841121495328,65.04361370716511,13,Autumn,United Kingdom,4,9,2108.06,0,Regular Customers
13756.0,2009-12-15 15:18:00,2011-12-07 16:44:00,23,5138,8655.95,25.236005830903792,239.5072886297376,21.38483965014577,16,Autumn,United Kingdom,2,23,8655.95,0,Regular Customers
13757.0,2010-02-03 12:37:00,2010-02-03 12:37:00,1,54,195.55,24.44375,54.0,8.0,12,Winter,United Kingdom,675,1,195.55,1,At-Risk Customers
13758.0,2009-12-01 10:06:00,2011-11-28 11:11:00,15,4667,8698.13,30.51975438596491,450.6350877192983,28.775438596491227,15,Winter,United Kingdom,12,15,8698.13,0,Regular Customers
13759.0,2011-09-29 15:40:00,2011-11-06 14:47:00,2,287,659.4100000000001,26.376400000000004,257.12,23.08,15,Autumn,United Kingdom,33,2,659.4100000000001,0,Regular Customers
13760.0,2010-04-25 13:10:00,2011-10-16 16:13:00,5,623,1363.64,11.459159663865544,123.98319327731092,24.638655462184875,13,Autumn,United Kingdom,54,5,1363.64,0,Regular Customers
13761.0,2010-02-21 11:08:00,2011-10-20 14:01:00,6,1079,1952.17,16.001393442622952,244.1065573770492,26.57377049180328,14,Summer,United Kingdom,50,6,1952.17,0,Regular Customers
13762.0,2010-01-10 12:13:00,2011-05-05 09:15:00,5,2608,2472.48,70.64228571428572,573.9428571428572,7.9714285714285715,8,Spring,United Kingdom,219,5,2472.48,0,Regular Customers
13763.0,2010-09-30 17:39:00,2011-10-07 15:13:00,3,3224,5217.44,104.3488,1843.44,26.36,17,Autumn,United Kingdom,63,3,5217.4400000000005,0,Regular Customers
13764.0,2010-03-07 12:56:00,2011-09-30 12:03:00,6,2084,2919.62,7.890864864864865,331.9972972972973,62.65135135135135,12,Spring,United Kingdom,71,6,2919.62,0,Regular Customers
13765.0,2010-02-24 13:46:00,2010-02-24 13:46:00,1,297,352.821,20.75417647058824,297.0,17.0,13,Winter,United Kingdom,653,1,352.821,1,At-Risk Customers
13766.0,2010-08-01 14:25:00,2010-08-01 14:25:00,1,137,190.35,11.197058823529412,137.0,16.0,14,Summer,United Kingdom,495,1,190.35,1,At-Risk Customers
13767.0,2009-12-01 10:52:00,2011-12-07 15:00:00,73,14595,33903.57,44.37640052356021,228.76178010471205,12.091623036649215,12,Autumn,United Kingdom,2,73,33903.57,3,Loyal Customers
13768.0,2009-12-09 10:25:00,2009-12-13 10:41:00,2,373,875.97,26.544545454545457,211.66666666666663,18.0,10,Winter,United Kingdom,727,2,875.97,1,At-Risk Customers
13769.0,2009-12-16 11:59:00,2011-12-07 15:08:00,20,2452,5478.12,19.92043636363636,142.90545454545455,15.967272727272729,10,Autumn,United Kingdom,2,20,5478.12,0,Regular Customers
13770.0,2009-12-09 14:44:00,2010-10-13 15:10:00,4,468,785.37,16.361875,174.875,34.125,12,Autumn,United Kingdom,422,4,785.37,1,At-Risk Customers
13771.0,2010-02-25 12:37:00,2011-10-06 14:18:00,9,3140,5728.82,26.522314814814813,438.27314814814815,30.87962962962963,12,Spring,United Kingdom,64,9,5728.82,0,Regular Customers
13772.0,2010-02-23 13:55:00,2011-11-06 11:43:00,8,1446,3100.02,5.467407407407407,198.23280423280423,75.66666666666667,13,Autumn,United Kingdom,34,8,3100.02,0,Regular Customers
13773.0,2010-02-18 10:27:00,2010-11-08 11:49:00,2,174,301.54,15.870526315789474,113.05263157894736,11.63157894736842,11,Autumn,United Kingdom,397,2,301.54,1,At-Risk Customers
13774.0,2011-09-19 12:06:00,2011-09-19 12:06:00,1,192,345.0,15.681818181818182,192.0,22.0,12,Autumn,United Kingdom,82,1,345.0,0,Regular Customers
13775.0,2010-04-28 12:15:00,2010-04-28 12:15:00,1,455,1049.66,16.661269841269842,455.0,63.0,12,Spring,United Kingdom,591,1,1049.66,1,At-Risk Customers
13776.0,2010-10-07 16:07:00,2010-10-07 16:11:00,2,2,623.98,311.99,1.0,1.0,16,Autumn,United Kingdom,428,2,623.98,1,At-Risk Customers
13777.0,2009-12-02 09:47:00,2011-12-09 12:25:00,61,23190,49638.26,139.4333146067416,763.0449438202247,10.415730337078651,10,Winter,United Kingdom,1,61,49638.26,3,Loyal Customers
13778.0,2010-05-23 13:34:00,2011-08-28 15:25:00,4,511,1124.49,25.55659090909091,149.61363636363637,15.318181818181818,13,Spring,United Kingdom,103,4,1124.49,0,Regular Customers
13779.0,2010-07-12 11:24:00,2010-07-12 11:24:00,1,53,161.13,5.967777777777777,53.0,27.0,11,Summer,United Kingdom,516,1,161.13,1,At-Risk Customers
13780.0,2010-10-28 19:51:00,2011-12-02 13:49:00,3,479,732.07,7.470102040816327,154.26530612244898,38.97959183673469,13,Winter,United Kingdom,7,3,732.07,0,Regular Customers
13781.0,2009-12-18 15:46:00,2011-04-03 12:08:00,3,300,778.83,13.663684210526316,103.33333333333331,19.24561403508772,14,Spring,United Kingdom,251,3,778.83,0,Regular Customers
13782.0,2009-12-06 12:52:00,2011-11-27 11:54:00,13,643,1786.08,7.50453781512605,57.13025210084034,22.45378151260504,12,Winter,United Kingdom,13,13,1786.08,0,Regular Customers
13783.0,2010-02-04 13:47:00,2010-08-09 09:23:00,4,3437,1542.09,154.209,856.9,3.0,11,Spring,United Kingdom,488,4,1542.09,1,At-Risk Customers
13784.0,2010-09-15 12:27:00,2011-11-30 09:33:00,14,2827,2910.23,67.67976744186046,249.88372093023256,4.534883720930233,12,Autumn,United Kingdom,10,14,2910.23,0,Regular Customers
13785.0,2010-09-05 16:01:00,2010-10-07 09:25:00,4,151,542.49,18.083,48.56666666666667,10.733333333333333,10,Autumn,United Kingdom,429,4,542.49,1,At-Risk Customers
13786.0,2009-12-03 15:32:00,2010-12-07 13:53:00,6,1515,3127.99,26.96543103448276,298.4741379310345,28.560344827586206,13,Spring,United Kingdom,367,6,3127.99,1,At-Risk Customers
13787.0,2010-01-14 10:13:00,2011-09-25 12:06:00,6,998,1222.5,14.215116279069768,206.0,15.093023255813954,11,Autumn,United Kingdom,76,6,1222.5,0,Regular Customers
13788.0,2010-07-22 15:50:00,2010-07-22 15:50:00,1,1,3.75,3.75,1.0,1.0,15,Summer,United Kingdom,505,1,3.75,1,At-Risk Customers
13789.0,2010-11-16 15:31:00,2010-11-16 15:31:00,1,258,239.46,13.303333333333336,258.0,18.0,15,Autumn,United Kingdom,388,1,239.46,1,At-Risk Customers
13790.0,2011-12-05 15:48:00,2011-12-05 15:48:00,1,748,348.79999999999995,7.75111111111111,748.0,45.0,15,Winter,United Kingdom,4,1,348.8,0,Regular Customers
13791.0,2011-06-24 16:38:00,2011-08-04 11:44:00,2,1200,1516.0,137.8181818181818,627.2727272727273,5.909090909090909,16,Summer,United Kingdom,128,2,1516.0,0,Regular Customers
13792.0,2010-10-13 11:05:00,2011-10-04 14:31:00,3,156,383.95,16.693478260869565,57.73913043478261,8.565217391304348,14,Autumn,United Kingdom,66,3,383.95,0,Regular Customers
13793.0,2010-03-03 08:25:00,2010-03-03 08:25:00,1,52,96.0,13.714285714285714,52.0,7.0,8,Spring,United Kingdom,647,1,96.0,1,At-Risk Customers
13794.0,2010-06-11 12:30:00,2010-06-11 12:30:00,1,63,126.03,14.003333333333334,63.0,9.0,12,Summer,United Kingdom,547,1,126.03,1,At-Risk Customers
13795.0,2010-03-12 12:44:00,2010-11-16 17:25:00,4,1250,836.3,28.83793103448276,278.2413793103448,8.10344827586207,11,Autumn,United Kingdom,388,4,836.3,1,At-Risk Customers
13796.0,2010-07-28 14:45:00,2010-07-28 14:45:00,1,218,289.7,13.168181818181818,218.0,22.0,14,Summer,United Kingdom,499,1,289.7,1,At-Risk Customers
13797.0,2010-03-02 12:17:00,2010-09-29 10:34:00,3,573,1179.45,15.121153846153849,198.62820512820517,26.7948717948718,12,Spring,United Kingdom,437,3,1179.45,1,At-Risk Customers
13798.0,2009-12-08 16:21:00,2011-12-08 15:51:00,110,48187,75428.87,104.61701803051317,821.1525658807212,12.9500693481276,15,Autumn,United Kingdom,1,110,75428.87,3,Loyal Customers
13799.0,2010-03-05 16:39:00,2011-08-15 12:07:00,9,1539,2803.57,26.448773584905663,192.68867924528303,16.056603773584907,12,Summer,United Kingdom,117,9,2803.57,0,Regular Customers
13800.0,2009-12-03 10:03:00,2011-02-03 12:27:00,3,891,1679.56,23.00767123287671,304.09589041095893,25.90410958904109,12,Winter,United Kingdom,310,3,1679.56,1,At-Risk Customers
13801.0,2011-10-04 10:15:00,2011-10-04 10:15:00,1,168,324.8,14.121739130434785,168.0,23.0,10,Autumn,United Kingdom,67,1,324.8,0,Regular Customers
13802.0,2010-02-16 10:11:00,2011-07-24 10:54:00,19,14129,26259.11,58.61408482142857,848.3415178571429,28.799107142857142,11,Spring,United Kingdom,139,19,26259.11,0,Regular Customers
13803.0,2010-03-31 10:00:00,2011-03-29 12:57:00,3,831,1338.91,17.16551282051282,318.3076923076923,28.07692307692308,10,Spring,United Kingdom,255,3,1338.91,0,Regular Customers
13804.0,2010-09-29 10:26:00,2011-11-09 12:32:00,9,1797,3161.12,18.928862275449102,292.377245508982,28.005988023952096,12,Autumn,United Kingdom,31,9,3161.12,0,Regular Customers
13805.0,2011-08-02 15:29:00,2011-10-18 14:50:00,2,1900,924.6,71.12307692307692,967.0769230769232,6.538461538461538,14,Autumn,United Kingdom,52,2,924.6,0,Regular Customers
13806.0,2011-10-07 11:43:00,2011-10-07 11:43:00,1,56,256.38,25.638,56.0,10.0,11,Autumn,United Kingdom,64,1,256.38,0,Regular Customers
13807.0,2009-12-04 12:41:00,2010-12-07 15:48:00,3,116,422.2,16.887999999999998,38.4,8.76,14,Winter,United Kingdom,367,3,422.2,1,At-Risk Customers
13808.0,2011-09-04 12:07:00,2011-12-04 12:18:00,5,782,1747.66,22.99552631578948,179.60526315789474,18.23684210526316,12,Autumn,United Kingdom,6,5,1747.66,0,Regular Customers
13809.0,2010-09-05 11:42:00,2011-02-07 13:15:00,3,281,679.6999999999999,27.188,63.04,9.16,13,Autumn,Cyprus,305,3,679.7,1,At-Risk Customers
13810.0,2011-10-14 12:57:00,2011-11-11 08:33:00,3,312,1499.01,42.828857142857146,155.11428571428573,17.057142857142857,12,Autumn,Germany,29,3,1499.01,0,Regular Customers
13811.0,2011-04-14 18:40:00,2011-06-09 09:54:00,3,68,814.5,62.65384615384615,31.0,5.615384615384615,9,Spring,Germany,184,3,814.5,0,Regular Customers
13812.0,2011-08-26 12:54:00,2011-10-28 14:27:00,3,333,539.0,14.97222222222222,137.66666666666666,14.666666666666666,12,Summer,Germany,42,3,539.0,0,Regular Customers
13813.0,2009-12-06 10:16:00,2011-10-31 10:38:00,8,1292,2765.4700000000003,19.33895104895105,168.020979020979,18.622377622377623,10,Autumn,Germany,40,8,2765.47,0,Regular Customers
13814.0,2010-06-30 14:12:00,2011-09-08 13:48:00,3,1214,2257.32,28.573670886075952,402.8354430379747,26.848101265822784,13,Summer,Germany,92,3,2257.32,0,Regular Customers
13815.0,2010-02-12 10:26:00,2011-11-17 14:19:00,8,5381,7475.74,20.999269662921343,857.5814606741573,56.1123595505618,13,Summer,Germany,22,8,7475.74,0,Regular Customers
13816.0,2011-10-06 14:37:00,2011-11-16 08:38:00,2,269,571.6700000000001,20.41678571428572,143.82142857142858,14.642857142857142,14,Autumn,Germany,24,2,571.6700000000001,0,Regular Customers
13817.0,2010-12-23 11:46:00,2011-11-10 17:49:00,2,211,382.98,15.9575,116.125,12.75,17,Autumn,Germany,29,2,382.98,0,Regular Customers
13818.0,2010-10-06 12:35:00,2010-10-06 12:35:00,1,60,61.28,12.256,60.0,5.0,12,Autumn,United Kingdom,430,1,61.28,1,At-Risk Customers
13819.0,2009-12-01 16:18:00,2011-02-11 10:38:00,6,2309,2642.35,26.16188118811881,400.3762376237624,19.31683168316832,16,Winter,United Kingdom,302,6,2642.35,1,At-Risk Customers
13820.0,2010-01-28 12:26:00,2010-10-17 13:46:00,3,285,652.75,7.334269662921348,115.3370786516854,34.04494382022472,13,Autumn,United Kingdom,418,3,652.75,1,At-Risk Customers
13821.0,2010-01-04 13:36:00,2011-07-18 09:49:00,6,477,1379.08,6.760196078431372,103.1470588235294,44.294117647058826,13,Winter,United Kingdom,145,6,1379.08,0,Regular Customers
13822.0,2011-10-30 15:55:00,2011-12-04 12:13:00,2,611,632.0,6.583333333333333,479.7395833333333,85.57291666666667,15,Autumn,United Kingdom,6,2,632.0,0,Regular Customers
13823.0,2009-12-15 14:34:00,2011-11-21 10:22:00,7,1564,3403.4500000000003,20.880061349693253,244.8159509202454,24.69325153374233,11,Autumn,United Kingdom,19,7,3403.4500000000003,0,Regular Customers
13824.0,2010-03-12 15:17:00,2011-11-07 12:41:00,12,1442,3314.76,33.147600000000004,156.76,12.12,12,Spring,United Kingdom,33,12,3314.76,0,Regular Customers
13825.0,2009-12-09 14:30:00,2010-03-28 11:02:00,2,182,255.59,6.38975,92.3,20.2,14,Winter,United Kingdom,622,2,255.59,1,At-Risk Customers
13826.0,2011-06-16 13:48:00,2011-06-16 13:48:00,1,82,189.5,18.95,82.0,10.0,13,Summer,United Kingdom,176,1,189.5,0,Regular Customers
13827.0,2011-07-19 15:38:00,2011-10-13 12:38:00,3,138,409.8,4.4543478260869565,46.82608695652174,30.80434782608696,11,Summer,United Kingdom,58,3,409.8,0,Regular Customers
13828.0,2011-11-17 16:02:00,2011-11-17 16:02:00,1,311,209.49,13.966,311.0,15.0,16,Autumn,United Kingdom,22,1,209.49,0,Regular Customers
13829.0,2010-10-14 18:19:00,2010-10-14 18:19:00,1,12,102.0,102.0,12.0,1.0,18,Autumn,United Kingdom,421,1,102.0,1,At-Risk Customers
13830.0,2010-05-07 12:24:00,2010-05-07 12:24:00,1,47,156.85000000000002,14.259090909090911,47.0,11.0,12,Spring,United Kingdom,582,1,156.85000000000002,1,At-Risk Customers
13831.0,2009-12-10 14:50:00,2011-11-23 15:41:00,18,2393,6585.54,36.184285714285714,159.92307692307693,24.747252747252748,13,Spring,United Kingdom,16,18,6585.54,0,Regular Customers
13832.0,2010-10-13 14:41:00,2011-11-20 15:36:00,2,420,609.89,11.088909090909093,372.1454545454545,48.38181818181818,14,Autumn,United Kingdom,19,2,609.89,0,Regular Customers
13833.0,2010-10-31 14:11:00,2011-07-03 13:27:00,2,243,700.41,15.91840909090909,120.27272727272728,23.63636363636364,13,Summer,United Kingdom,159,2,700.41,0,Regular Customers
13834.0,2010-02-08 12:52:00,2010-05-12 10:27:00,2,221,324.19,20.261875,76.75,10.0,12,Winter,United Kingdom,577,2,324.19,1,At-Risk Customers
13835.0,2010-03-04 08:26:00,2011-11-14 15:37:00,7,520,1095.27,15.426338028169011,103.50704225352112,13.647887323943662,15,Spring,United Kingdom,25,7,1095.27,0,Regular Customers
13836.0,2010-10-21 13:27:00,2010-11-05 13:31:00,2,273,620.37,20.011935483870968,140.03225806451613,15.64516129032258,13,Autumn,United Kingdom,399,2,620.37,1,At-Risk Customers
13837.0,2011-01-26 12:15:00,2011-05-12 12:10:00,2,182,266.59000000000003,14.810555555555558,94.33333333333331,9.11111111111111,12,Spring,United Kingdom,212,2,266.59000000000003,0,Regular Customers
13838.0,2010-05-09 11:40:00,2011-12-04 11:00:00,10,694,1690.07,4.193722084367246,82.27047146401985,44.20595533498759,11,Autumn,United Kingdom,6,10,1690.07,0,Regular Customers
13839.0,2010-08-10 13:52:00,2010-08-10 13:52:00,1,25,139.95000000000002,19.992857142857144,25.0,7.0,13,Summer,United Kingdom,486,1,139.95000000000002,1,At-Risk Customers
13840.0,2010-10-19 13:34:00,2010-10-19 13:34:00,1,358,651.4,16.285,358.0,40.0,13,Autumn,United Kingdom,416,1,651.4,1,At-Risk Customers
13841.0,2011-04-01 12:10:00,2011-04-01 12:10:00,1,100,85.0,85.0,100.0,1.0,12,Spring,United Kingdom,253,1,85.0,1,At-Risk Customers
13842.0,2010-02-16 15:54:00,2011-10-12 10:51:00,18,2716,5319.34,15.878626865671642,194.6537313432836,22.588059701492536,10,Autumn,United Kingdom,59,18,5319.34,0,Regular Customers
13843.0,2010-11-23 17:48:00,2010-11-23 17:48:00,1,145,319.75,17.76388888888889,145.0,18.0,17,Autumn,United Kingdom,381,1,319.75,1,At-Risk Customers
13844.0,2011-11-28 13:21:00,2011-11-28 13:21:00,1,196,361.62,18.081,196.0,20.0,13,Autumn,United Kingdom,11,1,361.62,0,Regular Customers
13845.0,2011-10-06 08:25:00,2011-10-06 08:25:00,1,182,312.98,34.77555555555556,182.0,9.0,8,Autumn,United Kingdom,65,1,312.98,0,Regular Customers
13846.0,2010-11-05 09:47:00,2011-11-15 12:07:00,4,705,1307.79,16.145555555555553,209.5679012345679,22.580246913580247,16,Autumn,United Kingdom,25,4,1307.79,0,Regular Customers
13847.0,2009-12-20 10:41:00,2009-12-20 10:41:00,1,96,310.72,16.353684210526318,96.0,19.0,10,Winter,United Kingdom,720,1,310.72,1,At-Risk Customers
13848.0,2009-12-09 16:17:00,2011-09-08 12:58:00,8,9200,3015.0,301.5,1260.0,1.6,10,Winter,United Kingdom,92,8,3015.0,0,Regular Customers
13849.0,2010-03-25 12:03:00,2011-10-19 10:59:00,5,1883,3469.3,15.769545454545456,426.2545454545455,48.11818181818182,10,Autumn,United Kingdom,52,5,3469.3,0,Regular Customers
13850.0,2011-08-02 14:04:00,2011-08-02 14:04:00,1,944,1595.48,17.155698924731183,944.0,93.0,14,Summer,United Kingdom,129,1,1595.48,0,Regular Customers
13851.0,2010-01-29 11:54:00,2011-09-05 12:36:00,8,2525,4606.46,32.903285714285715,504.3285714285714,29.114285714285717,14,Autumn,United Kingdom,96,8,4606.46,0,Regular Customers
13852.0,2010-04-08 09:06:00,2010-04-08 09:06:00,1,85,187.35,17.031818181818185,85.0,11.0,9,Spring,United Kingdom,611,1,187.35,1,At-Risk Customers
13853.0,2011-10-13 14:18:00,2011-10-13 14:18:00,1,312,1090.14,47.39739130434782,312.0,23.0,14,Autumn,United Kingdom,57,1,1090.14,0,Regular Customers
13854.0,2010-01-08 11:28:00,2011-12-01 09:06:00,39,3642,11944.56,67.10426966292134,106.2752808988764,5.191011235955056,10,Winter,United Kingdom,9,39,11944.56,0,Regular Customers
13855.0,2009-12-08 16:56:00,2010-07-27 09:53:00,4,575,1310.34,17.949863013698632,181.21917808219175,24.64383561643836,10,Winter,United Kingdom,501,4,1310.34,1,At-Risk Customers
13856.0,2010-03-30 15:40:00,2011-06-24 10:03:00,11,1105,1142.03,21.148703703703703,88.55555555555556,5.518518518518518,15,Spring,United Kingdom,169,11,1142.03,0,Regular Customers
13857.0,2010-05-17 14:21:00,2010-11-11 12:54:00,6,782,1001.01,7.820390625,165.25,26.6328125,12,Autumn,United Kingdom,393,6,1001.01,1,At-Risk Customers
13858.0,2011-10-13 16:17:00,2011-10-13 16:17:00,1,75,216.17,19.651818181818182,75.0,11.0,16,Autumn,United Kingdom,57,1,216.17,0,Regular Customers
13859.0,2010-06-28 15:36:00,2011-01-17 16:14:00,2,167,515.86,14.329444444444444,108.77777777777776,22.77777777777778,16,Winter,United Kingdom,326,2,515.86,1,At-Risk Customers
13860.0,2011-09-14 09:27:00,2011-12-08 12:57:00,5,591,1245.9,16.39342105263158,152.27631578947367,19.23684210526316,9,Autumn,United Kingdom,1,5,1245.9,0,Regular Customers
13861.0,2010-06-27 11:37:00,2010-10-06 14:20:00,2,225,273.26,13.012380952380951,111.95238095238096,10.523809523809524,14,Autumn,United Kingdom,429,2,273.26,1,At-Risk Customers
13862.0,2010-11-15 13:43:00,2011-11-21 16:24:00,9,1927,2556.09,15.9755625,229.7125,19.4875,14,Summer,United Kingdom,18,9,2556.09,0,Regular Customers
13863.0,2010-04-25 13:09:00,2011-04-06 10:20:00,4,553,1239.55,17.707857142857144,142.0857142857143,17.771428571428572,13,Spring,United Kingdom,248,4,1239.55,0,Regular Customers
13864.0,2010-11-18 12:50:00,2010-11-18 12:50:00,1,192,662.4000000000001,662.4000000000001,192.0,1.0,12,Autumn,United Kingdom,387,1,662.4000000000001,1,At-Risk Customers
13865.0,2011-02-23 12:04:00,2011-10-12 13:31:00,4,204,501.56,16.718666666666667,51.6,7.8,8,Summer,United Kingdom,58,4,501.56,0,Regular Customers
13866.0,2011-09-26 14:54:00,2011-09-26 14:54:00,1,57,145.67,20.81,57.0,7.0,14,Autumn,United Kingdom,74,1,145.67000000000002,0,Regular Customers
13867.0,2011-05-05 17:28:00,2011-11-08 15:48:00,3,501,1005.09,16.7515,212.8,23.516666666666666,12,Autumn,United Kingdom,31,3,1005.09,0,Regular Customers
13868.0,2011-11-01 12:45:00,2011-12-02 16:32:00,2,1964,3192.54,96.74363636363636,495.3939393939394,31.060606060606062,12,Autumn,United Kingdom,7,2,3192.54,0,Regular Customers
13869.0,2010-01-17 14:53:00,2011-08-08 13:53:00,10,4302,7996.87,9.54280429594272,568.5417661097852,106.15035799522671,13,Summer,United Kingdom,123,10,7996.87,0,Regular Customers
13870.0,2010-02-08 12:08:00,2011-12-07 13:23:00,15,3449,5712.08,23.70157676348548,342.4190871369295,23.96265560165975,9,Summer,United Kingdom,2,15,5712.08,0,Regular Customers
13871.0,2009-12-20 13:09:00,2011-11-17 10:49:00,17,3502,7885.85,19.616542288557216,237.32587064676616,28.18905472636816,12,Autumn,United Kingdom,23,17,7885.85,0,Regular Customers
13872.0,2009-12-14 09:56:00,2010-06-30 15:35:00,3,339,919.57,16.13280701754386,117.35087719298244,19.45614035087719,13,Spring,United Kingdom,527,3,919.57,1,At-Risk Customers
13873.0,2010-03-03 12:31:00,2011-08-12 10:08:00,8,472,1038.92,17.315333333333335,66.96666666666667,8.033333333333333,12,Autumn,United Kingdom,120,8,1038.92,0,Regular Customers
13874.0,2010-02-04 18:39:00,2010-12-16 18:20:00,7,864,2049.15,29.697826086956525,139.30434782608697,11.869565217391305,12,Spring,United Kingdom,358,7,2049.15,1,At-Risk Customers
13875.0,2009-12-17 10:30:00,2011-10-17 09:36:00,14,3072,4814.37,17.831,234.32222222222225,20.45925925925926,15,Summer,United Kingdom,54,14,4814.37,0,Regular Customers
13876.0,2011-10-07 10:22:00,2011-10-07 10:22:00,1,36,122.7,17.52857142857143,36.0,7.0,10,Autumn,United Kingdom,64,1,122.7,0,Regular Customers
13877.0,2010-01-19 10:53:00,2011-09-14 15:49:00,3,478,449.68,19.55130434782609,173.56521739130434,9.173913043478262,17,Summer,United Kingdom,86,3,449.68,0,Regular Customers
13878.0,2010-04-14 13:50:00,2011-10-16 12:19:00,4,927,2416.9,23.695098039215686,293.6372549019608,32.6078431372549,12,Spring,United Kingdom,55,4,2416.9,0,Regular Customers
13879.0,2010-03-04 10:49:00,2010-03-04 10:49:00,1,204,395.5,15.82,204.0,25.0,10,Spring,United Kingdom,646,1,395.5,1,At-Risk Customers
13880.0,2010-05-26 14:29:00,2011-11-18 13:44:00,17,2535,4293.86,19.254977578475334,171.61883408071748,15.10762331838565,14,Autumn,United Kingdom,21,17,4293.86,0,Regular Customers
13881.0,2010-03-04 14:41:00,2011-12-06 12:50:00,43,29760,45179.1,98.8601750547046,1344.1269146608315,20.772428884026255,10,Autumn,United Kingdom,4,43,45179.1,0,Regular Customers
13882.0,2011-10-06 15:28:00,2011-12-07 11:16:00,5,953,1191.13,18.325076923076924,250.30769230769232,16.2,12,Autumn,United Kingdom,3,5,1191.13,0,Regular Customers
13883.0,2009-12-08 17:26:00,2011-11-29 10:45:00,15,3584,6560.02,20.75955696202532,343.6044303797468,29.31012658227848,10,Spring,United Kingdom,11,15,6560.02,0,Regular Customers
13884.0,2010-08-26 19:57:00,2011-12-02 16:30:00,10,752,1825.03,10.027637362637362,114.95054945054945,30.5989010989011,13,Autumn,United Kingdom,7,10,1825.03,0,Regular Customers
13885.0,2011-05-23 08:52:00,2011-06-03 15:07:00,2,182,506.8,18.1,134.71428571428572,19.785714285714285,8,Spring,United Kingdom,189,2,506.8,0,Regular Customers
13886.0,2011-09-29 13:17:00,2011-09-29 13:17:00,1,126,243.56,15.2225,126.0,16.0,13,Autumn,United Kingdom,71,1,243.56,0,Regular Customers
13887.0,2011-05-19 17:22:00,2011-05-19 17:22:00,1,147,349.55,18.397368421052636,147.0,19.0,17,Spring,United Kingdom,204,1,349.55,0,Regular Customers
13888.0,2010-05-13 11:57:00,2011-08-12 10:13:00,7,795,2001.59,11.705204678362572,154.90058479532163,31.789473684210527,11,Summer,United Kingdom,120,7,2001.59,0,Regular Customers
13889.0,2010-01-22 14:32:00,2011-09-08 09:13:00,6,979,1991.23,23.990722891566264,182.0722891566265,15.216867469879515,14,Winter,United Kingdom,93,6,1991.23,0,Regular Customers
13890.0,2009-12-06 15:15:00,2011-12-08 15:36:00,14,1392,2927.38,16.921271676300577,113.23121387283236,13.77456647398844,12,Autumn,United Kingdom,1,14,2927.38,0,Regular Customers
13891.0,2010-05-06 16:02:00,2010-11-26 15:57:00,3,476,859.21,8.678888888888888,227.34343434343435,56.18181818181818,13,Autumn,United Kingdom,378,3,859.21,1,At-Risk Customers
13892.0,2010-05-13 10:32:00,2011-11-13 11:50:00,6,3125,1267.65,35.212500000000006,688.4166666666666,14.444444444444445,16,Autumn,United Kingdom,27,6,1267.65,0,Regular Customers
13893.0,2011-02-15 11:30:00,2011-02-15 11:30:00,1,190,821.1,39.1,190.0,21.0,11,Winter,United Kingdom,298,1,821.1,1,At-Risk Customers
13894.0,2011-02-02 12:54:00,2011-11-16 09:44:00,3,354,564.62,20.911851851851853,125.22222222222224,12.11111111111111,9,Autumn,United Kingdom,24,3,564.62,0,Regular Customers
13895.0,2009-12-03 13:09:00,2011-11-11 16:57:00,6,2060,4008.52,21.551182795698924,370.4623655913978,33.516129032258064,13,Autumn,United Kingdom,28,6,4008.52,0,Regular Customers
13896.0,2010-03-24 08:55:00,2010-03-24 08:55:00,1,149,388.55,18.502380952380957,149.0,21.0,8,Spring,United Kingdom,626,1,388.55,1,At-Risk Customers
13897.0,2010-01-31 13:48:00,2011-10-20 14:30:00,3,820,1160.72,19.67322033898305,286.9830508474576,19.983050847457623,13,Autumn,United Kingdom,50,3,1160.72,0,Regular Customers
13898.0,2010-10-24 15:42:00,2011-01-18 10:28:00,2,544,686.4,14.921739130434782,338.4782608695652,28.26086956521739,15,Autumn,United Kingdom,326,2,686.4,1,At-Risk Customers
13899.0,2011-03-10 09:30:00,2011-11-23 13:40:00,2,156,388.52,20.448421052631577,103.47368421052632,12.68421052631579,9,Spring,United Kingdom,16,2,388.52,0,Regular Customers
13900.0,2010-03-25 13:46:00,2011-06-09 19:26:00,6,938,1610.59,16.953578947368424,193.44210526315788,19.86315789473684,14,Spring,United Kingdom,183,6,1610.59,0,Regular Customers
13901.0,2010-01-05 09:29:00,2011-09-28 14:48:00,15,3344,5676.34,18.310774193548387,412.9935483870968,37.064516129032256,12,Summer,United Kingdom,72,15,5676.34,0,Regular Customers
13902.0,2009-12-15 10:02:00,2010-03-17 13:09:00,5,220600,34095.26,541.1946031746032,65279.42857142857,20.23809523809524,11,Winter,Denmark,632,5,34095.26,1,At-Risk Customers
13903.0,2010-11-04 17:44:00,2010-11-04 17:44:00,1,103,165.45000000000002,16.545,103.0,10.0,17,Autumn,United Kingdom,400,1,165.45000000000002,1,At-Risk Customers
13904.0,2011-02-18 11:18:00,2011-11-02 13:41:00,2,332,332.64,12.793846153846154,183.53846153846155,14.23076923076923,11,Winter,United Kingdom,37,2,332.64,0,Regular Customers
13905.0,2009-12-07 11:41:00,2009-12-07 11:41:00,1,135,312.65,26.054166666666664,135.0,12.0,11,Winter,United Kingdom,733,1,312.65,1,At-Risk Customers
13906.0,2010-10-26 15:00:00,2010-10-26 15:00:00,1,100,42.0,42.0,100.0,1.0,15,Autumn,United Kingdom,409,1,42.0,1,At-Risk Customers
13907.0,2010-01-17 12:22:00,2010-01-17 12:22:00,1,68,136.8,34.2,68.0,4.0,12,Winter,United Kingdom,692,1,136.8,1,At-Risk Customers
13908.0,2011-03-08 12:04:00,2011-09-21 11:49:00,4,1478,2369.55,19.42254098360656,403.0,33.21311475409836,11,Spring,United Kingdom,80,4,2369.55,0,Regular Customers
13909.0,2010-07-06 16:52:00,2010-10-12 17:22:00,2,301,282.85,7.44342105263158,156.60526315789474,21.657894736842103,17,Autumn,United Kingdom,423,2,282.85,1,At-Risk Customers
13911.0,2010-03-01 16:31:00,2011-10-13 15:43:00,20,4487,4234.99,17.7940756302521,239.92016806722688,16.235294117647058,10,Spring,United Kingdom,57,20,4234.99,0,Regular Customers
13912.0,2010-10-12 08:43:00,2010-10-12 08:43:00,1,29,124.95,17.85,29.0,7.0,8,Autumn,United Kingdom,424,1,124.95,1,At-Risk Customers
13913.0,2010-07-21 10:11:00,2010-07-21 10:11:00,1,10,42.22,14.073333333333332,10.0,3.0,10,Summer,United Kingdom,507,1,42.22,1,At-Risk Customers
13914.0,2011-11-03 16:28:00,2011-11-28 10:35:00,2,380,626.45,18.98333333333333,191.96969696969697,16.515151515151516,10,Autumn,United Kingdom,12,2,626.45,0,Regular Customers
13915.0,2010-11-10 15:17:00,2010-11-10 15:17:00,1,24,70.80000000000001,35.400000000000006,24.0,2.0,15,Autumn,United Kingdom,394,1,70.80000000000001,1,At-Risk Customers
13916.0,2010-02-02 10:06:00,2010-09-02 10:04:00,4,673,1275.81,17.240675675675675,186.44594594594597,20.35135135135135,10,Autumn,United Kingdom,464,4,1275.81,1,At-Risk Customers
13917.0,2011-06-01 12:46:00,2011-10-21 09:56:00,2,228,272.04,15.113333333333337,147.77777777777777,10.77777777777778,9,Autumn,United Kingdom,50,2,272.04,0,Regular Customers
13918.0,2011-03-31 18:05:00,2011-10-21 12:25:00,2,1140,1212.84,40.428,789.3333333333334,18.266666666666666,12,Autumn,United Kingdom,50,2,1212.84,0,Regular Customers
13919.0,2010-06-17 09:30:00,2011-10-11 14:24:00,4,1133,1360.68,17.67116883116883,333.3506493506493,22.246753246753247,9,Summer,Denmark,59,4,1360.68,0,Regular Customers
13920.0,2010-05-26 15:48:00,2010-10-04 12:37:00,4,1772,1774.68,20.635813953488373,459.4767441860465,24.53488372093023,12,Spring,United Kingdom,432,4,1774.68,1,At-Risk Customers
13921.0,2009-12-18 12:19:00,2010-11-02 16:32:00,4,210,730.7,16.606818181818184,56.84090909090909,11.590909090909092,11,Autumn,United Kingdom,402,4,730.7,1,At-Risk Customers
13922.0,2010-08-29 14:36:00,2010-12-23 10:38:00,3,467,865.2,28.84,169.86666666666667,10.6,14,Summer,United Kingdom,352,3,865.2,1,At-Risk Customers
13923.0,2011-10-17 12:33:00,2011-10-17 12:33:00,1,185,351.13,17.5565,185.0,20.0,12,Autumn,United Kingdom,54,1,351.13,0,Regular Customers
13924.0,2011-09-28 15:07:00,2011-12-08 09:39:00,6,1575,1838.85,15.716666666666669,365.7606837606838,26.4017094017094,15,Autumn,United Kingdom,2,6,1838.85,0,Regular Customers
13925.0,2011-07-28 12:09:00,2011-09-08 12:47:00,4,331,678.25,16.54268292682927,148.390243902439,17.78048780487805,12,Summer,United Kingdom,93,4,678.25,0,Regular Customers
13926.0,2011-11-16 13:16:00,2011-11-16 13:16:00,1,104,223.85,20.35,104.0,11.0,13,Autumn,United Kingdom,23,1,223.85,0,Regular Customers
13927.0,2010-09-28 16:12:00,2011-09-26 12:00:00,2,463,708.26,17.274634146341462,231.0731707317073,20.51219512195122,12,Autumn,United Kingdom,75,2,708.26,0,Regular Customers
13928.0,2011-07-29 15:59:00,2011-11-29 10:33:00,4,129,464.57,17.206296296296298,34.666666666666664,7.0,12,Autumn,United Kingdom,11,4,464.57,0,Regular Customers
13929.0,2010-01-14 07:25:00,2011-06-23 15:26:00,11,1566,3494.1,61.3,274.8070175438597,8.333333333333334,15,Summer,United Kingdom,169,11,3494.1,0,Regular Customers
13930.0,2011-07-26 11:00:00,2011-10-13 09:45:00,2,274,337.34,19.843529411764703,149.88235294117646,8.764705882352942,11,Summer,United Kingdom,58,2,337.34,0,Regular Customers
13931.0,2009-12-03 10:26:00,2011-09-05 10:12:00,11,3488,5257.38,19.399926199261994,461.2841328413284,40.03321033210332,10,Autumn,United Kingdom,96,11,5257.38,0,Regular Customers
13932.0,2011-02-18 12:02:00,2011-02-18 12:02:00,1,72,307.4,19.2125,72.0,16.0,12,Winter,United Kingdom,295,1,307.4,1,At-Risk Customers
13933.0,2011-07-14 13:35:00,2011-08-22 14:03:00,2,205,608.79,26.46913043478261,104.78260869565216,12.043478260869565,13,Summer,United Kingdom,109,2,608.7900000000001,0,Regular Customers
13934.0,2011-03-21 08:39:00,2011-03-21 08:39:00,1,390,922.1,29.74516129032258,390.0,31.0,8,Spring,United Kingdom,264,1,922.1,1,At-Risk Customers
13935.0,2010-02-25 16:01:00,2010-04-22 11:21:00,3,2252,6116.92,76.4615,999.0,34.7,16,Spring,United Kingdom,597,3,6116.92,1,At-Risk Customers
13936.0,2010-10-21 14:21:00,2011-06-13 08:47:00,3,661,939.66,15.926440677966102,259.7457627118644,23.135593220338983,8,Autumn,United Kingdom,180,3,939.66,0,Regular Customers
13937.0,2010-11-02 12:37:00,2011-06-23 16:35:00,2,587,880.13,16.298703703703705,407.1666666666667,39.0,12,Autumn,United Kingdom,169,2,880.13,0,Regular Customers
13938.0,2011-11-04 14:37:00,2011-11-04 14:37:00,1,70,71.66,10.237142857142857,70.0,7.0,14,Autumn,United Kingdom,35,1,71.66,0,Regular Customers
13939.0,2010-04-06 12:43:00,2011-11-16 13:33:00,7,1608,1560.96,14.190545454545456,309.45454545454544,20.727272727272727,14,Autumn,United Kingdom,23,7,1560.96,0,Regular Customers
13940.0,2011-07-18 16:05:00,2011-11-22 15:15:00,4,516,839.14,17.12530612244898,126.6122448979592,12.83673469387755,16,Summer,United Kingdom,17,4,839.14,0,Regular Customers
13941.0,2009-12-16 16:10:00,2011-11-18 09:43:00,15,4782,10027.18,106.67212765957449,370.2872340425532,7.76595744680851,12,Winter,United Kingdom,22,15,10027.18,0,Regular Customers
13942.0,2010-06-23 12:35:00,2010-06-23 12:35:00,1,1000,320.0,320.0,1000.0,1.0,12,Summer,United Kingdom,535,1,320.0,1,At-Risk Customers
13943.0,2010-05-11 11:30:00,2010-05-11 11:30:00,1,94,246.54,16.436,94.0,15.0,11,Spring,United Kingdom,578,1,246.54,1,At-Risk Customers
13944.0,2010-02-24 15:02:00,2010-02-24 15:02:00,1,153,200.43,5.726571428571429,153.0,35.0,15,Winter,United Kingdom,653,1,200.43,1,At-Risk Customers
13945.0,2010-08-17 09:59:00,2010-11-10 10:00:00,2,413,854.1500000000001,16.748039215686276,261.7450980392157,30.686274509803923,9,Summer,United Kingdom,395,2,854.15,1,At-Risk Customers
13946.0,2009-12-04 11:07:00,2011-09-21 13:33:00,6,2847,1876.23,33.504107142857144,504.7678571428572,16.821428571428573,11,Winter,United Kingdom,79,6,1876.23,0,Regular Customers
13947.0,2011-10-05 14:42:00,2011-10-05 14:42:00,1,44,90.6,18.12,44.0,5.0,14,Autumn,United Kingdom,65,1,90.6,0,Regular Customers
13948.0,2009-12-04 12:14:00,2010-12-14 10:18:00,4,248,548.76,22.865,65.20833333333333,6.583333333333333,12,Winter,United Kingdom,361,4,548.76,1,At-Risk Customers
13949.0,2011-09-06 11:55:00,2011-12-07 09:35:00,6,2474,2427.32,15.170750000000002,464.7625,30.4875,11,Autumn,United Kingdom,3,6,2427.32,0,Regular Customers
13950.0,2011-04-07 11:29:00,2011-11-28 14:44:00,4,323,745.0600000000001,21.28742857142857,85.34285714285714,9.17142857142857,14,Autumn,United Kingdom,11,4,745.06,0,Regular Customers
13951.0,2011-02-18 15:21:00,2011-06-16 16:43:00,3,459,674.45,17.293589743589745,158.66666666666666,15.205128205128204,13,Spring,United Kingdom,176,3,674.45,0,Regular Customers
13952.0,2009-12-16 09:41:00,2011-05-06 09:00:00,14,5947,12823.521,31.35335207823961,596.7628361858191,46.89731051344743,9,Spring,United Kingdom,218,14,12823.521,0,Regular Customers
13953.0,2009-12-11 12:58:00,2011-12-02 16:04:00,12,5224,6640.68,265.6272,344.64,4.92,10,Summer,United Kingdom,7,12,6640.68,0,Regular Customers
13954.0,2011-09-30 10:52:00,2011-12-08 12:50:00,2,150,439.92,17.5968,73.96,12.52,10,Autumn,United Kingdom,2,2,439.92,0,Regular Customers
13955.0,2010-11-29 17:35:00,2011-07-08 17:19:00,3,272,544.0699999999999,6.400823529411764,97.81176470588235,38.92941176470588,17,Autumn,United Kingdom,154,3,544.0699999999999,0,Regular Customers
13956.0,2011-03-13 12:51:00,2011-12-04 13:20:00,5,486,1019.27,6.933809523809524,130.4421768707483,33.74149659863946,16,Spring,United Kingdom,5,5,1019.27,0,Regular Customers
13957.0,2010-02-19 10:32:00,2010-10-18 10:02:00,3,157,458.25,16.97222222222222,54.18518518518518,9.296296296296296,10,Autumn,United Kingdom,418,3,458.25,1,At-Risk Customers
13958.0,2009-12-05 13:12:00,2010-11-25 10:11:00,8,2264,4709.2300000000005,20.74550660792952,617.0132158590309,60.73568281938326,13,Summer,United Kingdom,380,8,4709.2300000000005,1,At-Risk Customers
13959.0,2010-07-16 15:11:00,2011-09-21 15:06:00,6,694,1064.77,6.781974522292994,147.86624203821657,35.547770700636946,15,Autumn,United Kingdom,79,6,1064.77,0,Regular Customers
13960.0,2011-09-29 12:39:00,2011-11-18 15:27:00,2,142,230.22,19.185,81.33333333333333,6.666666666666667,15,Autumn,United Kingdom,21,2,230.22,0,Regular Customers
13961.0,2010-11-12 14:40:00,2010-11-12 14:40:00,1,226,538.4,28.336842105263155,226.0,19.0,14,Autumn,United Kingdom,392,1,538.4,1,At-Risk Customers
13962.0,2010-09-30 10:35:00,2011-11-18 08:47:00,3,160,362.8,15.77391304347826,57.130434782608695,9.08695652173913,10,Autumn,United Kingdom,22,3,362.8,0,Regular Customers
13963.0,2010-04-21 16:20:00,2011-02-04 14:43:00,17,2007,2860.57,17.33678787878788,161.8121212121212,11.993939393939394,10,Autumn,United Kingdom,308,17,2860.57,1,At-Risk Customers
13964.0,2010-10-05 12:38:00,2010-11-17 13:53:00,2,228,438.9,18.2875,145.5,15.0,12,Autumn,United Kingdom,387,2,438.9,1,At-Risk Customers
13965.0,2010-01-05 15:21:00,2010-08-20 10:40:00,3,425,996.61,41.525416666666665,182.29166666666663,10.083333333333334,15,Winter,United Kingdom,477,3,996.61,1,At-Risk Customers
13966.0,2010-09-30 13:08:00,2010-09-30 13:08:00,1,760,384.26,18.29809523809524,760.0,21.0,13,Autumn,United Kingdom,435,1,384.26,1,At-Risk Customers
13967.0,2010-11-08 13:24:00,2011-07-17 12:02:00,2,66,166.3,27.71666666666667,30.0,3.333333333333333,13,Autumn,United Kingdom,146,2,166.3,0,Regular Customers
13968.0,2010-10-12 13:22:00,2010-10-12 13:22:00,1,174,123.66,15.4575,174.0,8.0,13,Autumn,United Kingdom,423,1,123.66,1,At-Risk Customers
13969.0,2010-03-25 13:15:00,2011-12-02 15:11:00,35,6640,12973.46,12.1931015037594,283.3872180451128,46.71052631578947,19,Autumn,United Kingdom,7,35,12973.46,0,Regular Customers
13970.0,2010-09-28 11:53:00,2010-11-18 13:21:00,2,469,846.55,65.11923076923077,166.92307692307693,8.384615384615385,11,Autumn,United Kingdom,386,2,846.55,1,At-Risk Customers
13971.0,2010-01-26 09:51:00,2011-11-21 12:06:00,14,3084,4667.57,18.30419607843137,224.87843137254904,18.772549019607844,12,Summer,United Kingdom,19,14,4667.57,0,Regular Customers
13972.0,2011-05-22 11:34:00,2011-09-30 11:54:00,2,187,190.25,12.683333333333334,83.2,7.8,11,Spring,United Kingdom,71,2,190.25,0,Regular Customers
13973.0,2011-02-25 15:21:00,2011-02-25 15:21:00,1,109,264.7,24.063636363636363,109.0,11.0,15,Winter,United Kingdom,287,1,264.7,1,At-Risk Customers
13974.0,2010-05-06 17:55:00,2011-10-21 14:41:00,2,356,677.72,15.76093023255814,199.46511627906975,23.46511627906977,14,Autumn,United Kingdom,49,2,677.72,0,Regular Customers
13975.0,2010-02-02 13:13:00,2011-11-08 13:19:00,12,3884,5256.4,7.132157394843961,441.4179104477612,87.18453188602442,13,Autumn,United Kingdom,31,12,5256.4,0,Regular Customers
13976.0,2010-02-09 13:08:00,2011-05-17 09:13:00,4,452,1192.36,21.29214285714286,109.39285714285714,14.428571428571429,9,Spring,United Kingdom,207,4,1192.36,0,Regular Customers
13977.0,2010-10-24 14:08:00,2010-10-24 14:08:00,1,303,519.8100000000001,39.98538461538462,303.0,13.0,14,Autumn,United Kingdom,411,1,519.8100000000001,1,At-Risk Customers
13978.0,2011-10-25 15:04:00,2011-11-25 11:36:00,2,315,196.79,13.119333333333334,278.4,13.133333333333333,15,Autumn,United Kingdom,15,2,196.79,0,Regular Customers
13979.0,2009-12-03 10:02:00,2011-09-27 13:32:00,7,2270,3379.93,8.60033078880407,534.5190839694657,114.14503816793894,13,Autumn,United Kingdom,73,7,3379.93,0,Regular Customers
13980.0,2010-02-21 14:18:00,2011-10-10 13:34:00,5,463,768.8199999999999,12.203492063492062,117.015873015873,20.047619047619047,14,Autumn,United Kingdom,60,5,768.82,0,Regular Customers
13981.0,2010-10-20 10:03:00,2010-10-20 10:03:00,1,234,331.14,15.05181818181818,234.0,22.0,10,Autumn,United Kingdom,416,1,331.14,1,At-Risk Customers
13982.0,2010-01-20 14:04:00,2011-10-31 16:24:00,9,2478,3954.29,17.57462222222222,324.4844444444444,28.857777777777777,13,Winter,United Kingdom,39,9,3954.29,0,Regular Customers
13983.0,2009-12-09 13:53:00,2011-11-10 11:06:00,21,3925,6753.89,20.7812,310.11384615384617,27.02769230769231,16,Winter,United Kingdom,30,21,6753.89,0,Regular Customers
13984.0,2009-12-07 11:51:00,2011-11-13 12:38:00,12,1301,1893.8,21.520454545454545,92.47727272727272,11.170454545454543,13,Winter,United Kingdom,27,12,1893.8,0,Regular Customers
13985.0,2010-02-09 13:56:00,2011-12-05 17:06:00,22,4936,10020.86,20.87679166666667,252.1208333333333,24.704166666666666,13,Autumn,United Kingdom,4,22,10020.86,0,Regular Customers
13986.0,2011-11-22 15:00:00,2011-11-22 15:00:00,1,430,320.46,24.650769230769228,430.0,12.0,15,Autumn,United Kingdom,17,1,320.46,0,Regular Customers
13987.0,2010-11-04 09:54:00,2010-11-25 10:20:00,2,492,682.54,14.837826086956522,256.95652173913044,23.39130434782609,9,Autumn,United Kingdom,380,2,682.54,1,At-Risk Customers
13988.0,2010-03-24 11:05:00,2011-11-20 10:15:00,8,3385,4757.8,16.12813559322034,510.8,41.67457627118644,10,Autumn,United Kingdom,20,8,4757.8,0,Regular Customers
13989.0,2010-05-25 12:13:00,2011-10-05 09:47:00,5,2207,2026.06,23.558837209302325,543.4302325581396,20.76744186046512,12,Spring,United Kingdom,66,5,2026.06,0,Regular Customers
13990.0,2011-05-10 15:19:00,2011-05-10 15:19:00,1,190,311.3,19.45625,190.0,16.0,15,Spring,United Kingdom,213,1,311.3,0,Regular Customers
13991.0,2011-07-19 12:58:00,2011-11-27 16:18:00,6,995,852.88,10.400975609756095,208.65853658536585,20.54878048780488,13,Autumn,United Kingdom,12,6,852.88,0,Regular Customers
13992.0,2010-09-02 17:04:00,2011-11-09 15:23:00,3,154,219.5,19.954545454545453,53.63636363636363,3.909090909090909,15,Autumn,United Kingdom,30,3,219.5,0,Regular Customers
13993.0,2009-12-03 11:57:00,2011-10-28 09:06:00,19,2135,6775.71,25.96057471264368,136.87739463601534,16.95402298850575,12,Autumn,United Kingdom,43,19,6775.71,0,Regular Customers
13994.0,2011-07-14 18:28:00,2011-12-06 11:05:00,6,932,2274.14,15.36581081081081,258.25,41.972972972972975,15,Autumn,United Kingdom,4,6,2274.14,0,Regular Customers
13995.0,2009-12-18 12:43:00,2011-11-24 14:22:00,14,2359,3902.01,16.965260869565217,205.23478260869564,19.678260869565214,12,Summer,United Kingdom,15,14,3902.01,0,Regular Customers
13996.0,2010-11-05 15:07:00,2010-11-18 16:27:00,2,613,895.76,27.144242424242425,303.27272727272725,16.636363636363637,15,Autumn,United Kingdom,386,2,895.76,1,At-Risk Customers
13997.0,2010-06-07 17:33:00,2010-07-08 18:06:00,3,143,376.46,8.55590909090909,71.79545454545455,21.318181818181817,17,Summer,United Kingdom,519,3,376.46,1,At-Risk Customers
13998.0,2010-05-12 13:18:00,2010-09-19 10:20:00,3,204,566.7,18.280645161290323,99.51612903225806,14.612903225806452,10,Autumn,United Kingdom,447,3,566.7,1,At-Risk Customers
13999.0,2009-12-05 12:42:00,2011-11-29 13:40:00,29,5043,9502.26,20.391115879828327,184.60729613733903,17.15450643776824,13,Summer,United Kingdom,10,29,9502.26,0,Regular Customers
14000.0,2009-12-02 09:50:00,2011-05-12 16:50:00,5,1838,2046.34,41.76204081632653,472.734693877551,12.224489795918368,11,Spring,United Kingdom,211,5,2046.34,0,Regular Customers
14001.0,2010-08-03 12:49:00,2011-10-25 10:31:00,9,1779,4228.85,41.056796116504856,239.2233009708738,14.12621359223301,10,Autumn,United Kingdom,46,9,4228.85,0,Regular Customers
14002.0,2011-07-06 14:59:00,2011-07-28 15:55:00,2,877,529.73,11.270851063829788,591.9148936170212,27.34042553191489,15,Summer,United Kingdom,134,2,529.73,0,Regular Customers
14003.0,2009-12-07 08:53:00,2009-12-07 08:53:00,1,149,209.41,13.088125,149.0,16.0,8,Winter,United Kingdom,733,1,209.41,1,At-Risk Customers
14004.0,2010-09-30 09:39:00,2011-10-27 14:40:00,11,3425,6258.45,25.968672199170125,393.2780082987552,28.443983402489625,9,Autumn,United Kingdom,43,11,6258.45,0,Regular Customers
14005.0,2011-05-08 10:33:00,2011-11-30 12:41:00,5,2478,2874.72,34.22285714285714,671.5714285714286,19.904761904761905,10,Autumn,United Kingdom,10,5,2874.72,0,Regular Customers
14006.0,2010-02-25 09:45:00,2011-08-16 09:39:00,7,2181,2196.67,28.528181818181817,339.987012987013,14.272727272727272,9,Spring,United Kingdom,116,7,2196.67,0,Regular Customers
14007.0,2010-07-15 09:06:00,2010-07-15 09:06:00,1,16,79.48,15.896,16.0,5.0,9,Summer,United Kingdom,513,1,79.48,1,At-Risk Customers
14008.0,2010-10-03 13:09:00,2010-10-03 13:09:00,1,326,509.04,15.9075,326.0,32.0,13,Autumn,United Kingdom,432,1,509.04,1,At-Risk Customers
14009.0,2010-09-03 12:08:00,2011-05-25 15:47:00,3,951,1099.91,14.863648648648647,360.27027027027026,26.0,12,Spring,United Kingdom,198,3,1099.91,0,Regular Customers
14010.0,2010-05-23 12:46:00,2010-05-23 13:00:00,2,177,445.15,18.547916666666666,140.625,17.875,12,Spring,United Kingdom,565,2,445.15,1,At-Risk Customers
14011.0,2010-04-11 13:40:00,2010-08-16 15:31:00,2,644,457.82,14.306875,372.25,18.25,13,Spring,United Kingdom,480,2,457.82,1,At-Risk Customers
14012.0,2011-03-07 12:26:00,2011-03-07 12:26:00,1,160,328.8,29.89090909090909,160.0,11.0,12,Spring,United Kingdom,278,1,328.8,1,At-Risk Customers
14013.0,2010-03-26 10:02:00,2011-08-21 15:01:00,5,775,1084.57,15.949558823529411,179.11764705882354,15.970588235294118,16,Summer,United Kingdom,110,5,1084.57,0,Regular Customers
14014.0,2010-05-12 09:04:00,2011-09-23 13:18:00,3,2004,1948.21,25.63434210526316,791.0526315789474,30.13157894736842,13,Autumn,United Kingdom,77,3,1948.21,0,Regular Customers
14015.0,2011-10-18 10:02:00,2011-10-18 10:02:00,1,378,917.34,45.867,378.0,20.0,10,Autumn,United Kingdom,53,1,917.34,0,Regular Customers
14016.0,2010-01-08 14:12:00,2011-07-01 11:29:00,11,5722,11403.41,25.45404017857143,533.8459821428571,42.07589285714285,10,Spring,EIRE,162,11,11403.41,0,Regular Customers
14017.0,2010-05-17 14:52:00,2010-05-17 14:52:00,1,73,229.75,16.410714285714285,73.0,14.0,14,Spring,United Kingdom,571,1,229.75,1,At-Risk Customers
14018.0,2010-03-04 14:23:00,2010-03-04 14:23:00,1,224,367.15,28.24230769230769,224.0,13.0,14,Spring,United Kingdom,645,1,367.15,1,At-Risk Customers
14019.0,2011-07-24 15:39:00,2011-10-24 10:13:00,3,1037,1421.61,21.539545454545458,346.6818181818182,22.57575757575757,15,Autumn,United Kingdom,47,3,1421.61,0,Regular Customers
14020.0,2010-06-28 15:29:00,2011-11-23 09:22:00,4,648,1249.01,17.347361111111113,168.75,18.25,15,Autumn,United Kingdom,17,4,1249.01,0,Regular Customers
14021.0,2010-04-26 11:22:00,2011-07-07 15:46:00,7,878,1716.58,19.07311111111111,199.17777777777775,20.444444444444443,13,Spring,United Kingdom,155,7,1716.58,0,Regular Customers
14022.0,2010-08-10 09:38:00,2011-04-28 14:39:00,2,681,792.15,16.854255319148937,368.5531914893617,24.361702127659573,14,Spring,United Kingdom,225,2,792.15,0,Regular Customers
14023.0,2011-04-03 15:50:00,2011-12-02 13:58:00,2,345,584.07,18.840967741935486,172.16129032258064,15.516129032258064,15,Spring,United Kingdom,7,2,584.07,0,Regular Customers
14024.0,2010-11-14 10:51:00,2011-08-10 11:30:00,3,238,645.74,18.99235294117647,88.94117647058823,14.764705882352942,10,Autumn,United Kingdom,122,3,645.74,0,Regular Customers
14025.0,2010-05-05 09:56:00,2010-09-01 10:11:00,8,1914,4057.9,40.98888888888889,338.7171717171717,17.19191919191919,11,Spring,United Kingdom,465,8,4057.9,1,At-Risk Customers
14026.0,2010-03-24 14:10:00,2010-08-26 10:31:00,2,427,713.11,14.2622,218.54,25.64,14,Spring,United Kingdom,471,2,713.11,1,At-Risk Customers
14027.0,2011-10-10 09:01:00,2011-10-10 09:01:00,1,62,104.82,17.47,62.0,6.0,9,Autumn,United Kingdom,61,1,104.82,0,Regular Customers
14028.0,2010-06-07 12:02:00,2010-06-07 13:33:00,3,7170,10396.5,1155.1666666666667,2390.0,3.0,12,Summer,United Kingdom,550,3,10396.5,1,At-Risk Customers
14029.0,2011-07-18 16:57:00,2011-10-07 14:46:00,2,198,467.66,31.177333333333333,114.0,7.8,14,Autumn,United Kingdom,63,2,467.66,0,Regular Customers
14030.0,2009-12-10 17:27:00,2011-11-21 16:48:00,20,4215,7521.8,9.128398058252428,278.74150485436894,57.35922330097088,16,Autumn,United Kingdom,18,20,7521.8,0,Regular Customers
14031.0,2009-12-03 15:35:00,2011-12-02 17:13:00,44,13783,39019.51,52.02601333333334,431.44933333333336,26.229333333333333,17,Winter,United Kingdom,7,44,39019.51,0,Regular Customers
14032.0,2009-12-14 12:02:00,2011-12-07 15:23:00,16,3740,4546.41,19.767,260.17826086956524,16.77391304347826,10,Winter,United Kingdom,2,16,4546.41,0,Regular Customers
14033.0,2010-06-02 15:10:00,2010-06-02 15:10:00,1,576,109.44,109.44,576.0,1.0,15,Summer,United Kingdom,555,1,109.44,1,At-Risk Customers
14034.0,2011-07-05 13:06:00,2011-11-17 14:02:00,3,420,648.89,7.545232558139535,159.08139534883722,48.04651162790697,14,Autumn,United Kingdom,22,3,648.89,0,Regular Customers
14035.0,2010-04-06 12:39:00,2011-11-11 10:03:00,9,1405,2794.75,19.27413793103448,155.72413793103448,19.53793103448276,12,Autumn,United Kingdom,29,9,2794.75,0,Regular Customers
14036.0,2011-02-28 09:26:00,2011-02-28 09:26:00,1,268,626.65,16.49078947368421,268.0,38.0,9,Winter,United Kingdom,285,1,626.65,1,At-Risk Customers
14037.0,2009-12-07 11:39:00,2011-06-16 13:57:00,6,590,836.95,7.341666666666667,114.6842105263158,31.666666666666668,11,Winter,United Kingdom,176,6,836.95,0,Regular Customers
14038.0,2010-02-04 08:56:00,2011-09-22 13:37:00,5,1708,3069.88,19.067577639751555,368.055900621118,34.75155279503105,14,Autumn,United Kingdom,78,5,3069.88,0,Regular Customers
14039.0,2010-05-13 10:15:00,2011-11-06 13:48:00,2,192,267.28000000000003,26.728,95.2,5.2,13,Autumn,United Kingdom,33,2,267.28000000000003,0,Regular Customers
14040.0,2009-12-01 12:14:00,2011-10-30 12:42:00,35,4972,12523.81,16.035608194622277,190.4763124199744,36.81946222791293,13,Winter,United Kingdom,41,35,12523.81,0,Regular Customers
14041.0,2011-03-18 13:25:00,2011-03-18 13:25:00,1,94,141.41,6.733809523809524,94.0,21.0,13,Spring,United Kingdom,266,1,141.41,1,At-Risk Customers
14042.0,2009-12-14 15:07:00,2009-12-14 15:07:00,1,180,431.98,20.570476190476192,180.0,21.0,15,Winter,United Kingdom,725,1,431.98,1,At-Risk Customers
14043.0,2009-12-10 15:56:00,2010-08-05 18:18:00,2,152,302.6,7.380487804878048,75.8048780487805,19.536585365853657,18,Summer,United Kingdom,491,2,302.6,1,At-Risk Customers
14044.0,2010-01-24 15:14:00,2011-11-13 12:05:00,10,2100,3077.7,3.7260290556900726,275.8462469733656,94.68886198547216,13,Autumn,United Kingdom,27,10,3077.7,0,Regular Customers
14045.0,2010-01-08 10:08:00,2011-08-22 15:27:00,16,4459,10986.63,296.93594594594595,635.1081081081081,5.216216216216216,14,Spring,United Kingdom,109,16,10986.63,0,Regular Customers
14046.0,2011-02-28 14:48:00,2011-02-28 14:48:00,1,460,154.99,11.070714285714288,460.0,14.0,14,Winter,United Kingdom,284,1,154.99,1,At-Risk Customers
14047.0,2010-02-01 10:05:00,2011-12-01 11:43:00,14,1541,3968.11,26.105986842105263,173.03947368421052,17.38157894736842,10,Winter,United Kingdom,9,14,3968.11,0,Regular Customers
14048.0,2010-11-22 14:08:00,2011-02-07 14:53:00,3,467,748.69,5.309858156028369,243.05673758865248,71.1063829787234,14,Winter,United Kingdom,305,3,748.69,1,At-Risk Customers
14049.0,2010-04-01 14:52:00,2011-11-23 12:20:00,13,8480,13023.4,12.2746465598492,987.5391140433552,122.39868049010369,11,Autumn,United Kingdom,17,13,13023.4,0,Regular Customers
14050.0,2011-08-25 13:46:00,2011-11-08 10:00:00,2,689,746.36,13.821481481481484,382.462962962963,30.703703703703702,13,Summer,United Kingdom,32,2,746.36,0,Regular Customers
14051.0,2009-12-03 11:53:00,2011-12-09 10:20:00,37,5709,21770.98,68.46220125786164,174.9685534591195,9.87735849056604,12,Autumn,United Kingdom,1,37,21770.98,0,Regular Customers
14052.0,2010-11-14 11:37:00,2011-11-20 12:30:00,2,174,466.66,3.8566942148760335,86.85123966942149,60.83471074380165,11,Autumn,United Kingdom,20,2,466.66,0,Regular Customers
14053.0,2010-08-10 11:02:00,2011-08-07 14:27:00,4,490,572.3,63.58888888888888,124.44444444444444,2.2222222222222223,14,Summer,United Kingdom,124,4,572.3,0,Regular Customers
14054.0,2011-10-05 15:49:00,2011-10-05 15:49:00,1,62,92.46,15.410000000000002,62.0,6.0,15,Autumn,United Kingdom,65,1,92.46,0,Regular Customers
14055.0,2009-12-16 15:11:00,2011-08-25 15:04:00,3,720,1520.96,46.08969696969697,218.66666666666663,11.424242424242424,15,Spring,United Kingdom,106,3,1520.96,0,Regular Customers
14056.0,2011-02-28 15:19:00,2011-12-08 13:36:00,23,4252,8152.71,7.493299632352941,225.18014705882356,59.60845588235294,15,Spring,United Kingdom,1,23,8152.71,0,Regular Customers
14057.0,2009-12-03 13:17:00,2011-11-16 10:32:00,22,6438,8346.66,18.67261744966443,391.4563758389262,34.10738255033557,11,Summer,United Kingdom,24,22,8346.66,0,Regular Customers
14058.0,2010-06-27 11:29:00,2010-09-03 09:31:00,2,211,469.19,19.54958333333333,118.04166666666669,16.083333333333332,11,Summer,United Kingdom,463,2,469.19,1,At-Risk Customers
14059.0,2011-03-18 10:06:00,2011-03-18 10:06:00,1,128,183.6,22.95,128.0,8.0,10,Spring,United Kingdom,267,1,183.6,1,At-Risk Customers
14060.0,2010-03-11 09:47:00,2011-12-05 12:29:00,30,7419,8898.24,34.48930232558139,329.6744186046512,12.217054263565892,10,Autumn,United Kingdom,5,30,8898.24,0,Regular Customers
14061.0,2009-12-01 18:03:00,2010-07-20 17:22:00,3,133,917.43,48.28578947368421,44.578947368421055,9.0,18,Winter,United Kingdom,507,3,917.43,1,At-Risk Customers
14062.0,2009-12-10 14:28:00,2011-11-30 10:04:00,24,12794,25585.65,75.25191176470588,707.0852941176471,21.82941176470588,15,Autumn,United Kingdom,10,24,25585.65,0,Regular Customers
14063.0,2009-12-08 13:46:00,2010-09-27 16:18:00,9,3850,22710.2,567.755,581.4,5.9,10,Winter,United Kingdom,438,9,22710.2,1,At-Risk Customers
14064.0,2010-01-21 13:22:00,2011-11-10 13:14:00,15,3911,3260.24,13.81457627118644,248.6906779661017,18.364406779661017,13,Summer,United Kingdom,29,15,3260.24,0,Regular Customers
14065.0,2010-10-04 12:03:00,2010-11-15 16:13:00,3,582,891.02,18.18408163265306,243.6326530612245,19.612244897959183,12,Autumn,United Kingdom,389,3,891.02,1,At-Risk Customers
14066.0,2011-03-18 12:21:00,2011-03-18 12:21:00,1,45,152.55,21.792857142857144,45.0,7.0,12,Spring,United Kingdom,267,1,152.55,1,At-Risk Customers
14067.0,2011-09-04 12:00:00,2011-10-07 10:21:00,2,361,374.7,7.2057692307692305,179.1346153846154,26.03846153846154,10,Autumn,United Kingdom,64,2,374.7,0,Regular Customers
14068.0,2010-01-31 10:10:00,2011-01-23 16:02:00,4,510,1516.72,14.043703703703704,129.63888888888889,26.425925925925927,14,Winter,United Kingdom,320,4,1516.72,1,At-Risk Customers
14069.0,2010-05-27 12:30:00,2010-07-13 12:12:00,2,58,225.81,5.507560975609756,29.853658536585368,21.09756097560976,12,Spring,United Kingdom,515,2,225.81,1,At-Risk Customers
14070.0,2010-01-24 12:27:00,2010-01-24 12:27:00,1,85,321.6,7.843902439024391,85.0,40.0,12,Winter,United Kingdom,685,1,321.6,1,At-Risk Customers
14071.0,2011-03-20 11:33:00,2011-12-06 12:27:00,8,994,1437.57,4.450681114551084,165.3498452012384,62.23839009287926,12,Autumn,United Kingdom,4,8,1437.57,0,Regular Customers
14072.0,2010-02-11 12:31:00,2010-02-11 12:31:00,1,65,390.85,20.571052631578947,65.0,19.0,12,Winter,United Kingdom,667,1,390.85,1,At-Risk Customers
14073.0,2011-11-07 15:49:00,2011-11-07 15:49:00,1,130,151.04,11.618461538461538,130.0,13.0,15,Autumn,United Kingdom,32,1,151.04,0,Regular Customers
14074.0,2010-03-26 13:55:00,2010-03-26 13:55:00,1,228,219.4,36.56666666666667,228.0,6.0,13,Spring,United Kingdom,623,1,219.4,1,At-Risk Customers
14075.0,2010-06-16 14:47:00,2011-12-05 08:38:00,6,1494,1734.87,21.41814814814815,307.8641975308642,16.82716049382716,13,Autumn,United Kingdom,5,6,1734.87,0,Regular Customers
14076.0,2011-08-02 15:19:00,2011-08-02 15:19:00,1,79,118.67,2.6970454545454547,79.0,43.0,15,Summer,United Kingdom,129,1,118.67,0,Regular Customers
14077.0,2010-11-09 16:01:00,2011-10-30 12:35:00,6,376,615.08,10.983571428571429,68.64285714285714,13.142857142857142,15,Spring,United Kingdom,41,6,615.0799999999999,0,Regular Customers
14078.0,2010-03-28 15:05:00,2011-08-30 12:16:00,9,586,1553.47,10.49641891891892,102.67567567567568,28.04054054054054,15,Spring,United Kingdom,102,9,1553.47,0,Regular Customers
14079.0,2010-01-26 17:19:00,2011-08-07 12:10:00,2,302,618.73,47.59461538461539,277.9230769230769,11.153846153846152,12,Summer,United Kingdom,125,2,618.73,0,Regular Customers
14080.0,2009-12-02 15:01:00,2011-11-07 11:09:00,5,268,1115.68,13.441927710843377,64.27710843373494,22.08433734939759,14,Winter,United Kingdom,33,5,1115.68,0,Regular Customers
14081.0,2009-12-10 18:27:00,2011-02-10 16:17:00,10,3381,4867.57,5.767263033175355,435.3080568720379,103.29265402843602,15,Winter,United Kingdom,302,10,4867.57,1,At-Risk Customers
14082.0,2010-11-12 11:47:00,2010-12-10 11:02:00,2,246,413.36,6.359384615384616,124.4,32.43076923076923,11,Autumn,United Kingdom,365,2,413.36,1,At-Risk Customers
14083.0,2009-12-18 11:34:00,2011-12-05 13:14:00,11,760,1082.19,5.849675675675676,184.18378378378375,51.90810810810811,13,Winter,United Kingdom,4,11,1082.19,0,Regular Customers
14084.0,2010-07-15 14:36:00,2010-07-15 14:36:00,1,306,150.5,21.5,306.0,7.0,14,Summer,United Kingdom,512,1,150.5,1,At-Risk Customers
14085.0,2009-12-08 13:41:00,2011-12-07 13:46:00,33,6434,9720.67,9.302076555023923,224.2153110047847,41.77894736842105,13,Winter,United Kingdom,2,33,9720.67,0,Regular Customers
14086.0,2010-09-03 10:52:00,2010-09-03 10:52:00,1,1,39.95,39.95,1.0,1.0,10,Autumn,United Kingdom,463,1,39.95,1,At-Risk Customers
14087.0,2009-12-04 15:27:00,2011-12-07 12:41:00,3,718,829.47,3.894225352112677,241.82159624413143,66.46478873239437,11,Winter,United Kingdom,3,3,829.47,0,Regular Customers
14088.0,2010-10-14 19:46:00,2011-11-29 16:16:00,16,15276,64036.8,93.89560117302054,1796.9384164222874,84.82697947214076,15,Autumn,United Kingdom,10,16,64036.8,0,Regular Customers
14089.0,2011-10-14 10:38:00,2011-10-14 10:38:00,1,133,158.75,12.211538461538462,133.0,13.0,10,Autumn,United Kingdom,57,1,158.75,0,Regular Customers
14090.0,2011-01-19 10:51:00,2011-01-19 10:51:00,1,72,76.32000000000001,76.32000000000001,72.0,1.0,10,Winter,United Kingdom,325,1,76.32000000000001,1,At-Risk Customers
14091.0,2010-01-10 13:41:00,2010-02-23 15:17:00,2,3316,9530.08,733.0830769230769,1834.1538461538464,7.461538461538462,15,Winter,United Kingdom,654,2,9530.08,1,At-Risk Customers
14092.0,2009-12-16 16:24:00,2011-12-02 12:13:00,24,3606,7229.45,19.381903485254693,171.79892761394103,17.959785522788202,12,Autumn,United Kingdom,8,24,7229.45,0,Regular Customers
14093.0,2011-11-27 16:27:00,2011-11-27 16:27:00,1,391,433.86,4.3386000000000005,391.0,95.0,16,Autumn,United Kingdom,12,1,433.86,0,Regular Customers
14094.0,2010-09-26 11:58:00,2010-09-26 11:58:00,1,158,311.77,7.250465116279069,158.0,41.0,11,Autumn,United Kingdom,440,1,311.77,1,At-Risk Customers
14095.0,2009-12-17 12:49:00,2009-12-17 12:49:00,1,1,2.95,2.95,1.0,1.0,12,Winter,United Kingdom,723,1,2.95,1,At-Risk Customers
14096.0,2011-08-30 10:49:00,2011-12-05 17:17:00,17,16352,65164.79,12.749909998043435,1401.2318528663666,416.755429465858,15,Autumn,United Kingdom,4,17,65164.79,0,Regular Customers
14097.0,2010-03-04 10:46:00,2010-08-15 14:20:00,2,352,422.86,10.5715,176.7,22.45,14,Summer,United Kingdom,481,2,422.86,1,At-Risk Customers
14098.0,2011-11-03 10:13:00,2011-11-03 10:13:00,1,104,147.35,7.016666666666667,104.0,21.0,10,Autumn,United Kingdom,37,1,147.35,0,Regular Customers
14099.0,2009-12-10 11:55:00,2011-11-23 13:53:00,20,3666,5750.91,11.038214971209213,194.04798464491364,27.99616122840691,14,Autumn,United Kingdom,16,20,5750.91,0,Regular Customers
14100.0,2011-07-25 11:01:00,2011-07-25 11:01:00,1,63,191.95,7.678,63.0,24.0,11,Summer,United Kingdom,138,1,191.95,0,Regular Customers
14101.0,2010-03-28 13:36:00,2011-09-27 12:28:00,13,10542,9961.93,110.68811111111113,733.5555555555555,8.444444444444445,13,Spring,United Kingdom,74,13,9961.93,0,Regular Customers
14102.0,2011-10-26 12:46:00,2011-12-04 15:38:00,5,769,1105.88,19.06689655172413,167.75862068965515,13.827586206896552,13,Autumn,United Kingdom,5,5,1105.88,0,Regular Customers
14104.0,2010-05-28 16:11:00,2011-07-08 12:50:00,5,496,743.53,5.507629629629629,128.9037037037037,35.925925925925924,14,Summer,United Kingdom,155,5,743.53,0,Regular Customers
14105.0,2009-12-18 16:57:00,2011-04-14 17:58:00,5,3534,5988.83,21.465340501792117,973.125448028674,76.8853046594982,14,Spring,United Kingdom,239,5,5988.83,0,Regular Customers
14106.0,2009-12-02 14:09:00,2009-12-02 14:09:00,1,24,214.8,214.8,24.0,1.0,14,Winter,United Kingdom,737,1,214.8,1,At-Risk Customers
14107.0,2009-12-09 14:20:00,2011-10-19 12:12:00,11,3489,4877.3,20.66652542372881,396.1694915254237,27.389830508474574,12,Spring,United Kingdom,52,11,4877.3,0,Regular Customers
14108.0,2009-12-01 18:07:00,2011-11-09 10:41:00,4,660,1044.96,20.095384615384617,171.30769230769232,14.307692307692308,10,Autumn,United Kingdom,31,4,1044.96,0,Regular Customers
14109.0,2011-09-28 10:18:00,2011-09-28 10:18:00,1,88,144.2,16.022222222222222,88.0,9.0,10,Autumn,United Kingdom,73,1,144.2,0,Regular Customers
14110.0,2009-12-01 09:50:00,2011-12-06 12:26:00,33,5825,12987.95,32.55125313283208,239.35839598997487,18.528822055137844,11,Spring,United Kingdom,4,33,12987.95,0,Regular Customers
14111.0,2011-04-12 11:36:00,2011-11-25 13:44:00,4,458,692.85,69.285,164.8,3.4,13,Autumn,United Kingdom,14,4,692.85,0,Regular Customers
14112.0,2010-02-23 14:16:00,2011-11-17 12:30:00,13,3539,5834.59,17.897515337423314,467.2085889570552,43.15337423312884,14,Spring,United Kingdom,23,13,5834.59,0,Regular Customers
14113.0,2009-12-08 07:42:00,2011-12-06 12:18:00,16,3439,7092.610000000001,58.136147540983615,320.57377049180326,13.163934426229508,11,Autumn,United Kingdom,4,16,7092.610000000001,0,Regular Customers
14114.0,2010-04-12 11:07:00,2011-03-11 09:42:00,7,650,1364.09,18.43364864864865,114.02702702702705,12.972972972972974,11,Autumn,United Kingdom,274,7,1364.09,1,At-Risk Customers
14115.0,2010-02-11 11:44:00,2010-07-26 12:36:00,2,509,622.67,28.303181818181816,420.1818181818182,18.363636363636363,12,Summer,United Kingdom,502,2,622.6700000000001,1,At-Risk Customers
14116.0,2011-08-10 12:44:00,2011-11-20 10:29:00,5,707,1382.74,19.204722222222223,150.43055555555554,15.47222222222222,13,Autumn,United Kingdom,20,5,1382.74,0,Regular Customers
14117.0,2011-07-19 09:49:00,2011-07-19 09:49:00,1,72,90.0,30.0,72.0,3.0,9,Summer,United Kingdom,144,1,90.0,0,Regular Customers
14118.0,2010-10-07 11:59:00,2010-10-07 11:59:00,1,97,458.45,30.563333333333333,97.0,15.0,11,Autumn,United Kingdom,429,1,458.45,1,At-Risk Customers
14119.0,2009-12-21 14:52:00,2010-11-29 10:33:00,2,177,183.37,16.67,74.18181818181819,6.636363636363637,10,Autumn,United Kingdom,376,2,183.37,1,At-Risk Customers
14121.0,2011-10-11 10:39:00,2011-12-06 12:19:00,4,2082,2780.15,17.485220125786164,609.874213836478,47.60377358490566,10,Autumn,United Kingdom,4,4,2780.15,0,Regular Customers
14122.0,2009-12-02 14:22:00,2010-10-29 15:11:00,3,114,362.42,27.87846153846154,71.84615384615384,8.076923076923077,15,Autumn,United Kingdom,406,3,362.42,1,At-Risk Customers
14123.0,2009-12-06 15:35:00,2009-12-06 15:35:00,1,234,436.18,18.174166666666668,234.0,24.0,15,Winter,United Kingdom,733,1,436.18,1,At-Risk Customers
14124.0,2011-09-16 13:32:00,2011-09-16 13:32:00,1,1618,419.58,83.916,1618.0,4.0,13,Autumn,United Kingdom,84,1,419.58,0,Regular Customers
14125.0,2011-09-22 15:40:00,2011-11-29 12:47:00,3,1628,2720.63,16.38933734939759,685.5421686746988,66.66265060240964,15,Autumn,United Kingdom,11,3,2720.63,0,Regular Customers
14126.0,2010-09-21 14:51:00,2011-12-02 11:45:00,4,887,1172.46,27.26651162790698,297.16279069767444,21.69767441860465,14,Autumn,United Kingdom,8,4,1172.46,0,Regular Customers
14127.0,2010-10-10 11:53:00,2011-08-09 10:49:00,6,828,1900.08,16.240000000000002,154.0,21.56410256410257,11,Autumn,United Kingdom,123,6,1900.08,0,Regular Customers
14128.0,2010-06-06 14:05:00,2011-10-10 12:00:00,3,814,924.21,14.218615384615385,273.04615384615386,21.861538461538466,12,Autumn,United Kingdom,61,3,924.21,0,Regular Customers
14129.0,2010-05-09 14:54:00,2011-12-08 11:02:00,9,1414,2591.34,23.77376146788991,187.93577981651376,14.26605504587156,9,Autumn,United Kingdom,2,9,2591.34,0,Regular Customers
14130.0,2009-12-11 16:33:00,2011-01-24 16:05:00,4,1215,1858.77,8.448954545454546,331.9909090909091,60.02727272727272,16,Winter,United Kingdom,319,4,1858.77,1,At-Risk Customers
14131.0,2010-03-01 11:59:00,2010-03-01 11:59:00,1,105,168.22,3.65695652173913,105.0,45.0,11,Spring,United Kingdom,649,1,168.22,1,At-Risk Customers
14132.0,2011-06-09 12:04:00,2011-12-07 13:35:00,11,3368,3586.03,17.93015,308.5,19.06,10,Autumn,United Kingdom,2,11,3586.03,0,Regular Customers
14133.0,2009-12-06 12:10:00,2011-08-02 11:34:00,4,398,911.14,25.309444444444445,131.88888888888889,12.27777777777778,11,Winter,United Kingdom,130,4,911.14,0,Regular Customers
14134.0,2009-12-10 09:25:00,2010-11-22 12:26:00,15,5814,11123.35,61.79638888888889,755.6666666666666,22.288888888888888,10,Autumn,United Kingdom,383,15,11123.35,1,At-Risk Customers
14135.0,2009-12-02 08:58:00,2011-12-08 11:38:00,24,8534,8839.67,40.363789954337896,511.337899543379,12.397260273972602,13,Winter,United Kingdom,2,24,8839.67,0,Regular Customers
14136.0,2009-12-08 09:19:00,2010-11-04 11:53:00,5,1148,1570.81,14.818962264150944,231.8018867924528,21.37735849056604,9,Winter,United Kingdom,401,5,1570.81,1,At-Risk Customers
14137.0,2010-01-13 12:30:00,2010-01-13 12:30:00,1,462,332.7,30.245454545454542,462.0,11.0,12,Winter,United Kingdom,696,1,332.7,1,At-Risk Customers
14138.0,2011-10-07 09:38:00,2011-12-08 12:44:00,2,600,965.88,20.997391304347826,358.30434782608694,26.52173913043478,9,Autumn,United Kingdom,2,2,965.88,0,Regular Customers
14139.0,2010-06-15 09:17:00,2011-10-24 13:34:00,4,1049,1086.8,15.75072463768116,324.9855072463768,20.82608695652174,13,Summer,United Kingdom,46,4,1086.8,0,Regular Customers
14140.0,2011-11-08 11:20:00,2011-12-06 09:05:00,2,811,935.05,14.16742424242424,429.1515151515151,34.484848484848484,11,Autumn,United Kingdom,4,2,935.05,0,Regular Customers
14141.0,2011-08-26 14:40:00,2011-12-07 09:53:00,4,355,915.13,22.87825,99.4,11.35,14,Summer,United Kingdom,3,4,915.13,0,Regular Customers
14142.0,2010-03-03 15:13:00,2010-12-01 16:33:00,2,518,671.34,15.257727272727273,259.0,22.0,15,Spring,United Kingdom,373,2,671.34,1,At-Risk Customers
14143.0,2011-07-29 09:48:00,2011-07-29 09:48:00,1,30,115.8,16.54285714285714,30.0,7.0,9,Summer,United Kingdom,134,1,115.8,0,Regular Customers
14144.0,2010-08-10 15:17:00,2010-08-10 15:17:00,1,12,30.6,30.6,12.0,1.0,15,Summer,United Kingdom,486,1,30.6,1,At-Risk Customers
14145.0,2010-04-08 09:47:00,2011-10-24 12:10:00,7,1655,7600.05,304.002,264.08,4.2,13,Summer,United Kingdom,47,7,7600.05,0,Regular Customers
14146.0,2010-01-13 16:04:00,2011-12-01 10:18:00,12,5780,9450.3,20.724342105263155,731.5548245614035,55.60964912280702,15,Autumn,United Kingdom,9,12,9450.3,0,Regular Customers
14147.0,2010-03-09 13:43:00,2011-09-22 18:10:00,9,995,2590.2,86.33999999999999,116.4,3.8666666666666663,8,Autumn,United Kingdom,78,9,2590.2,0,Regular Customers
14148.0,2010-10-21 14:08:00,2011-04-20 12:02:00,2,223,466.29,27.428823529411765,173.2941176470588,12.058823529411764,14,Autumn,United Kingdom,234,2,466.29,0,Regular Customers
14149.0,2011-05-03 09:44:00,2011-05-03 09:44:00,1,218,446.62,15.950714285714286,218.0,28.0,9,Spring,United Kingdom,221,1,446.62,0,Regular Customers
14150.0,2010-12-15 10:04:00,2011-11-04 10:05:00,2,496,658.64,25.33230769230769,246.92307692307693,13.076923076923077,10,Autumn,United Kingdom,36,2,658.64,0,Regular Customers
14151.0,2009-12-23 10:54:00,2010-02-04 15:35:00,2,405,679.45,15.442045454545456,201.29545454545453,22.045454545454547,10,Winter,United Kingdom,673,2,679.45,1,At-Risk Customers
14152.0,2010-02-18 13:57:00,2011-09-25 12:54:00,7,1844,1997.34,15.017593984962406,307.50375939849624,22.36842105263158,15,Autumn,United Kingdom,75,7,1997.34,0,Regular Customers
14153.0,2010-08-13 14:35:00,2010-08-13 14:35:00,1,312,233.4,13.729411764705882,312.0,17.0,14,Summer,United Kingdom,483,1,233.4,1,At-Risk Customers
14154.0,2010-01-13 12:47:00,2011-04-14 16:26:00,8,3222,6460.7,22.12568493150685,626.4657534246576,57.02054794520548,16,Autumn,United Kingdom,239,8,6460.7,0,Regular Customers
14155.0,2011-03-18 14:13:00,2011-03-18 14:13:00,1,25,118.75,19.791666666666668,25.0,6.0,14,Spring,United Kingdom,266,1,118.75,1,At-Risk Customers
14156.0,2009-12-01 12:30:00,2011-11-30 10:54:00,156,164325,313437.62,77.62199603764239,1895.9839029222387,56.49331352154532,14,Autumn,EIRE,10,156,313437.62,2,VIP Customers
14157.0,2010-03-03 16:49:00,2011-11-20 11:32:00,5,521,978.69,11.514,130.91764705882352,23.223529411764705,13,Autumn,United Kingdom,20,5,978.69,0,Regular Customers
14158.0,2011-10-30 15:08:00,2011-10-30 15:08:00,1,781,507.66,12.381951219512194,781.0,41.0,15,Autumn,United Kingdom,40,1,507.66,0,Regular Customers
14159.0,2009-12-03 12:31:00,2011-11-20 12:36:00,20,6520,7860.8,4.281481481481482,400.328431372549,108.16666666666669,12,Autumn,United Kingdom,20,20,7860.8,0,Regular Customers
14160.0,2010-01-10 12:06:00,2010-04-08 14:30:00,7,4661,8421.47,78.70532710280374,1311.822429906542,33.504672897196265,12,Winter,United Kingdom,610,7,8421.47,1,At-Risk Customers
14161.0,2009-12-13 11:46:00,2011-05-08 11:41:00,7,1480,2996.93,10.819241877256315,246.79783393501805,45.83393501805054,12,Spring,United Kingdom,216,7,2996.93,0,Regular Customers
14162.0,2011-02-20 12:32:00,2011-06-19 11:36:00,2,142,289.36,11.5744,72.56,12.52,12,Winter,United Kingdom,174,2,289.36,0,Regular Customers
14163.0,2010-09-03 17:15:00,2011-09-13 15:18:00,5,950,2594.62,44.7348275862069,211.0862068965517,13.413793103448276,17,Spring,United Kingdom,87,5,2594.62,0,Regular Customers
14164.0,2011-09-20 12:18:00,2011-09-30 12:24:00,2,1033,1631.77,56.26793103448276,811.1724137931035,27.06896551724138,12,Autumn,United Kingdom,71,2,1631.77,0,Regular Customers
14165.0,2011-03-09 12:39:00,2011-03-09 12:39:00,1,53,120.44,5.0183333333333335,53.0,23.0,12,Spring,United Kingdom,276,1,120.44,1,At-Risk Customers
14166.0,2010-03-23 15:10:00,2010-07-22 19:42:00,2,82,251.15,4.924509803921569,40.90196078431372,25.19607843137255,15,Spring,United Kingdom,505,2,251.15,1,At-Risk Customers
14167.0,2010-01-27 16:07:00,2011-10-31 14:29:00,8,340,1274.29,11.080782608695651,43.59130434782609,14.939130434782609,15,Summer,United Kingdom,39,8,1274.29,0,Regular Customers
14168.0,2010-05-24 12:28:00,2010-10-15 10:49:00,2,147,370.45,24.696666666666665,84.46666666666667,9.133333333333333,12,Spring,United Kingdom,421,2,370.45,1,At-Risk Customers
14169.0,2010-09-21 13:39:00,2010-10-05 08:45:00,2,205,621.51,9.71109375,146.84375,43.75,13,Autumn,United Kingdom,431,2,621.51,1,At-Risk Customers
14170.0,2010-11-09 14:06:00,2010-11-29 13:10:00,3,270,570.18,3.932275862068965,119.41379310344828,63.0,13,Autumn,United Kingdom,375,3,570.18,1,At-Risk Customers
14171.0,2009-12-09 13:50:00,2011-09-02 16:43:00,2,211,498.79,7.79359375,155.46875,52.21875,16,Autumn,United Kingdom,98,2,498.79,0,Regular Customers
14172.0,2010-03-07 10:58:00,2010-04-13 13:26:00,3,78,369.02,8.386818181818182,39.25,21.59090909090909,13,Spring,United Kingdom,605,3,369.02,1,At-Risk Customers
14173.0,2009-12-09 12:46:00,2011-11-29 11:54:00,6,194,586.0,17.757575757575758,39.36363636363637,9.12121212121212,13,Autumn,United Kingdom,11,6,586.0,0,Regular Customers
14174.0,2011-11-06 13:17:00,2011-11-06 13:17:00,1,94,134.46,5.171538461538462,94.0,26.0,13,Autumn,United Kingdom,33,1,134.46,0,Regular Customers
14175.0,2010-03-22 10:43:00,2011-10-11 11:55:00,8,3009,7678.88,23.1990332326284,491.6888217522659,52.6012084592145,11,Autumn,United Kingdom,60,8,7678.88,0,Regular Customers
14176.0,2010-11-23 13:21:00,2011-02-15 13:12:00,5,265,756.46,20.444864864864865,63.270270270270274,10.62162162162162,12,Winter,United Kingdom,297,5,756.46,1,At-Risk Customers
14177.0,2010-02-26 11:59:00,2011-09-14 15:11:00,13,1043,2209.69,10.778975609756095,146.93658536585366,29.117073170731707,12,Autumn,United Kingdom,86,13,2209.69,0,Regular Customers
14178.0,2011-06-10 12:51:00,2011-12-01 12:01:00,7,1494,1600.26,5.032264150943396,243.56289308176105,49.23270440251572,12,Autumn,United Kingdom,9,7,1600.26,0,Regular Customers
14179.0,2011-10-18 14:00:00,2011-10-30 12:07:00,2,319,701.57,4.46859872611465,188.13375796178343,92.36305732484075,14,Autumn,United Kingdom,41,2,701.57,0,Regular Customers
14180.0,2010-06-09 14:56:00,2011-11-29 10:56:00,33,847,6117.5,21.16782006920415,30.162629757785467,10.335640138408303,13,Winter,United Kingdom,11,33,6117.5,0,Regular Customers
14181.0,2010-05-26 12:32:00,2010-10-25 08:27:00,2,120,308.35,5.929807692307692,80.1923076923077,42.96153846153846,12,Spring,United Kingdom,411,2,308.35,1,At-Risk Customers
14182.0,2010-04-22 15:36:00,2010-09-22 11:45:00,4,174,678.77,13.5754,48.68,16.12,11,Autumn,United Kingdom,444,4,678.77,1,At-Risk Customers
14183.0,2010-08-15 15:36:00,2010-10-24 14:45:00,2,60,278.34000000000003,8.186470588235295,30.47058823529412,16.794117647058822,14,Autumn,United Kingdom,411,2,278.34000000000003,1,At-Risk Customers
14184.0,2011-10-04 12:43:00,2011-10-04 12:43:00,1,127,452.89,18.870416666666667,127.0,24.0,12,Autumn,United Kingdom,67,1,452.89,0,Regular Customers
14185.0,2011-01-12 13:52:00,2011-01-12 13:52:00,1,6,197.65,65.88333333333334,6.0,3.0,13,Winter,United Kingdom,331,1,197.65,1,At-Risk Customers
14186.0,2010-03-05 11:17:00,2010-10-08 13:30:00,5,1550,1550.63,14.909903846153847,339.7307692307692,22.76923076923077,12,Spring,United Kingdom,427,5,1550.63,1,At-Risk Customers
14187.0,2010-08-23 12:06:00,2010-08-23 12:06:00,1,50,123.5,15.4375,50.0,8.0,12,Summer,United Kingdom,474,1,123.5,1,At-Risk Customers
14188.0,2011-02-02 13:46:00,2011-11-09 12:45:00,6,1162,2054.36,31.605538461538465,194.73846153846156,10.93846153846154,12,Autumn,United Kingdom,31,6,2054.36,0,Regular Customers
14189.0,2010-11-16 09:28:00,2011-12-07 15:55:00,16,4392,5503.150000000001,17.92557003257329,310.05537459283386,22.52442996742671,9,Autumn,United Kingdom,2,16,5503.15,0,Regular Customers
14190.0,2010-02-11 14:27:00,2010-02-11 14:27:00,1,2,79.9,79.9,2.0,1.0,14,Winter,United Kingdom,666,1,79.9,1,At-Risk Customers
14191.0,2009-12-11 10:48:00,2011-12-08 09:23:00,15,3724,4817.66,18.17984905660377,335.2830188679245,22.1622641509434,14,Autumn,United Kingdom,2,15,4817.66,0,Regular Customers
14192.0,2010-11-16 17:44:00,2010-11-16 17:44:00,1,218,293.74,20.981428571428573,218.0,14.0,17,Autumn,United Kingdom,388,1,293.74,1,At-Risk Customers
14193.0,2010-11-08 12:31:00,2011-10-03 09:34:00,3,653,1210.19,18.90921875,219.234375,21.46875,11,Autumn,United Kingdom,68,3,1210.19,0,Regular Customers
14194.0,2010-01-06 12:16:00,2011-12-05 10:38:00,36,10037,18670.59,19.611964285714286,373.5105042016807,34.86974789915966,12,Autumn,United Kingdom,5,36,18670.59,0,Regular Customers
14195.0,2010-03-15 17:12:00,2011-05-22 10:29:00,6,2144,2615.6,163.475,482.75,3.75,16,Spring,United Kingdom,202,6,2615.6,0,Regular Customers
14196.0,2011-08-25 10:25:00,2011-08-25 10:25:00,1,142,335.52,55.92,142.0,6.0,10,Summer,United Kingdom,107,1,335.52,0,Regular Customers
14197.0,2010-10-25 10:01:00,2010-10-25 10:01:00,1,143,390.05,19.5025,143.0,20.0,10,Autumn,United Kingdom,411,1,390.05,1,At-Risk Customers
14198.0,2010-01-05 10:07:00,2011-11-21 16:35:00,9,623,1569.73,17.24978021978022,72.12087912087912,10.362637362637363,15,Autumn,United Kingdom,18,9,1569.73,0,Regular Customers
14199.0,2010-06-27 12:13:00,2011-05-05 13:44:00,4,254,1091.7,60.650000000000006,113.83333333333331,7.222222222222222,8,Autumn,United Kingdom,218,4,1091.7,0,Regular Customers
14200.0,2010-04-01 13:01:00,2010-04-01 13:01:00,1,140,379.2,18.057142857142857,140.0,21.0,13,Spring,United Kingdom,617,1,379.2,1,At-Risk Customers
14201.0,2010-04-30 13:00:00,2011-10-10 13:27:00,10,806,1193.54,21.70072727272727,89.72727272727273,6.490909090909091,13,Spring,United Kingdom,60,10,1193.54,0,Regular Customers
14202.0,2010-03-25 10:36:00,2010-11-23 17:13:00,3,166,847.76,29.233103448275862,61.06896551724138,11.89655172413793,17,Autumn,United Kingdom,381,3,847.76,1,At-Risk Customers
14203.0,2010-11-07 13:35:00,2010-11-07 13:35:00,1,80,339.34,21.20875,80.0,16.0,13,Autumn,United Kingdom,397,1,339.34,1,At-Risk Customers
14204.0,2009-12-02 13:26:00,2011-12-07 13:38:00,4,469,1024.83,4.658318181818181,137.36818181818182,59.91818181818182,13,Winter,United Kingdom,2,4,1024.83,0,Regular Customers
14205.0,2010-03-07 12:20:00,2011-11-23 10:55:00,9,1342,2414.2,19.62764227642276,160.8780487804878,14.821138211382111,14,Autumn,United Kingdom,17,9,2414.2,0,Regular Customers
14206.0,2010-11-02 11:37:00,2011-04-14 16:38:00,3,930,1185.01,16.690281690140846,360.28169014084506,25.985915492957748,11,Autumn,United Kingdom,239,3,1185.01,0,Regular Customers
14207.0,2010-01-21 09:33:00,2010-01-21 09:33:00,1,36,157.8,78.9,36.0,2.0,9,Winter,United Kingdom,688,1,157.8,1,At-Risk Customers
14208.0,2010-06-06 13:11:00,2011-09-06 12:48:00,2,529,567.05,16.20142857142857,329.0,20.714285714285715,13,Summer,United Kingdom,95,2,567.05,0,Regular Customers
14209.0,2010-01-22 10:28:00,2011-11-29 10:18:00,15,1739,4993.27,21.61588744588745,125.78787878787878,16.593073593073594,10,Spring,United Kingdom,11,15,4993.27,0,Regular Customers
14210.0,2010-01-06 10:17:00,2011-08-26 12:36:00,16,2511,5556.570000000001,17.69608280254777,180.90127388535032,22.38216560509554,12,Summer,United Kingdom,106,16,5556.570000000001,0,Regular Customers
14211.0,2009-12-09 12:48:00,2011-10-17 13:23:00,18,2575,4402.29,18.342875,180.45,17.591666666666665,9,Autumn,United Kingdom,53,18,4402.29,0,Regular Customers
14212.0,2010-09-20 11:48:00,2011-09-11 12:45:00,2,2046,2190.14,104.29238095238097,1004.5714285714286,10.714285714285714,11,Autumn,United Kingdom,90,2,2190.14,0,Regular Customers
14213.0,2010-10-31 10:37:00,2010-10-31 10:37:00,1,244,1192.2,238.44,244.0,5.0,10,Autumn,United Kingdom,405,1,1192.2,1,At-Risk Customers
14214.0,2011-03-07 12:26:00,2011-11-09 10:31:00,5,751,1004.38,14.990746268656716,258.97014925373134,25.59701492537313,12,Spring,United Kingdom,31,5,1004.38,0,Regular Customers
14215.0,2009-12-08 09:35:00,2011-11-28 12:19:00,9,2181,3250.33,17.474892473118278,300.61290322580646,28.118279569892472,14,Winter,United Kingdom,12,9,3250.33,0,Regular Customers
14216.0,2010-10-21 15:07:00,2011-12-06 14:56:00,5,712,2150.04,27.9225974025974,166.57142857142858,19.857142857142858,10,Autumn,United Kingdom,3,5,2150.04,0,Regular Customers
14217.0,2010-06-30 12:54:00,2011-12-08 11:53:00,23,1230,3298.59,18.95741379310345,77.10344827586206,10.89655172413793,12,Autumn,United Kingdom,2,23,3298.59,0,Regular Customers
14218.0,2011-10-28 10:00:00,2011-10-28 10:00:00,1,160,169.48000000000002,14.123333333333337,160.0,12.0,10,Autumn,United Kingdom,43,1,169.48000000000002,0,Regular Customers
14219.0,2010-08-03 14:42:00,2011-12-05 16:23:00,3,363,633.83,14.740232558139535,163.09302325581396,18.48837209302325,14,Summer,United Kingdom,4,3,633.83,0,Regular Customers
14220.0,2010-05-19 13:26:00,2011-04-06 13:23:00,4,468,1515.0,39.86842105263158,119.05263157894736,9.63157894736842,13,Spring,United Kingdom,247,4,1515.0,0,Regular Customers
14221.0,2010-04-06 14:10:00,2011-10-28 13:42:00,17,3808,6517.49,18.782391930835733,288.3256484149856,25.639769452449567,14,Summer,United Kingdom,42,17,6517.49,0,Regular Customers
14222.0,2011-06-15 16:42:00,2011-06-15 16:42:00,1,607,683.17,16.662682926829266,607.0,41.0,16,Summer,United Kingdom,177,1,683.17,0,Regular Customers
14223.0,2011-03-20 16:02:00,2011-09-08 13:38:00,3,585,991.13,16.518833333333333,198.25,20.1,11,Autumn,United Kingdom,92,3,991.13,0,Regular Customers
14224.0,2010-06-13 13:46:00,2011-08-21 13:24:00,9,826,1841.71,8.042401746724892,119.88646288209608,35.14410480349345,13,Summer,United Kingdom,110,9,1841.71,0,Regular Customers
14225.0,2010-01-12 15:02:00,2010-10-01 10:32:00,4,1167,2031.07,23.61709302325581,297.3255813953488,23.58139534883721,17,Spring,United Kingdom,435,4,2031.07,1,At-Risk Customers
14226.0,2010-09-24 14:32:00,2011-11-11 11:34:00,6,1714,2985.13,30.774536082474228,396.2783505154639,21.49484536082474,14,Autumn,United Kingdom,29,6,2985.13,0,Regular Customers
14227.0,2010-02-08 09:38:00,2011-11-13 15:48:00,15,4048,6368.71,16.8931299734748,477.5835543766578,45.55702917771883,12,Summer,United Kingdom,26,15,6368.71,0,Regular Customers
14228.0,2010-06-11 12:29:00,2010-09-28 09:45:00,3,260,745.5,19.61842105263158,113.71052631578948,16.473684210526315,10,Summer,United Kingdom,438,3,745.5,1,At-Risk Customers
14229.0,2010-08-25 11:47:00,2011-10-19 10:04:00,7,934,2594.04,36.028333333333336,169.11111111111111,13.583333333333334,12,Autumn,United Kingdom,52,7,2594.04,0,Regular Customers
14230.0,2010-06-09 13:56:00,2010-09-30 09:07:00,3,246,979.8,29.69090909090909,110.9090909090909,14.818181818181818,13,Summer,United Kingdom,436,3,979.8,1,At-Risk Customers
14231.0,2010-09-15 09:52:00,2011-06-09 11:05:00,4,610,1235.62,17.90753623188406,156.20289855072463,17.782608695652176,11,Autumn,United Kingdom,184,4,1235.62,0,Regular Customers
14232.0,2011-03-20 12:44:00,2011-10-28 11:09:00,5,1941,2048.07,17.80930434782609,442.8695652173913,29.85217391304348,12,Spring,United Kingdom,43,5,2048.07,0,Regular Customers
14233.0,2010-03-05 16:35:00,2011-10-21 15:54:00,7,1261,2904.27,39.784520547945206,205.5068493150685,14.095890410958903,15,Spring,United Kingdom,49,7,2904.27,0,Regular Customers
14234.0,2011-10-13 13:58:00,2011-11-17 17:53:00,4,951,754.12,5.130068027210885,429.5034013605442,88.72789115646259,13,Autumn,United Kingdom,22,4,754.12,0,Regular Customers
14235.0,2010-03-30 13:36:00,2011-09-25 14:37:00,9,3014,4717.99,31.87831081081081,408.3918918918919,21.22972972972973,13,Spring,United Kingdom,75,9,4717.99,0,Regular Customers
14236.0,2010-07-22 14:27:00,2011-09-20 09:13:00,5,774,1555.34,33.09234042553192,197.3404255319149,12.063829787234043,14,Summer,United Kingdom,81,5,1555.34,0,Regular Customers
14237.0,2010-04-28 10:04:00,2010-12-01 13:20:00,2,238,471.14,18.12076923076923,143.92307692307693,14.23076923076923,10,Spring,United Kingdom,373,2,471.14,1,At-Risk Customers
14238.0,2009-12-05 10:58:00,2011-01-17 14:40:00,3,189,434.23,33.402307692307694,84.92307692307692,5.923076923076923,14,Winter,United Kingdom,326,3,434.23,1,At-Risk Customers
14239.0,2009-12-05 12:36:00,2011-10-27 14:40:00,21,1729,4263.17,20.300809523809523,101.52857142857142,12.647619047619049,14,Spring,United Kingdom,43,21,4263.17,0,Regular Customers
14240.0,2010-10-12 12:48:00,2011-11-09 13:45:00,3,655,1247.49,20.45065573770492,264.6065573770492,24.34426229508197,13,Autumn,United Kingdom,30,3,1247.49,0,Regular Customers
14241.0,2010-01-12 15:11:00,2011-06-09 11:46:00,2,242,333.7,27.808333333333334,137.66666666666666,8.666666666666666,11,Summer,United Kingdom,184,2,333.70000000000005,0,Regular Customers
14242.0,2011-01-18 08:53:00,2011-04-19 11:46:00,2,123,280.55,17.534375,61.5,8.0,8,Spring,United Kingdom,235,2,280.55,0,Regular Customers
14243.0,2010-08-20 13:41:00,2011-12-01 11:12:00,17,3631,7217.75,19.883608815427,528.3250688705234,45.815426997245176,13,Summer,United Kingdom,9,17,7217.75,0,Regular Customers
14244.0,2010-02-17 11:40:00,2010-02-17 11:40:00,1,814,366.42,22.90125,814.0,16.0,11,Winter,United Kingdom,661,1,366.42,1,At-Risk Customers
14245.0,2011-03-21 10:41:00,2011-05-04 08:40:00,2,976,1693.45,15.680092592592594,522.425925925926,57.129629629629626,10,Spring,United Kingdom,220,2,1693.45,0,Regular Customers
14246.0,2011-04-08 08:25:00,2011-08-21 11:50:00,3,804,1474.06,19.65413333333333,268.68,25.026666666666667,11,Summer,United Kingdom,111,3,1474.06,0,Regular Customers
14247.0,2010-06-06 15:07:00,2011-03-06 15:21:00,5,378,753.56,6.668672566371681,80.15044247787611,21.92920353982301,13,Summer,United Kingdom,278,5,753.56,1,At-Risk Customers
14248.0,2010-07-12 14:27:00,2011-01-25 14:45:00,3,692,1032.95,21.977659574468085,270.0,17.638297872340427,14,Summer,United Kingdom,318,3,1032.95,1,At-Risk Customers
14249.0,2010-01-29 14:21:00,2010-10-25 12:34:00,12,2383,5400.461,19.854636029411765,342.23161764705884,40.94485294117647,13,Spring,United Kingdom,411,12,5400.461,1,At-Risk Customers
14250.0,2011-09-11 13:44:00,2011-12-02 14:30:00,3,1200,1904.05,17.153603603603603,634.8288288288288,55.72072072072072,13,Autumn,United Kingdom,7,3,1904.05,0,Regular Customers
14251.0,2011-10-13 12:46:00,2011-12-08 08:32:00,5,1674,2879.7000000000003,36.91923076923077,475.5128205128205,22.384615384615383,12,Autumn,United Kingdom,2,5,2879.7000000000003,0,Regular Customers
14252.0,2010-11-23 13:36:00,2010-11-23 13:36:00,1,111,350.99,35.099000000000004,111.0,10.0,13,Autumn,United Kingdom,381,1,350.99,1,At-Risk Customers
14253.0,2010-03-26 15:08:00,2010-08-03 14:55:00,2,88,363.4,30.28333333333333,44.0,6.0,14,Spring,United Kingdom,493,2,363.4,1,At-Risk Customers
14254.0,2010-10-03 11:52:00,2010-10-03 11:52:00,1,263,601.03,26.13173913043478,263.0,23.0,11,Autumn,United Kingdom,433,1,601.03,1,At-Risk Customers
14255.0,2010-06-11 15:54:00,2010-06-11 15:54:00,1,1,1000.63,1000.63,1.0,1.0,15,Summer,United Kingdom,546,1,1000.63,1,At-Risk Customers
14256.0,2010-01-14 10:35:00,2011-03-24 13:17:00,5,1147,2460.79,18.50218045112782,325.6015037593985,37.64661654135338,10,Winter,United Kingdom,260,5,2460.79,0,Regular Customers
14257.0,2010-03-01 15:36:00,2011-10-06 16:54:00,9,3332,5954.45,24.81020833333333,493.2916666666667,38.275,15,Summer,United Kingdom,64,9,5954.45,0,Regular Customers
14258.0,2009-12-04 08:36:00,2011-11-30 15:27:00,25,17488,32051.34,106.8378,902.5733333333334,16.373333333333335,10,Winter,United Kingdom,9,25,32051.34,0,Regular Customers
14259.0,2011-07-21 10:44:00,2011-07-21 10:44:00,1,68,120.0,24.0,68.0,5.0,10,Summer,United Kingdom,142,1,120.0,0,Regular Customers
14260.0,2010-06-09 11:23:00,2010-08-25 14:55:00,3,544,824.28,16.16235294117647,304.0,28.45098039215686,11,Summer,United Kingdom,471,3,824.28,1,At-Risk Customers
14261.0,2011-09-22 10:47:00,2011-10-20 10:04:00,2,406,1163.45,22.37403846153846,337.46153846153845,39.88461538461539,10,Autumn,United Kingdom,51,2,1163.45,0,Regular Customers
14262.0,2011-04-13 12:23:00,2011-12-01 14:17:00,8,1645,2618.23,18.3093006993007,224.7762237762238,20.412587412587413,12,Autumn,United Kingdom,8,8,2618.23,0,Regular Customers
14263.0,2010-10-12 14:09:00,2010-10-12 14:09:00,1,171,322.93,20.183125,171.0,16.0,14,Autumn,United Kingdom,423,1,322.93,1,At-Risk Customers
14264.0,2010-04-07 13:21:00,2011-07-08 10:20:00,6,553,1517.36,19.207088607594937,136.34177215189874,17.68354430379747,13,Spring,United Kingdom,155,6,1517.36,0,Regular Customers
14265.0,2010-04-06 14:39:00,2011-08-22 13:32:00,4,715,1373.35,17.384177215189872,190.36708860759487,23.20253164556962,12,Autumn,Unspecified,109,4,1373.35,0,Regular Customers
14266.0,2010-10-07 13:32:00,2010-10-07 13:32:00,1,24,40.56,40.56,24.0,1.0,13,Autumn,United Kingdom,428,1,40.56,1,At-Risk Customers
14267.0,2011-03-24 11:38:00,2011-06-30 10:09:00,3,530,1516.24,27.568,190.0,19.545454545454547,10,Spring,United Kingdom,163,3,1516.24,0,Regular Customers
14268.0,2010-08-26 10:45:00,2010-08-26 10:45:00,1,147,354.85,18.676315789473687,147.0,19.0,10,Summer,United Kingdom,471,1,354.85,1,At-Risk Customers
14269.0,2010-09-26 12:53:00,2010-09-26 12:53:00,1,123,295.73,18.483125,123.0,16.0,12,Autumn,United Kingdom,439,1,295.73,1,At-Risk Customers
14270.0,2011-01-12 09:33:00,2011-01-12 09:33:00,1,197,492.65,16.98793103448276,197.0,29.0,9,Winter,United Kingdom,332,1,492.65,1,At-Risk Customers
14271.0,2010-10-26 17:01:00,2011-04-28 12:47:00,2,148,214.18,5.636315789473684,67.36842105263158,23.26315789473684,17,Autumn,United Kingdom,226,2,214.18,0,Regular Customers
14272.0,2010-05-06 14:01:00,2011-09-27 10:08:00,4,1097,920.81,14.38765625,348.109375,18.65625,10,Spring,United Kingdom,74,4,920.81,0,Regular Customers
14273.0,2011-04-11 13:24:00,2011-10-19 13:20:00,4,264,559.97,19.309310344827587,69.62068965517241,7.896551724137931,13,Spring,United Kingdom,51,4,559.97,0,Regular Customers
14274.0,2010-01-22 12:51:00,2010-01-22 12:51:00,1,178,256.6,17.10666666666667,178.0,15.0,12,Winter,United Kingdom,686,1,256.6,1,At-Risk Customers
14275.0,2010-04-11 12:32:00,2010-11-09 09:06:00,6,538,1189.38,51.71217391304347,123.30434782608695,4.826086956521739,8,Autumn,United Kingdom,396,6,1189.38,1,At-Risk Customers
14276.0,2010-02-17 13:10:00,2011-09-02 09:45:00,7,1406,2102.68,17.377520661157025,233.61157024793388,20.107438016528924,9,Summer,United Kingdom,99,7,2102.68,0,Regular Customers
14277.0,2009-12-13 15:43:00,2011-11-24 15:01:00,9,89806,17197.61,45.37627968337731,10849.24802110818,71.42480211081794,15,Autumn,France,15,9,17197.61,0,Regular Customers
14278.0,2010-10-26 12:07:00,2010-10-26 12:07:00,1,131,205.83,15.833076923076923,131.0,13.0,12,Autumn,United Kingdom,410,1,205.83,1,At-Risk Customers
14279.0,2010-01-27 16:34:00,2010-07-07 08:42:00,2,46,191.86,63.95333333333334,22.666666666666668,1.6666666666666667,16,Winter,United Kingdom,521,2,191.86,1,At-Risk Customers
14280.0,2011-05-27 10:37:00,2011-05-27 10:37:00,1,52,134.04,16.755,52.0,8.0,10,Spring,United Kingdom,197,1,134.04,0,Regular Customers
14281.0,2010-10-27 14:45:00,2010-10-27 14:45:00,1,45,245.15,35.02142857142857,45.0,7.0,14,Autumn,United Kingdom,408,1,245.15,1,At-Risk Customers
14282.0,2010-02-15 11:22:00,2011-12-06 17:04:00,25,5166,7250.76,30.3379079497908,223.652719665272,12.05439330543933,14,Autumn,United Kingdom,3,25,7250.76,0,Regular Customers
14283.0,2010-05-19 12:22:00,2010-09-02 14:46:00,4,550,628.44,15.327804878048784,146.390243902439,11.731707317073171,12,Summer,United Kingdom,463,4,628.4399999999999,1,At-Risk Customers
14284.0,2010-02-24 12:06:00,2011-11-09 08:11:00,3,510,1299.65,19.39776119402985,221.70149253731344,26.19402985074627,12,Winter,United Kingdom,31,3,1299.65,0,Regular Customers
14285.0,2009-12-08 14:13:00,2011-11-18 14:50:00,8,954,3284.42,53.84295081967213,183.14754098360652,13.524590163934429,14,Autumn,United Kingdom,21,8,3284.42,0,Regular Customers
14286.0,2009-12-04 08:40:00,2011-11-16 10:34:00,7,8795,8479.76,16.993507014028058,1506.3627254509015,90.97995991983969,8,Autumn,United Kingdom,24,7,8479.76,0,Regular Customers
14287.0,2011-05-25 11:41:00,2011-12-01 13:25:00,3,261,176.63,19.625555555555557,65.0,3.888888888888889,13,Winter,United Kingdom,8,3,176.63,0,Regular Customers
14288.0,2011-05-10 13:22:00,2011-05-10 13:22:00,1,188,426.6,26.6625,188.0,16.0,13,Spring,United Kingdom,213,1,426.6,0,Regular Customers
14289.0,2011-02-23 12:33:00,2011-12-01 11:44:00,6,292,911.26,19.388510638297877,77.74468085106383,11.382978723404255,12,Winter,United Kingdom,9,6,911.26,0,Regular Customers
14290.0,2009-12-08 11:44:00,2011-11-28 14:02:00,8,1600,4516.56,29.910993377483447,233.64238410596028,21.781456953642383,14,Autumn,United Kingdom,11,8,4516.56,0,Regular Customers
14291.0,2009-12-09 10:46:00,2011-12-08 10:26:00,23,6146,7904.1,16.000202429149798,478.8016194331984,36.90688259109312,10,Spring,United Kingdom,2,23,7904.1,0,Regular Customers
14292.0,2010-03-19 11:10:00,2011-12-02 11:50:00,16,3429,9226.25,47.80440414507772,296.53367875647666,18.17098445595855,12,Spring,United Kingdom,8,16,9226.25,0,Regular Customers
14293.0,2009-12-10 10:57:00,2011-12-06 15:17:00,9,1558,2903.01,24.395042016806723,203.89915966386556,15.571428571428571,15,Winter,United Kingdom,3,9,2903.01,0,Regular Customers
14294.0,2010-10-28 16:25:00,2010-10-28 16:25:00,1,190,375.34,16.31913043478261,190.0,23.0,16,Autumn,United Kingdom,407,1,375.34,1,At-Risk Customers
14295.0,2009-12-08 09:49:00,2011-10-30 15:50:00,5,1029,2362.91,32.818194444444444,301.1388888888889,21.38888888888889,12,Summer,United Kingdom,40,5,2362.91,0,Regular Customers
14296.0,2010-05-14 14:34:00,2010-10-14 14:14:00,2,314,456.4,16.9037037037037,163.85185185185185,13.962962962962964,14,Autumn,United Kingdom,421,2,456.4,1,At-Risk Customers
14297.0,2011-03-10 08:31:00,2011-11-22 09:06:00,4,865,1305.33,21.053709677419352,332.14516129032256,22.161290322580644,9,Autumn,United Kingdom,18,4,1305.33,0,Regular Customers
14298.0,2009-12-11 13:49:00,2011-12-01 13:12:00,82,100272,91194.49,31.84165153631285,2968.1623603351954,94.97067039106145,12,Spring,United Kingdom,8,82,91194.49,3,Loyal Customers
14299.0,2009-12-02 10:58:00,2011-12-01 16:05:00,27,8136,14070.25,42.00074626865672,432.5014925373134,20.27164179104477,12,Autumn,United Kingdom,8,27,14070.25,0,Regular Customers
14300.0,2011-11-21 08:57:00,2011-11-21 08:57:00,1,32,43.2,14.4,32.0,3.0,8,Autumn,United Kingdom,19,1,43.2,0,Regular Customers
14301.0,2010-02-11 13:07:00,2011-08-14 15:33:00,4,1686,1992.18,37.58830188679245,430.8679245283019,13.60377358490566,13,Spring,United Kingdom,117,4,1992.18,0,Regular Customers
14302.0,2009-12-02 08:16:00,2010-10-05 08:10:00,3,298,742.9000000000001,26.532142857142865,132.5,14.785714285714286,9,Winter,United Kingdom,431,3,742.9000000000001,1,At-Risk Customers
14303.0,2010-10-01 10:31:00,2010-10-28 15:37:00,2,218,277.94,12.633636363636365,109.0,11.0,10,Autumn,United Kingdom,407,2,277.94,1,At-Risk Customers
14304.0,2010-05-18 10:50:00,2011-05-01 11:50:00,3,775,1725.01,19.602386363636363,281.90909090909093,32.20454545454545,10,Spring,United Kingdom,223,3,1725.01,0,Regular Customers
14305.0,2011-07-27 14:14:00,2011-09-29 15:29:00,3,1089,1858.96,17.70438095238095,545.8761904761905,53.41904761904762,14,Summer,United Kingdom,71,3,1858.96,0,Regular Customers
14306.0,2010-01-31 13:42:00,2011-10-19 13:23:00,6,2065,3151.4,68.50869565217391,687.1304347826087,18.0,10,Autumn,United Kingdom,51,6,3151.4,0,Regular Customers
14307.0,2009-12-07 13:06:00,2011-09-12 09:38:00,10,2816,4287.92,16.366106870229007,359.9465648854962,32.36641221374046,9,Winter,United Kingdom,89,10,4287.92,0,Regular Customers
14308.0,2010-06-08 16:39:00,2010-06-08 16:48:00,2,2,1147.02,573.51,1.0,1.0,16,Summer,United Kingdom,549,2,1147.02,1,At-Risk Customers
14309.0,2010-06-07 10:24:00,2011-12-01 13:33:00,11,2583,3780.81,20.004285714285714,301.7566137566138,23.14814814814815,10,Summer,United Kingdom,8,11,3780.81,0,Regular Customers
14310.0,2010-10-03 12:34:00,2010-10-03 12:34:00,1,230,492.1,22.36818181818182,230.0,22.0,12,Autumn,United Kingdom,433,1,492.1,1,At-Risk Customers
14311.0,2010-05-21 10:28:00,2011-04-11 10:14:00,2,235,516.45,16.65967741935484,125.7741935483871,16.806451612903224,10,Spring,United Kingdom,243,2,516.45,0,Regular Customers
14312.0,2010-07-23 15:05:00,2011-10-24 09:46:00,11,1904,3090.29,17.168277777777778,327.8,27.57777777777778,15,Autumn,United Kingdom,47,11,3090.29,0,Regular Customers
14314.0,2010-10-05 08:00:00,2011-08-25 10:39:00,2,332,229.8,22.98,244.0,6.8,10,Summer,United Kingdom,107,2,229.8,0,Regular Customers
14315.0,2010-03-15 12:49:00,2011-10-26 12:06:00,8,1344,3197.82,24.04375939849624,220.1954887218045,22.278195488721803,12,Spring,United Kingdom,45,8,3197.82,0,Regular Customers
14316.0,2010-03-19 15:18:00,2010-10-13 16:31:00,5,4494,1370.34,44.20451612903226,944.3225806451612,9.193548387096774,8,Spring,United Kingdom,422,5,1370.34,1,At-Risk Customers
14317.0,2011-10-06 10:44:00,2011-10-06 10:44:00,1,255,508.58,21.19083333333333,255.0,24.0,10,Autumn,United Kingdom,65,1,508.58,0,Regular Customers
14318.0,2010-09-05 15:32:00,2010-09-05 15:32:00,1,152,158.02,17.55777777777778,152.0,9.0,15,Autumn,United Kingdom,460,1,158.02,1,At-Risk Customers
14319.0,2010-10-11 13:38:00,2010-10-11 13:38:00,1,329,494.85,19.032692307692308,329.0,26.0,13,Autumn,United Kingdom,424,1,494.85,1,At-Risk Customers
14320.0,2010-01-21 11:44:00,2011-05-17 09:24:00,5,713,1346.75,16.626543209876544,155.87654320987653,17.666666666666668,12,Winter,United Kingdom,207,5,1346.75,0,Regular Customers
14321.0,2010-08-23 12:56:00,2011-11-29 09:47:00,7,3275,2218.06,12.391396648044692,496.4860335195531,26.731843575419,9,Summer,United Kingdom,11,7,2218.06,0,Regular Customers
14322.0,2010-02-18 08:49:00,2010-10-06 15:17:00,4,158,474.1,36.46923076923077,80.92307692307692,5.769230769230769,12,Autumn,United Kingdom,429,4,474.1,1,At-Risk Customers
14323.0,2011-04-15 11:44:00,2011-08-17 11:37:00,2,350,605.0600000000001,16.807222222222222,177.61111111111111,18.05555555555556,11,Spring,United Kingdom,115,2,605.0600000000001,0,Regular Customers
14324.0,2010-01-15 13:31:00,2010-10-26 11:44:00,2,402,701.61,17.112439024390245,204.17073170731703,20.804878048780488,13,Winter,United Kingdom,410,2,701.61,1,At-Risk Customers
14325.0,2010-05-19 09:20:00,2010-05-19 09:20:00,1,320,245.48,13.637777777777778,320.0,18.0,9,Spring,United Kingdom,570,1,245.48,1,At-Risk Customers
14326.0,2010-06-25 12:10:00,2011-04-11 15:04:00,3,572,940.98,16.50842105263158,224.7719298245614,22.403508771929825,13,Autumn,United Kingdom,242,3,940.98,0,Regular Customers
14327.0,2010-01-08 14:04:00,2011-06-29 13:58:00,6,1296,1894.93,17.87669811320755,221.08490566037736,18.056603773584907,15,Autumn,United Kingdom,163,6,1894.93,0,Regular Customers
14328.0,2010-09-27 16:01:00,2010-09-27 16:01:00,1,1,445.05,445.05,1.0,1.0,16,Autumn,United Kingdom,438,1,445.05,1,At-Risk Customers
14329.0,2009-12-16 15:31:00,2011-11-22 15:50:00,15,5913,9887.62,17.912355072463768,490.0815217391304,46.47463768115942,15,Winter,United Kingdom,17,15,9887.62,0,Regular Customers
14330.0,2010-03-26 09:10:00,2010-03-26 09:10:00,1,103,200.63,15.433076923076923,103.0,13.0,9,Spring,United Kingdom,624,1,200.63,1,At-Risk Customers
14331.0,2011-07-27 15:14:00,2011-08-07 13:17:00,2,252,462.66,16.52357142857143,204.57142857142856,21.142857142857142,15,Summer,United Kingdom,124,2,462.66,0,Regular Customers
14332.0,2010-10-19 13:01:00,2011-11-17 11:54:00,5,875,1917.41,30.925967741935484,202.3548387096774,15.306451612903226,13,Autumn,United Kingdom,23,5,1917.41,0,Regular Customers
14333.0,2011-10-03 10:38:00,2011-10-03 10:38:00,1,58,415.2,27.68,58.0,15.0,10,Autumn,United Kingdom,68,1,415.2,0,Regular Customers
14334.0,2010-05-20 10:04:00,2011-11-23 10:01:00,12,2986,4318.4800000000005,16.73829457364341,266.30232558139534,22.627906976744185,10,Spring,United Kingdom,17,12,4318.48,0,Regular Customers
14335.0,2011-09-04 13:07:00,2011-11-23 13:41:00,2,375,454.86,7.581,237.33333333333331,33.0,13,Autumn,Germany,16,2,454.86,0,Regular Customers
14336.0,2011-03-08 16:48:00,2011-11-23 11:40:00,4,1759,1614.91,17.943444444444445,497.0444444444444,25.044444444444444,11,Spring,United Kingdom,17,4,1614.91,0,Regular Customers
14338.0,2010-06-21 10:32:00,2011-07-01 14:08:00,3,622,928.1,18.562,309.48,25.24,13,Spring,United Kingdom,161,3,928.1,0,Regular Customers
14339.0,2010-10-07 08:50:00,2011-04-11 11:06:00,2,456,620.27,26.968260869565217,214.95652173913044,12.043478260869565,11,Spring,United Kingdom,243,2,620.27,0,Regular Customers
14340.0,2011-05-05 09:44:00,2011-05-05 09:44:00,1,58,134.7,22.45,58.0,6.0,9,Spring,United Kingdom,219,1,134.7,0,Regular Customers
14341.0,2009-12-01 12:20:00,2011-10-25 15:48:00,18,2813,4452.02,16.800075471698115,230.56981132075472,21.486792452830187,15,Autumn,United Kingdom,45,18,4452.02,0,Regular Customers
14342.0,2010-08-24 13:03:00,2011-11-18 13:21:00,6,521,918.44,27.831515151515152,87.42424242424242,6.636363636363637,13,Summer,United Kingdom,21,6,918.44,0,Regular Customers
14343.0,2010-01-18 16:47:00,2010-10-14 13:05:00,4,626,1079.66,4.613931623931625,190.68376068376068,71.8974358974359,15,Spring,United Kingdom,421,4,1079.66,1,At-Risk Customers
14344.0,2010-03-23 15:47:00,2011-08-04 13:51:00,20,1546,2993.05,13.01326086956522,110.2304347826087,25.317391304347822,13,Spring,United Kingdom,127,20,2993.05,0,Regular Customers
14345.0,2011-11-01 09:51:00,2011-11-01 09:51:00,1,50,108.98,18.16333333333333,50.0,6.0,9,Autumn,United Kingdom,39,1,108.98,0,Regular Customers
14346.0,2010-07-30 10:44:00,2011-08-11 09:47:00,5,1878,2315.75,15.861301369863014,521.486301369863,38.05479452054794,10,Summer,United Kingdom,121,5,2315.75,0,Regular Customers
14347.0,2009-12-03 10:49:00,2009-12-03 10:49:00,1,48,82.60000000000001,13.766666666666667,48.0,6.0,10,Winter,United Kingdom,737,1,82.6,1,At-Risk Customers
14348.0,2011-03-24 16:23:00,2011-03-24 16:23:00,1,183,409.57,22.753888888888888,183.0,18.0,16,Spring,United Kingdom,260,1,409.57,1,At-Risk Customers
14349.0,2011-11-29 15:39:00,2011-11-29 15:39:00,1,86,133.5,4.306451612903226,86.0,31.0,15,Autumn,United Kingdom,10,1,133.5,0,Regular Customers
14350.0,2010-10-05 15:52:00,2011-03-10 14:14:00,3,543,972.03,16.47508474576271,183.3728813559322,19.94915254237288,15,Autumn,United Kingdom,274,3,972.03,1,At-Risk Customers
14351.0,2011-06-28 11:56:00,2011-06-28 11:56:00,1,12,51.0,51.0,12.0,1.0,11,Summer,United Kingdom,165,1,51.0,0,Regular Customers
14352.0,2011-03-11 14:58:00,2011-07-05 15:41:00,4,538,1078.96,22.95659574468085,230.5531914893617,19.51063829787234,8,Spring,United Kingdom,157,4,1078.96,0,Regular Customers
14353.0,2010-10-04 12:38:00,2011-05-08 16:06:00,3,344,376.5,15.06,148.4,10.28,12,Autumn,United Kingdom,215,3,376.5,0,Regular Customers
14354.0,2011-11-09 15:36:00,2011-12-04 11:32:00,2,210,163.62,18.18,100.0,5.0,15,Autumn,United Kingdom,6,2,163.62,0,Regular Customers
14355.0,2010-03-22 15:08:00,2010-12-09 12:16:00,3,617,840.0500000000001,14.000833333333334,228.16666666666663,22.1,15,Autumn,United Kingdom,366,3,840.0500000000001,1,At-Risk Customers
14356.0,2011-09-19 14:43:00,2011-09-21 09:18:00,2,277,701.23,21.24939393939394,136.4848484848485,17.242424242424242,14,Autumn,United Kingdom,80,2,701.23,0,Regular Customers
14357.0,2011-10-27 16:23:00,2011-10-27 16:23:00,1,147,225.12,5.628,147.0,39.0,16,Autumn,United Kingdom,43,1,225.12,0,Regular Customers
14358.0,2010-10-07 17:26:00,2010-11-15 15:51:00,2,338,400.06,16.0024,192.32,14.92,17,Autumn,United Kingdom,389,2,400.06,1,At-Risk Customers
14359.0,2011-09-13 09:03:00,2011-11-20 13:17:00,3,371,912.18,16.585090909090912,149.0909090909091,21.98181818181818,9,Autumn,United Kingdom,19,3,912.18,0,Regular Customers
14360.0,2011-09-06 11:58:00,2011-11-08 09:12:00,4,1139,2118.03,18.102820512820514,508.64957264957263,50.21367521367522,11,Autumn,United Kingdom,32,4,2118.03,0,Regular Customers
14361.0,2010-05-10 12:29:00,2010-05-10 12:29:00,1,251,214.71,15.336428571428572,251.0,14.0,12,Spring,United Kingdom,579,1,214.71,1,At-Risk Customers
14362.0,2011-11-17 15:08:00,2011-11-17 15:08:00,1,96,151.5,4.094594594594595,96.0,37.0,15,Autumn,United Kingdom,22,1,151.5,0,Regular Customers
14363.0,2010-09-14 14:39:00,2010-11-02 17:01:00,2,105,227.47000000000003,28.433750000000003,56.375,4.25,17,Autumn,United Kingdom,402,2,227.47000000000003,1,At-Risk Customers
14364.0,2011-05-12 12:56:00,2011-08-23 11:01:00,8,1967,3717.35,53.87463768115942,257.2028985507246,9.579710144927535,11,Summer,United Kingdom,109,8,3717.35,0,Regular Customers
14365.0,2010-01-27 09:44:00,2010-11-10 09:52:00,2,557,634.68,12.44470588235294,285.5686274509804,25.980392156862745,9,Winter,United Kingdom,395,2,634.68,1,At-Risk Customers
14366.0,2010-07-02 17:23:00,2010-07-02 17:23:00,1,16,136.0,136.0,16.0,1.0,17,Summer,United Kingdom,525,1,136.0,1,At-Risk Customers
14367.0,2011-03-08 14:12:00,2011-12-01 13:19:00,16,4426,9227.82,17.711746641074857,364.52783109404993,47.08061420345489,14,Spring,United Kingdom,8,16,9227.82,0,Regular Customers
14368.0,2011-01-24 09:52:00,2011-01-24 09:52:00,1,36,155.0,19.375,36.0,8.0,9,Winter,United Kingdom,320,1,155.0,1,At-Risk Customers
14369.0,2010-02-16 10:28:00,2010-03-07 15:47:00,2,255,469.13,18.04346153846154,144.34615384615384,15.76923076923077,15,Spring,United Kingdom,642,2,469.13,1,At-Risk Customers
14370.0,2010-02-01 08:35:00,2010-09-15 10:53:00,6,266,1175.78,26.722272727272728,61.38636363636363,11.818181818181818,8,Spring,United Kingdom,451,6,1175.78,1,At-Risk Customers
14371.0,2011-02-17 16:35:00,2011-02-17 16:35:00,1,34,100.5,25.125,34.0,4.0,16,Winter,United Kingdom,295,1,100.5,1,At-Risk Customers
14372.0,2010-04-19 15:57:00,2010-09-22 16:17:00,2,378,860.08,22.633684210526315,190.26315789473685,19.84210526315789,15,Spring,United Kingdom,443,2,860.08,1,At-Risk Customers
14373.0,2010-12-16 15:40:00,2010-12-16 15:40:00,1,17,76.55,19.1375,17.0,4.0,15,Winter,United Kingdom,358,1,76.55,1,At-Risk Customers
14374.0,2010-06-16 14:25:00,2010-06-16 14:25:00,1,20,108.0,15.428571428571429,20.0,7.0,14,Summer,United Kingdom,541,1,108.0,1,At-Risk Customers
14375.0,2010-06-16 14:34:00,2011-06-07 13:44:00,3,647,1106.82,5.399121951219512,219.50731707317075,64.83414634146341,14,Summer,United Kingdom,185,3,1106.82,0,Regular Customers
14376.0,2010-01-25 15:36:00,2010-01-25 15:36:00,1,50,215.46,11.97,50.0,17.0,15,Winter,United Kingdom,683,1,215.46,1,At-Risk Customers
14377.0,2011-03-22 13:38:00,2011-06-01 13:32:00,2,219,617.05,56.095454545454544,105.54545454545456,5.909090909090909,13,Summer,United Kingdom,191,2,617.05,0,Regular Customers
14378.0,2010-03-28 12:22:00,2010-03-28 12:22:00,1,57,131.25,14.583333333333334,57.0,9.0,12,Spring,United Kingdom,622,1,131.25,1,At-Risk Customers
14379.0,2010-08-16 15:31:00,2011-10-26 16:43:00,4,712,1265.16,9.8840625,192.296875,33.75,16,Autumn,United Kingdom,44,4,1265.16,0,Regular Customers
14380.0,2010-01-26 17:11:00,2010-01-26 17:11:00,1,1,48.96,48.96,1.0,1.0,17,Winter,United Kingdom,682,1,48.96,1,At-Risk Customers
14381.0,2010-09-14 16:15:00,2011-10-18 17:10:00,2,449,625.94,5.58875,224.5,56.0,16,Autumn,United Kingdom,52,2,625.9399999999999,0,Regular Customers
14382.0,2010-11-14 16:32:00,2011-11-13 16:18:00,2,1667,1193.63,4.278243727598566,795.0322580645161,129.7741935483871,16,Autumn,United Kingdom,26,2,1193.63,0,Regular Customers
14383.0,2011-06-29 10:18:00,2011-11-01 15:53:00,3,817,1247.69,21.14728813559322,295.3728813559322,21.06779661016949,13,Autumn,United Kingdom,38,3,1247.69,0,Regular Customers
14384.0,2010-07-27 09:53:00,2010-07-27 09:53:00,1,30,58.5,19.5,30.0,3.0,9,Summer,United Kingdom,501,1,58.5,1,At-Risk Customers
14385.0,2011-11-16 11:55:00,2011-11-30 15:36:00,3,159,202.11,14.43642857142857,52.92857142857143,4.714285714285714,13,Autumn,United Kingdom,9,3,202.11,0,Regular Customers
14386.0,2011-02-16 09:45:00,2011-02-16 09:45:00,1,54,142.4,20.342857142857145,54.0,7.0,9,Winter,United Kingdom,297,1,142.4,1,At-Risk Customers
14387.0,2011-08-22 14:13:00,2011-11-07 12:29:00,3,795,1727.6,12.428776978417266,276.48920863309354,47.16546762589928,12,Autumn,United Kingdom,33,3,1727.6,0,Regular Customers
14388.0,2010-01-20 11:54:00,2011-11-29 13:32:00,16,4190,6388.2,16.254961832061067,270.0687022900763,25.15267175572519,16,Autumn,United Kingdom,10,16,6388.2,0,Regular Customers
14389.0,2010-04-28 14:57:00,2011-10-05 15:17:00,5,1388,1898.01,21.816206896551723,310.1264367816092,18.701149425287355,15,Autumn,United Kingdom,65,5,1898.01,0,Regular Customers
14390.0,2010-10-10 14:30:00,2011-11-29 13:49:00,13,2830,6150.03,13.39875816993464,286.5250544662309,49.93899782135076,13,Autumn,United Kingdom,10,13,6150.03,0,Regular Customers
14391.0,2010-05-12 09:42:00,2010-05-12 09:42:00,1,168,135.6,9.685714285714283,168.0,14.0,9,Spring,United Kingdom,577,1,135.6,1,At-Risk Customers
14392.0,2010-10-03 12:56:00,2010-10-03 12:56:00,1,114,266.4,19.02857142857143,114.0,14.0,12,Autumn,United Kingdom,432,1,266.4,1,At-Risk Customers
14393.0,2011-05-05 18:16:00,2011-05-05 18:16:00,1,13,67.95,13.59,13.0,5.0,18,Spring,United Kingdom,218,1,67.95,0,Regular Customers
14394.0,2010-05-24 10:43:00,2010-05-24 10:43:00,1,58,93.8,15.633333333333333,58.0,6.0,10,Spring,United Kingdom,565,1,93.8,1,At-Risk Customers
14395.0,2010-04-18 13:12:00,2011-12-07 14:34:00,20,3872,7801.93,10.015314505776637,242.50320924261877,47.18356867779204,12,Spring,United Kingdom,2,20,7801.93,0,Regular Customers
14396.0,2009-12-02 14:21:00,2011-10-05 16:09:00,7,959,1969.38,7.909156626506024,149.59839357429718,37.9277108433735,14,Winter,United Kingdom,65,7,1969.38,0,Regular Customers
14397.0,2011-05-10 12:25:00,2011-12-07 09:22:00,19,1890,2612.96,30.034022988505747,121.816091954023,5.781609195402299,9,Autumn,United Kingdom,3,19,2612.96,0,Regular Customers
14398.0,2010-06-30 11:57:00,2010-11-03 13:46:00,2,267,707.79,13.354528301886791,143.9433962264151,27.264150943396228,11,Summer,United Kingdom,401,2,707.79,1,At-Risk Customers
14399.0,2010-02-03 13:09:00,2010-11-10 13:23:00,8,965,2108.21,10.980260416666669,133.22395833333334,28.14583333333333,13,Spring,United Kingdom,394,8,2108.21,1,At-Risk Customers
14400.0,2010-03-18 12:11:00,2011-07-13 15:50:00,3,1706,1732.47,23.73246575342466,569.4520547945206,24.45205479452055,12,Spring,United Kingdom,149,3,1732.47,0,Regular Customers
14401.0,2009-12-14 13:22:00,2011-12-05 13:30:00,22,6401,6795.9,25.5484962406015,340.82706766917295,14.135338345864662,13,Summer,United Kingdom,4,22,6795.9,0,Regular Customers
14402.0,2010-02-25 13:20:00,2010-02-25 13:20:00,1,240,285.6,35.7,240.0,8.0,13,Winter,United Kingdom,652,1,285.6,1,At-Risk Customers
14403.0,2010-03-10 14:00:00,2011-08-01 12:57:00,6,737,1880.51,75.2204,197.64,8.92,14,Spring,United Kingdom,130,6,1880.51,0,Regular Customers
14404.0,2009-12-20 14:40:00,2011-11-06 12:30:00,13,1577,2724.13,15.050441988950276,131.2596685082873,16.751381215469614,14,Winter,United Kingdom,34,13,2724.13,0,Regular Customers
14405.0,2010-11-18 11:40:00,2010-11-18 11:40:00,1,100,195.0,97.5,100.0,2.0,11,Autumn,United Kingdom,387,1,195.0,1,At-Risk Customers
14406.0,2011-08-12 16:54:00,2011-08-12 16:54:00,1,77,156.75,19.59375,77.0,8.0,16,Summer,United Kingdom,119,1,156.75,0,Regular Customers
14407.0,2011-03-08 11:59:00,2011-08-24 14:02:00,6,1415,2157.73,29.55794520547945,351.1095890410959,17.684931506849313,13,Summer,United Kingdom,107,6,2157.73,0,Regular Customers
14408.0,2009-12-07 12:18:00,2011-11-29 11:41:00,11,2438,4102.27,32.048984375,322.9921875,22.171875,11,Summer,United Kingdom,11,11,4102.27,0,Regular Customers
14409.0,2010-05-21 16:45:00,2011-09-29 18:18:00,9,2233,3427.29,32.95471153846154,383.6923076923077,18.46153846153846,10,Summer,United Kingdom,71,9,3427.29,0,Regular Customers
14410.0,2010-09-28 15:46:00,2011-09-08 15:08:00,11,1369,2631.9,6.8361038961038965,269.12207792207795,72.48311688311688,14,Autumn,United Kingdom,92,11,2631.9,0,Regular Customers
14411.0,2011-02-02 10:56:00,2011-02-02 10:56:00,1,196,1063.0,75.92857142857143,196.0,14.0,10,Winter,United Kingdom,311,1,1063.0,1,At-Risk Customers
14412.0,2010-10-11 12:33:00,2011-10-28 10:45:00,3,1428,1426.19,16.978452380952383,556.7857142857143,32.023809523809526,12,Autumn,United Kingdom,43,3,1426.19,0,Regular Customers
14413.0,2010-01-19 14:27:00,2010-12-12 13:37:00,4,277,764.52,7.96375,75.63541666666667,48.5625,14,Autumn,United Kingdom,362,4,764.52,1,At-Risk Customers
14414.0,2010-11-30 10:12:00,2011-09-09 12:09:00,8,2877,2399.33,20.333305084745763,391.8559322033898,16.610169491525422,13,Summer,United Kingdom,92,8,2399.33,0,Regular Customers
14415.0,2009-12-16 14:08:00,2011-12-08 14:38:00,23,6263,11980.09,9.708338735818476,337.6880064829822,64.54376012965965,14,Autumn,United Kingdom,1,23,11980.09,0,Regular Customers
14416.0,2011-10-28 15:10:00,2011-11-17 15:22:00,2,326,490.22,35.01571428571429,219.57142857142856,9.285714285714286,15,Autumn,United Kingdom,22,2,490.22,0,Regular Customers
14417.0,2010-11-17 10:55:00,2010-11-17 10:55:00,1,543,524.65,4.484188034188034,543.0,106.0,10,Autumn,United Kingdom,388,1,524.65,1,At-Risk Customers
14418.0,2011-08-23 17:18:00,2011-12-06 11:39:00,3,1711,1937.25,15.622983870967742,685.4596774193549,48.2258064516129,11,Winter,United Kingdom,4,3,1937.25,0,Regular Customers
14419.0,2010-11-22 11:09:00,2011-11-29 11:22:00,7,552,1254.64,5.576177777777779,84.05333333333333,34.52444444444444,11,Autumn,United Kingdom,11,7,1254.64,0,Regular Customers
14420.0,2010-01-17 12:41:00,2011-09-01 18:07:00,4,1120,1639.17,17.62548387096774,286.38709677419354,23.655913978494624,18,Autumn,United Kingdom,99,4,1639.17,0,Regular Customers
14421.0,2010-01-17 11:30:00,2011-10-13 13:24:00,6,1342,2469.37,25.722604166666667,382.6875,26.5,11,Winter,United Kingdom,57,6,2469.37,0,Regular Customers
14422.0,2009-12-17 12:12:00,2011-12-09 11:26:00,19,6067,10271.52,18.60782608695652,442.51630434782606,37.75,10,Autumn,United Kingdom,1,19,10271.52,0,Regular Customers
14423.0,2010-01-14 11:49:00,2011-05-05 15:12:00,3,419,916.61,61.10733333333334,179.26666666666668,8.733333333333333,10,Autumn,United Kingdom,218,3,916.61,0,Regular Customers
14424.0,2011-11-22 11:48:00,2011-11-22 11:48:00,1,48,322.08,322.08,48.0,1.0,11,Autumn,United Kingdom,18,1,322.08,0,Regular Customers
14425.0,2009-12-02 11:31:00,2010-10-01 10:24:00,3,325,661.39,16.958717948717947,106.51282051282053,13.051282051282053,11,Winter,United Kingdom,435,3,661.39,1,At-Risk Customers
14426.0,2010-03-04 14:36:00,2011-11-16 12:25:00,17,7023,11727.94,19.41711920529801,603.0182119205298,54.33112582781457,14,Summer,United Kingdom,24,17,11727.94,0,Regular Customers
14427.0,2010-03-18 09:49:00,2011-10-20 14:23:00,4,538,1263.52,28.716363636363635,239.1590909090909,20.13636363636364,9,Spring,United Kingdom,50,4,1263.52,0,Regular Customers
14428.0,2011-01-18 16:39:00,2011-12-02 13:17:00,5,428,1224.06,8.934744525547444,119.992700729927,53.43795620437956,16,Autumn,United Kingdom,7,5,1224.06,0,Regular Customers
14429.0,2010-11-01 10:08:00,2010-11-01 10:08:00,1,286,516.28,23.467272727272725,286.0,22.0,10,Autumn,United Kingdom,404,1,516.28,1,At-Risk Customers
14430.0,2010-04-11 15:59:00,2010-07-16 11:35:00,3,446,1220.9,34.88285714285715,222.68571428571428,17.4,15,Spring,United Kingdom,512,3,1220.9,1,At-Risk Customers
14431.0,2010-01-21 10:49:00,2011-02-10 10:40:00,4,1202,2614.2,32.27407407407407,367.17283950617286,22.45679012345679,10,Winter,United Kingdom,303,4,2614.2,1,At-Risk Customers
14432.0,2011-09-11 14:09:00,2011-11-30 08:04:00,6,2013,2248.5,5.964190981432361,497.59681697612734,99.41909814323608,15,Autumn,United Kingdom,10,6,2248.5,0,Regular Customers
14433.0,2010-08-31 12:35:00,2010-08-31 12:35:00,1,131,280.7,3.7932432432432432,131.0,72.0,12,Summer,United Kingdom,466,1,280.7,1,At-Risk Customers
14434.0,2011-09-28 15:31:00,2011-11-18 08:56:00,6,368,1372.8,114.4,73.0,2.333333333333333,12,Autumn,United Kingdom,22,6,1372.8,0,Regular Customers
14435.0,2010-07-26 12:33:00,2010-07-26 12:33:00,1,282,90.42,30.14,282.0,3.0,12,Summer,United Kingdom,502,1,90.42,1,At-Risk Customers
14436.0,2010-06-04 11:32:00,2011-09-02 10:13:00,2,297,271.7,24.7,136.0909090909091,7.727272727272727,10,Autumn,United Kingdom,99,2,271.70000000000005,0,Regular Customers
14437.0,2010-05-05 12:20:00,2010-12-09 09:27:00,5,420,873.34,20.793809523809525,105.9047619047619,10.952380952380953,12,Spring,United Kingdom,366,5,873.34,1,At-Risk Customers
14438.0,2011-02-06 14:56:00,2011-02-06 14:56:00,1,82,131.9,14.655555555555557,82.0,9.0,14,Winter,United Kingdom,306,1,131.9,1,At-Risk Customers
14439.0,2010-01-21 14:01:00,2011-01-24 11:39:00,5,2244,9443.04,73.20186046511628,553.2868217054264,32.16279069767442,14,Winter,Greece,320,5,9443.04,1,At-Risk Customers
14440.0,2009-12-02 12:13:00,2011-12-01 15:42:00,13,1605,5982.03,46.734609375,152.390625,12.5,12,Winter,United Kingdom,8,13,5982.03,0,Regular Customers
14441.0,2010-01-18 10:40:00,2011-12-09 09:07:00,11,1260,4611.6900000000005,29.946038961038965,133.83766233766235,16.83116883116883,10,Autumn,United Kingdom,1,11,4611.6900000000005,0,Regular Customers
14442.0,2010-01-18 12:59:00,2011-05-19 11:36:00,7,1431,5367.02,29.327978142076507,238.6065573770492,30.30054644808743,11,Autumn,Channel Islands,205,7,5367.02,0,Regular Customers
14443.0,2010-11-25 14:18:00,2011-10-17 10:10:00,5,1357,2082.9700000000003,15.661428571428573,296.436090225564,28.72932330827068,11,Autumn,United Kingdom,54,5,2082.97,0,Regular Customers
14444.0,2010-09-09 18:56:00,2010-09-09 18:56:00,1,172,120.44,10.94909090909091,172.0,11.0,18,Autumn,United Kingdom,456,1,120.44,1,At-Risk Customers
14445.0,2010-09-10 11:09:00,2010-09-10 11:09:00,1,83,221.65,6.9265625,83.0,32.0,11,Autumn,United Kingdom,456,1,221.65,1,At-Risk Customers
14446.0,2010-11-18 12:08:00,2011-12-09 11:34:00,5,1091,1200.28,3.762633228840125,248.34796238244516,69.1974921630094,12,Autumn,United Kingdom,1,5,1200.28,0,Regular Customers
14447.0,2010-11-04 13:32:00,2011-11-21 08:28:00,6,913,1711.73,16.148396226415095,209.0754716981132,23.79245283018868,13,Autumn,United Kingdom,19,6,1711.73,0,Regular Customers
14448.0,2010-12-10 17:26:00,2011-11-30 13:50:00,2,104,375.35,18.7675,45.6,16.4,17,Winter,United Kingdom,9,2,375.35,0,Regular Customers
14449.0,2010-09-29 13:15:00,2011-11-21 12:06:00,8,1604,2230.96,4.61896480331263,252.41407867494823,68.30227743271222,13,Autumn,United Kingdom,19,8,2230.96,0,Regular Customers
14450.0,2010-04-08 12:09:00,2011-06-12 10:46:00,7,522,1128.44,14.847894736842106,78.97368421052632,11.947368421052632,12,Autumn,United Kingdom,181,7,1128.44,0,Regular Customers
14451.0,2010-01-17 10:35:00,2011-10-10 13:38:00,12,1737,3258.68,6.364609375,154.568359375,43.3515625,12,Autumn,United Kingdom,60,12,3258.68,0,Regular Customers
14452.0,2010-07-06 13:13:00,2011-11-29 12:06:00,4,285,658.95,5.108139534883721,73.83720930232558,32.10077519379845,14,Autumn,United Kingdom,11,4,658.95,0,Regular Customers
14453.0,2011-06-02 14:15:00,2011-06-02 14:15:00,1,49,119.93,5.451363636363637,49.0,22.0,14,Summer,United Kingdom,190,1,119.93,0,Regular Customers
14454.0,2009-12-06 12:56:00,2010-11-28 13:26:00,5,400,977.3,8.884545454545455,80.50909090909092,23.618181818181817,13,Winter,United Kingdom,376,5,977.3,1,At-Risk Customers
14455.0,2010-08-01 13:26:00,2010-10-03 15:48:00,4,706,617.72,8.022337662337662,289.83116883116884,34.15584415584416,15,Autumn,United Kingdom,432,4,617.72,1,At-Risk Customers
14456.0,2011-07-20 13:06:00,2011-12-04 13:59:00,9,2885,3017.28,3.1861457233368533,432.76663146779305,136.01478352692715,15,Autumn,United Kingdom,5,9,3017.28,0,Regular Customers
14457.0,2011-02-02 09:39:00,2011-02-02 09:39:00,1,88,113.64,28.41,88.0,4.0,9,Winter,United Kingdom,311,1,113.64,1,At-Risk Customers
14458.0,2010-11-24 12:43:00,2010-11-24 12:43:00,1,317,228.07,4.852553191489362,317.0,46.0,12,Autumn,United Kingdom,381,1,228.07,1,At-Risk Customers
14459.0,2010-02-26 13:26:00,2011-07-07 13:35:00,2,2303,5375.741,47.57292920353982,1286.6194690265486,63.23008849557522,13,Winter,United Kingdom,155,2,5375.741,0,Regular Customers
14460.0,2009-12-15 19:06:00,2011-08-21 14:19:00,9,1879,1093.5,26.035714285714285,281.1190476190476,6.9523809523809526,12,Summer,United Kingdom,110,9,1093.5,0,Regular Customers
14461.0,2010-01-18 12:48:00,2011-07-14 17:11:00,13,3005,6676.91,10.498286163522012,266.8883647798742,61.12893081761006,12,Summer,United Kingdom,148,13,6676.91,0,Regular Customers
14462.0,2010-10-03 14:13:00,2011-10-04 15:55:00,12,1063,2242.81,7.98153024911032,114.3950177935943,34.05338078291815,13,Autumn,United Kingdom,66,12,2242.81,0,Regular Customers
14463.0,2010-07-28 11:35:00,2011-09-02 15:20:00,4,210,786.5699999999999,98.32125,52.5,2.0,10,Summer,United Kingdom,98,4,786.5699999999999,0,Regular Customers
14464.0,2010-03-22 15:20:00,2010-05-20 18:00:00,2,62,111.0,27.75,22.5,2.5,18,Spring,United Kingdom,568,2,111.0,1,At-Risk Customers
14465.0,2010-01-07 15:03:00,2011-04-07 12:38:00,11,2539,3925.85,20.34119170984456,177.32124352331607,37.9119170984456,12,Spring,United Kingdom,247,11,3925.85,0,Regular Customers
14466.0,2009-12-13 15:44:00,2011-11-10 14:07:00,13,2507,4267.15,20.714320388349517,250.2864077669903,20.33980582524272,13,Winter,United Kingdom,29,13,4267.15,0,Regular Customers
14467.0,2009-12-02 12:44:00,2011-11-22 12:48:00,12,1187,2203.24,7.271419141914192,114.22112211221122,27.8019801980198,12,Autumn,United Kingdom,18,12,2203.24,0,Regular Customers
14468.0,2009-12-06 12:21:00,2009-12-06 12:21:00,1,164,204.24,17.02,164.0,12.0,12,Winter,United Kingdom,734,1,204.24,1,At-Risk Customers
14469.0,2010-01-29 11:12:00,2010-10-19 14:30:00,4,973,2093.46,14.437655172413791,268.84137931034485,37.95172413793104,14,Autumn,United Kingdom,416,4,2093.46,1,At-Risk Customers
14470.0,2010-10-05 12:39:00,2011-11-28 10:31:00,3,282,712.04,11.867333333333333,113.05,26.3,11,Winter,United Kingdom,12,3,712.04,0,Regular Customers
14471.0,2009-12-07 12:26:00,2010-04-27 17:12:00,2,187,400.95,9.779268292682929,101.58536585365852,22.5609756097561,12,Winter,United Kingdom,591,2,400.95,1,At-Risk Customers
14472.0,2010-01-19 13:09:00,2011-08-28 11:01:00,9,1271,2118.72,6.856699029126213,172.62783171521036,41.420711974110034,12,Winter,United Kingdom,104,9,2118.72,0,Regular Customers
14473.0,2011-03-02 13:56:00,2011-09-26 15:10:00,2,88,234.34,33.47714285714286,68.28571428571429,5.285714285714286,15,Autumn,United Kingdom,74,2,234.34000000000003,0,Regular Customers
14474.0,2010-05-09 12:12:00,2011-10-24 13:26:00,2,448,1258.89,9.91251968503937,269.6377952755906,81.4724409448819,12,Spring,United Kingdom,46,2,1258.89,0,Regular Customers
14475.0,2010-10-27 09:20:00,2011-09-29 10:46:00,4,541,1151.15,23.98229166666667,142.91666666666666,13.166666666666666,10,Autumn,United Kingdom,72,4,1151.15,0,Regular Customers
14476.0,2011-03-27 15:39:00,2011-03-27 15:39:00,1,110,193.0,11.352941176470589,110.0,17.0,15,Spring,United Kingdom,257,1,193.0,1,At-Risk Customers
14477.0,2010-01-04 15:41:00,2011-11-20 11:11:00,7,1120,1969.6,140.68571428571428,185.7142857142857,2.571428571428572,12,Autumn,United Kingdom,20,7,1969.6,0,Regular Customers
14478.0,2009-12-01 13:20:00,2010-11-22 15:29:00,4,1226,1276.66,18.774411764705885,305.0,17.91176470588235,13,Winter,United Kingdom,382,4,1276.66,1,At-Risk Customers
14479.0,2009-12-06 13:48:00,2011-03-31 09:07:00,4,562,1124.71,8.091438848920864,214.9064748201439,63.381294964028775,11,Autumn,United Kingdom,254,4,1124.71,0,Regular Customers
14480.0,2009-12-21 16:32:00,2011-11-28 16:35:00,4,670,1299.52,19.992615384615384,170.7076923076923,16.53846153846154,12,Autumn,United Kingdom,11,4,1299.52,0,Regular Customers
14481.0,2010-01-31 12:43:00,2011-06-28 10:38:00,5,1568,2284.69,15.231266666666668,347.62666666666667,35.25333333333333,19,Winter,United Kingdom,165,5,2284.69,0,Regular Customers
14482.0,2010-08-26 14:13:00,2011-11-21 13:14:00,12,2869,4306.72,17.65049180327869,259.5860655737705,34.41393442622951,15,Autumn,United Kingdom,18,12,4306.72,0,Regular Customers
14483.0,2009-12-03 10:16:00,2011-03-03 10:26:00,2,193,257.1,19.77692307692308,96.6923076923077,7.461538461538462,10,Spring,United Kingdom,282,2,257.1,1,At-Risk Customers
14484.0,2009-12-17 10:57:00,2011-10-20 14:11:00,4,744,1070.98,20.20716981132076,221.5283018867925,16.0188679245283,10,Autumn,United Kingdom,50,4,1070.98,0,Regular Customers
14485.0,2011-11-01 12:25:00,2011-11-01 12:25:00,1,70,162.8,3.539130434782609,70.0,44.0,12,Autumn,United Kingdom,39,1,162.8,0,Regular Customers
14486.0,2010-06-04 10:30:00,2010-07-16 09:42:00,2,90,175.5,29.25,45.0,3.0,9,Summer,United Kingdom,512,2,175.5,1,At-Risk Customers
14487.0,2010-11-25 13:36:00,2011-11-13 12:17:00,7,761,1266.27,7.537321428571428,145.07142857142858,28.36904761904762,13,Autumn,United Kingdom,27,7,1266.27,0,Regular Customers
14488.0,2011-10-03 09:30:00,2011-10-03 09:30:00,1,799,1064.28,23.136521739130437,799.0,46.0,9,Autumn,United Kingdom,68,1,1064.28,0,Regular Customers
14489.0,2010-04-06 09:52:00,2011-05-16 14:51:00,4,1011,1574.93,15.7493,263.34,26.18,9,Spring,United Kingdom,207,4,1574.93,0,Regular Customers
14490.0,2010-10-07 11:36:00,2010-10-29 15:04:00,2,933,1273.47,15.918375,470.4375,41.225,15,Autumn,United Kingdom,406,2,1273.47,1,At-Risk Customers
14491.0,2010-12-02 12:10:00,2011-06-17 15:22:00,2,139,340.93,20.05470588235294,85.11764705882354,10.882352941176473,15,Summer,United Kingdom,175,2,340.93,0,Regular Customers
14492.0,2010-03-30 14:23:00,2010-10-05 13:21:00,7,751,1921.91,20.890326086956524,127.33695652173913,16.152173913043477,13,Summer,United Kingdom,430,7,1921.91,1,At-Risk Customers
14493.0,2010-03-08 08:33:00,2011-12-02 16:14:00,10,3148,5087.86,14.332,440.9774647887324,56.11830985915493,13,Summer,United Kingdom,7,10,5087.86,0,Regular Customers
14494.0,2009-12-08 13:25:00,2011-11-14 09:21:00,3,210,401.46,23.615294117647057,86.23529411764706,7.705882352941177,13,Autumn,United Kingdom,26,3,401.46,0,Regular Customers
14495.0,2010-02-18 08:49:00,2011-10-20 12:28:00,3,68,174.8,24.97142857142857,30.0,3.0,12,Autumn,United Kingdom,51,3,174.8,0,Regular Customers
14496.0,2010-03-16 13:15:00,2011-02-01 09:01:00,7,905,2363.89,22.300849056603774,194.16037735849056,22.452830188679247,13,Spring,United Kingdom,312,7,2363.89,1,At-Risk Customers
14497.0,2010-02-04 09:59:00,2011-02-03 17:01:00,2,332,697.0600000000001,17.4265,197.05,24.05,17,Winter,United Kingdom,309,2,697.0600000000001,1,At-Risk Customers
14498.0,2010-06-07 16:05:00,2011-10-28 12:09:00,10,2120,3900.83,10.571355013550136,260.23035230352303,44.479674796747965,12,Summer,United Kingdom,43,10,3900.83,0,Regular Customers
14499.0,2010-08-27 11:57:00,2011-11-13 13:01:00,7,1231,2101.79,6.758167202572347,201.28938906752413,56.91639871382637,11,Autumn,United Kingdom,26,7,2101.79,0,Regular Customers
14500.0,2011-06-03 10:08:00,2011-09-12 16:45:00,3,117,356.85,50.97857142857144,75.57142857142857,3.142857142857143,10,Summer,United Kingdom,88,3,356.85,0,Regular Customers
14501.0,2011-01-24 10:43:00,2011-06-09 12:02:00,2,161,251.21,25.121,87.6,5.2,12,Summer,United Kingdom,184,2,251.21,0,Regular Customers
14502.0,2011-01-30 15:52:00,2011-11-20 11:50:00,11,1480,2429.83,3.996430921052632,206.3766447368421,78.375,14,Autumn,United Kingdom,20,11,2429.83,0,Regular Customers
14503.0,2011-06-14 10:00:00,2011-12-06 13:30:00,6,2004,3543.26,21.605243902439025,405.4085365853659,34.21951219512195,14,Autumn,United Kingdom,3,6,3543.26,0,Regular Customers
14504.0,2011-03-06 14:38:00,2011-10-23 16:00:00,4,308,673.26,6.2921495327102805,90.85046728971965,31.710280373831772,16,Spring,United Kingdom,47,4,673.26,0,Regular Customers
14505.0,2009-12-09 14:48:00,2011-11-22 15:45:00,19,5325,11879.08,7.542273015873016,373.91873015873017,108.3352380952381,16,Summer,United Kingdom,17,19,11879.08,0,Regular Customers
14506.0,2010-04-19 08:27:00,2011-11-22 13:02:00,7,936,2960.25,7.437814070351759,174.60301507537687,80.41457286432161,14,Autumn,United Kingdom,17,7,2960.25,0,Regular Customers
14507.0,2009-12-10 17:04:00,2011-11-16 12:21:00,11,1491,3216.74,12.467984496124032,195.60852713178292,31.88372093023256,12,Autumn,United Kingdom,24,11,3216.74,0,Regular Customers
14508.0,2010-06-17 13:02:00,2011-11-17 19:48:00,5,347,822.92,4.649265536723164,70.09604519774011,36.14689265536723,13,Autumn,United Kingdom,22,5,822.92,0,Regular Customers
14509.0,2010-06-23 13:21:00,2010-06-23 13:21:00,1,38,110.95,4.438,38.0,25.0,13,Summer,United Kingdom,534,1,110.95,1,At-Risk Customers
14510.0,2010-09-29 13:35:00,2010-11-29 12:46:00,3,793,979.85,13.064666666666668,385.76,36.54666666666667,12,Autumn,United Kingdom,376,3,979.85,1,At-Risk Customers
14511.0,2011-07-29 12:13:00,2011-11-28 17:05:00,5,784,1314.81,19.33544117647059,180.48529411764707,15.323529411764708,17,Autumn,United Kingdom,11,5,1314.81,0,Regular Customers
14512.0,2009-12-07 13:49:00,2011-06-05 12:39:00,7,736,1215.97,15.392025316455696,117.39240506329114,12.139240506329116,13,Spring,United Kingdom,188,7,1215.97,0,Regular Customers
14513.0,2010-05-20 17:57:00,2011-08-31 11:25:00,6,593,788.01,41.47421052631579,87.63157894736842,4.894736842105263,9,Spring,United Kingdom,101,6,788.01,0,Regular Customers
14514.0,2009-12-13 13:21:00,2011-10-09 16:05:00,9,2362,4380.04,13.730532915360502,299.7554858934169,41.11598746081505,13,Winter,United Kingdom,61,9,4380.04,0,Regular Customers
14515.0,2010-06-07 12:37:00,2011-11-22 11:37:00,12,1893,3724.06,21.52635838150289,230.3121387283237,21.520231213872837,12,Autumn,United Kingdom,18,12,3724.06,0,Regular Customers
14516.0,2010-07-11 14:07:00,2010-07-11 14:07:00,1,63,151.17,4.3191428571428565,63.0,35.0,14,Summer,United Kingdom,516,1,151.17,1,At-Risk Customers
14517.0,2011-07-21 11:42:00,2011-11-06 14:20:00,2,91,330.45,18.35833333333333,60.77777777777778,11.77777777777778,11,Summer,United Kingdom,33,2,330.45,0,Regular Customers
14518.0,2011-10-06 14:43:00,2011-10-06 14:43:00,1,278,174.37,10.898125,278.0,16.0,14,Autumn,United Kingdom,64,1,174.37,0,Regular Customers
14519.0,2009-12-11 10:40:00,2010-01-25 11:18:00,2,81,203.14,5.34578947368421,42.5,19.84210526315789,10,Winter,United Kingdom,684,2,203.14,1,At-Risk Customers
14520.0,2011-02-22 09:15:00,2011-12-08 09:46:00,2,146,270.6,67.65,59.5,2.5,9,Winter,United Kingdom,2,2,270.6,0,Regular Customers
14521.0,2010-08-05 16:35:00,2010-08-05 16:35:00,1,211,199.45,11.732352941176472,211.0,17.0,16,Summer,United Kingdom,491,1,199.45,1,At-Risk Customers
14522.0,2010-01-24 13:55:00,2011-11-15 13:24:00,8,956,1748.42,38.85377777777778,145.57777777777778,7.977777777777778,12,Spring,United Kingdom,24,8,1748.42,0,Regular Customers
14523.0,2011-08-23 13:13:00,2011-08-23 13:13:00,1,251,241.09,20.09083333333333,251.0,12.0,13,Summer,United Kingdom,108,1,241.09,0,Regular Customers
14524.0,2010-10-19 11:44:00,2011-11-08 12:29:00,13,1169,2909.86,9.036832298136646,128.02173913043478,34.37888198757764,12,Autumn,United Kingdom,32,13,2909.86,0,Regular Customers
14525.0,2009-12-13 14:01:00,2011-11-20 11:37:00,17,5106,8026.54,15.25958174904943,414.9619771863118,54.347908745247146,12,Autumn,United Kingdom,20,17,8026.54,0,Regular Customers
14526.0,2010-11-15 13:32:00,2010-11-15 13:32:00,1,178,258.65,6.308536585365853,178.0,41.0,13,Autumn,United Kingdom,389,1,258.65,1,At-Risk Customers
14527.0,2009-12-02 12:06:00,2011-12-07 12:19:00,122,6647,27246.88,10.324698749526336,74.1659719590754,28.09965896172793,12,Winter,United Kingdom,3,122,27246.88,3,Loyal Customers
14528.0,2011-11-02 17:09:00,2011-11-02 17:09:00,1,278,364.22,20.23444444444444,278.0,18.0,17,Autumn,United Kingdom,37,1,364.22,0,Regular Customers
14529.0,2011-08-21 14:10:00,2011-10-10 15:27:00,3,325,578.61,2.7164788732394367,113.06103286384976,71.08450704225352,15,Autumn,United Kingdom,60,3,578.61,0,Regular Customers
14530.0,2010-01-21 11:25:00,2011-11-14 10:38:00,16,2989,6088.87,12.872875264270611,215.03594080338263,35.34249471458774,11,Autumn,United Kingdom,26,16,6088.87,0,Regular Customers
14531.0,2010-08-17 10:16:00,2010-08-17 10:16:00,1,260,376.34,12.977241379310344,260.0,29.0,10,Summer,United Kingdom,480,1,376.34,1,At-Risk Customers
14532.0,2010-01-10 11:47:00,2011-04-17 13:05:00,11,1111,3845.78,12.247707006369428,128.80573248407643,38.18471337579618,12,Spring,United Kingdom,236,11,3845.78,0,Regular Customers
14533.0,2010-04-08 12:13:00,2011-11-15 12:05:00,11,6038,3466.37,38.947977528089886,575.123595505618,10.370786516853933,12,Autumn,United Kingdom,25,11,3466.37,0,Regular Customers
14534.0,2010-03-15 14:16:00,2011-12-07 12:19:00,26,2822,6187.66,8.65406993006993,128.5076923076923,33.841958041958044,12,Summer,United Kingdom,3,26,6187.66,0,Regular Customers
14535.0,2010-02-24 15:03:00,2011-10-10 15:39:00,9,3214,5973.2300000000005,7.240278787878789,411.5636363636364,101.54424242424244,15,Spring,United Kingdom,60,9,5973.2300000000005,0,Regular Customers
14536.0,2011-03-25 12:21:00,2011-03-25 12:21:00,1,39,170.95,9.497222222222222,39.0,18.0,12,Spring,United Kingdom,260,1,170.95,1,At-Risk Customers
14537.0,2010-03-26 13:44:00,2011-10-13 10:54:00,2,228,641.4,27.88695652173913,113.21739130434784,11.695652173913045,13,Spring,United Kingdom,58,2,641.4,0,Regular Customers
14538.0,2010-01-25 15:42:00,2011-10-06 10:31:00,5,284,1370.84,26.36230769230769,68.51923076923077,12.538461538461538,10,Summer,United Kingdom,65,5,1370.84,0,Regular Customers
14539.0,2011-10-26 12:03:00,2011-11-24 09:50:00,2,428,537.48,16.79625,304.5625,21.0625,9,Autumn,United Kingdom,16,2,537.48,0,Regular Customers
14540.0,2009-12-07 13:00:00,2011-11-30 10:15:00,11,1595,3709.64,14.051666666666666,164.18939393939394,34.61742424242424,15,Winter,United Kingdom,10,11,3709.64,0,Regular Customers
14541.0,2010-01-07 11:59:00,2011-10-12 10:08:00,14,1123,2491.38,14.236457142857144,128.85142857142858,21.84,15,Winter,United Kingdom,59,14,2491.38,0,Regular Customers
14542.0,2011-06-07 08:19:00,2011-06-07 08:19:00,1,19,103.25,20.65,19.0,5.0,8,Summer,United Kingdom,186,1,103.25,0,Regular Customers
14543.0,2009-12-01 13:47:00,2011-11-11 12:45:00,39,2639,14587.87,68.81070754716981,92.80660377358492,7.561320754716981,12,Spring,United Kingdom,29,39,14587.87,0,Regular Customers
14544.0,2010-08-26 16:00:00,2011-11-15 15:06:00,3,2412,2938.53,15.714064171122995,810.8021390374331,60.31550802139037,16,Summer,United Kingdom,24,3,2938.53,0,Regular Customers
14545.0,2010-02-03 15:23:00,2010-02-03 15:23:00,1,236,349.25,15.184782608695652,236.0,23.0,15,Winter,United Kingdom,674,1,349.25,1,At-Risk Customers
14546.0,2009-12-06 13:10:00,2011-12-04 13:00:00,11,2688,5184.84,6.563088607594937,266.9291139240506,77.83544303797468,13,Autumn,United Kingdom,5,11,5184.84,0,Regular Customers
14547.0,2011-10-16 14:35:00,2011-12-06 11:06:00,8,2639,3974.75,11.196478873239435,396.256338028169,60.48450704225352,14,Autumn,United Kingdom,4,8,3974.75,0,Regular Customers
14548.0,2009-12-06 14:00:00,2011-07-12 12:19:00,9,986,2541.29,23.102636363636364,144.77272727272728,22.26363636363636,14,Winter,United Kingdom,151,9,2541.29,0,Regular Customers
14549.0,2009-12-02 14:06:00,2011-02-01 13:47:00,4,394,913.6,6.388811188811189,116.006993006993,47.67132867132867,13,Winter,United Kingdom,311,4,913.6,1,At-Risk Customers
14550.0,2010-08-13 12:05:00,2011-11-29 12:12:00,4,771,1345.06,13.866597938144327,195.9381443298969,23.77319587628866,12,Autumn,United Kingdom,11,4,1345.06,0,Regular Customers
14551.0,2010-01-27 12:06:00,2011-11-21 13:36:00,7,486,878.09,11.115063291139242,112.88607594936708,26.873417721518987,14,Autumn,United Kingdom,18,7,878.09,0,Regular Customers
14552.0,2010-04-26 13:44:00,2011-07-11 12:49:00,3,258,507.93,3.298246753246753,87.21428571428571,52.58441558441559,12,Spring,United Kingdom,152,3,507.93,0,Regular Customers
14553.0,2010-07-18 12:07:00,2011-11-20 13:20:00,9,1118,1818.6,6.314583333333333,169.52083333333334,47.09027777777778,12,Autumn,United Kingdom,19,9,1818.6,0,Regular Customers
14554.0,2011-10-18 13:04:00,2011-11-29 16:44:00,4,1443,2279.49,11.229014778325125,555.9753694581281,82.58620689655173,13,Autumn,United Kingdom,10,4,2279.49,0,Regular Customers
14555.0,2009-12-18 11:39:00,2011-10-13 16:24:00,6,842,2304.03,19.692564102564106,181.06837606837607,24.49572649572649,11,Autumn,United Kingdom,57,6,2304.03,0,Regular Customers
14556.0,2010-01-20 11:49:00,2010-04-22 14:57:00,3,323,815.69,4.161683673469388,113.62244897959184,68.62244897959184,14,Winter,United Kingdom,596,3,815.69,1,At-Risk Customers
14557.0,2011-09-15 15:48:00,2011-09-15 15:48:00,1,510,788.38,49.27375,510.0,16.0,15,Autumn,United Kingdom,85,1,788.38,0,Regular Customers
14558.0,2009-12-08 10:41:00,2010-02-23 12:51:00,3,162,655.5,43.7,79.6,7.8,10,Winter,United Kingdom,654,3,655.5,1,At-Risk Customers
14559.0,2010-11-14 16:05:00,2010-11-14 16:05:00,1,72,75.6,37.8,72.0,2.0,16,Autumn,United Kingdom,390,1,75.6,1,At-Risk Customers
14560.0,2009-12-02 10:15:00,2011-12-02 15:22:00,44,4580,6114.03,30.57015,145.875,7.46,11,Winter,United Kingdom,7,44,6114.03,0,Regular Customers
14561.0,2011-06-08 13:26:00,2011-09-25 12:39:00,3,1014,1080.76,15.6631884057971,403.69565217391306,25.28985507246377,13,Summer,United Kingdom,76,3,1080.76,0,Regular Customers
14562.0,2010-02-07 14:10:00,2011-12-06 11:05:00,26,2574,6638.150000000001,11.045174708818635,122.108153078203,28.05990016638935,14,Autumn,United Kingdom,4,26,6638.150000000001,0,Regular Customers
14563.0,2010-04-26 12:51:00,2010-07-18 12:01:00,2,279,640.54,6.042830188679245,194.74528301886792,70.51886792452831,12,Spring,United Kingdom,510,2,640.54,1,At-Risk Customers
14564.0,2009-12-04 09:27:00,2010-10-01 09:02:00,2,1295,2605.62,24.35158878504673,704.0093457943925,57.42990654205608,9,Autumn,Channel Islands,435,2,2605.62,1,At-Risk Customers
14565.0,2010-08-23 09:48:00,2011-09-05 09:07:00,5,1940,3859.22,24.120125,447.8125,36.6625,13,Summer,United Kingdom,96,5,3859.22,0,Regular Customers
14566.0,2010-06-24 10:34:00,2011-08-21 11:05:00,4,2400,4092.0,255.75,625.0,4.5,10,Summer,Channel Islands,111,4,4092.0,0,Regular Customers
14567.0,2011-08-01 13:48:00,2011-10-14 10:21:00,2,412,1530.36,46.374545454545455,213.2121212121212,17.242424242424242,10,Autumn,United Kingdom,57,2,1530.36,0,Regular Customers
14568.0,2010-09-30 17:15:00,2010-09-30 17:15:00,1,645,919.7,19.56808510638298,645.0,47.0,17,Autumn,Channel Islands,435,1,919.7,1,At-Risk Customers
14569.0,2010-04-15 11:49:00,2011-12-08 14:58:00,4,257,597.33,17.568529411764708,76.29411764705883,10.294117647058824,14,Spring,United Kingdom,1,4,597.3299999999999,0,Regular Customers
14570.0,2010-09-22 13:07:00,2011-03-04 10:58:00,3,431,613.75,9.025735294117649,219.02941176470588,28.294117647058822,13,Autumn,United Kingdom,281,3,613.75,1,At-Risk Customers
14571.0,2010-10-10 15:06:00,2010-10-10 15:06:00,1,56,160.0,5.333333333333333,56.0,30.0,15,Autumn,United Kingdom,425,1,160.0,1,At-Risk Customers
14572.0,2010-03-28 13:47:00,2011-12-06 14:40:00,11,2878,5526.88,10.901143984220909,341.0769230769231,55.22485207100592,16,Autumn,United Kingdom,3,11,5526.88,0,Regular Customers
14573.0,2010-01-08 16:34:00,2011-06-13 11:15:00,13,683,2163.12,6.977806451612903,76.37741935483871,35.880645161290325,11,Winter,United Kingdom,180,13,2163.12,0,Regular Customers
14574.0,2009-12-07 12:42:00,2009-12-07 12:42:00,1,63,143.70000000000002,13.063636363636364,63.0,11.0,12,Winter,United Kingdom,733,1,143.70000000000002,1,At-Risk Customers
14575.0,2010-08-08 14:51:00,2010-08-08 14:51:00,1,163,420.22,5.836388888888889,163.0,71.0,14,Summer,United Kingdom,488,1,420.22,1,At-Risk Customers
14576.0,2010-12-02 17:51:00,2010-12-02 17:51:00,1,12,35.400000000000006,35.400000000000006,12.0,1.0,17,Winter,United Kingdom,372,1,35.400000000000006,1,At-Risk Customers
14577.0,2009-12-11 12:09:00,2011-11-27 12:47:00,7,569,1364.15,7.495329670329671,88.3021978021978,27.13186813186813,12,Winter,United Kingdom,13,7,1364.15,0,Regular Customers
14578.0,2011-12-06 17:18:00,2011-12-06 17:18:00,1,240,168.63,7.02625,240.0,24.0,17,Winter,United Kingdom,3,1,168.63,0,Regular Customers
14579.0,2010-10-03 14:36:00,2010-10-03 14:36:00,1,56,105.56,4.2224,56.0,24.0,14,Autumn,United Kingdom,432,1,105.56,1,At-Risk Customers
14580.0,2010-07-09 15:20:00,2010-07-09 15:20:00,1,3,14.85,14.85,3.0,1.0,15,Summer,United Kingdom,518,1,14.85,1,At-Risk Customers
14581.0,2010-06-13 15:48:00,2011-11-23 12:39:00,2,304,409.65,6.8275,123.83333333333331,35.35,15,Summer,United Kingdom,17,2,409.65,0,Regular Customers
14582.0,2011-10-30 11:56:00,2011-10-30 11:56:00,1,73,114.11,19.01833333333333,73.0,6.0,11,Autumn,United Kingdom,41,1,114.11,0,Regular Customers
14583.0,2010-03-28 15:16:00,2011-12-04 12:32:00,8,1071,1660.29,3.5782112068965515,141.4956896551724,57.77155172413793,12,Summer,United Kingdom,6,8,1660.29,0,Regular Customers
14584.0,2010-02-17 14:01:00,2011-06-23 18:33:00,8,960,1738.16,7.973211009174312,132.89908256880733,29.24770642201835,16,Spring,United Kingdom,169,8,1738.16,0,Regular Customers
14585.0,2010-10-19 12:17:00,2011-10-20 14:33:00,5,630,1143.27,10.29972972972973,133.3783783783784,26.63963963963964,12,Autumn,United Kingdom,50,5,1143.27,0,Regular Customers
14586.0,2011-03-08 10:04:00,2011-03-08 10:04:00,1,444,237.36,12.492631578947368,444.0,19.0,10,Spring,United Kingdom,277,1,237.36,1,At-Risk Customers
14587.0,2011-01-12 13:16:00,2011-11-21 11:34:00,9,749,1580.29,4.259541778975741,93.98382749326146,46.62264150943396,13,Spring,United Kingdom,19,9,1580.29,0,Regular Customers
14588.0,2010-05-10 15:08:00,2010-05-10 15:08:00,1,62,135.39,8.461875,62.0,16.0,15,Spring,United Kingdom,578,1,135.39,1,At-Risk Customers
14589.0,2010-12-03 11:42:00,2010-12-03 11:42:00,1,5,39.75,13.25,5.0,3.0,11,Winter,United Kingdom,372,1,39.75,1,At-Risk Customers
14590.0,2009-12-07 14:10:00,2010-10-11 12:06:00,20,901,2993.37,14.818663366336631,54.43564356435643,14.589108910891088,12,Winter,United Kingdom,425,20,2993.37,1,At-Risk Customers
14591.0,2011-05-10 14:09:00,2011-11-24 13:57:00,4,1228,1320.21,7.501193181818182,284.9488636363636,50.03409090909091,13,Autumn,United Kingdom,15,4,1320.21,0,Regular Customers
14592.0,2011-10-06 18:08:00,2011-11-04 16:35:00,3,407,557.94,3.5312658227848104,156.13924050632912,56.63291139240506,18,Autumn,United Kingdom,35,3,557.94,0,Regular Customers
14593.0,2009-12-09 12:57:00,2011-11-18 12:48:00,12,1848,3665.53,5.99923076923077,204.3322422258593,58.46481178396072,12,Autumn,United Kingdom,22,12,3665.53,0,Regular Customers
14594.0,2010-12-01 13:54:00,2011-12-02 13:28:00,2,183,363.33,6.987115384615384,101.98076923076924,26.557692307692307,13,Winter,United Kingdom,7,2,363.33,0,Regular Customers
14595.0,2010-01-20 13:59:00,2011-11-20 12:12:00,8,1228,2164.45,15.915073529411764,379.40441176470586,40.19117647058823,15,Autumn,United Kingdom,20,8,2164.45,0,Regular Customers
14596.0,2010-03-23 12:13:00,2010-03-23 12:13:00,1,75,222.22,4.192830188679245,75.0,50.0,12,Spring,United Kingdom,627,1,222.22000000000003,1,At-Risk Customers
14597.0,2010-09-28 13:17:00,2011-11-28 13:13:00,6,1436,2184.63,22.996105263157897,424.4421052631579,33.242105263157896,13,Autumn,United Kingdom,11,6,2184.63,0,Regular Customers
14598.0,2010-05-19 13:07:00,2011-10-26 13:19:00,2,354,384.04,4.26711111111111,178.33333333333334,45.0,13,Autumn,United Kingdom,44,2,384.04,0,Regular Customers
14599.0,2010-07-18 15:54:00,2010-11-14 14:49:00,2,292,457.89,5.796075949367088,185.37974683544303,54.31645569620253,14,Autumn,United Kingdom,390,2,457.89,1,At-Risk Customers
14600.0,2010-11-11 15:56:00,2011-02-07 09:48:00,2,487,865.17,16.021666666666665,252.27777777777777,27.14814814814815,15,Autumn,United Kingdom,306,2,865.1700000000001,1,At-Risk Customers
14601.0,2011-11-29 09:48:00,2011-11-29 09:48:00,1,168,213.96,30.56571428571429,168.0,7.0,9,Autumn,United Kingdom,11,1,213.96,0,Regular Customers
14602.0,2010-02-21 15:47:00,2010-02-21 15:47:00,1,80,205.36,6.624516129032258,80.0,31.0,15,Winter,United Kingdom,656,1,205.36,1,At-Risk Customers
14603.0,2011-03-10 10:27:00,2011-03-10 10:27:00,1,400,660.0,330.0,400.0,2.0,10,Spring,United Kingdom,275,1,660.0,1,At-Risk Customers
14604.0,2010-03-16 13:00:00,2010-03-16 13:00:00,1,88,143.86,6.254782608695652,88.0,20.0,13,Spring,United Kingdom,633,1,143.86,1,At-Risk Customers
14605.0,2009-12-08 13:59:00,2010-11-30 14:07:00,4,416,921.56,8.532962962962964,136.63888888888889,34.31481481481482,15,Spring,United Kingdom,374,4,921.56,1,At-Risk Customers
14606.0,2009-12-03 12:40:00,2011-12-08 19:28:00,192,15217,29951.37,4.710075483566598,95.6944488127064,41.08397546784086,13,Winter,United Kingdom,1,192,29951.37,3,Loyal Customers
14607.0,2009-12-15 11:25:00,2011-11-24 10:35:00,22,15335,23763.13,117.05975369458127,762.3694581280788,15.502463054187192,10,Autumn,United Kingdom,16,22,23763.13,0,Regular Customers
14608.0,2009-12-06 12:34:00,2011-12-05 16:52:00,11,927,3352.94,77.97534883720931,101.30232558139537,4.906976744186046,11,Autumn,United Kingdom,4,11,3352.94,0,Regular Customers
14609.0,2010-02-09 09:48:00,2011-09-28 12:54:00,10,12720,1486.2,114.32307692307693,1072.6153846153843,1.6153846153846154,9,Summer,United Kingdom,72,10,1486.2,0,Regular Customers
14610.0,2010-07-13 16:06:00,2010-11-09 10:58:00,2,15,24.35,2.435,8.2,5.2,16,Summer,United Kingdom,396,2,24.35,1,At-Risk Customers
14611.0,2010-04-20 10:19:00,2010-09-22 09:19:00,2,582,604.33,15.90342105263158,291.0,19.0,9,Autumn,United Kingdom,444,2,604.3299999999999,1,At-Risk Customers
14612.0,2010-10-20 16:01:00,2010-10-20 16:01:00,1,134,877.7,62.69285714285714,134.0,14.0,16,Autumn,United Kingdom,415,1,877.7,1,At-Risk Customers
14613.0,2010-01-28 13:02:00,2010-01-28 13:02:00,1,72,76.32000000000001,76.32000000000001,72.0,1.0,13,Winter,United Kingdom,680,1,76.32000000000001,1,At-Risk Customers
14614.0,2010-11-18 13:04:00,2010-11-18 13:04:00,1,189,295.13,15.533157894736842,189.0,19.0,13,Autumn,United Kingdom,386,1,295.13,1,At-Risk Customers
14615.0,2010-06-09 13:59:00,2010-11-10 13:36:00,5,495,951.76,19.828333333333333,137.27083333333334,13.166666666666666,14,Summer,United Kingdom,394,5,951.76,1,At-Risk Customers
14616.0,2010-06-09 09:42:00,2011-04-11 09:54:00,5,170,527.78,105.556,34.0,1.0,9,Winter,United Kingdom,243,5,527.78,0,Regular Customers
14617.0,2010-10-20 10:40:00,2010-11-02 11:41:00,2,81,190.47,21.16333333333333,39.22222222222222,4.555555555555555,10,Autumn,United Kingdom,403,2,190.47000000000003,1,At-Risk Customers
14618.0,2010-06-11 10:11:00,2011-11-30 13:45:00,7,704,1342.32,26.32,119.05882352941175,9.117647058823527,16,Autumn,United Kingdom,9,7,1342.32,0,Regular Customers
14619.0,2010-06-16 14:41:00,2011-04-08 07:37:00,2,594,1291.24,21.520666666666667,345.3333333333333,33.333333333333336,14,Summer,United Kingdom,246,2,1291.24,0,Regular Customers
14620.0,2011-03-01 08:30:00,2011-05-18 11:58:00,2,214,412.78,15.876153846153848,101.76923076923076,13.307692307692308,8,Spring,United Kingdom,206,2,412.78,0,Regular Customers
14621.0,2010-01-25 09:08:00,2011-12-08 16:22:00,9,1706,3000.57,18.871509433962267,227.22012578616352,20.861635220125788,13,Summer,United Kingdom,1,9,3000.57,0,Regular Customers
14622.0,2011-06-08 12:42:00,2011-06-08 12:42:00,1,146,320.58000000000004,15.265714285714289,146.0,21.0,12,Summer,United Kingdom,185,1,320.58000000000004,0,Regular Customers
14623.0,2010-04-16 17:12:00,2011-11-07 13:56:00,10,1025,2016.98,7.152411347517731,109.86170212765956,37.55673758865248,13,Spring,United Kingdom,32,10,2016.98,0,Regular Customers
14624.0,2010-04-14 10:44:00,2011-10-13 13:44:00,6,645,814.07,15.9621568627451,148.33333333333334,11.07843137254902,10,Autumn,United Kingdom,57,6,814.07,0,Regular Customers
14625.0,2009-12-16 13:23:00,2011-05-27 15:32:00,11,2155,4497.88,16.90932330827068,233.3872180451128,28.43609022556391,12,Winter,United Kingdom,196,11,4497.88,0,Regular Customers
14626.0,2009-12-10 14:57:00,2011-11-16 10:37:00,11,3135,5410.92,23.32293103448276,321.4439655172414,25.18103448275862,10,Spring,United Kingdom,24,11,5410.92,0,Regular Customers
14627.0,2010-11-25 16:32:00,2010-11-25 16:32:00,1,284,462.75,15.95689655172414,284.0,29.0,16,Autumn,United Kingdom,379,1,462.75,1,At-Risk Customers
14628.0,2010-01-25 14:40:00,2011-09-09 14:58:00,5,1147,1998.0,23.232558139534884,266.4418604651163,18.813953488372093,14,Autumn,United Kingdom,91,5,1998.0,0,Regular Customers
14629.0,2011-10-23 16:13:00,2011-12-05 16:55:00,2,378,955.26,6.3684,191.66666666666663,74.85333333333334,16,Autumn,United Kingdom,4,2,955.26,0,Regular Customers
14630.0,2010-08-12 16:38:00,2010-08-12 16:38:00,1,111,338.65,16.126190476190477,111.0,21.0,16,Summer,United Kingdom,484,1,338.65,1,At-Risk Customers
14631.0,2010-08-09 14:45:00,2011-10-20 11:17:00,6,1407,2025.69,22.26032967032967,240.42857142857144,15.54945054945055,10,Autumn,United Kingdom,51,6,2025.69,0,Regular Customers
14632.0,2011-03-22 08:49:00,2011-03-22 08:49:00,1,96,114.56,14.32,96.0,8.0,8,Spring,United Kingdom,263,1,114.56,1,At-Risk Customers
14633.0,2011-03-18 17:07:00,2011-03-18 17:07:00,1,96,344.90000000000003,17.245,96.0,20.0,17,Spring,United Kingdom,266,1,344.90000000000003,1,At-Risk Customers
14634.0,2010-06-16 09:48:00,2010-09-28 10:40:00,4,1906,2124.46,19.49045871559633,1249.3577981651376,68.55963302752293,9,Summer,United Kingdom,438,4,2124.46,1,At-Risk Customers
14635.0,2010-09-12 10:47:00,2010-09-12 10:47:00,1,118,215.22,14.348,118.0,15.0,10,Autumn,United Kingdom,454,1,215.22,1,At-Risk Customers
14636.0,2011-03-16 09:52:00,2011-11-03 16:12:00,2,241,609.85,21.780357142857145,120.0,14.285714285714286,9,Spring,United Kingdom,36,2,609.85,0,Regular Customers
14637.0,2010-01-31 15:52:00,2010-01-31 15:52:00,1,100,106.68,15.24,100.0,7.0,15,Winter,United Kingdom,677,1,106.68,1,At-Risk Customers
14638.0,2011-10-20 10:10:00,2011-10-20 10:10:00,1,166,443.6,27.725,166.0,16.0,10,Autumn,United Kingdom,51,1,443.6,0,Regular Customers
14639.0,2010-02-16 12:35:00,2011-10-18 15:06:00,9,2410,4978.96,17.05123287671233,341.2568493150685,39.636986301369866,13,Winter,United Kingdom,52,9,4978.96,0,Regular Customers
14640.0,2010-01-22 15:44:00,2011-11-15 13:07:00,10,1645,3649.36,17.97714285714286,183.27093596059115,22.665024630541872,15,Summer,United Kingdom,24,10,3649.36,0,Regular Customers
14641.0,2011-11-18 10:42:00,2011-11-18 10:42:00,1,90,110.46,15.78,90.0,7.0,10,Autumn,United Kingdom,22,1,110.46,0,Regular Customers
14642.0,2011-10-12 11:08:00,2011-10-12 11:08:00,1,76,96.12,48.06,76.0,2.0,11,Autumn,United Kingdom,59,1,96.12,0,Regular Customers
14643.0,2009-12-11 11:52:00,2011-06-22 14:41:00,5,1377,1679.89,27.095,315.3225806451613,13.258064516129032,14,Winter,United Kingdom,170,5,1679.89,0,Regular Customers
14644.0,2009-12-03 16:24:00,2011-10-03 08:30:00,7,770,2247.72,36.25354838709677,154.5483870967742,12.451612903225806,8,Autumn,United Kingdom,68,7,2247.72,0,Regular Customers
14645.0,2010-03-15 11:33:00,2011-07-06 09:15:00,3,587,876.89,18.268541666666668,224.4375,17.625,9,Spring,United Kingdom,157,3,876.89,0,Regular Customers
14646.0,2009-12-02 16:52:00,2011-12-08 12:12:00,151,367193,528602.52,137.33502727981295,5599.39932449987,57.1091192517537,10,Autumn,Netherlands,2,151,528602.52,2,VIP Customers
14647.0,2010-07-04 13:27:00,2011-05-22 13:40:00,2,175,506.04,10.5425,88.08333333333333,21.5,13,Spring,United Kingdom,201,2,506.04,0,Regular Customers
14648.0,2009-12-10 13:59:00,2010-10-19 13:12:00,15,3265,4466.65,10.363457076566124,280.6032482598608,52.893271461716935,13,Spring,United Kingdom,416,15,4466.65,1,At-Risk Customers
14649.0,2010-01-20 13:10:00,2011-12-05 12:30:00,9,2415,3651.19,6.928254269449716,316.8576850094877,68.34345351043643,13,Autumn,United Kingdom,5,9,3651.19,0,Regular Customers
14650.0,2010-04-29 20:27:00,2010-04-29 20:27:00,1,22,62.5,15.625,22.0,4.0,20,Spring,United Kingdom,589,1,62.5,1,At-Risk Customers
14651.0,2010-03-18 11:39:00,2011-10-03 15:52:00,9,880,2025.52,7.157314487632509,123.434628975265,41.43462897526502,16,Spring,United Kingdom,67,9,2025.52,0,Regular Customers
14652.0,2011-09-23 14:21:00,2011-09-23 14:21:00,1,53,114.18,3.937241379310345,53.0,29.0,14,Autumn,United Kingdom,77,1,114.18,0,Regular Customers
14653.0,2009-12-02 11:51:00,2011-12-08 13:45:00,12,1969,3593.06,9.405916230366492,211.86387434554973,48.78795811518325,13,Autumn,United Kingdom,1,12,3593.06,0,Regular Customers
14654.0,2009-12-01 12:57:00,2009-12-01 12:57:00,1,273,246.86,9.142962962962963,273.0,27.0,12,Winter,United Kingdom,738,1,246.86,1,At-Risk Customers
14655.0,2010-04-22 14:29:00,2011-12-01 16:28:00,7,2341,3878.51,37.65543689320389,377.6019417475728,16.980582524271846,14,Autumn,United Kingdom,8,7,3878.51,0,Regular Customers
14656.0,2010-04-15 12:10:00,2011-06-23 13:51:00,5,309,790.0,3.816425120772947,64.02898550724638,40.43961352657005,13,Summer,United Kingdom,169,5,790.0,0,Regular Customers
14657.0,2010-09-30 19:57:00,2011-11-22 12:47:00,6,879,1450.19,6.938708133971292,176.0287081339713,40.526315789473685,15,Autumn,United Kingdom,18,6,1450.19,0,Regular Customers
14658.0,2011-08-14 15:42:00,2011-12-04 15:35:00,2,47,247.15,8.522413793103448,23.517241379310345,14.517241379310343,15,Winter,United Kingdom,5,2,247.15,0,Regular Customers
14659.0,2011-01-28 12:43:00,2011-12-01 12:17:00,9,1195,2529.93,9.999723320158102,163.2411067193676,32.30039525691699,12,Winter,United Kingdom,9,9,2529.93,0,Regular Customers
14660.0,2011-08-31 10:40:00,2011-09-14 11:34:00,2,228,285.74,9.524666666666668,114.66666666666669,15.066666666666666,11,Autumn,United Kingdom,87,2,285.74,0,Regular Customers
14661.0,2011-11-13 11:51:00,2011-11-13 11:51:00,1,35,107.95,26.9875,35.0,4.0,11,Autumn,United Kingdom,27,1,107.95,0,Regular Customers
14662.0,2009-12-03 16:47:00,2011-11-11 12:13:00,7,907,1376.43,5.783319327731093,178.9033613445378,43.61764705882353,12,Autumn,United Kingdom,29,7,1376.43,0,Regular Customers
14663.0,2010-10-05 13:12:00,2010-10-05 13:21:00,2,397,490.6,7.214705882352941,195.98529411764707,34.01470588235294,13,Autumn,United Kingdom,430,2,490.6,1,At-Risk Customers
14664.0,2011-11-06 14:56:00,2011-11-20 10:59:00,2,465,636.24,6.492244897959184,254.8673469387755,53.224489795918366,14,Autumn,United Kingdom,20,2,636.24,0,Regular Customers
14665.0,2010-04-26 11:17:00,2011-10-10 09:14:00,7,1144,2749.65,20.83068181818182,204.3030303030303,23.62121212121212,9,Autumn,United Kingdom,61,7,2749.65,0,Regular Customers
14666.0,2011-11-15 12:57:00,2011-11-15 12:57:00,1,161,195.25,13.946428571428571,161.0,14.0,12,Autumn,United Kingdom,24,1,195.25,0,Regular Customers
14667.0,2009-12-02 12:38:00,2011-11-29 11:30:00,54,11939,20395.34,16.05932283464567,264.9669291338583,28.34724409448819,14,Autumn,United Kingdom,11,54,20395.34,0,Regular Customers
14668.0,2010-09-20 15:03:00,2010-09-20 15:03:00,1,49,111.63,9.3025,49.0,10.0,15,Autumn,United Kingdom,445,1,111.63,1,At-Risk Customers
14669.0,2009-12-02 13:06:00,2011-04-12 11:43:00,7,2043,3216.78,8.312093023255814,307.8501291989664,57.32299741602067,12,Winter,United Kingdom,242,7,3216.78,0,Regular Customers
14670.0,2009-12-07 13:59:00,2011-03-04 14:13:00,3,423,583.33,3.2588268156424585,161.31843575418995,61.18994413407821,13,Spring,United Kingdom,280,3,583.33,1,At-Risk Customers
14671.0,2010-05-20 18:21:00,2010-06-08 13:39:00,2,571,1127.45,20.49909090909091,406.2545454545455,38.27272727272727,18,Spring,United Kingdom,549,2,1127.45,1,At-Risk Customers
14672.0,2010-01-28 11:33:00,2011-04-19 10:19:00,4,646,1113.14,10.501320754716982,163.81132075471697,27.4622641509434,10,Winter,United Kingdom,235,4,1113.14,0,Regular Customers
14673.0,2010-10-26 10:14:00,2011-12-06 14:31:00,7,1822,3037.32,20.522432432432435,308.5135135135135,26.14864864864865,12,Autumn,United Kingdom,3,7,3037.32,0,Regular Customers
14674.0,2010-07-18 14:25:00,2010-07-18 14:25:00,1,103,173.66,12.404285714285717,103.0,14.0,14,Summer,United Kingdom,509,1,173.66,1,At-Risk Customers
14675.0,2010-11-16 12:22:00,2011-11-23 12:58:00,2,660,1015.58,4.595384615384615,329.2669683257919,104.78280542986424,12,Autumn,United Kingdom,16,2,1015.58,0,Regular Customers
14676.0,2010-03-10 09:30:00,2011-11-08 13:29:00,12,8792,8356.79,62.833007518797,1600.96992481203,24.714285714285715,9,Autumn,United Kingdom,31,12,8356.79,0,Regular Customers
14677.0,2010-04-26 09:48:00,2010-04-26 09:48:00,1,139,184.91,13.207857142857142,139.0,14.0,9,Spring,United Kingdom,593,1,184.91,1,At-Risk Customers
14678.0,2010-05-09 14:32:00,2010-05-09 14:32:00,1,179,403.39,16.807916666666667,179.0,24.0,14,Spring,United Kingdom,579,1,403.39,1,At-Risk Customers
14679.0,2009-12-08 17:13:00,2010-11-23 11:51:00,3,794,1289.44,20.467301587301588,266.984126984127,21.03174603174603,11,Autumn,United Kingdom,382,3,1289.44,1,At-Risk Customers
14680.0,2009-12-04 12:36:00,2011-11-14 16:59:00,58,26894,55688.5,43.71153846153846,507.4795918367347,29.65934065934066,12,Winter,United Kingdom,25,58,55688.5,3,Loyal Customers
14681.0,2010-02-24 08:54:00,2011-09-29 15:52:00,6,172,875.1500000000001,43.75750000000001,32.1,4.4,12,Spring,United Kingdom,71,6,875.1500000000001,0,Regular Customers
14682.0,2010-02-05 14:47:00,2011-06-05 12:12:00,6,949,1514.81,17.61406976744186,408.48837209302326,36.74418604651163,9,Autumn,United Kingdom,188,6,1514.81,0,Regular Customers
14683.0,2010-04-30 17:18:00,2010-04-30 17:18:00,1,386,146.56,6.979047619047619,386.0,21.0,17,Spring,United Kingdom,588,1,146.56,1,At-Risk Customers
14684.0,2010-11-14 14:07:00,2011-11-14 11:33:00,6,1005,1430.03,2.942448559670782,187.41152263374485,90.91975308641976,12,Autumn,United Kingdom,26,6,1430.03,0,Regular Customers
14685.0,2009-12-13 11:32:00,2010-05-12 13:08:00,8,1969,4536.64,24.26010695187166,406.7700534759358,36.61497326203209,13,Winter,United Kingdom,576,8,4536.64,1,At-Risk Customers
14686.0,2010-02-18 18:29:00,2010-10-21 18:31:00,5,457,852.53,3.892831050228311,118.82191780821918,54.10045662100457,18,Autumn,United Kingdom,414,5,852.53,1,At-Risk Customers
14687.0,2010-06-06 10:36:00,2011-08-25 11:59:00,3,850,1402.06,35.0515,301.5,13.75,11,Summer,United Kingdom,107,3,1402.06,0,Regular Customers
14688.0,2010-09-09 12:35:00,2011-12-02 12:26:00,28,5041,7190.42,14.704335378323108,215.08384458077708,25.29652351738241,12,Autumn,United Kingdom,8,28,7190.42,0,Regular Customers
14689.0,2011-05-15 11:22:00,2011-05-15 11:22:00,1,76,112.8,8.676923076923078,76.0,13.0,11,Spring,United Kingdom,209,1,112.8,0,Regular Customers
14690.0,2010-10-25 12:20:00,2011-10-26 15:39:00,4,341,777.6800000000001,7.550291262135923,85.47572815533981,26.184466019417474,11,Autumn,United Kingdom,44,4,777.68,0,Regular Customers
14691.0,2011-05-11 09:55:00,2011-11-09 12:30:00,5,707,2114.33,29.779295774647885,203.05633802816905,20.239436619718308,11,Autumn,United Kingdom,31,5,2114.33,0,Regular Customers
14692.0,2010-04-01 14:04:00,2011-07-25 15:08:00,12,890,1715.14,10.787044025157233,76.70440251572327,15.918238993710691,13,Spring,United Kingdom,137,12,1715.14,0,Regular Customers
14693.0,2010-07-02 08:28:00,2011-03-20 12:50:00,7,388,1165.36,15.538133333333334,62.08,12.466666666666669,12,Summer,United Kingdom,265,7,1165.36,0,Regular Customers
14694.0,2010-04-01 19:46:00,2010-04-01 19:46:00,1,193,244.31,16.287333333333333,193.0,15.0,19,Spring,United Kingdom,617,1,244.31,1,At-Risk Customers
14695.0,2009-12-07 11:05:00,2010-07-08 14:18:00,3,661,1534.22,18.71,220.5487804878049,29.74390243902439,11,Winter,United Kingdom,519,3,1534.22,1,At-Risk Customers
14696.0,2010-10-14 11:43:00,2011-12-05 13:43:00,8,1867,2473.28,16.060259740259742,240.2077922077922,19.675324675324678,13,Winter,United Kingdom,4,8,2473.28,0,Regular Customers
14697.0,2011-05-05 15:29:00,2011-05-05 15:39:00,2,181,188.61,8.57318181818182,92.0,11.090909090909092,15,Spring,United Kingdom,218,2,188.61,0,Regular Customers
14698.0,2011-10-19 12:54:00,2011-12-08 12:26:00,5,602,1217.27,6.08635,143.64,45.735,12,Autumn,United Kingdom,2,5,1217.27,0,Regular Customers
14699.0,2010-07-02 12:04:00,2011-05-09 14:54:00,4,484,702.6,14.052,126.52,13.2,12,Summer,United Kingdom,214,4,702.6,0,Regular Customers
14700.0,2010-08-11 12:19:00,2011-11-07 14:40:00,5,1606,3076.06,18.419520958083837,338.6167664670659,33.796407185628745,12,Summer,United Kingdom,32,5,3076.06,0,Regular Customers
14701.0,2010-01-24 12:15:00,2011-11-29 12:38:00,15,1744,4487.11,7.5413613445378145,186.0857142857143,64.72941176470589,12,Autumn,United Kingdom,11,15,4487.11,0,Regular Customers
14702.0,2009-12-10 20:22:00,2011-12-08 19:29:00,29,2878,6368.78,9.379646539027982,127.0839469808542,29.75257731958763,19,Winter,United Kingdom,1,29,6368.78,0,Regular Customers
14703.0,2011-11-25 09:23:00,2011-11-25 09:23:00,1,183,318.17,14.462272727272728,183.0,22.0,9,Autumn,United Kingdom,15,1,318.17,0,Regular Customers
14704.0,2010-03-25 17:21:00,2011-11-28 12:51:00,11,1164,1752.92,3.8525714285714288,237.20219780219784,68.78901098901099,13,Autumn,United Kingdom,11,11,1752.92,0,Regular Customers
14705.0,2011-05-25 12:39:00,2011-05-25 12:39:00,1,100,179.0,179.0,100.0,1.0,12,Spring,United Kingdom,199,1,179.0,0,Regular Customers
14706.0,2010-03-31 11:09:00,2010-03-31 11:09:00,1,246,367.54,14.7016,246.0,25.0,11,Spring,United Kingdom,619,1,367.54,1,At-Risk Customers
14707.0,2010-05-12 11:07:00,2010-09-30 11:37:00,2,96,139.2,69.6,48.0,1.0,11,Autumn,United Kingdom,436,2,139.2,1,At-Risk Customers
14708.0,2010-09-10 10:26:00,2011-12-07 08:21:00,5,1159,1793.22,43.737073170731705,248.6829268292683,10.75609756097561,8,Winter,United Kingdom,3,5,1793.22,0,Regular Customers
14709.0,2009-12-05 15:26:00,2011-11-24 15:41:00,25,4141,8886.33,24.891680672268908,182.20448179271708,16.322128851540615,12,Summer,United Kingdom,15,25,8886.33,0,Regular Customers
14710.0,2009-12-03 17:12:00,2011-11-25 14:53:00,13,1135,1899.79,4.397662037037037,111.51388888888889,39.56018518518518,11,Autumn,United Kingdom,14,13,1899.79,0,Regular Customers
14711.0,2011-03-22 13:32:00,2011-11-29 14:58:00,11,966,2839.62,8.230782608695652,97.8,35.06086956521739,13,Spring,United Kingdom,10,11,2839.62,0,Regular Customers
14712.0,2010-10-17 14:49:00,2011-11-10 12:59:00,4,411,1328.0700000000002,41.502187500000005,99.84375,9.125,14,Autumn,United Kingdom,29,4,1328.0700000000002,0,Regular Customers
14713.0,2009-12-03 19:22:00,2011-11-30 16:26:00,21,3329,5115.76,7.567692307692308,179.24852071005918,36.06804733727811,19,Autumn,United Kingdom,9,21,5115.76,0,Regular Customers
14714.0,2010-01-21 11:51:00,2011-11-15 13:07:00,4,642,906.24,9.744516129032258,156.44086021505376,28.56989247311828,11,Spring,United Kingdom,24,4,906.24,0,Regular Customers
14715.0,2010-01-19 12:18:00,2011-11-15 12:10:00,8,1030,1825.45,13.324452554744528,134.1824817518248,21.8029197080292,12,Autumn,United Kingdom,25,8,1825.45,0,Regular Customers
14716.0,2010-09-21 12:07:00,2011-10-27 17:29:00,3,643,543.28,5.659166666666667,195.64583333333331,33.739583333333336,12,Autumn,United Kingdom,43,3,543.28,0,Regular Customers
14717.0,2009-12-06 13:05:00,2009-12-06 13:05:00,1,32,81.3,7.390909090909091,32.0,11.0,13,Winter,United Kingdom,733,1,81.3,1,At-Risk Customers
14718.0,2010-10-25 13:07:00,2010-10-25 13:07:00,1,202,226.42,20.58363636363636,202.0,11.0,13,Autumn,United Kingdom,410,1,226.42,1,At-Risk Customers
14719.0,2011-04-04 14:17:00,2011-12-08 12:43:00,5,1025,1581.84,6.731234042553191,205.31914893617025,47.204255319148935,12,Autumn,United Kingdom,2,5,1581.84,0,Regular Customers
14720.0,2011-08-05 12:06:00,2011-12-04 12:02:00,3,219,663.81,17.94081081081081,76.51351351351352,12.83783783783784,12,Winter,United Kingdom,6,3,663.81,0,Regular Customers
14721.0,2010-11-25 13:08:00,2010-11-25 13:08:00,1,57,109.07,4.3628,57.0,24.0,13,Autumn,United Kingdom,379,1,109.07,1,At-Risk Customers
14722.0,2010-08-10 13:28:00,2011-07-15 14:58:00,3,214,489.52,5.626666666666666,72.28735632183908,30.67816091954023,14,Summer,United Kingdom,147,3,489.52,0,Regular Customers
14723.0,2009-12-04 11:22:00,2011-11-29 15:23:00,11,1168,1803.06,4.334278846153846,119.07451923076924,41.80288461538461,15,Autumn,United Kingdom,10,11,1803.06,0,Regular Customers
14724.0,2010-04-28 13:26:00,2010-04-28 13:26:00,1,184,341.9,8.339024390243901,184.0,40.0,13,Spring,United Kingdom,590,1,341.9,1,At-Risk Customers
14725.0,2010-06-23 11:34:00,2011-11-15 12:42:00,4,1335,1252.74,12.5274,443.83,30.82,11,Autumn,United Kingdom,25,4,1252.74,0,Regular Customers
14726.0,2010-02-23 12:35:00,2010-02-23 12:35:00,1,82,116.5,7.766666666666667,82.0,15.0,12,Winter,United Kingdom,655,1,116.5,1,At-Risk Customers
14727.0,2010-06-11 13:23:00,2011-03-10 14:45:00,3,458,463.73,10.08108695652174,224.43478260869568,18.15217391304348,13,Summer,United Kingdom,274,3,463.73,1,At-Risk Customers
14728.0,2010-10-22 15:57:00,2010-10-22 15:57:00,1,68,190.58,13.612857142857145,68.0,14.0,15,Autumn,United Kingdom,413,1,190.58,1,At-Risk Customers
14729.0,2010-03-24 13:30:00,2010-12-01 12:43:00,3,372,586.24,4.441212121212121,182.02272727272728,62.621212121212125,12,Winter,United Kingdom,374,3,586.24,1,At-Risk Customers
14730.0,2011-03-08 12:49:00,2011-12-08 14:39:00,8,1078,1897.57,4.107294372294372,158.96536796536796,70.39177489177489,13,Autumn,United Kingdom,1,8,1897.57,0,Regular Customers
14731.0,2011-05-11 13:06:00,2011-10-23 15:54:00,3,256,380.02,8.444888888888888,83.33333333333333,18.066666666666663,13,Spring,United Kingdom,47,3,380.02,0,Regular Customers
14732.0,2009-12-09 10:48:00,2011-12-01 14:34:00,19,2273,5517.07,19.9172202166065,148.5523465703971,17.924187725631768,9,Winter,United Kingdom,8,19,5517.07,0,Regular Customers
14733.0,2010-11-02 15:42:00,2011-11-23 15:39:00,15,5799,14335.15,44.937774294670845,623.5266457680251,36.31974921630094,15,Winter,United Kingdom,16,15,14335.15,0,Regular Customers
14734.0,2010-06-06 15:15:00,2010-10-10 12:04:00,4,378,1056.42,16.76857142857143,108.76190476190476,16.61904761904762,9,Autumn,United Kingdom,426,4,1056.42,1,At-Risk Customers
14735.0,2009-12-04 11:32:00,2011-12-06 12:09:00,56,4513,12240.16,33.44306010928962,118.09016393442624,10.371584699453551,11,Autumn,United Kingdom,4,56,12240.16,0,Regular Customers
14736.0,2010-08-11 15:13:00,2010-08-11 15:21:00,2,148,374.05,4.250568181818182,73.81818181818181,43.02272727272727,15,Summer,United Kingdom,485,2,374.05,1,At-Risk Customers
14737.0,2010-11-04 11:29:00,2011-12-06 10:16:00,4,1071,3554.17,78.98155555555556,504.06666666666666,20.022222222222226,11,Autumn,United Kingdom,4,4,3554.17,0,Regular Customers
14738.0,2009-12-07 10:21:00,2011-10-28 08:56:00,9,757,1821.9,22.77375,93.475,10.225,10,Spring,United Kingdom,43,9,1821.9,0,Regular Customers
14739.0,2009-12-02 13:23:00,2011-12-05 16:54:00,25,9696,11573.62,47.432868852459016,421.6680327868853,12.42622950819672,14,Winter,United Kingdom,4,25,11573.62,0,Regular Customers
14740.0,2010-02-25 11:40:00,2011-05-26 18:17:00,11,2081,4161.06,18.013246753246754,216.04329004329009,24.056277056277057,10,Spring,United Kingdom,197,11,4161.06,0,Regular Customers
14741.0,2010-10-18 09:33:00,2011-11-28 08:48:00,7,1006,1713.09,22.54065789473684,147.71052631578948,11.63157894736842,8,Autumn,United Kingdom,12,7,1713.09,0,Regular Customers
14742.0,2010-09-30 14:07:00,2010-09-30 14:07:00,1,374,579.85,17.054411764705883,374.0,34.0,14,Autumn,United Kingdom,435,1,579.85,1,At-Risk Customers
14743.0,2010-04-26 10:26:00,2010-04-26 10:26:00,1,40,50.48,16.826666666666668,40.0,3.0,10,Spring,United Kingdom,593,1,50.48,1,At-Risk Customers
14744.0,2010-05-18 14:06:00,2011-11-23 12:51:00,14,2399,3660.08,31.017627118644068,217.9322033898305,17.93220338983051,14,Spring,United Kingdom,16,14,3660.08,0,Regular Customers
14745.0,2010-03-12 10:33:00,2011-08-19 10:05:00,12,1969,2551.41,18.22435714285714,229.92857142857144,17.257142857142856,10,Summer,United Kingdom,113,12,2551.41,0,Regular Customers
14746.0,2010-10-12 11:06:00,2010-10-29 14:44:00,4,398,593.5,65.94444444444444,134.44444444444446,3.4444444444444446,11,Autumn,United Kingdom,406,4,593.5,1,At-Risk Customers
14747.0,2011-04-04 14:09:00,2011-04-04 14:09:00,1,84,328.2,18.23333333333333,84.0,18.0,14,Spring,United Kingdom,249,1,328.2,0,Regular Customers
14748.0,2010-03-04 17:08:00,2011-11-10 18:33:00,10,2422,2681.9,16.867295597484276,338.17610062893084,22.19496855345912,10,Spring,United Kingdom,29,10,2681.9,0,Regular Customers
14749.0,2010-08-17 12:36:00,2010-08-17 12:36:00,1,403,310.15,17.230555555555554,403.0,18.0,12,Summer,United Kingdom,480,1,310.15,1,At-Risk Customers
14750.0,2009-12-03 17:57:00,2009-12-03 17:57:00,1,65,112.03,3.5009375,65.0,32.0,17,Winter,United Kingdom,736,1,112.03,1,At-Risk Customers
14751.0,2009-12-13 14:08:00,2010-01-24 13:37:00,2,65,126.45,18.064285714285717,34.57142857142857,3.571428571428572,13,Winter,United Kingdom,684,2,126.45,1,At-Risk Customers
14752.0,2011-10-27 11:55:00,2011-10-27 11:55:00,1,260,389.64,77.92800000000001,260.0,5.0,11,Autumn,United Kingdom,44,1,389.64,0,Regular Customers
14753.0,2010-09-05 11:04:00,2011-09-13 14:50:00,2,412,869.51,18.114791666666665,207.25,25.5,14,Autumn,United Kingdom,87,2,869.51,0,Regular Customers
14754.0,2010-01-18 11:04:00,2011-10-26 12:01:00,6,1010,1547.93,11.38183823529412,197.88970588235293,28.83823529411765,10,Winter,United Kingdom,45,6,1547.93,0,Regular Customers
14755.0,2009-12-03 16:51:00,2011-11-30 11:24:00,25,4401,9972.55,20.99484210526316,220.2821052631579,23.812631578947368,13,Autumn,United Kingdom,10,25,9972.55,0,Regular Customers
14756.0,2010-10-11 11:50:00,2011-11-24 18:13:00,3,1423,2653.76,22.300504201680678,570.7647058823529,46.09243697478992,11,Autumn,United Kingdom,15,3,2653.76,0,Regular Customers
14757.0,2011-09-25 14:36:00,2011-09-25 14:36:00,1,160,420.5,22.13157894736842,160.0,19.0,14,Autumn,United Kingdom,75,1,420.5,0,Regular Customers
14758.0,2010-04-08 08:27:00,2011-07-18 08:21:00,7,840,2864.9700000000003,21.06595588235294,132.11029411764707,21.308823529411764,12,Spring,United Kingdom,145,7,2864.97,0,Regular Customers
14759.0,2011-04-21 10:55:00,2011-12-05 12:03:00,3,569,1625.97,15.940882352941175,220.00980392156865,39.35294117647059,12,Winter,United Kingdom,5,3,1625.97,0,Regular Customers
14760.0,2011-02-15 16:27:00,2011-02-15 16:27:00,1,40,89.2,17.84,40.0,5.0,16,Winter,United Kingdom,297,1,89.2,1,At-Risk Customers
14761.0,2010-09-21 14:22:00,2011-10-12 12:10:00,3,206,447.92,18.66333333333333,74.58333333333333,9.75,14,Autumn,United Kingdom,59,3,447.92,0,Regular Customers
14762.0,2010-03-23 15:36:00,2011-03-21 08:20:00,2,428,417.57,13.919,264.8,17.4,8,Spring,United Kingdom,264,2,417.57,1,At-Risk Customers
14764.0,2011-10-24 11:54:00,2011-10-24 11:54:00,1,190,278.3,46.38333333333333,190.0,6.0,11,Autumn,United Kingdom,47,1,278.3,0,Regular Customers
14765.0,2011-06-16 19:49:00,2011-11-10 19:53:00,3,135,254.11,6.515641025641026,93.15384615384616,25.923076923076923,19,Autumn,United Kingdom,29,3,254.11,0,Regular Customers
14766.0,2010-06-06 11:11:00,2011-12-01 16:05:00,11,3999,6375.7300000000005,19.089011976047907,516.0508982035929,38.808383233532936,11,Summer,United Kingdom,8,11,6375.7300000000005,0,Regular Customers
14767.0,2010-08-22 14:54:00,2010-08-22 14:54:00,1,117,382.81,21.267222222222223,117.0,18.0,14,Summer,United Kingdom,474,1,382.81,1,At-Risk Customers
14768.0,2011-08-04 13:25:00,2011-11-22 12:54:00,2,52,192.6,38.52,34.4,3.4,13,Summer,United Kingdom,17,2,192.6,0,Regular Customers
14769.0,2009-12-16 09:17:00,2011-12-07 10:24:00,17,11058,15514.11,11.09736051502146,1515.8476394849786,221.04291845493563,13,Spring,United Kingdom,3,17,15514.11,0,Regular Customers
14770.0,2010-02-25 18:58:00,2011-04-21 14:21:00,8,1598,3637.64,18.46517766497462,272.43147208121826,31.74111675126904,18,Spring,United Kingdom,232,8,3637.64,0,Regular Customers
14771.0,2009-12-03 09:44:00,2010-03-28 12:52:00,2,622,594.62,12.651489361702128,322.1063829787234,24.361702127659573,12,Spring,United Kingdom,621,2,594.62,1,At-Risk Customers
14772.0,2011-08-19 15:04:00,2011-08-19 15:04:00,1,82,139.26,15.473333333333333,82.0,9.0,15,Summer,United Kingdom,112,1,139.26,0,Regular Customers
14773.0,2010-04-26 10:29:00,2010-04-26 10:29:00,1,53,140.55,14.055,53.0,10.0,10,Spring,United Kingdom,593,1,140.55,1,At-Risk Customers
14774.0,2010-06-29 12:26:00,2010-06-29 12:26:00,1,99,241.45,18.573076923076925,99.0,13.0,12,Summer,United Kingdom,529,1,241.45,1,At-Risk Customers
14775.0,2010-12-02 16:38:00,2011-10-12 15:27:00,3,1174,1011.9,16.865,391.3333333333333,20.0,12,Autumn,United Kingdom,58,3,1011.9,0,Regular Customers
14776.0,2010-09-19 14:12:00,2011-10-19 15:34:00,15,4658,3708.3,19.51736842105263,400.5894736842105,16.442105263157895,14,Autumn,United Kingdom,51,15,3708.3,0,Regular Customers
14777.0,2010-11-01 12:50:00,2010-11-01 12:50:00,1,212,307.56,19.2225,212.0,16.0,12,Autumn,United Kingdom,404,1,307.56,1,At-Risk Customers
14778.0,2011-02-04 11:43:00,2011-08-04 15:23:00,2,306,730.86,20.881714285714285,152.65714285714284,17.514285714285716,11,Winter,United Kingdom,127,2,730.86,0,Regular Customers
14779.0,2011-01-20 12:04:00,2011-03-04 12:42:00,3,84,386.15,9.418292682926827,45.75609756097561,24.70731707317073,12,Winter,United Kingdom,281,3,386.15,1,At-Risk Customers
14780.0,2011-09-21 15:15:00,2011-10-16 12:46:00,2,310,447.68,16.58074074074074,177.40740740740742,15.74074074074074,15,Autumn,United Kingdom,55,2,447.68,0,Regular Customers
14782.0,2011-01-24 11:12:00,2011-01-24 11:12:00,1,114,200.1,33.35,114.0,6.0,11,Winter,United Kingdom,320,1,200.1,1,At-Risk Customers
14783.0,2010-02-18 16:16:00,2010-02-18 16:16:00,1,262,307.3,18.076470588235296,262.0,17.0,16,Winter,United Kingdom,659,1,307.3,1,At-Risk Customers
14784.0,2010-11-15 09:49:00,2011-11-13 13:30:00,3,363,449.93,16.664074074074076,138.03703703703704,10.407407407407408,9,Autumn,United Kingdom,26,3,449.93,0,Regular Customers
14785.0,2011-11-24 13:40:00,2011-11-29 13:21:00,2,84,77.4,25.8,40.0,1.6666666666666667,13,Autumn,United Kingdom,10,2,77.4,0,Regular Customers
14786.0,2010-06-07 13:42:00,2010-06-07 13:42:00,1,112,90.96,12.994285714285713,112.0,7.0,13,Summer,United Kingdom,550,1,90.96,1,At-Risk Customers
14787.0,2010-08-25 14:38:00,2010-08-25 14:38:00,1,59,110.65,7.376666666666667,59.0,14.0,14,Summer,United Kingdom,471,1,110.65,1,At-Risk Customers
14788.0,2010-04-22 18:16:00,2011-12-02 17:06:00,3,719,1156.32,19.93655172413793,252.74137931034485,21.27586206896552,18,Spring,United Kingdom,7,3,1156.32,0,Regular Customers
14789.0,2011-11-11 08:59:00,2011-11-11 08:59:00,1,116,197.64,32.94,116.0,6.0,8,Autumn,United Kingdom,29,1,197.64,0,Regular Customers
14790.0,2009-12-11 14:37:00,2011-11-23 09:28:00,10,2642,2526.62,17.42496551724138,314.7931034482759,16.641379310344828,9,Autumn,United Kingdom,17,10,2526.62,0,Regular Customers
14791.0,2010-04-12 10:24:00,2010-04-12 10:24:00,1,127,303.63,15.980526315789474,127.0,19.0,10,Spring,United Kingdom,607,1,303.63,1,At-Risk Customers
14792.0,2011-10-07 09:19:00,2011-10-07 09:19:00,1,2,6.2,3.1,2.0,2.0,9,Autumn,United Kingdom,64,1,6.2,0,Regular Customers
14793.0,2010-06-22 16:54:00,2011-11-18 14:50:00,2,361,625.9,16.048717948717947,205.74358974358972,21.05128205128205,16,Summer,United Kingdom,21,2,625.9,0,Regular Customers
14794.0,2010-08-09 15:44:00,2011-12-07 10:11:00,10,783,1953.9,18.7875,103.2596153846154,12.75,9,Autumn,United Kingdom,3,10,1953.9,0,Regular Customers
14795.0,2011-06-26 13:04:00,2011-06-26 13:04:00,1,17,131.45000000000002,21.90833333333333,17.0,6.0,13,Summer,United Kingdom,166,1,131.45000000000002,0,Regular Customers
14796.0,2009-12-14 15:06:00,2011-12-08 15:31:00,27,7188,10169.33,6.811339584728734,314.22304085733424,61.97119892833221,10,Autumn,United Kingdom,1,27,10169.33,0,Regular Customers
14797.0,2010-07-20 14:07:00,2010-07-20 14:07:00,1,99,300.31,18.769375,99.0,16.0,14,Summer,United Kingdom,507,1,300.31,1,At-Risk Customers
14798.0,2010-03-01 08:38:00,2011-10-18 10:58:00,8,601,724.31,14.781836734693876,96.0204081632653,8.10204081632653,8,Spring,United Kingdom,53,8,724.31,0,Regular Customers
14799.0,2009-12-02 11:18:00,2011-10-19 16:16:00,2,495,338.15000000000003,14.70217391304348,234.2608695652174,11.695652173913045,16,Autumn,United Kingdom,51,2,338.15,0,Regular Customers
14800.0,2010-09-30 14:38:00,2011-10-23 12:46:00,17,6501,7191.33,11.98555,539.255,48.29333333333334,11,Autumn,United Kingdom,48,17,7191.33,0,Regular Customers
14801.0,2011-10-09 15:24:00,2011-10-09 15:24:00,1,173,189.34,3.3217543859649123,173.0,56.0,15,Autumn,United Kingdom,61,1,189.34,0,Regular Customers
14802.0,2010-09-27 16:32:00,2010-09-27 16:34:00,2,2,1502.98,751.49,1.0,1.0,16,Autumn,United Kingdom,438,2,1502.98,1,At-Risk Customers
14803.0,2011-02-20 13:21:00,2011-06-30 13:58:00,3,370,845.5500000000001,19.217045454545456,134.4090909090909,18.272727272727277,13,Summer,United Kingdom,162,3,845.55,0,Regular Customers
14804.0,2011-12-01 11:20:00,2011-12-01 11:20:00,1,121,353.27,29.439166666666665,121.0,12.0,11,Winter,United Kingdom,9,1,353.27,0,Regular Customers
14805.0,2010-03-28 12:34:00,2011-11-24 16:20:00,7,416,1082.55,8.524015748031495,73.66929133858268,22.10236220472441,12,Autumn,United Kingdom,15,7,1082.55,0,Regular Customers
14806.0,2010-09-26 15:50:00,2011-09-25 15:32:00,2,423,303.43,15.1715,223.35,10.1,15,Autumn,United Kingdom,75,2,303.43,0,Regular Customers
14807.0,2010-02-28 11:33:00,2010-11-14 12:47:00,2,234,504.14,13.266842105263157,132.52631578947367,20.31578947368421,11,Winter,United Kingdom,391,2,504.14,1,At-Risk Customers
14808.0,2011-06-20 12:53:00,2011-10-31 12:21:00,8,2120,2718.6,11.768831168831168,395.6363636363636,49.58874458874459,12,Summer,United Kingdom,40,8,2718.6,0,Regular Customers
14809.0,2010-03-28 15:42:00,2010-03-28 15:44:00,2,232,686.76,38.153333333333336,129.55555555555554,9.444444444444445,15,Spring,United Kingdom,621,2,686.76,1,At-Risk Customers
14810.0,2010-10-06 13:12:00,2011-10-30 11:19:00,13,1162,2354.03,7.820697674418605,95.7375415282392,24.069767441860463,11,Spring,United Kingdom,41,13,2354.03,0,Regular Customers
14811.0,2010-11-17 13:09:00,2010-11-17 13:09:00,1,74,170.5,6.089285714285714,74.0,28.0,13,Autumn,United Kingdom,387,1,170.5,1,At-Risk Customers
14812.0,2010-04-20 12:13:00,2010-04-20 12:13:00,1,135,178.85,4.968055555555555,135.0,36.0,12,Spring,United Kingdom,599,1,178.85,1,At-Risk Customers
14813.0,2010-04-08 11:49:00,2010-12-05 11:57:00,4,392,888.91,6.4413768115942025,136.34782608695653,44.69565217391305,11,Spring,United Kingdom,370,4,888.91,1,At-Risk Customers
14814.0,2010-05-07 14:10:00,2010-05-07 14:10:00,1,93,154.21,5.140333333333333,93.0,28.0,14,Spring,United Kingdom,581,1,154.21,1,At-Risk Customers
14815.0,2011-10-03 11:36:00,2011-11-03 11:36:00,2,744,778.5,14.68867924528302,413.50943396226415,32.39622641509434,11,Autumn,United Kingdom,37,2,778.5,0,Regular Customers
14816.0,2011-05-26 13:16:00,2011-05-26 13:16:00,1,5,271.85,67.9625,5.0,4.0,13,Spring,United Kingdom,197,1,271.85,0,Regular Customers
14817.0,2010-03-22 12:10:00,2011-05-23 13:35:00,7,2462,3959.86,17.216782608695652,359.95652173913044,33.54782608695652,12,Spring,United Kingdom,200,7,3959.86,0,Regular Customers
14818.0,2010-03-02 12:48:00,2011-09-27 11:01:00,6,543,1153.56,11.091923076923075,96.9423076923077,19.41346153846154,12,Summer,United Kingdom,74,6,1153.56,0,Regular Customers
14819.0,2009-12-21 15:54:00,2011-10-06 13:41:00,4,170,456.41,8.452037037037037,39.75925925925926,20.37037037037037,17,Summer,United Kingdom,64,4,456.41,0,Regular Customers
14820.0,2010-01-31 12:49:00,2011-11-18 15:41:00,9,724,1274.76,19.918125,93.484375,8.53125,13,Autumn,United Kingdom,21,9,1274.76,0,Regular Customers
14821.0,2010-02-01 13:33:00,2010-12-08 08:43:00,7,459,1230.15,17.82826086956522,195.9855072463768,30.63768115942029,13,Autumn,United Kingdom,367,7,1230.15,1,At-Risk Customers
14822.0,2010-08-11 12:52:00,2010-08-11 12:52:00,1,94,157.7,17.522222222222222,94.0,9.0,12,Summer,United Kingdom,485,1,157.70000000000002,1,At-Risk Customers
14823.0,2011-05-29 12:48:00,2011-06-12 13:12:00,3,88,321.43,4.591857142857143,31.542857142857144,25.65714285714286,14,Spring,United Kingdom,180,3,321.43,0,Regular Customers
14824.0,2010-03-12 13:07:00,2011-11-29 14:20:00,10,1954,4022.91,25.46145569620253,261.5886075949367,24.72151898734177,13,Autumn,United Kingdom,10,10,4022.91,0,Regular Customers
14825.0,2010-04-06 14:14:00,2011-12-06 11:38:00,24,2774,4735.08,15.83638795986622,142.97993311036788,17.82274247491639,14,Autumn,United Kingdom,4,24,4735.08,0,Regular Customers
14826.0,2010-01-13 13:08:00,2010-05-07 09:00:00,2,152,385.2,38.52,82.8,5.2,9,Spring,United Kingdom,582,2,385.2,1,At-Risk Customers
14828.0,2009-12-07 11:19:00,2011-05-27 10:16:00,13,9718,9839.46,97.42039603960396,966.6138613861386,9.732673267326732,9,Spring,United Kingdom,197,13,9839.46,0,Regular Customers
14829.0,2010-09-29 13:14:00,2011-11-10 16:16:00,7,957,1455.87,15.998571428571427,154.07692307692307,15.087912087912088,13,Autumn,United Kingdom,29,7,1455.87,0,Regular Customers
14830.0,2011-10-17 14:29:00,2011-10-17 14:29:00,1,164,188.88,4.843076923076923,164.0,39.0,14,Autumn,United Kingdom,53,1,188.88,0,Regular Customers
14831.0,2009-12-02 09:21:00,2010-01-28 14:31:00,3,885,1676.57,20.445975609756097,407.1707317073171,38.48780487804878,14,Winter,United Kingdom,680,3,1676.57,1,At-Risk Customers
14832.0,2010-03-19 15:14:00,2010-03-19 15:14:00,1,1,322.69,322.69,1.0,1.0,15,Spring,United Kingdom,630,1,322.69,1,At-Risk Customers
14833.0,2010-07-29 10:06:00,2010-07-29 10:06:00,1,58,94.8,13.542857142857144,58.0,7.0,10,Summer,United Kingdom,499,1,94.8,1,At-Risk Customers
14834.0,2010-10-28 17:37:00,2011-11-22 10:30:00,7,872,2206.16,25.35816091954023,132.93103448275863,14.563218390804598,10,Autumn,United Kingdom,18,7,2206.16,0,Regular Customers
14835.0,2010-04-01 19:34:00,2010-06-29 10:08:00,2,180,297.0,148.5,90.0,1.0,10,Spring,United Kingdom,529,2,297.0,1,At-Risk Customers
14836.0,2011-11-09 13:26:00,2011-11-29 16:45:00,3,45,102.45,17.075,23.0,3.0,13,Autumn,United Kingdom,10,3,102.45,0,Regular Customers
14837.0,2010-01-24 10:20:00,2011-09-11 10:58:00,9,3030,3460.32,16.556555023923444,355.45454545454544,24.607655502392344,10,Summer,United Kingdom,90,9,3460.32,0,Regular Customers
14838.0,2009-12-03 09:52:00,2010-10-12 15:46:00,2,361,769.9200000000001,10.998857142857144,324.42857142857144,62.457142857142856,15,Autumn,United Kingdom,423,2,769.9200000000001,1,At-Risk Customers
14839.0,2010-01-04 16:29:00,2010-10-17 13:01:00,3,927,915.28,12.368648648648648,318.0945945945946,29.864864864864863,16,Winter,United Kingdom,418,3,915.28,1,At-Risk Customers
14840.0,2010-06-18 15:42:00,2011-03-17 12:00:00,2,179,362.71,16.486818181818183,126.72727272727272,15.454545454545457,15,Summer,United Kingdom,268,2,362.71,1,At-Risk Customers
14841.0,2009-12-02 16:49:00,2011-10-17 15:03:00,14,4164,7163.0,23.876666666666665,314.19,23.966666666666665,15,Winter,United Kingdom,53,14,7163.0,0,Regular Customers
14842.0,2011-02-04 15:32:00,2011-10-27 12:37:00,4,1166,2824.69,19.48062068965517,508.2689655172414,61.71724137931034,8,Summer,United Kingdom,44,4,2824.69,0,Regular Customers
14843.0,2010-09-29 12:39:00,2010-09-29 12:39:00,1,132,211.8,23.53333333333333,132.0,9.0,12,Autumn,United Kingdom,437,1,211.8,1,At-Risk Customers
14844.0,2010-04-12 12:50:00,2011-10-07 10:41:00,10,4369,6702.43,24.19649819494585,615.5379061371841,40.78339350180505,13,Summer,United Kingdom,64,10,6702.43,0,Regular Customers
14845.0,2010-04-19 10:19:00,2010-04-19 10:19:00,1,600,150.0,150.0,600.0,1.0,10,Spring,United Kingdom,600,1,150.0,1,At-Risk Customers
14846.0,2010-10-08 17:07:00,2010-10-08 17:07:00,1,193,437.4,36.45,193.0,12.0,17,Autumn,United Kingdom,427,1,437.4,1,At-Risk Customers
14847.0,2010-05-24 12:29:00,2011-07-14 10:52:00,3,533,1348.95,21.75725806451613,207.0967741935484,26.35483870967742,9,Autumn,United Kingdom,149,3,1348.95,0,Regular Customers
14848.0,2010-10-31 12:22:00,2010-10-31 12:22:00,1,260,310.56,28.232727272727274,260.0,11.0,12,Autumn,United Kingdom,405,1,310.56,1,At-Risk Customers
14849.0,2010-01-10 11:40:00,2011-11-18 10:58:00,43,11838,15407.61,20.877520325203253,430.2669376693767,26.10569105691057,12,Summer,United Kingdom,22,43,15407.61,0,Regular Customers
14850.0,2010-05-20 13:28:00,2011-02-01 11:21:00,7,1393,1770.96,9.081846153846154,354.5282051282051,50.92307692307692,13,Autumn,United Kingdom,312,7,1770.96,1,At-Risk Customers
14851.0,2010-03-19 11:52:00,2011-11-16 14:20:00,3,631,829.41,19.747857142857143,210.33333333333331,14.0,14,Spring,United Kingdom,23,3,829.4100000000001,0,Regular Customers
14852.0,2010-03-05 14:51:00,2011-10-12 13:20:00,18,4366,6132.43,19.84605177993528,307.99676375404533,22.326860841423947,13,Summer,United Kingdom,58,18,6132.43,0,Regular Customers
14853.0,2010-04-13 09:26:00,2011-11-15 16:56:00,5,345,1376.87,44.41516129032258,101.93548387096774,9.064516129032258,9,Spring,United Kingdom,24,5,1376.87,0,Regular Customers
14854.0,2010-01-22 09:48:00,2011-09-22 17:00:00,11,2987,4303.06,20.1077570093458,363.5794392523365,26.50467289719626,12,Spring,United Kingdom,78,11,4303.06,0,Regular Customers
14855.0,2010-04-08 10:30:00,2011-08-12 14:02:00,7,3510,6520.3,31.49903381642512,935.68115942029,55.48309178743961,13,Summer,United Kingdom,119,7,6520.3,0,Regular Customers
14856.0,2011-10-14 09:35:00,2011-11-03 14:53:00,3,711,1290.53,19.85430769230769,415.3384615384616,40.41538461538462,9,Autumn,United Kingdom,36,3,1290.53,0,Regular Customers
14857.0,2010-03-15 11:00:00,2011-10-11 09:23:00,7,2081,3651.851,17.144840375586856,447.0422535211268,44.436619718309856,9,Autumn,United Kingdom,60,7,3651.851,0,Regular Customers
14858.0,2010-07-22 10:51:00,2010-07-22 10:51:00,1,105,180.75,16.431818181818183,105.0,11.0,10,Summer,United Kingdom,506,1,180.75,1,At-Risk Customers
14859.0,2010-06-03 10:26:00,2011-11-27 11:18:00,5,888,1705.64,25.843030303030304,221.5909090909091,20.939393939393938,13,Autumn,United Kingdom,13,5,1705.64,0,Regular Customers
14860.0,2011-11-20 14:17:00,2011-11-20 14:17:00,1,232,170.32,15.483636363636364,232.0,11.0,14,Autumn,United Kingdom,19,1,170.32,0,Regular Customers
14861.0,2009-12-08 12:12:00,2011-10-18 12:54:00,10,1076,1380.73,16.055,158.86046511627907,13.13953488372093,13,Winter,United Kingdom,52,10,1380.73,0,Regular Customers
14862.0,2011-07-14 11:20:00,2011-11-14 10:01:00,2,772,841.2,17.525000000000002,380.5,24.375,10,Autumn,United Kingdom,26,2,841.1999999999999,0,Regular Customers
14863.0,2011-11-10 15:04:00,2011-11-10 15:04:00,1,132,266.76,24.25090909090909,132.0,11.0,15,Autumn,United Kingdom,29,1,266.76,0,Regular Customers
14865.0,2009-12-01 16:05:00,2011-12-02 16:25:00,4,204,92.52,15.42,66.0,2.0,18,Winter,United Kingdom,7,4,92.52,0,Regular Customers
14866.0,2010-08-26 11:54:00,2011-11-29 11:45:00,19,9089,20746.54,152.54808823529413,858.9779411764706,13.823529411764708,14,Autumn,United Kingdom,11,19,20746.54,0,Regular Customers
14867.0,2009-12-05 15:47:00,2011-06-07 11:39:00,16,996,2952.06,21.547883211678837,95.53284671532846,12.883211678832115,16,Spring,United Kingdom,186,16,2952.06,0,Regular Customers
14868.0,2010-10-15 14:52:00,2011-12-06 14:49:00,12,2230,4184.01,19.829431279620856,233.96682464454975,21.966824644549764,14,Autumn,United Kingdom,3,12,4184.01,0,Regular Customers
14869.0,2009-12-16 11:43:00,2011-12-01 12:36:00,6,2130,2778.14,11.385819672131149,427.0081967213115,58.127049180327866,15,Winter,United Kingdom,9,6,2778.14,0,Regular Customers
14870.0,2010-01-25 09:05:00,2011-03-23 10:51:00,6,483,1838.95,28.29153846153846,94.12307692307692,12.784615384615384,11,Spring,United Kingdom,262,6,1838.95,0,Regular Customers
14871.0,2009-12-01 11:57:00,2011-12-06 13:42:00,9,446,1228.17,6.330773195876289,51.865979381443296,22.963917525773194,13,Winter,United Kingdom,3,9,1228.17,0,Regular Customers
14872.0,2010-03-16 14:41:00,2010-08-13 12:34:00,3,662,816.6,18.990697674418605,223.5813953488372,15.465116279069768,14,Spring,United Kingdom,484,3,816.6,1,At-Risk Customers
14873.0,2010-03-16 10:51:00,2011-05-13 13:52:00,2,311,854.13,17.43122448979592,157.28571428571428,25.0,13,Spring,United Kingdom,210,2,854.13,0,Regular Customers
14874.0,2010-06-22 14:58:00,2010-06-22 14:58:00,1,148,116.18,19.363333333333333,148.0,6.0,14,Summer,United Kingdom,535,1,116.18,1,At-Risk Customers
14875.0,2010-09-24 10:28:00,2011-08-24 12:20:00,3,1332,2862.4,32.16179775280899,587.0112359550562,39.92134831460674,10,Autumn,United Kingdom,108,3,2862.4,0,Regular Customers
14876.0,2010-05-27 13:49:00,2010-07-06 14:57:00,2,162,256.7,19.746153846153845,134.30769230769232,11.153846153846152,13,Spring,United Kingdom,521,2,256.7,1,At-Risk Customers
14877.0,2010-03-07 12:25:00,2010-10-17 13:09:00,2,168,425.85,6.7595238095238095,84.2063492063492,30.50793650793651,12,Spring,United Kingdom,418,2,425.85,1,At-Risk Customers
14878.0,2010-02-21 11:14:00,2011-11-27 11:15:00,25,2416,4076.5,11.047425474254744,110.65311653116532,18.48238482384824,11,Autumn,United Kingdom,13,25,4076.5,0,Regular Customers
14879.0,2010-01-24 11:35:00,2010-01-24 11:35:00,1,104,185.06,6.854074074074074,104.0,27.0,11,Winter,United Kingdom,685,1,185.06,1,At-Risk Customers
14880.0,2011-02-24 12:27:00,2011-09-23 13:42:00,3,365,690.59,15.012826086956522,133.1086956521739,17.26086956521739,13,Autumn,United Kingdom,77,3,690.59,0,Regular Customers
14881.0,2011-11-20 11:06:00,2011-11-20 11:06:00,1,316,255.4,15.023529411764706,316.0,17.0,11,Autumn,United Kingdom,20,1,255.4,0,Regular Customers
14882.0,2010-03-30 15:02:00,2011-11-13 12:47:00,14,1614,3546.65,54.56384615384616,128.47692307692307,6.753846153846154,10,Autumn,United Kingdom,27,14,3546.65,0,Regular Customers
14883.0,2011-05-12 09:49:00,2011-11-21 10:23:00,6,790,761.59,14.369622641509434,185.73584905660377,12.962264150943396,9,Autumn,United Kingdom,19,6,761.59,0,Regular Customers
14884.0,2010-02-08 12:56:00,2010-02-08 12:56:00,1,72,120.6,15.075,72.0,8.0,12,Winter,United Kingdom,669,1,120.6,1,At-Risk Customers
14885.0,2010-08-31 10:11:00,2011-07-31 12:05:00,3,1308,1598.12,51.55225806451613,556.516129032258,13.0,12,Summer,United Kingdom,132,3,1598.12,0,Regular Customers
14886.0,2011-04-01 08:56:00,2011-04-01 08:56:00,1,160,364.8,20.266666666666666,160.0,18.0,8,Spring,United Kingdom,253,1,364.8,1,At-Risk Customers
14887.0,2011-09-21 15:32:00,2011-09-21 15:32:00,1,1100,1862.0,310.3333333333333,1100.0,6.0,15,Autumn,United Kingdom,79,1,1862.0,0,Regular Customers
14888.0,2011-05-16 14:58:00,2011-05-16 14:58:00,1,184,369.2,18.46,184.0,20.0,14,Spring,United Kingdom,207,1,369.2,0,Regular Customers
14889.0,2011-01-07 15:19:00,2011-01-07 15:19:00,1,90,135.9,13.59,90.0,10.0,15,Winter,United Kingdom,336,1,135.9,1,At-Risk Customers
14890.0,2010-02-18 09:00:00,2011-03-31 11:57:00,3,636,817.25,14.337719298245617,262.89473684210526,23.105263157894736,9,Spring,United Kingdom,254,3,817.25,0,Regular Customers
14891.0,2010-09-29 12:41:00,2011-07-14 18:08:00,4,788,1106.73,17.56714285714286,265.8095238095238,19.571428571428573,12,Summer,United Kingdom,148,4,1106.73,0,Regular Customers
14892.0,2010-01-18 08:58:00,2010-01-18 08:58:00,1,79,202.35,15.565384615384618,79.0,13.0,8,Winter,United Kingdom,691,1,202.35,1,At-Risk Customers
14893.0,2010-04-01 09:03:00,2011-11-30 12:31:00,3,1047,1809.61,17.07179245283019,400.622641509434,39.37735849056604,10,Autumn,United Kingdom,10,3,1809.61,0,Regular Customers
14894.0,2009-12-02 10:42:00,2011-09-15 13:51:00,3,603,1492.81,32.45239130434783,259.5,20.39130434782609,13,Autumn,United Kingdom,85,3,1492.81,0,Regular Customers
14895.0,2009-12-10 14:22:00,2011-12-02 09:23:00,38,10714,25119.54,27.9106,630.1655555555556,51.26555555555556,15,Winter,United Kingdom,8,38,25119.54,0,Regular Customers
14896.0,2009-12-06 12:42:00,2011-05-19 10:20:00,8,931,1826.0,7.217391304347826,126.72332015810277,35.42292490118577,10,Winter,United Kingdom,205,8,1826.0,0,Regular Customers
14897.0,2009-12-15 17:05:00,2011-12-02 10:32:00,8,1162,3140.54,24.728661417322837,158.14173228346456,17.15748031496063,9,Autumn,United Kingdom,8,8,3140.54,0,Regular Customers
14898.0,2009-12-03 16:40:00,2011-11-16 14:54:00,14,2207,3365.95,11.566838487972507,193.1477663230241,27.11340206185567,14,Winter,United Kingdom,23,14,3365.95,0,Regular Customers
14899.0,2010-11-09 15:20:00,2010-11-09 15:20:00,1,570,1331.38,10.32077519379845,570.0,126.0,15,Autumn,United Kingdom,395,1,1331.38,1,At-Risk Customers
14900.0,2010-07-05 15:09:00,2010-07-05 15:09:00,1,48,13.919999999999998,13.919999999999998,48.0,1.0,15,Summer,United Kingdom,522,1,13.919999999999998,1,At-Risk Customers
14901.0,2010-07-29 11:11:00,2011-11-28 17:09:00,12,880,1919.0,14.32089552238806,80.15671641791045,12.71641791044776,11,Autumn,United Kingdom,11,12,1919.0,0,Regular Customers
14902.0,2010-06-04 12:35:00,2011-11-14 10:34:00,3,716,1035.62,17.552881355932204,237.11864406779665,20.35593220338983,10,Autumn,United Kingdom,26,3,1035.62,0,Regular Customers
14903.0,2011-03-06 11:50:00,2011-11-18 16:07:00,5,1531,2795.33,7.986657142857142,323.13714285714286,72.50571428571429,12,Spring,United Kingdom,21,5,2795.33,0,Regular Customers
14904.0,2010-10-08 12:48:00,2011-12-07 12:55:00,4,2522,1630.49,11.563758865248229,709.0780141843971,41.05673758865248,12,Autumn,United Kingdom,2,4,1630.49,0,Regular Customers
14905.0,2009-12-03 14:36:00,2011-07-05 12:41:00,8,1009,1971.39,25.27423076923077,139.06410256410257,11.23076923076923,14,Spring,United Kingdom,158,8,1971.39,0,Regular Customers
14906.0,2010-09-20 16:30:00,2010-09-20 16:30:00,1,1,68.44,68.44,1.0,1.0,16,Autumn,United Kingdom,445,1,68.44,1,At-Risk Customers
14907.0,2010-04-16 13:40:00,2011-12-06 14:14:00,16,2583,5547.72,20.70044776119403,262.8880597014925,26.059701492537314,10,Autumn,United Kingdom,3,16,5547.72,0,Regular Customers
14908.0,2010-09-02 16:39:00,2011-09-26 12:56:00,2,182,381.9,27.27857142857143,102.71428571428572,7.571428571428571,12,Autumn,United Kingdom,74,2,381.9,0,Regular Customers
14909.0,2010-02-14 15:47:00,2010-09-28 16:56:00,3,888,1404.68,17.558500000000002,343.725,31.825,14,Spring,United Kingdom,437,3,1404.68,1,At-Risk Customers
14910.0,2011-10-16 11:06:00,2011-12-07 10:06:00,4,238,434.35,14.478333333333332,81.33333333333333,10.866666666666667,11,Autumn,United Kingdom,3,4,434.35,0,Regular Customers
14911.0,2009-12-01 11:41:00,2011-12-08 15:54:00,398,147972,291420.81,26.308640426108152,583.900424302609,44.86801480545274,14,Autumn,EIRE,1,398,291420.81,2,VIP Customers
14912.0,2010-01-26 16:29:00,2011-11-23 09:20:00,6,1819,1889.25,29.98809523809524,384.4603174603175,13.88888888888889,9,Spring,Italy,17,6,1889.25,0,Regular Customers
14913.0,2010-08-11 08:40:00,2011-11-04 08:29:00,8,3955,4073.13,16.490404858299595,588.9109311740891,38.40080971659919,14,Autumn,United Kingdom,36,8,4073.13,0,Regular Customers
14915.0,2009-12-03 10:17:00,2011-09-09 13:34:00,11,707,1811.25,20.125,88.81111111111112,10.733333333333333,14,Autumn,United Kingdom,91,11,1811.25,0,Regular Customers
14916.0,2010-04-01 10:57:00,2011-09-30 09:20:00,8,2415,3042.95,22.70858208955224,416.4328358208956,22.402985074626866,10,Autumn,United Kingdom,71,8,3042.95,0,Regular Customers
14917.0,2010-04-22 09:44:00,2010-04-22 11:28:00,2,891,1123.75,38.75,418.0344827586207,15.89655172413793,11,Spring,United Kingdom,597,2,1123.75,1,At-Risk Customers
14918.0,2010-04-08 11:18:00,2011-08-16 11:50:00,9,2551,5955.81,42.23978723404256,334.6737588652482,19.581560283687946,11,Summer,United Kingdom,116,9,5955.81,0,Regular Customers
14919.0,2010-06-18 13:06:00,2010-06-18 13:06:00,1,129,359.35,27.642307692307693,129.0,13.0,13,Summer,United Kingdom,539,1,359.35,1,At-Risk Customers
14920.0,2010-05-23 15:25:00,2011-05-11 10:32:00,3,886,1607.17,16.568762886597938,308.49484536082474,33.65979381443299,10,Spring,United Kingdom,213,3,1607.17,0,Regular Customers
14921.0,2011-05-22 12:51:00,2011-11-09 13:17:00,2,953,1316.07,16.872692307692308,531.9615384615385,44.02564102564103,12,Spring,United Kingdom,30,2,1316.07,0,Regular Customers
14922.0,2010-07-20 09:45:00,2010-11-11 11:14:00,2,376,843.74,16.8748,206.24,27.56,9,Summer,United Kingdom,394,2,843.74,1,At-Risk Customers
14923.0,2011-10-20 11:51:00,2011-10-20 11:51:00,1,418,749.1,17.025000000000002,418.0,44.0,11,Autumn,United Kingdom,51,1,749.1,0,Regular Customers
14924.0,2010-03-10 12:51:00,2011-04-08 09:25:00,3,312,931.01,30.03258064516129,105.61290322580643,10.483870967741936,15,Spring,United Kingdom,246,3,931.01,0,Regular Customers
14926.0,2010-04-20 09:59:00,2010-11-23 07:13:00,2,204,359.4,119.8,104.0,1.6666666666666667,9,Spring,United Kingdom,382,2,359.4,1,At-Risk Customers
14927.0,2010-11-08 12:30:00,2010-11-08 12:30:00,1,196,308.2,15.41,196.0,20.0,12,Autumn,United Kingdom,397,1,308.2,1,At-Risk Customers
14928.0,2010-03-22 09:14:00,2010-03-22 09:14:00,1,268,223.91000000000005,10.662380952380952,268.0,21.0,9,Spring,United Kingdom,628,1,223.91000000000005,1,At-Risk Customers
14929.0,2010-10-14 12:22:00,2011-11-07 17:21:00,2,487,836.69,24.608529411764707,281.44117647058823,19.11764705882353,12,Autumn,United Kingdom,32,2,836.69,0,Regular Customers
14930.0,2010-04-12 11:22:00,2011-08-23 10:31:00,6,2193,5236.7300000000005,18.83715827338129,426.3956834532374,52.43884892086331,11,Spring,Channel Islands,109,6,5236.7300000000005,0,Regular Customers
14931.0,2011-04-13 09:32:00,2011-12-05 10:19:00,5,417,1257.68,30.675121951219516,120.8048780487805,11.634146341463415,9,Autumn,Channel Islands,5,5,1257.68,0,Regular Customers
14932.0,2010-11-19 09:16:00,2010-12-09 11:48:00,2,257,666.13,20.8165625,125.46875,16.0625,11,Winter,Channel Islands,366,2,666.13,1,At-Risk Customers
14933.0,2010-09-21 17:29:00,2010-09-22 10:47:00,4,600,1770.0,442.5,150.0,1.0,10,Autumn,Channel Islands,444,4,1770.0,1,At-Risk Customers
14934.0,2010-09-24 12:08:00,2011-09-19 10:10:00,5,2100,3503.5,18.93783783783784,436.5405405405405,38.15675675675676,11,Autumn,Channel Islands,82,5,3503.5,0,Regular Customers
14935.0,2010-03-30 11:48:00,2011-02-15 14:44:00,2,1931,2849.83,109.60884615384614,972.5384615384615,13.692307692307692,11,Spring,Channel Islands,297,2,2849.83,1,At-Risk Customers
14936.0,2010-05-05 12:26:00,2011-11-06 10:30:00,12,6274,12410.81,23.549924098671728,699.7760910815939,59.59203036053131,13,Autumn,Channel Islands,34,12,12410.81,0,Regular Customers
14937.0,2011-08-01 14:16:00,2011-10-14 12:29:00,3,484,1621.88,47.70235294117647,209.05882352941177,16.764705882352942,12,Autumn,Channel Islands,57,3,1621.88,0,Regular Customers
14938.0,2010-05-26 13:35:00,2010-05-26 13:38:00,2,1369,2322.43,32.710281690140846,682.7887323943662,36.070422535211264,13,Spring,Channel Islands,562,2,2322.43,1,At-Risk Customers
14940.0,2009-12-06 15:46:00,2010-10-18 10:47:00,2,384,531.49,16.6090625,224.625,18.25,10,Autumn,United Kingdom,418,2,531.49,1,At-Risk Customers
14941.0,2010-05-10 11:30:00,2010-05-10 11:30:00,1,80,182.1,26.014285714285712,80.0,7.0,11,Spring,United Kingdom,579,1,182.1,1,At-Risk Customers
14942.0,2009-12-10 10:32:00,2010-11-03 10:51:00,4,354,746.56,39.292631578947365,102.05263157894736,5.947368421052632,10,Spring,United Kingdom,402,4,746.56,1,At-Risk Customers
14943.0,2010-02-14 16:04:00,2010-02-14 16:04:00,1,46,107.62,21.524,46.0,5.0,16,Winter,United Kingdom,663,1,107.62,1,At-Risk Customers
14944.0,2010-02-17 08:47:00,2011-11-10 09:10:00,19,4864,9784.67,32.2926402640264,353.7986798679868,21.64026402640264,9,Autumn,United Kingdom,30,19,9784.67,0,Regular Customers
14945.0,2010-10-22 11:26:00,2010-10-22 11:26:00,1,156,179.4,16.30909090909091,156.0,11.0,11,Autumn,United Kingdom,414,1,179.4,1,At-Risk Customers
14946.0,2011-11-25 13:33:00,2011-11-25 13:33:00,1,22,100.9,33.63333333333333,22.0,3.0,13,Autumn,United Kingdom,14,1,100.9,0,Regular Customers
14947.0,2010-03-25 11:29:00,2011-09-28 15:48:00,6,416,1049.79,19.440555555555555,71.72222222222223,10.037037037037036,11,Spring,United Kingdom,72,6,1049.79,0,Regular Customers
14948.0,2011-05-04 14:52:00,2011-11-16 17:16:00,6,673,1101.97,17.491587301587302,155.63492063492063,14.142857142857142,8,Autumn,United Kingdom,23,6,1101.97,0,Regular Customers
14949.0,2009-12-18 15:28:00,2010-08-27 15:38:00,4,250,515.0,19.074074074074076,65.92592592592592,7.074074074074074,15,Winter,United Kingdom,469,4,515.0,1,At-Risk Customers
14950.0,2011-11-20 13:48:00,2011-11-20 13:48:00,1,136,371.2,19.53684210526316,136.0,19.0,13,Autumn,United Kingdom,19,1,371.2,0,Regular Customers
14951.0,2011-09-21 15:15:00,2011-09-21 15:15:00,1,311,311.69,15.5845,311.0,20.0,15,Autumn,United Kingdom,79,1,311.69,0,Regular Customers
14952.0,2009-12-03 15:34:00,2011-10-11 10:33:00,32,6977,17629.35,57.42459283387622,311.4267100977199,14.537459283387625,10,Winter,United Kingdom,60,32,17629.35,0,Regular Customers
14953.0,2010-09-30 12:16:00,2011-11-14 14:59:00,4,1014,971.32,3.964571428571429,260.46530612244896,60.67346938775511,12,Autumn,United Kingdom,25,4,971.32,0,Regular Customers
14954.0,2010-01-05 16:38:00,2011-11-27 14:30:00,2,209,462.12,3.916271186440678,108.3135593220339,63.1864406779661,14,Autumn,United Kingdom,12,2,462.12,0,Regular Customers
14955.0,2009-12-07 11:35:00,2009-12-07 11:35:00,1,74,163.77,5.282903225806452,74.0,30.0,11,Winter,United Kingdom,733,1,163.77,1,At-Risk Customers
14956.0,2010-10-14 16:40:00,2010-10-14 16:40:00,1,2500,1325.0,331.25,2500.0,4.0,16,Autumn,United Kingdom,421,1,1325.0,1,At-Risk Customers
14957.0,2010-03-05 10:50:00,2011-03-31 17:59:00,2,97,261.69,9.34607142857143,50.57142857142857,13.714285714285714,10,Spring,United Kingdom,253,2,261.69,0,Regular Customers
14958.0,2009-12-03 16:02:00,2011-07-15 14:20:00,6,248,941.99,13.267464788732395,45.563380281690144,13.0,16,Spring,United Kingdom,147,6,941.99,0,Regular Customers
14959.0,2011-02-16 13:00:00,2011-10-06 18:23:00,4,494,695.42,11.786779661016949,149.6271186440678,18.47457627118644,11,Spring,United Kingdom,64,4,695.42,0,Regular Customers
14960.0,2011-06-21 13:38:00,2011-12-01 12:54:00,2,221,221.27,8.195185185185185,187.59259259259255,19.59259259259259,12,Winter,United Kingdom,8,2,221.27,0,Regular Customers
14961.0,2009-12-04 11:32:00,2011-11-29 09:42:00,22,8372,16410.15,24.492761194029853,485.7925373134328,40.39402985074627,11,Autumn,United Kingdom,11,22,16410.15,0,Regular Customers
14962.0,2010-05-04 14:57:00,2011-03-14 09:42:00,4,123,366.91,26.207857142857144,37.92857142857143,4.285714285714286,9,Spring,United Kingdom,271,4,366.91,1,At-Risk Customers
14963.0,2010-07-02 12:43:00,2011-11-30 12:16:00,12,2287,3123.57,6.562121848739496,189.9306722689076,43.2563025210084,12,Autumn,United Kingdom,10,12,3123.57,0,Regular Customers
14964.0,2011-04-06 14:13:00,2011-04-06 14:13:00,1,143,206.21,15.862307692307692,143.0,13.0,14,Spring,United Kingdom,247,1,206.21,0,Regular Customers
14965.0,2011-09-04 13:15:00,2011-09-04 13:20:00,2,363,596.09,7.359135802469136,342.6296296296296,76.12345679012346,13,Autumn,United Kingdom,96,2,596.09,0,Regular Customers
14966.0,2009-12-15 13:48:00,2011-11-25 12:20:00,6,1060,1064.26,7.048079470198675,148.83443708609272,28.814569536423843,12,Autumn,United Kingdom,15,6,1064.26,0,Regular Customers
14967.0,2009-12-03 14:07:00,2011-10-21 11:06:00,6,652,1982.61,68.36586206896553,130.48275862068965,6.310344827586207,12,Autumn,United Kingdom,50,6,1982.61,0,Regular Customers
14968.0,2010-09-07 13:28:00,2011-11-09 13:58:00,2,257,501.24,5.967142857142857,128.67857142857142,42.595238095238095,13,Autumn,United Kingdom,30,2,501.24,0,Regular Customers
14969.0,2010-01-05 12:43:00,2010-01-05 12:43:00,1,665,906.23,69.71000000000001,665.0,13.0,12,Winter,United Kingdom,704,1,906.23,1,At-Risk Customers
14970.0,2010-02-14 13:37:00,2011-10-02 13:44:00,12,982,4919.35,43.53407079646018,116.6725663716814,13.920353982300885,12,Spring,United Kingdom,68,12,4919.35,0,Regular Customers
14971.0,2011-10-27 13:33:00,2011-11-04 17:07:00,3,639,1097.98,7.083741935483871,303.6903225806452,81.60645161290323,13,Autumn,United Kingdom,35,3,1097.98,0,Regular Customers
14972.0,2010-11-23 16:17:00,2011-08-03 14:54:00,2,40,145.07,7.2535,26.4,16.4,14,Summer,United Kingdom,128,2,145.07,0,Regular Customers
14973.0,2011-04-28 12:22:00,2011-08-24 15:51:00,3,369,1314.45,41.0765625,181.125,14.8125,15,Summer,United Kingdom,107,3,1314.45,0,Regular Customers
14974.0,2011-11-02 13:01:00,2011-11-02 13:01:00,1,37,89.94,5.290588235294117,37.0,17.0,13,Autumn,United Kingdom,37,1,89.94,0,Regular Customers
14975.0,2010-10-14 14:11:00,2011-10-13 14:08:00,2,507,472.39,18.168846153846157,234.03846153846155,13.307692307692308,14,Autumn,United Kingdom,57,2,472.39,0,Regular Customers
14976.0,2011-01-17 11:09:00,2011-10-13 16:37:00,7,234,790.86,10.984166666666669,45.208333333333336,14.97222222222222,16,Spring,United Kingdom,57,7,790.86,0,Regular Customers
14977.0,2009-12-14 10:37:00,2009-12-14 10:37:00,1,17,31.93,7.9825,17.0,4.0,10,Winter,United Kingdom,726,1,31.93,1,At-Risk Customers
14978.0,2010-04-28 10:50:00,2011-09-28 13:07:00,10,736,3112.19,10.731689655172412,96.40689655172412,39.00689655172414,12,Winter,United Kingdom,72,10,3112.19,0,Regular Customers
14979.0,2009-12-04 12:54:00,2009-12-04 12:54:00,1,209,429.66,8.768571428571429,209.0,42.0,12,Winter,United Kingdom,735,1,429.66,1,At-Risk Customers
14980.0,2009-12-02 14:09:00,2009-12-02 14:09:00,1,79,150.68,6.278333333333333,79.0,24.0,14,Winter,United Kingdom,737,1,150.68,1,At-Risk Customers
14981.0,2010-10-12 11:04:00,2011-04-07 13:45:00,2,241,372.92,16.950909090909093,126.9090909090909,11.818181818181818,11,Autumn,United Kingdom,246,2,372.92,0,Regular Customers
14982.0,2010-05-16 15:52:00,2010-05-16 15:52:00,1,125,237.78,6.096923076923077,125.0,39.0,15,Spring,United Kingdom,572,1,237.78,1,At-Risk Customers
14983.0,2010-01-19 17:32:00,2010-01-19 17:32:00,1,90,183.2,6.106666666666667,90.0,30.0,17,Winter,United Kingdom,689,1,183.2,1,At-Risk Customers
14984.0,2010-01-11 13:22:00,2011-11-20 14:28:00,6,348,1260.51,23.342777777777776,42.96296296296296,16.25925925925926,14,Summer,United Kingdom,19,6,1260.51,0,Regular Customers
14985.0,2010-12-16 19:51:00,2011-05-25 14:29:00,2,256,292.01,3.5181927710843373,123.33734939759036,41.43373493975904,19,Winter,United Kingdom,198,2,292.01,0,Regular Customers
14986.0,2010-01-24 15:54:00,2010-11-28 15:25:00,2,338,563.1,5.745918367346939,169.0408163265306,48.12244897959184,15,Winter,United Kingdom,376,2,563.1,1,At-Risk Customers
14987.0,2009-12-02 14:56:00,2011-11-24 09:59:00,8,607,1550.65,103.37666666666664,92.2,2.2,12,Winter,United Kingdom,16,8,1550.65,0,Regular Customers
14988.0,2010-04-16 13:34:00,2011-05-12 12:05:00,7,1260,2038.65,8.675106382978724,186.0212765957447,36.64680851063829,13,Autumn,United Kingdom,212,7,2038.65,0,Regular Customers
14989.0,2010-02-16 10:40:00,2010-02-16 10:40:00,1,200,342.4,19.022222222222226,200.0,18.0,10,Winter,United Kingdom,662,1,342.4,1,At-Risk Customers
14990.0,2009-12-09 13:31:00,2010-04-06 13:54:00,2,129,304.17,7.242142857142857,64.66666666666667,23.33333333333333,13,Spring,United Kingdom,612,2,304.17,1,At-Risk Customers
14991.0,2010-10-05 13:01:00,2010-10-05 13:01:00,1,191,314.67,14.984285714285717,191.0,21.0,13,Autumn,United Kingdom,430,1,314.67,1,At-Risk Customers
14992.0,2010-09-23 17:48:00,2010-09-23 17:48:00,1,145,210.5,7.796296296296297,145.0,27.0,17,Autumn,United Kingdom,442,1,210.5,1,At-Risk Customers
14993.0,2010-05-25 12:47:00,2010-05-25 12:47:00,1,21,36.13,3.613,21.0,9.0,12,Spring,United Kingdom,564,1,36.13,1,At-Risk Customers
14994.0,2010-03-26 14:16:00,2010-11-22 12:59:00,5,568,946.72,3.1348344370860928,130.2185430463576,63.01324503311258,11,Autumn,United Kingdom,382,5,946.72,1,At-Risk Customers
14995.0,2011-03-04 13:14:00,2011-11-01 11:39:00,2,102,231.98,3.866333333333334,51.0,31.633333333333333,13,Spring,United Kingdom,39,2,231.98,0,Regular Customers
14996.0,2010-08-15 13:41:00,2010-08-15 13:44:00,2,404,442.29,10.787560975609756,391.2926829268293,36.1219512195122,13,Summer,United Kingdom,481,2,442.29,1,At-Risk Customers
14997.0,2010-02-22 12:11:00,2011-10-24 13:28:00,4,1408,776.6,20.43684210526316,383.89473684210526,10.36842105263158,13,Autumn,United Kingdom,46,4,776.5999999999999,0,Regular Customers
14998.0,2010-04-13 16:07:00,2011-06-22 17:30:00,4,352,753.18,6.02544,99.696,34.312,16,Spring,United Kingdom,170,4,753.18,0,Regular Customers
14999.0,2010-04-26 10:47:00,2010-04-26 10:47:00,1,88,129.48000000000002,14.386666666666668,88.0,9.0,10,Spring,United Kingdom,593,1,129.48000000000002,1,At-Risk Customers
15000.0,2011-10-23 11:42:00,2011-10-23 11:42:00,1,218,490.52,6.37038961038961,218.0,76.0,11,Autumn,United Kingdom,48,1,490.52,0,Regular Customers
15001.0,2010-11-10 13:31:00,2010-11-10 13:51:00,2,70,199.11,4.328478260869565,62.82608695652174,38.52173913043478,13,Autumn,United Kingdom,394,2,199.11,1,At-Risk Customers
15002.0,2010-01-12 11:40:00,2011-08-16 10:44:00,9,2214,4138.08,12.279169139465877,262.83382789317506,39.55489614243324,11,Winter,United Kingdom,116,9,4138.08,0,Regular Customers
15003.0,2010-01-26 13:04:00,2010-08-23 15:44:00,6,525,1027.03,3.1216717325227963,105.56838905775076,61.61398176291793,13,Winter,United Kingdom,473,6,1027.03,1,At-Risk Customers
15004.0,2011-07-15 14:05:00,2011-07-15 14:05:00,1,623,1220.77,7.927077922077922,623.0,154.0,14,Summer,United Kingdom,147,1,1220.77,0,Regular Customers
15005.0,2009-12-01 14:19:00,2011-11-24 12:25:00,56,8666,13754.58,5.762287390029326,163.3472978634269,43.8232090490155,13,Spring,United Kingdom,16,56,13754.58,0,Regular Customers
15006.0,2010-09-12 13:03:00,2011-10-19 15:08:00,2,387,757.78,4.163626373626373,235.17582417582415,100.67032967032966,15,Autumn,United Kingdom,51,2,757.78,0,Regular Customers
15007.0,2011-07-03 16:00:00,2011-07-03 16:00:00,1,69,156.91,13.075833333333334,69.0,12.0,16,Summer,United Kingdom,159,1,156.91,0,Regular Customers
15008.0,2010-03-12 11:13:00,2010-08-16 13:09:00,2,1500,360.0,30.0,750.0,6.0,11,Spring,United Kingdom,480,2,360.0,1,At-Risk Customers
15009.0,2011-11-14 17:40:00,2011-11-27 13:35:00,3,639,1259.43,6.996833333333334,230.35555555555555,68.91111111111111,17,Autumn,United Kingdom,12,3,1259.43,0,Regular Customers
15010.0,2011-11-04 12:42:00,2011-11-04 12:42:00,1,184,308.94,15.447,184.0,20.0,12,Autumn,United Kingdom,36,1,308.94,0,Regular Customers
15011.0,2010-10-19 12:05:00,2010-11-09 11:10:00,2,289,416.6,20.83,157.85,10.9,12,Autumn,United Kingdom,396,2,416.6,1,At-Risk Customers
15012.0,2010-05-12 11:49:00,2011-10-17 12:22:00,3,383,646.26,3.3835602094240835,131.62303664921467,62.01047120418848,12,Autumn,United Kingdom,54,3,646.26,0,Regular Customers
15013.0,2010-01-31 12:15:00,2010-08-09 12:05:00,10,1715,1610.82,4.737705882352941,193.8029411764706,39.31764705882353,12,Summer,United Kingdom,488,10,1610.82,1,At-Risk Customers
15014.0,2011-06-16 19:40:00,2011-10-27 20:07:00,2,149,257.67,7.808181818181819,79.81818181818181,24.727272727272727,20,Autumn,United Kingdom,43,2,257.67,0,Regular Customers
15015.0,2009-12-14 14:46:00,2010-07-26 13:50:00,13,1584,2354.97,8.010102040816326,172.3231292517007,31.901360544217688,19,Spring,United Kingdom,501,13,2354.97,1,At-Risk Customers
15016.0,2010-06-14 13:06:00,2011-06-20 12:06:00,5,243,620.89,5.913238095238095,61.00952380952381,26.857142857142858,13,Autumn,United Kingdom,173,5,620.89,0,Regular Customers
15017.0,2011-11-06 10:33:00,2011-11-06 10:33:00,1,63,125.58,6.279,63.0,20.0,10,Autumn,United Kingdom,34,1,125.58,0,Regular Customers
15018.0,2010-12-07 10:47:00,2011-11-01 12:47:00,3,189,496.21,16.006774193548388,74.54838709677419,11.774193548387096,12,Autumn,United Kingdom,39,3,496.21,0,Regular Customers
15019.0,2011-03-18 12:35:00,2011-03-18 12:35:00,1,150,252.81,3.8304545454545456,150.0,64.0,12,Spring,United Kingdom,267,1,252.81,1,At-Risk Customers
15020.0,2010-11-25 13:29:00,2010-11-25 13:29:00,1,111,198.47,7.350740740740741,111.0,27.0,13,Autumn,United Kingdom,379,1,198.47,1,At-Risk Customers
15021.0,2010-07-29 16:35:00,2011-12-01 11:53:00,12,1079,2500.59,4.01378812199037,98.8940609951846,57.32744783306581,12,Autumn,United Kingdom,9,12,2500.59,0,Regular Customers
15022.0,2010-01-31 16:02:00,2011-11-28 12:35:00,5,640,1133.44,8.096,172.05714285714285,35.24285714285714,12,Autumn,United Kingdom,12,5,1133.44,0,Regular Customers
15023.0,2010-02-03 15:45:00,2011-12-06 17:23:00,20,4758,11578.65,12.086273486430064,305.1586638830898,59.84446764091858,13,Spring,United Kingdom,3,20,11578.65,0,Regular Customers
15024.0,2010-10-11 16:14:00,2011-11-30 12:06:00,16,1924,3559.39,11.12309375,200.290625,32.103125,12,Autumn,United Kingdom,10,16,3559.39,0,Regular Customers
15025.0,2010-05-20 13:28:00,2011-11-06 15:20:00,2,503,979.79,7.048848920863309,253.92805755395685,69.10791366906474,13,Spring,United Kingdom,33,2,979.79,0,Regular Customers
15026.0,2010-09-17 13:52:00,2011-09-20 13:52:00,5,655,1048.89,7.600652173913044,174.20289855072463,34.710144927536234,13,Autumn,United Kingdom,80,5,1048.89,0,Regular Customers
15027.0,2010-03-25 14:39:00,2011-11-09 10:16:00,10,2782,3195.6,35.11648351648351,293.7912087912088,14.021978021978022,14,Spring,United Kingdom,31,10,3195.6,0,Regular Customers
15028.0,2010-11-10 14:32:00,2011-12-01 14:06:00,6,673,962.94,9.440588235294117,150.40196078431373,24.19607843137255,12,Autumn,United Kingdom,8,6,962.94,0,Regular Customers
15029.0,2010-03-30 12:16:00,2010-03-30 12:16:00,1,234,365.1,36.510000000000005,234.0,10.0,12,Spring,United Kingdom,620,1,365.1,1,At-Risk Customers
15030.0,2010-03-04 17:10:00,2011-09-29 10:50:00,8,1225,1979.91,59.99727272727273,188.8181818181818,5.303030303030303,17,Spring,United Kingdom,72,8,1979.91,0,Regular Customers
15031.0,2009-12-08 13:38:00,2011-12-05 14:19:00,14,1576,3102.94,7.855544303797468,125.75696202531644,33.073417721518986,19,Winter,United Kingdom,4,14,3102.94,0,Regular Customers
15032.0,2009-12-10 15:27:00,2011-03-28 15:03:00,8,6601,11010.05,115.89526315789472,1151.0736842105264,18.094736842105263,12,Winter,United Kingdom,256,8,11010.05,0,Regular Customers
15033.0,2011-01-14 13:28:00,2011-12-05 12:40:00,10,1672,2557.18,5.104151696606786,197.83433133732532,57.08782435129741,13,Autumn,United Kingdom,5,10,2557.18,0,Regular Customers
15034.0,2010-05-11 13:30:00,2011-11-24 12:11:00,14,4748,8231.2,10.945744680851066,385.82978723404256,71.88563829787235,12,Autumn,United Kingdom,16,14,8231.2,0,Regular Customers
15035.0,2011-09-11 11:08:00,2011-09-11 11:08:00,1,245,252.73,9.36037037037037,245.0,26.0,11,Autumn,United Kingdom,90,1,252.73,0,Regular Customers
15036.0,2011-06-13 12:19:00,2011-09-28 15:42:00,3,316,429.56,3.609747899159664,130.3613445378151,55.87394957983193,15,Autumn,United Kingdom,72,3,429.56,0,Regular Customers
15037.0,2010-11-28 12:14:00,2010-11-28 13:05:00,2,298,397.76,8.83911111111111,199.9777777777778,28.95555555555556,12,Autumn,United Kingdom,376,2,397.76,1,At-Risk Customers
15038.0,2010-10-10 14:35:00,2011-10-12 11:33:00,9,381,1146.53,4.878851063829787,61.47234042553192,42.64680851063829,11,Autumn,United Kingdom,59,9,1146.53,0,Regular Customers
15039.0,2009-12-10 11:39:00,2011-11-30 11:31:00,93,17780,39141.48,14.52374025974026,249.7320964749536,37.8051948051948,11,Autumn,United Kingdom,10,93,39141.48,3,Loyal Customers
15040.0,2010-06-16 11:40:00,2010-06-16 11:40:00,1,1,7.49,7.49,1.0,1.0,11,Summer,United Kingdom,542,1,7.49,1,At-Risk Customers
15041.0,2010-09-21 13:16:00,2011-06-22 16:16:00,2,194,289.4,2.782692307692308,98.6153846153846,54.67307692307692,16,Summer,United Kingdom,170,2,289.4,0,Regular Customers
15042.0,2010-04-23 14:01:00,2011-05-24 16:25:00,2,238,315.45,35.05,109.11111111111111,4.555555555555555,16,Spring,United Kingdom,199,2,315.45,0,Regular Customers
15043.0,2010-06-24 15:50:00,2011-11-08 14:26:00,6,1019,2870.32,56.28078431372548,149.76470588235293,14.882352941176473,15,Summer,United Kingdom,31,6,2870.32,0,Regular Customers
15044.0,2009-12-16 15:13:00,2011-11-20 13:20:00,35,5241,16024.15,17.884095982142856,226.8671875,35.104910714285715,13,Winter,United Kingdom,19,35,16024.15,0,Regular Customers
15045.0,2011-03-27 11:44:00,2011-07-11 11:33:00,2,114,735.66,61.305,63.333333333333336,6.666666666666667,11,Summer,United Kingdom,152,2,735.66,0,Regular Customers
15046.0,2010-01-14 14:29:00,2011-11-30 15:50:00,25,4585,7623.79,19.349720812182746,205.2766497461929,21.21065989847716,12,Winter,United Kingdom,9,25,7623.79,0,Regular Customers
15047.0,2011-03-15 10:49:00,2011-03-15 10:49:00,1,222,343.62,15.61909090909091,222.0,22.0,10,Spring,United Kingdom,270,1,343.62,1,At-Risk Customers
15048.0,2010-12-06 12:15:00,2011-10-05 14:55:00,4,192,381.0,4.053191489361702,55.38297872340426,25.97872340425532,11,Spring,United Kingdom,65,4,381.0,0,Regular Customers
15049.0,2011-03-11 12:13:00,2011-03-11 12:13:00,1,63,121.17000000000002,40.39000000000001,63.0,3.0,12,Spring,United Kingdom,274,1,121.17000000000002,1,At-Risk Customers
15050.0,2010-08-16 12:00:00,2011-11-14 16:17:00,5,2600,4087.19,27.43080536912752,709.4228187919463,39.62416107382551,13,Autumn,United Kingdom,25,5,4087.19,0,Regular Customers
15051.0,2009-12-01 13:29:00,2011-11-16 15:38:00,9,3052,3926.91,13.587923875432525,380.0484429065744,40.03806228373703,14,Autumn,United Kingdom,23,9,3926.91,0,Regular Customers
15052.0,2011-01-24 15:52:00,2011-01-24 15:52:00,1,79,207.73,7.418928571428572,79.0,27.0,15,Winter,United Kingdom,319,1,207.73,1,At-Risk Customers
15053.0,2011-03-03 12:06:00,2011-12-05 12:08:00,3,984,693.95,10.057246376811596,346.5217391304348,23.07246376811594,12,Winter,United Kingdom,5,3,693.95,0,Regular Customers
15054.0,2011-10-30 14:33:00,2011-11-27 15:02:00,2,198,302.1,2.6500000000000004,101.10526315789474,57.578947368421055,14,Autumn,United Kingdom,12,2,302.1,0,Regular Customers
15055.0,2009-12-16 15:48:00,2010-08-22 11:06:00,3,225,549.12,6.779259259259259,82.85185185185185,38.23456790123457,15,Winter,United Kingdom,475,3,549.12,1,At-Risk Customers
15056.0,2010-07-07 15:58:00,2010-07-07 15:58:00,1,69,113.65,18.941666666666663,69.0,6.0,15,Summer,United Kingdom,520,1,113.65,1,At-Risk Customers
15057.0,2009-12-05 15:27:00,2011-03-09 15:17:00,5,1394,3255.96,46.513714285714286,363.0285714285714,17.02857142857143,9,Winter,United Kingdom,275,5,3255.96,1,At-Risk Customers
15058.0,2010-02-24 14:07:00,2011-11-14 14:57:00,16,1645,3387.58,9.762478386167146,96.10662824207492,26.919308357348704,13,Autumn,United Kingdom,25,16,3387.58,0,Regular Customers
15059.0,2009-12-06 12:17:00,2011-10-30 11:35:00,19,1599,3491.2,5.927334465195246,91.93548387096774,35.473684210526315,12,Winter,United Kingdom,41,19,3491.2,0,Regular Customers
15060.0,2011-11-30 14:03:00,2011-12-01 13:47:00,4,257,294.25,2.5586956521739133,102.24347826086957,49.29565217391304,14,Autumn,United Kingdom,8,4,294.25,0,Regular Customers
15061.0,2009-12-01 12:18:00,2011-12-06 12:06:00,127,74280,126389.02,140.74501113585745,1055.986636971047,13.425389755011135,14,Winter,United Kingdom,4,127,126389.02,3,Loyal Customers
15062.0,2010-04-08 15:41:00,2011-09-29 16:51:00,8,1872,2585.62,16.26176100628931,286.0377358490566,25.20125786163522,10,Spring,United Kingdom,71,8,2585.62,0,Regular Customers
15063.0,2011-05-10 13:25:00,2011-05-10 13:25:00,1,56,370.8,74.16,56.0,5.0,13,Spring,United Kingdom,213,1,370.8,0,Regular Customers
15064.0,2009-12-22 16:17:00,2010-10-25 14:32:00,4,810,1254.41,15.486543209876544,211.22222222222223,21.666666666666668,14,Autumn,United Kingdom,410,4,1254.41,1,At-Risk Customers
15065.0,2010-10-25 09:13:00,2011-11-02 09:45:00,5,1446,3326.86,20.04132530120482,391.22289156626505,46.06024096385542,11,Summer,United Kingdom,38,5,3326.86,0,Regular Customers
15066.0,2011-10-17 13:25:00,2011-10-17 13:25:00,1,317,893.59,21.275952380952383,317.0,42.0,13,Autumn,United Kingdom,53,1,893.59,0,Regular Customers
15067.0,2010-04-11 15:54:00,2011-09-22 13:20:00,5,2151,3862.88,21.82418079096045,482.96045197740114,40.92090395480226,14,Autumn,United Kingdom,78,5,3862.88,0,Regular Customers
15068.0,2010-03-28 13:18:00,2011-10-24 14:47:00,4,832,1174.9,5.389449541284404,214.86238532110093,55.6605504587156,14,Autumn,United Kingdom,46,4,1174.9,0,Regular Customers
15069.0,2011-06-13 14:16:00,2011-06-13 14:16:00,1,520,1109.53,15.850428571428573,520.0,70.0,14,Summer,United Kingdom,179,1,1109.53,0,Regular Customers
15070.0,2009-12-15 13:49:00,2010-12-02 11:23:00,3,339,737.0500000000001,23.0328125,149.71875,15.1875,15,Spring,United Kingdom,373,3,737.0500000000001,1,At-Risk Customers
15071.0,2010-05-18 12:45:00,2011-09-07 11:43:00,4,416,1455.5600000000002,26.954814814814817,103.01851851851852,13.88888888888889,13,Autumn,United Kingdom,94,4,1455.56,0,Regular Customers
15072.0,2010-08-17 15:46:00,2010-08-17 15:46:00,1,164,187.52,14.424615384615386,164.0,13.0,15,Summer,United Kingdom,479,1,187.52,1,At-Risk Customers
15073.0,2010-01-27 08:48:00,2011-11-30 10:44:00,8,1410,2788.02,17.534716981132075,190.6477987421384,21.339622641509436,8,Autumn,United Kingdom,10,8,2788.02,0,Regular Customers
15074.0,2010-08-29 11:47:00,2011-08-26 14:45:00,3,1039,1553.13,21.571250000000003,387.15277777777777,31.194444444444443,14,Summer,United Kingdom,105,3,1553.13,0,Regular Customers
15075.0,2011-09-23 12:27:00,2011-09-23 12:27:00,1,447,773.03,28.63074074074074,447.0,27.0,12,Autumn,United Kingdom,78,1,773.03,0,Regular Customers
15076.0,2010-07-05 14:11:00,2011-06-20 08:23:00,3,866,1447.74,18.09675,460.0,41.275,8,Summer,United Kingdom,173,3,1447.74,0,Regular Customers
15077.0,2009-12-09 17:10:00,2010-08-02 11:13:00,2,528,2428.08,75.8775,257.25,16.5625,17,Winter,United Kingdom,495,2,2428.08,1,At-Risk Customers
15078.0,2009-12-04 12:03:00,2011-12-02 15:41:00,53,8777,17286.73,22.42118028534371,235.727626459144,21.153047989623865,13,Summer,United Kingdom,7,53,17286.73,0,Regular Customers
15079.0,2009-12-08 11:22:00,2011-05-11 12:45:00,11,1459,3625.4,25.712056737588654,239.290780141844,27.02836879432624,13,Spring,United Kingdom,213,11,3625.4,0,Regular Customers
15080.0,2010-07-26 10:03:00,2010-10-08 11:52:00,2,287,546.25,17.620967741935484,152.06451612903226,16.806451612903224,10,Summer,United Kingdom,428,2,546.25,1,At-Risk Customers
15081.0,2010-06-22 10:25:00,2011-11-17 17:08:00,12,749,1854.57,18.362079207920797,76.45544554455445,10.029702970297029,10,Autumn,United Kingdom,22,12,1854.57,0,Regular Customers
15082.0,2010-02-09 10:23:00,2010-02-09 10:23:00,1,43,93.35,15.558333333333335,43.0,6.0,10,Winter,United Kingdom,669,1,93.35,1,At-Risk Customers
15083.0,2011-03-28 12:18:00,2011-03-28 12:18:00,1,38,88.2,17.64,38.0,5.0,12,Spring,United Kingdom,257,1,88.2,1,At-Risk Customers
15084.0,2010-03-04 10:45:00,2010-11-25 11:58:00,2,600,965.2,31.13548387096774,348.7741935483871,16.29032258064516,11,Autumn,United Kingdom,380,2,965.2,1,At-Risk Customers
15085.0,2009-12-10 11:47:00,2009-12-10 11:47:00,1,169,347.54,38.61555555555556,169.0,9.0,11,Winter,United Kingdom,730,1,347.54,1,At-Risk Customers
15086.0,2010-03-24 13:56:00,2010-05-24 12:27:00,2,95,218.53,19.86636363636364,47.63636363636363,5.545454545454546,13,Spring,United Kingdom,565,2,218.53,1,At-Risk Customers
15087.0,2011-03-03 10:34:00,2011-03-03 10:34:00,1,470,306.94,20.462666666666667,470.0,15.0,10,Spring,United Kingdom,282,1,306.94,1,At-Risk Customers
15088.0,2011-10-03 14:05:00,2011-11-18 13:14:00,2,460,1160.07,20.352105263157892,274.3859649122807,33.14035087719298,14,Autumn,United Kingdom,21,2,1160.07,0,Regular Customers
15089.0,2011-08-03 14:14:00,2011-11-29 16:31:00,6,1359,2420.84,16.69544827586207,439.3310344827586,44.33793103448276,14,Summer,United Kingdom,10,6,2420.84,0,Regular Customers
15090.0,2011-02-04 14:03:00,2011-02-04 14:03:00,1,208,381.32,16.57913043478261,208.0,23.0,14,Winter,United Kingdom,308,1,381.32,1,At-Risk Customers
15091.0,2010-02-03 11:46:00,2011-10-03 12:47:00,3,582,1046.61,18.36157894736842,236.52631578947367,22.26315789473684,12,Autumn,United Kingdom,68,3,1046.61,0,Regular Customers
15092.0,2010-09-03 12:33:00,2011-05-08 14:10:00,3,230,776.46,17.25466666666667,92.04444444444444,17.133333333333333,12,Spring,United Kingdom,215,3,776.46,0,Regular Customers
15093.0,2009-12-08 12:46:00,2011-11-21 13:09:00,23,10778,13702.38,43.36196202531646,763.1962025316456,23.41455696202532,14,Winter,United Kingdom,18,23,13702.38,0,Regular Customers
15094.0,2010-03-05 12:56:00,2010-09-02 16:55:00,2,28,83.0,16.6,14.4,2.6,12,Spring,United Kingdom,463,2,83.0,1,At-Risk Customers
15095.0,2010-01-21 09:37:00,2011-08-28 12:01:00,10,2233,3141.64,25.335806451612903,331.68548387096774,17.35483870967742,14,Summer,United Kingdom,104,10,3141.64,0,Regular Customers
15096.0,2011-10-28 10:27:00,2011-10-28 10:27:00,1,120,219.39,19.94454545454545,120.0,11.0,10,Autumn,United Kingdom,43,1,219.39,0,Regular Customers
15097.0,2010-05-05 14:22:00,2011-12-05 14:03:00,3,424,908.35,13.762878787878789,214.7878787878788,33.121212121212125,14,Spring,United Kingdom,4,3,908.35,0,Regular Customers
15098.0,2011-06-10 15:22:00,2011-06-10 15:33:00,3,121,39916.5,13305.5,40.333333333333336,1.0,15,Summer,United Kingdom,182,3,39916.5,0,Regular Customers
15099.0,2011-09-16 13:13:00,2011-09-16 13:13:00,1,343,410.48,17.84695652173913,343.0,23.0,13,Autumn,United Kingdom,84,1,410.48,0,Regular Customers
15100.0,2010-01-07 14:33:00,2011-01-10 10:35:00,7,270,2193.9,137.11874999999998,52.5,4.375,14,Winter,United Kingdom,334,7,2193.9,1,At-Risk Customers
15101.0,2010-04-28 15:00:00,2011-12-01 10:18:00,6,676,1477.94,25.481724137931035,166.0,17.724137931034484,16,Summer,United Kingdom,9,6,1477.94,0,Regular Customers
15102.0,2010-06-11 10:16:00,2010-06-27 12:16:00,2,339,554.67,20.543333333333333,209.7037037037037,16.62962962962963,10,Summer,United Kingdom,531,2,554.67,1,At-Risk Customers
15103.0,2011-09-14 13:54:00,2011-11-08 14:53:00,2,329,703.36,20.096,168.74285714285713,18.65714285714286,14,Autumn,United Kingdom,31,2,703.36,0,Regular Customers
15104.0,2011-03-02 14:16:00,2011-05-27 12:29:00,2,635,993.54,14.828955223880596,333.5074626865672,34.40298507462686,12,Spring,United Kingdom,197,2,993.54,0,Regular Customers
15105.0,2010-03-23 12:18:00,2011-11-21 16:54:00,9,1747,3094.91,20.496092715231786,277.841059602649,24.43046357615894,11,Autumn,United Kingdom,18,9,3094.91,0,Regular Customers
15106.0,2011-03-15 12:52:00,2011-11-22 09:16:00,5,1181,1422.52,14.2252,254.41,22.08,8,Spring,United Kingdom,18,5,1422.52,0,Regular Customers
15107.0,2010-09-14 10:47:00,2011-02-01 14:46:00,9,330,824.35,19.627380952380957,47.595238095238095,8.80952380952381,8,Autumn,United Kingdom,311,9,824.35,1,At-Risk Customers
15108.0,2011-04-26 10:54:00,2011-07-21 10:24:00,4,499,1300.25,21.67083333333333,208.41666666666663,22.066666666666663,10,Summer,European Community,142,4,1300.25,0,Regular Customers
15109.0,2009-12-04 12:33:00,2011-04-08 09:58:00,3,258,983.1,20.48125,104.0,20.666666666666668,9,Spring,United Kingdom,246,3,983.1,0,Regular Customers
15110.0,2010-08-11 15:49:00,2011-11-16 11:16:00,6,337,1505.85,28.4122641509434,55.9811320754717,8.924528301886792,9,Autumn,United Kingdom,24,6,1505.85,0,Regular Customers
15111.0,2010-04-26 13:12:00,2011-11-10 16:58:00,5,1058,2442.37,18.09162962962963,272.8666666666667,34.525925925925925,8,Autumn,United Kingdom,29,5,2442.37,0,Regular Customers
15112.0,2010-04-07 14:17:00,2010-04-07 14:17:00,1,72,209.4,29.914285714285715,72.0,7.0,14,Spring,United Kingdom,611,1,209.4,1,At-Risk Customers
15113.0,2011-10-16 15:27:00,2011-11-30 08:23:00,3,2344,3509.43,36.179690721649486,1252.2061855670104,56.422680412371136,15,Autumn,United Kingdom,10,3,3509.43,0,Regular Customers
15114.0,2010-10-14 16:44:00,2011-11-09 15:05:00,12,3532,3400.12,14.7191341991342,327.8528138528139,21.536796536796537,16,Autumn,United Kingdom,30,12,3400.12,0,Regular Customers
15115.0,2009-12-07 11:20:00,2011-11-21 14:59:00,2,245,531.85,15.195714285714288,129.4,18.2,14,Autumn,United Kingdom,18,2,531.85,0,Regular Customers
15116.0,2011-05-19 08:50:00,2011-11-22 12:25:00,4,648,1352.75,30.06111111111111,171.33333333333334,11.977777777777778,12,Autumn,United Kingdom,18,4,1352.75,0,Regular Customers
15117.0,2010-03-15 13:39:00,2011-11-25 08:12:00,8,3093,2485.97,18.97687022900763,440.1450381679389,23.427480916030536,15,Autumn,United Kingdom,15,8,2485.9700000000003,0,Regular Customers
15118.0,2011-07-28 14:54:00,2011-07-28 14:54:00,1,1440,244.8,244.8,1440.0,1.0,14,Summer,United Kingdom,134,1,244.8,0,Regular Customers
15119.0,2011-04-08 09:08:00,2011-04-08 09:08:00,1,88,266.4,19.02857142857143,88.0,14.0,9,Spring,United Kingdom,246,1,266.4,0,Regular Customers
15120.0,2011-07-29 09:48:00,2011-07-29 09:48:00,1,296,358.82,17.086666666666666,296.0,21.0,9,Summer,United Kingdom,134,1,358.82,0,Regular Customers
15121.0,2011-02-24 12:41:00,2011-10-20 14:51:00,2,199,457.72,16.34714285714286,106.78571428571428,15.142857142857142,12,Winter,United Kingdom,50,2,457.72,0,Regular Customers
15122.0,2010-03-30 14:05:00,2011-08-17 16:48:00,11,2033,4487.27,19.767709251101323,234.58590308370043,27.7136563876652,14,Spring,United Kingdom,114,11,4487.27,0,Regular Customers
15123.0,2010-03-16 09:49:00,2011-12-02 13:12:00,5,2524,4656.17,25.443551912568307,573.9672131147541,43.22950819672131,13,Spring,United Kingdom,7,5,4656.17,0,Regular Customers
15124.0,2010-02-26 10:49:00,2011-11-17 10:09:00,4,462,450.82,14.54258064516129,117.80645161290325,7.967741935483871,10,Summer,United Kingdom,23,4,450.82,0,Regular Customers
15125.0,2010-03-31 13:29:00,2011-11-14 13:57:00,24,8433,17024.87,70.93695833333332,733.1708333333333,20.516666666666666,13,Spring,United Kingdom,25,24,17024.87,0,Regular Customers
15126.0,2010-01-21 17:09:00,2010-06-21 12:31:00,2,273,449.49,17.9796,139.6,13.0,12,Summer,United Kingdom,537,2,449.49,1,At-Risk Customers
15127.0,2010-07-08 10:07:00,2011-10-05 10:30:00,2,464,711.5,25.410714285714285,234.7142857142857,14.285714285714286,10,Autumn,United Kingdom,66,2,711.5,0,Regular Customers
15128.0,2010-10-05 16:46:00,2011-10-10 13:54:00,5,1583,1783.68,14.501463414634149,324.1707317073171,25.536585365853657,12,Summer,United Kingdom,60,5,1783.68,0,Regular Customers
15129.0,2010-04-08 17:15:00,2011-10-20 14:40:00,23,4002,6860.18,33.14096618357488,214.8309178743961,11.26086956521739,13,Summer,United Kingdom,50,23,6860.18,0,Regular Customers
15130.0,2011-06-23 10:15:00,2011-06-23 10:15:00,1,197,330.11,15.005,197.0,22.0,10,Summer,United Kingdom,170,1,330.11,0,Regular Customers
15131.0,2010-11-10 12:07:00,2010-11-10 12:07:00,1,88,80.28,11.468571428571428,88.0,7.0,12,Autumn,United Kingdom,395,1,80.28,1,At-Risk Customers
15132.0,2011-03-22 12:02:00,2011-11-21 17:10:00,5,679,977.93,18.80634615384616,223.75,18.0,11,Spring,United Kingdom,18,5,977.93,0,Regular Customers
15133.0,2010-07-07 12:31:00,2011-08-04 10:44:00,5,960,1806.9,36.87551020408164,198.3265306122449,10.428571428571429,10,Summer,United Kingdom,128,5,1806.9,0,Regular Customers
15134.0,2010-10-13 12:44:00,2011-11-25 08:55:00,10,1057,1596.29,18.779882352941176,116.55294117647058,9.635294117647058,12,Autumn,United Kingdom,15,10,1596.29,0,Regular Customers
15135.0,2010-06-01 13:33:00,2011-04-14 19:16:00,2,84,305.68,15.284,41.9,10.1,13,Summer,United Kingdom,239,2,305.68,0,Regular Customers
15136.0,2011-09-04 16:05:00,2011-12-07 12:26:00,4,776,1286.7,18.92205882352941,265.7647058823529,22.764705882352946,16,Autumn,United Kingdom,3,4,1286.7,0,Regular Customers
15137.0,2010-01-28 15:45:00,2010-07-07 09:41:00,2,596,823.4,24.21764705882353,296.11764705882354,17.058823529411764,9,Summer,United Kingdom,521,2,823.4,1,At-Risk Customers
15138.0,2010-11-11 09:16:00,2010-11-11 09:16:00,1,300,502.52,16.210322580645162,300.0,31.0,9,Autumn,United Kingdom,394,1,502.52,1,At-Risk Customers
15139.0,2011-01-07 12:44:00,2011-04-14 11:39:00,2,208,178.96,13.766153846153848,103.53846153846152,6.846153846153846,12,Winter,United Kingdom,240,2,178.96,0,Regular Customers
15140.0,2010-09-23 13:07:00,2011-10-18 14:07:00,8,2010,3243.69,28.96151785714286,307.8125,18.642857142857142,13,Autumn,United Kingdom,52,8,3243.69,0,Regular Customers
15141.0,2010-03-28 15:58:00,2010-09-08 11:33:00,7,1197,1388.47,17.355875,178.4375,12.275,15,Spring,United Kingdom,458,7,1388.47,1,At-Risk Customers
15142.0,2010-07-27 09:05:00,2011-10-24 12:51:00,6,2155,2619.92,18.450140845070425,490.09859154929575,32.08450704225352,9,Summer,United Kingdom,46,6,2619.92,0,Regular Customers
15143.0,2010-10-03 13:58:00,2011-04-28 12:03:00,2,320,563.63,18.181612903225805,160.96774193548387,15.64516129032258,13,Autumn,United Kingdom,226,2,563.63,0,Regular Customers
15144.0,2009-12-13 11:35:00,2011-12-01 15:12:00,29,5251,12160.31,34.84329512893983,238.6647564469914,16.2378223495702,15,Autumn,United Kingdom,8,29,12160.31,0,Regular Customers
15145.0,2011-04-05 15:20:00,2011-12-05 17:21:00,4,756,1194.73,17.83179104477612,205.59701492537317,19.23880597014925,15,Spring,United Kingdom,4,4,1194.73,0,Regular Customers
15146.0,2011-02-21 13:07:00,2011-06-28 12:09:00,2,1473,1327.16,14.584175824175825,804.7692307692307,52.23076923076923,13,Winter,United Kingdom,165,2,1327.16,0,Regular Customers
15147.0,2011-04-13 15:57:00,2011-04-13 15:57:00,1,366,623.5,22.267857142857142,366.0,28.0,15,Spring,United Kingdom,240,1,623.5,0,Regular Customers
15148.0,2011-11-29 08:21:00,2011-11-29 08:21:00,1,187,301.29,15.0645,187.0,20.0,8,Autumn,United Kingdom,11,1,301.29,0,Regular Customers
15149.0,2010-02-28 11:13:00,2011-07-29 10:58:00,5,380,1554.61,22.53057971014493,106.4927536231884,19.666666666666668,13,Spring,United Kingdom,134,5,1554.61,0,Regular Customers
15150.0,2010-06-14 12:01:00,2011-11-22 12:52:00,13,6167,8977.94,15.668307155322864,897.5898778359511,79.57591623036649,12,Summer,United Kingdom,17,13,8977.94,0,Regular Customers
15151.0,2010-07-18 12:19:00,2010-10-12 16:37:00,2,795,2085.61,36.58964912280702,471.6140350877193,31.035087719298247,16,Autumn,United Kingdom,423,2,2085.61,1,At-Risk Customers
15152.0,2010-01-07 15:15:00,2011-11-30 12:32:00,14,2994,5263.83,17.5461,238.44333333333333,24.226666666666667,15,Autumn,United Kingdom,10,14,5263.83,0,Regular Customers
15153.0,2011-11-08 17:09:00,2011-11-08 17:09:00,1,198,329.25,14.965909090909092,198.0,22.0,17,Autumn,United Kingdom,31,1,329.25,0,Regular Customers
15154.0,2010-08-18 17:41:00,2011-09-25 16:05:00,3,333,1343.72,7.767167630057804,107.18497109826588,57.959537572254334,17,Summer,United Kingdom,75,3,1343.72,0,Regular Customers
15155.0,2010-11-21 12:59:00,2010-11-21 12:59:00,1,192,383.97,15.99875,192.0,24.0,12,Autumn,United Kingdom,383,1,383.97,1,At-Risk Customers
15156.0,2011-11-06 12:41:00,2011-12-08 18:22:00,3,597,961.49,17.481636363636365,222.1818181818182,20.454545454545453,9,Winter,United Kingdom,1,3,961.49,0,Regular Customers
15157.0,2009-12-10 14:44:00,2011-12-06 11:28:00,5,3466,2654.11,17.46125,786.2105263157895,38.19736842105263,13,Winter,United Kingdom,4,5,2654.11,0,Regular Customers
15158.0,2010-11-03 13:46:00,2011-10-25 13:53:00,2,219,606.02,55.09272727272728,133.63636363636363,5.909090909090909,13,Autumn,United Kingdom,45,2,606.02,0,Regular Customers
15159.0,2010-10-04 09:31:00,2011-12-08 12:05:00,34,13512,22116.73,27.30460493827161,756.3024691358024,44.96049382716049,14,Autumn,United Kingdom,2,34,22116.73,0,Regular Customers
15160.0,2010-10-14 15:26:00,2010-12-17 14:15:00,4,307,589.27,25.62043478260869,81.56521739130434,6.826086956521739,15,Autumn,United Kingdom,357,4,589.27,1,At-Risk Customers
15161.0,2010-11-16 16:08:00,2010-11-16 16:08:00,1,144,119.92,3.633939393939394,144.0,33.0,16,Autumn,United Kingdom,388,1,119.92,1,At-Risk Customers
15162.0,2009-12-08 13:14:00,2009-12-08 13:14:00,1,74,312.9,26.075,74.0,12.0,13,Winter,United Kingdom,731,1,312.9,1,At-Risk Customers
15163.0,2011-05-31 15:22:00,2011-11-21 13:10:00,2,186,304.47,10.49896551724138,106.96551724137932,15.89655172413793,13,Autumn,United Kingdom,18,2,304.47,0,Regular Customers
15164.0,2010-01-18 13:34:00,2011-10-02 12:05:00,9,912,2028.11,5.761676136363636,108.58238636363636,41.00568181818182,13,Autumn,United Kingdom,69,9,2028.11,0,Regular Customers
15165.0,2010-12-01 14:03:00,2010-12-01 14:03:00,1,160,487.75,18.064814814814813,160.0,27.0,14,Winter,United Kingdom,373,1,487.75,1,At-Risk Customers
15166.0,2010-08-29 12:31:00,2010-08-29 12:31:00,1,140,167.16,13.93,140.0,12.0,12,Summer,United Kingdom,468,1,167.16,1,At-Risk Customers
15167.0,2010-02-04 14:13:00,2011-01-23 12:41:00,5,863,1627.62,5.3540131578947365,218.44078947368425,75.5,14,Winter,United Kingdom,321,5,1627.62,1,At-Risk Customers
15168.0,2011-11-14 11:26:00,2011-11-14 11:26:00,1,52,106.56,21.312,52.0,5.0,11,Autumn,United Kingdom,26,1,106.56,0,Regular Customers
15169.0,2009-12-13 11:16:00,2010-11-22 13:04:00,2,356,569.22,9.647796610169491,209.0677966101695,41.559322033898304,11,Winter,United Kingdom,382,2,569.22,1,At-Risk Customers
15170.0,2010-10-29 10:34:00,2010-10-29 10:34:00,1,33,81.15,20.2875,33.0,4.0,10,Autumn,United Kingdom,407,1,81.15,1,At-Risk Customers
15171.0,2011-01-12 15:36:00,2011-01-12 15:36:00,1,290,1289.5,257.9,290.0,5.0,15,Winter,United Kingdom,331,1,1289.5,1,At-Risk Customers
15172.0,2011-04-17 11:56:00,2011-12-01 11:51:00,5,1611,1624.05,14.764090909090909,324.9,22.98181818181818,11,Spring,United Kingdom,9,5,1624.05,0,Regular Customers
15173.0,2010-04-01 12:26:00,2010-11-24 10:21:00,7,840,1494.6,17.37906976744186,130.25581395348837,14.69767441860465,12,Spring,United Kingdom,381,7,1494.6,1,At-Risk Customers
15174.0,2010-10-25 09:40:00,2011-01-21 09:06:00,2,382,481.46,14.160588235294115,207.23529411764707,19.11764705882353,9,Autumn,United Kingdom,323,2,481.46,1,At-Risk Customers
15175.0,2011-09-29 11:31:00,2011-09-29 11:31:00,1,454,224.14,9.745217391304347,454.0,23.0,11,Autumn,United Kingdom,72,1,224.14,0,Regular Customers
15176.0,2010-02-10 10:36:00,2010-02-10 10:36:00,1,448,988.04,19.000769230769237,448.0,52.0,10,Winter,United Kingdom,668,1,988.04,1,At-Risk Customers
15177.0,2010-10-10 12:48:00,2010-10-10 12:48:00,1,485,948.93,36.49730769230769,485.0,26.0,12,Autumn,United Kingdom,426,1,948.93,1,At-Risk Customers
15178.0,2011-03-24 15:12:00,2011-03-24 15:12:00,1,30,40.5,13.5,30.0,3.0,15,Spring,United Kingdom,260,1,40.5,1,At-Risk Customers
15179.0,2009-12-03 12:27:00,2011-11-21 12:53:00,13,5416,7491.92,23.859617834394903,581.0636942675159,34.65605095541401,12,Winter,United Kingdom,18,13,7491.92,0,Regular Customers
15180.0,2010-04-29 15:27:00,2010-12-07 14:57:00,3,654,816.9300000000001,15.710192307692308,289.03846153846155,22.0,15,Spring,United Kingdom,367,3,816.9300000000001,1,At-Risk Customers
15181.0,2009-12-08 19:02:00,2011-10-04 13:58:00,5,688,1200.2,60.010000000000005,190.8,5.7,13,Autumn,United Kingdom,66,5,1200.2,0,Regular Customers
15182.0,2010-02-21 12:03:00,2011-07-08 13:37:00,11,1186,2998.952,23.991616,166.016,16.952,10,Summer,United Kingdom,154,11,2998.952,0,Regular Customers
15183.0,2010-05-04 11:31:00,2010-06-10 10:43:00,3,297,639.93,16.840263157894736,103.73684210526316,13.0,11,Spring,United Kingdom,548,3,639.93,1,At-Risk Customers
15184.0,2009-12-16 12:06:00,2011-11-10 13:41:00,4,462,685.39,8.159404761904762,114.82142857142856,28.642857142857142,12,Autumn,United Kingdom,29,4,685.39,0,Regular Customers
15185.0,2011-09-30 14:06:00,2011-09-30 14:06:00,1,666,310.62,14.791428571428572,666.0,21.0,14,Autumn,United Kingdom,70,1,310.62,0,Regular Customers
15186.0,2010-01-12 10:14:00,2011-11-25 14:58:00,5,716,1403.2,26.984615384615385,170.82692307692307,11.961538461538462,14,Summer,United Kingdom,14,5,1403.2,0,Regular Customers
15187.0,2011-05-11 13:49:00,2011-12-08 11:56:00,16,1887,4777.18,52.49648351648352,175.21978021978023,9.65934065934066,15,Autumn,United Kingdom,2,16,4777.18,0,Regular Customers
15188.0,2009-12-14 13:30:00,2009-12-14 13:30:00,1,233,310.43,13.496956521739133,233.0,23.0,13,Winter,United Kingdom,725,1,310.43,1,At-Risk Customers
15189.0,2010-07-18 13:37:00,2011-12-08 13:22:00,46,6902,17524.38,72.71526970954358,163.7842323651452,6.6846473029045645,12,Summer,United Kingdom,1,46,17524.38,0,Regular Customers
15190.0,2010-10-01 13:09:00,2010-10-01 13:09:00,1,790,834.4399999999999,20.861,790.0,40.0,13,Autumn,United Kingdom,434,1,834.4399999999999,1,At-Risk Customers
15191.0,2010-01-20 12:35:00,2010-09-02 15:37:00,3,287,588.05,16.80142857142857,97.91428571428573,11.914285714285716,12,Winter,United Kingdom,463,3,588.05,1,At-Risk Customers
15192.0,2010-01-29 10:13:00,2011-08-12 11:41:00,5,1448,1666.39,18.311978021978025,304.24175824175825,19.48351648351648,15,Summer,United Kingdom,120,5,1666.39,0,Regular Customers
15193.0,2011-10-10 08:23:00,2011-10-10 08:23:00,1,144,499.32,26.28,144.0,19.0,8,Autumn,United Kingdom,61,1,499.32,0,Regular Customers
15194.0,2009-12-03 10:37:00,2011-12-06 15:10:00,28,8922,12021.53,25.255315126050423,412.359243697479,21.058823529411764,10,Winter,United Kingdom,3,28,12021.53,0,Regular Customers
15195.0,2011-12-07 12:20:00,2011-12-07 12:20:00,1,1404,3861.0,3861.0,1404.0,1.0,12,Winter,United Kingdom,3,1,3861.0,0,Regular Customers
15196.0,2009-12-13 11:14:00,2010-10-03 10:50:00,2,130,313.7,7.469047619047619,65.0952380952381,20.285714285714285,11,Winter,United Kingdom,433,2,313.7,1,At-Risk Customers
15197.0,2009-12-11 12:56:00,2011-11-29 10:00:00,6,1058,1877.51,31.82220338983051,252.0677966101695,14.152542372881356,14,Autumn,United Kingdom,11,6,1877.51,0,Regular Customers
15198.0,2010-01-19 10:01:00,2011-09-08 14:42:00,5,327,571.35,18.43064516129032,70.74193548387096,7.129032258064516,14,Spring,United Kingdom,92,5,571.35,0,Regular Customers
15199.0,2010-05-13 10:14:00,2011-10-11 15:12:00,10,894,3122.4,61.22352941176471,90.49019607843135,7.470588235294118,10,Autumn,United Kingdom,59,10,3122.4,0,Regular Customers
15200.0,2010-08-02 09:38:00,2010-08-02 09:38:00,1,195,549.0500000000001,18.30166666666667,195.0,30.0,9,Summer,United Kingdom,495,1,549.05,1,At-Risk Customers
15201.0,2010-04-07 14:50:00,2011-09-13 14:53:00,7,1660,1842.95,18.4295,272.66,16.4,14,Spring,United Kingdom,87,7,1842.95,0,Regular Customers
15202.0,2010-10-15 12:39:00,2010-10-15 13:05:00,3,3,6001.49,2000.496666666667,1.0,1.0,12,Autumn,United Kingdom,420,3,6001.49,1,At-Risk Customers
15203.0,2009-12-08 18:06:00,2011-11-14 08:16:00,15,4182,4400.18,12.828513119533527,320.37609329446065,26.40524781341108,12,Summer,United Kingdom,26,15,4400.18,0,Regular Customers
15204.0,2010-12-17 13:49:00,2010-12-17 13:49:00,1,258,316.58,35.175555555555555,258.0,9.0,13,Winter,United Kingdom,357,1,316.58,1,At-Risk Customers
15205.0,2011-08-04 16:07:00,2011-09-15 19:36:00,2,378,653.24,17.655135135135136,191.0810810810811,20.135135135135137,16,Summer,United Kingdom,85,2,653.24,0,Regular Customers
15206.0,2011-03-09 08:59:00,2011-11-29 13:41:00,4,162,420.3,46.7,51.333333333333336,2.555555555555556,11,Autumn,United Kingdom,10,4,420.3,0,Regular Customers
15207.0,2010-06-10 17:29:00,2010-10-19 13:29:00,3,428,683.92,28.496666666666663,193.33333333333331,11.083333333333334,12,Autumn,United Kingdom,416,3,683.9200000000001,1,At-Risk Customers
15208.0,2010-10-12 12:17:00,2011-12-08 17:24:00,6,356,970.52,20.219166666666663,72.16666666666667,9.25,14,Autumn,United Kingdom,1,6,970.52,0,Regular Customers
15209.0,2009-12-09 17:26:00,2009-12-09 17:26:00,1,94,178.98000000000002,13.76769230769231,94.0,13.0,17,Winter,United Kingdom,730,1,178.98000000000002,1,At-Risk Customers
15210.0,2010-05-13 14:42:00,2011-04-28 16:11:00,3,841,1176.19,17.55507462686567,293.64179104477614,23.71641791044776,9,Spring,United Kingdom,225,3,1176.19,0,Regular Customers
15211.0,2010-12-09 16:08:00,2011-10-10 13:31:00,2,240,894.4100000000001,17.20019230769231,120.34615384615384,26.346153846153847,13,Autumn,United Kingdom,60,2,894.4100000000001,0,Regular Customers
15212.0,2010-11-28 10:45:00,2011-04-12 13:45:00,2,84,208.28,20.828,42.0,5.0,10,Autumn,United Kingdom,241,2,208.28,0,Regular Customers
15213.0,2011-01-14 11:05:00,2011-01-25 12:21:00,2,272,328.35,13.68125,241.0,20.33333333333333,11,Winter,United Kingdom,319,2,328.35,1,At-Risk Customers
15214.0,2011-04-11 09:46:00,2011-12-08 12:07:00,8,1254,1661.44,15.104,218.76363636363635,19.363636363636363,9,Autumn,United Kingdom,2,8,1661.44,0,Regular Customers
15215.0,2010-04-06 11:21:00,2011-10-24 11:41:00,7,776,2422.4300000000003,21.437433628318587,174.75221238938053,24.48672566371681,11,Autumn,United Kingdom,47,7,2422.43,0,Regular Customers
15216.0,2010-03-31 09:52:00,2011-09-13 11:41:00,2,217,486.09,20.25375,175.58333333333334,20.33333333333333,9,Spring,United Kingdom,88,2,486.09,0,Regular Customers
15217.0,2010-05-25 13:51:00,2010-05-25 13:51:00,1,190,426.24,15.222857142857142,190.0,28.0,13,Spring,United Kingdom,563,1,426.24,1,At-Risk Customers
15218.0,2010-01-26 11:33:00,2011-11-29 11:48:00,22,6530,11468.83,28.96169191919192,314.97727272727275,22.866161616161616,11,Spring,United Kingdom,11,22,11468.83,0,Regular Customers
15219.0,2010-03-01 11:33:00,2011-06-16 16:57:00,2,271,685.45,26.36346153846154,163.34615384615384,14.23076923076923,11,Spring,United Kingdom,176,2,685.45,0,Regular Customers
15220.0,2011-03-04 10:24:00,2011-10-19 12:39:00,6,1393,1778.96,15.204786324786324,264.43589743589746,23.017094017094017,12,Spring,United Kingdom,52,6,1778.96,0,Regular Customers
15221.0,2010-03-12 10:40:00,2010-12-08 13:08:00,4,244,2062.2,71.1103448275862,65.72413793103448,7.9655172413793105,10,Spring,United Kingdom,366,4,2062.2000000000003,1,At-Risk Customers
15222.0,2009-12-16 13:49:00,2011-01-25 08:03:00,11,4458,3550.91,25.73123188405797,484.9927536231884,15.304347826086955,15,Spring,United Kingdom,319,11,3550.91,1,At-Risk Customers
15223.0,2009-12-05 11:19:00,2011-04-28 11:31:00,5,385,1417.95,41.70441176470588,88.58823529411765,8.117647058823529,11,Spring,United Kingdom,226,5,1417.95,0,Regular Customers
15224.0,2010-01-15 16:14:00,2010-12-16 15:02:00,5,443,871.36,24.896,112.48571428571428,8.942857142857143,15,Winter,United Kingdom,358,5,871.36,1,At-Risk Customers
15225.0,2011-04-19 14:51:00,2011-04-19 14:51:00,1,226,409.4,17.8,226.0,23.0,14,Spring,United Kingdom,234,1,409.4,0,Regular Customers
15226.0,2011-02-02 11:41:00,2011-02-02 11:41:00,1,71,154.41,19.30125,71.0,8.0,11,Winter,United Kingdom,311,1,154.41,1,At-Risk Customers
15227.0,2010-03-16 08:23:00,2011-11-03 11:59:00,9,1217,2488.49,20.737416666666668,146.7,14.9,10,Spring,United Kingdom,37,9,2488.49,0,Regular Customers
15228.0,2010-07-28 10:21:00,2011-10-04 13:56:00,6,3375,5580.27,23.84730769230769,591.5,45.34188034188034,14,Summer,United Kingdom,66,6,5580.27,0,Regular Customers
15229.0,2010-05-02 13:50:00,2010-05-02 13:50:00,1,114,160.5,17.833333333333332,114.0,9.0,13,Spring,United Kingdom,586,1,160.5,1,At-Risk Customers
15230.0,2011-04-13 11:04:00,2011-04-14 14:39:00,2,351,429.6,18.678260869565214,324.7826086956522,21.08695652173913,11,Spring,United Kingdom,239,2,429.6,0,Regular Customers
15231.0,2010-03-28 15:12:00,2010-03-28 15:12:00,1,190,250.26,17.875714285714288,190.0,14.0,15,Spring,United Kingdom,621,1,250.26,1,At-Risk Customers
15232.0,2011-07-22 12:21:00,2011-08-18 16:27:00,2,686,612.06,19.74387096774193,347.6774193548387,15.903225806451612,12,Summer,United Kingdom,113,2,612.06,0,Regular Customers
15233.0,2010-11-03 13:36:00,2010-11-03 13:36:00,1,12,59.400000000000006,59.400000000000006,12.0,1.0,13,Autumn,United Kingdom,401,1,59.400000000000006,1,At-Risk Customers
15234.0,2011-03-08 08:53:00,2011-03-08 08:53:00,1,196,197.0,14.071428571428571,196.0,14.0,8,Spring,United Kingdom,277,1,197.0,1,At-Risk Customers
15235.0,2010-11-16 12:48:00,2011-05-06 09:44:00,16,1676,2772.76,15.577303370786518,157.62921348314606,16.662921348314608,9,Winter,United Kingdom,218,16,2772.76,0,Regular Customers
15236.0,2011-02-14 10:52:00,2011-02-14 10:52:00,1,269,321.05,21.40333333333333,269.0,15.0,10,Winter,United Kingdom,299,1,321.05,1,At-Risk Customers
15237.0,2011-04-26 15:04:00,2011-12-08 09:46:00,4,1071,1412.32,14.265858585858584,490.24242424242425,46.97979797979798,15,Spring,United Kingdom,2,4,1412.32,0,Regular Customers
15238.0,2011-06-08 16:00:00,2011-11-10 14:28:00,3,692,1071.99,21.4398,255.36,17.88,15,Autumn,United Kingdom,29,3,1071.99,0,Regular Customers
15239.0,2011-09-22 09:53:00,2011-11-29 14:14:00,2,594,780.59,15.930408163265309,314.0612244897959,25.73469387755102,9,Autumn,United Kingdom,10,2,780.59,0,Regular Customers
15240.0,2009-12-05 14:57:00,2011-10-26 09:50:00,12,3214,4459.9800000000005,19.910625000000003,285.5982142857143,21.964285714285715,9,Autumn,United Kingdom,45,12,4459.98,0,Regular Customers
15241.0,2010-02-23 13:59:00,2011-10-04 09:05:00,11,3328,3050.16,16.57695652173913,368.7880434782609,20.68478260869565,15,Spring,United Kingdom,67,11,3050.16,0,Regular Customers
15242.0,2010-10-13 15:33:00,2010-10-13 15:33:00,1,196,302.04,75.51,196.0,4.0,15,Autumn,United Kingdom,422,1,302.04,1,At-Risk Customers
15243.0,2010-09-30 17:28:00,2011-09-26 14:12:00,2,543,927.28,15.201311475409836,295.6065573770492,32.868852459016395,17,Autumn,United Kingdom,74,2,927.28,0,Regular Customers
15244.0,2010-02-11 14:48:00,2011-10-05 13:19:00,3,472,912.08,19.00166666666667,159.85416666666666,16.291666666666668,13,Autumn,United Kingdom,65,3,912.08,0,Regular Customers
15245.0,2010-04-23 14:23:00,2011-07-28 18:56:00,8,3021,4610.84,31.154324324324325,520.8918918918919,28.18918918918919,13,Spring,United Kingdom,134,8,4610.84,0,Regular Customers
15246.0,2010-06-02 11:28:00,2011-04-15 14:45:00,3,359,780.4,15.301960784313724,126.05882352941175,17.823529411764707,14,Spring,United Kingdom,238,3,780.4,0,Regular Customers
15247.0,2010-06-20 14:08:00,2011-08-09 12:52:00,3,514,976.06,57.41529411764706,180.7058823529412,5.941176470588236,14,Summer,United Kingdom,122,3,976.06,0,Regular Customers
15248.0,2010-06-23 14:34:00,2010-10-24 13:09:00,3,1065,1893.93,17.867264150943395,605.9811320754717,58.0188679245283,14,Summer,United Kingdom,411,3,1893.93,1,At-Risk Customers
15249.0,2010-03-26 14:51:00,2011-11-08 11:45:00,18,4980,9266.0,18.45816733067729,311.42629482071715,32.50199203187251,11,Spring,United Kingdom,32,18,9266.0,0,Regular Customers
15250.0,2010-03-09 07:35:00,2010-03-09 07:35:00,1,48,60.0,20.0,48.0,3.0,7,Spring,United Kingdom,641,1,60.0,1,At-Risk Customers
15251.0,2010-01-29 12:42:00,2011-11-30 15:02:00,21,12108,20324.54,88.3675652173913,1000.8,18.608695652173918,10,Spring,United Kingdom,9,21,20324.54,0,Regular Customers
15252.0,2010-04-07 10:24:00,2011-11-03 13:30:00,5,1430,2103.41,17.82550847457627,331.90677966101697,26.389830508474574,10,Spring,United Kingdom,36,5,2103.41,0,Regular Customers
15253.0,2010-05-02 11:17:00,2011-11-23 16:22:00,8,1588,2055.09,17.716293103448276,271.36206896551727,20.344827586206897,16,Autumn,United Kingdom,16,8,2055.09,0,Regular Customers
15254.0,2010-05-28 10:08:00,2011-08-04 15:04:00,3,711,1088.35,16.244029850746266,240.02985074626864,24.432835820895523,10,Summer,United Kingdom,127,3,1088.35,0,Regular Customers
15255.0,2009-12-03 09:10:00,2011-10-04 12:43:00,9,2214,3706.02,19.71287234042553,319.4734042553192,28.111702127659573,12,Autumn,United Kingdom,67,9,3706.02,0,Regular Customers
15256.0,2010-05-27 11:41:00,2011-07-14 11:47:00,2,92,170.4,17.04,47.8,5.2,11,Summer,United Kingdom,149,2,170.4,0,Regular Customers
15257.0,2010-10-21 14:03:00,2011-03-01 12:58:00,2,71,685.9,57.15833333333333,37.25,6.166666666666667,12,Spring,United Kingdom,283,2,685.9,1,At-Risk Customers
15258.0,2011-05-06 14:16:00,2011-06-24 12:30:00,2,142,623.16,18.328235294117647,70.58823529411765,17.058823529411764,12,Summer,United Kingdom,169,2,623.16,0,Regular Customers
15259.0,2010-01-26 09:41:00,2010-07-15 08:47:00,4,631,1182.38,20.74350877192982,223.59649122807016,20.017543859649123,15,Spring,United Kingdom,513,4,1182.38,1,At-Risk Customers
15260.0,2009-12-06 11:45:00,2011-08-31 13:55:00,25,4468,8767.73,23.01241469816273,268.1076115485564,21.677165354330707,9,Summer,United Kingdom,100,25,8767.73,0,Regular Customers
15261.0,2010-10-01 11:59:00,2011-07-27 15:20:00,4,806,1508.0,16.391304347826086,335.6521739130435,40.23913043478261,11,Autumn,United Kingdom,135,4,1508.0,0,Regular Customers
15262.0,2010-08-08 15:55:00,2011-01-20 12:16:00,3,218,418.82,16.108461538461537,73.34615384615384,8.846153846153847,12,Winter,United Kingdom,324,3,418.82,1,At-Risk Customers
15263.0,2011-08-25 10:26:00,2011-08-25 10:26:00,1,89,156.51,13.0425,89.0,12.0,10,Summer,United Kingdom,107,1,156.51,0,Regular Customers
15264.0,2010-06-27 13:29:00,2011-10-06 13:49:00,2,443,848.4,15.425454545454546,214.38181818181815,28.23636363636364,13,Summer,United Kingdom,64,2,848.4,0,Regular Customers
15265.0,2009-12-01 17:08:00,2011-07-11 14:46:00,4,1570,3345.64,17.334922279792746,537.6683937823834,64.70984455958549,11,Spring,United Kingdom,151,4,3345.64,0,Regular Customers
15266.0,2010-01-07 12:19:00,2011-01-05 13:40:00,5,236,852.21,18.938,59.06666666666667,11.533333333333331,13,Autumn,United Kingdom,338,5,852.21,1,At-Risk Customers
15267.0,2011-06-10 10:24:00,2011-11-17 15:59:00,5,944,1717.36,156.12363636363636,291.6363636363636,3.1818181818181817,10,Summer,United Kingdom,22,5,1717.36,0,Regular Customers
15268.0,2010-04-13 11:27:00,2010-08-18 10:33:00,3,428,961.9,43.72272727272728,225.54545454545453,16.636363636363637,11,Spring,United Kingdom,479,3,961.9,1,At-Risk Customers
15269.0,2010-11-14 12:58:00,2011-11-16 09:32:00,3,372,1225.36,35.010285714285715,166.05714285714285,15.8,12,Autumn,United Kingdom,24,3,1225.36,0,Regular Customers
15270.0,2009-12-17 15:02:00,2011-11-24 09:24:00,21,4010,8524.86,50.74321428571429,201.4821428571429,10.50595238095238,11,Autumn,United Kingdom,16,21,8524.86,0,Regular Customers
15271.0,2010-08-05 14:57:00,2011-12-02 14:11:00,24,2412,4528.54,7.94480701754386,176.76666666666668,66.55263157894737,14,Summer,United Kingdom,7,24,4528.54,0,Regular Customers
15272.0,2010-02-14 13:39:00,2011-10-13 12:59:00,6,665,2030.95,7.101223776223776,121.46153846153848,64.08041958041959,13,Winter,United Kingdom,57,6,2030.95,0,Regular Customers
15273.0,2010-04-19 11:31:00,2010-04-19 11:31:00,1,216,228.96,228.96,216.0,1.0,11,Spring,United Kingdom,600,1,228.96,1,At-Risk Customers
15274.0,2011-11-21 14:17:00,2011-12-05 16:57:00,2,619,716.57,15.24617021276596,313.8085106382979,23.595744680851062,14,Autumn,United Kingdom,4,2,716.57,0,Regular Customers
15275.0,2011-11-02 11:20:00,2011-11-02 11:20:00,1,498,615.14,15.003414634146342,498.0,41.0,11,Autumn,United Kingdom,38,1,615.14,0,Regular Customers
15276.0,2010-10-01 12:24:00,2011-10-04 16:39:00,4,317,619.8,3.482022471910112,144.561797752809,68.86516853932584,12,Autumn,United Kingdom,66,4,619.8,0,Regular Customers
15277.0,2010-10-10 16:02:00,2011-10-24 10:08:00,2,373,476.34,18.320769230769237,185.07692307692307,13.076923076923077,16,Autumn,United Kingdom,47,2,476.34,0,Regular Customers
15278.0,2010-02-12 14:53:00,2010-05-27 10:03:00,4,458,496.16,17.10896551724138,125.58620689655172,8.172413793103448,14,Winter,United Kingdom,562,4,496.16,1,At-Risk Customers
15279.0,2010-02-02 10:15:00,2010-12-20 10:48:00,5,802,1580.54,16.814255319148934,166.31914893617022,19.08510638297872,10,Winter,United Kingdom,355,5,1580.54,1,At-Risk Customers
15280.0,2010-05-17 14:17:00,2011-06-20 17:14:00,3,507,397.52,6.625333333333333,171.21666666666667,20.05,12,Summer,United Kingdom,172,3,397.52,0,Regular Customers
15281.0,2010-10-08 12:14:00,2011-10-12 09:10:00,16,5233,8543.57,16.36699233716475,1413.0172413793102,126.04980842911876,12,Autumn,United Kingdom,59,16,8543.57,0,Regular Customers
15282.0,2010-05-18 16:27:00,2010-05-18 16:27:00,1,395,348.59,12.91074074074074,395.0,27.0,16,Spring,United Kingdom,570,1,348.59,1,At-Risk Customers
15283.0,2010-07-09 15:46:00,2010-11-14 14:54:00,3,27,148.32999999999998,16.481111111111108,17.666666666666668,5.666666666666667,15,Summer,United Kingdom,390,3,148.33,1,At-Risk Customers
15284.0,2010-07-27 13:25:00,2010-07-27 13:25:00,1,5,24.75,24.75,5.0,1.0,13,Summer,United Kingdom,500,1,24.75,1,At-Risk Customers
15285.0,2010-10-28 09:46:00,2010-10-28 09:46:00,1,120,94.92,15.82,120.0,6.0,9,Autumn,United Kingdom,408,1,94.92,1,At-Risk Customers
15286.0,2011-10-21 11:08:00,2011-10-21 11:08:00,1,55,240.55,80.18333333333334,55.0,3.0,11,Autumn,United Kingdom,50,1,240.55,0,Regular Customers
15287.0,2009-12-02 12:13:00,2011-11-17 15:34:00,5,1010,856.03,23.77861111111111,192.75,9.444444444444445,12,Autumn,United Kingdom,22,5,856.03,0,Regular Customers
15288.0,2010-02-12 15:27:00,2011-10-27 16:58:00,10,1336,3715.38,24.283529411764707,181.9346405228758,25.405228758169933,12,Spring,United Kingdom,43,10,3715.38,0,Regular Customers
15289.0,2010-03-28 11:45:00,2011-11-10 13:49:00,5,1627,1593.09,16.42360824742268,350.1546391752577,22.75257731958763,11,Spring,United Kingdom,29,5,1593.09,0,Regular Customers
15290.0,2010-02-24 10:15:00,2011-12-05 11:39:00,26,6567,10496.28,35.946164383561644,344.93835616438355,14.52054794520548,12,Autumn,United Kingdom,5,26,10496.28,0,Regular Customers
15291.0,2009-12-03 11:09:00,2011-11-14 11:02:00,40,4905,13517.76,55.40065573770492,137.85655737704917,10.36065573770492,16,Spring,United Kingdom,26,40,13517.76,0,Regular Customers
15292.0,2011-05-22 15:00:00,2011-05-22 15:00:00,1,55,178.39,7.432916666666666,55.0,24.0,15,Spring,United Kingdom,201,1,178.39,0,Regular Customers
15293.0,2010-02-12 11:54:00,2010-02-12 11:54:00,1,178,247.5,13.026315789473683,178.0,19.0,11,Winter,United Kingdom,666,1,247.5,1,At-Risk Customers
15294.0,2010-10-25 11:45:00,2010-10-25 11:45:00,1,97,233.35,15.556666666666668,97.0,15.0,11,Autumn,United Kingdom,411,1,233.35,1,At-Risk Customers
15295.0,2010-02-23 13:03:00,2010-02-23 13:03:00,1,139,207.04,3.981538461538461,139.0,50.0,13,Winter,United Kingdom,654,1,207.04,1,At-Risk Customers
15296.0,2010-01-21 13:48:00,2011-10-20 11:47:00,12,5452,10323.03,19.331516853932584,762.7097378277153,70.65917602996255,15,Spring,United Kingdom,51,12,10323.03,0,Regular Customers
15297.0,2011-10-07 09:42:00,2011-11-29 16:32:00,3,292,641.94,16.46,101.23076923076924,13.666666666666666,16,Autumn,United Kingdom,10,3,641.94,0,Regular Customers
15298.0,2009-12-08 17:04:00,2011-12-07 17:17:00,23,6000,9061.77,21.321811764705885,296.18117647058824,23.263529411764704,13,Autumn,United Kingdom,2,23,9061.77,0,Regular Customers
15299.0,2010-01-12 11:34:00,2011-10-03 14:19:00,10,3356,6156.53,615.653,335.6,1.0,14,Autumn,United Kingdom,67,10,6156.53,0,Regular Customers
15300.0,2011-10-06 17:08:00,2011-10-06 17:08:00,1,292,496.44,17.73,292.0,28.0,17,Autumn,United Kingdom,64,1,496.44,0,Regular Customers
15301.0,2010-09-15 15:41:00,2011-10-20 09:57:00,17,3763,6909.67,20.028028985507248,283.8463768115942,26.36231884057971,9,Autumn,United Kingdom,51,17,6909.67,0,Regular Customers
15302.0,2009-12-09 13:11:00,2009-12-09 13:11:00,1,102,308.0,20.53333333333333,102.0,15.0,13,Winter,United Kingdom,730,1,308.0,1,At-Risk Customers
15303.0,2010-01-25 09:42:00,2011-02-22 13:59:00,3,514,1224.18,17.741739130434784,185.07246376811597,24.507246376811597,13,Winter,United Kingdom,290,3,1224.18,1,At-Risk Customers
15304.0,2010-10-14 10:24:00,2011-10-10 10:23:00,9,112,796.4,33.18333333333333,17.458333333333332,3.9166666666666665,8,Spring,United Kingdom,61,9,796.4000000000001,0,Regular Customers
15305.0,2010-06-02 13:50:00,2010-06-02 13:50:00,1,40,93.6,18.72,40.0,5.0,13,Summer,United Kingdom,555,1,93.6,1,At-Risk Customers
15306.0,2010-02-18 17:12:00,2011-10-06 12:56:00,9,3074,3484.73,21.51067901234568,387.7901234567901,22.234567901234566,12,Spring,United Kingdom,64,9,3484.73,0,Regular Customers
15307.0,2011-09-05 11:38:00,2011-09-05 11:38:00,1,37,205.3,17.108333333333334,37.0,12.0,11,Autumn,United Kingdom,96,1,205.3,0,Regular Customers
15308.0,2011-03-10 13:08:00,2011-03-10 13:08:00,1,175,310.47,16.340526315789475,175.0,19.0,13,Spring,United Kingdom,274,1,310.47,1,At-Risk Customers
15309.0,2009-12-04 13:01:00,2010-04-08 11:11:00,4,440,797.96,14.777037037037038,165.40740740740742,19.074074074074076,13,Winter,United Kingdom,611,4,797.96,1,At-Risk Customers
15310.0,2010-08-18 11:38:00,2010-08-18 11:38:00,1,1476,1634.64,36.32533333333333,1476.0,45.0,11,Summer,United Kingdom,479,1,1634.64,1,At-Risk Customers
15311.0,2009-12-01 11:21:00,2011-12-09 12:00:00,208,70149,114966.42,26.69912215513237,542.0081281932188,33.97747329307943,13,Winter,United Kingdom,1,208,114966.42,3,Loyal Customers
15312.0,2009-12-16 09:23:00,2011-09-25 13:10:00,12,1693,2930.19,17.976625766871166,159.69325153374234,15.343558282208589,12,Winter,United Kingdom,75,12,2930.19,0,Regular Customers
15313.0,2011-08-21 16:02:00,2011-08-21 16:02:00,1,25,52.0,52.0,25.0,1.0,16,Summer,United Kingdom,110,1,52.0,0,Regular Customers
15314.0,2010-10-07 15:41:00,2011-05-24 14:39:00,3,750,820.45,16.409000000000002,362.98,24.04,15,Autumn,United Kingdom,199,3,820.4499999999999,0,Regular Customers
15315.0,2011-08-15 15:17:00,2011-10-06 12:51:00,2,862,570.5,15.41891891891892,453.8378378378378,18.83783783783784,12,Autumn,United Kingdom,64,2,570.5,0,Regular Customers
15316.0,2011-01-17 11:34:00,2011-01-17 11:34:00,1,100,165.0,165.0,100.0,1.0,11,Winter,United Kingdom,327,1,165.0,1,At-Risk Customers
15317.0,2010-01-31 15:55:00,2010-01-31 15:55:00,1,45,129.75,25.95,45.0,5.0,15,Winter,United Kingdom,677,1,129.75,1,At-Risk Customers
15318.0,2011-12-06 11:30:00,2011-12-06 11:30:00,1,642,312.62,9.473333333333333,642.0,33.0,11,Winter,United Kingdom,4,1,312.62,0,Regular Customers
15319.0,2011-03-01 12:48:00,2011-03-01 12:48:00,1,175,204.5,12.78125,175.0,16.0,12,Spring,United Kingdom,284,1,204.5,1,At-Risk Customers
15320.0,2011-10-26 13:27:00,2011-10-26 13:27:00,1,326,267.13,7.420277777777778,326.0,36.0,13,Autumn,United Kingdom,44,1,267.13,0,Regular Customers
15321.0,2010-02-03 09:47:00,2011-09-30 09:40:00,12,3653,6709.7300000000005,21.714336569579288,423.1294498381877,34.93527508090615,9,Winter,United Kingdom,71,12,6709.7300000000005,0,Regular Customers
15322.0,2010-08-20 13:10:00,2011-09-15 09:34:00,2,971,1390.86,16.75734939759036,484.66265060240966,41.506024096385545,9,Autumn,United Kingdom,86,2,1390.86,0,Regular Customers
15323.0,2010-02-16 09:21:00,2010-05-26 10:01:00,3,188,434.6,14.986206896551725,76.6896551724138,10.655172413793103,10,Spring,United Kingdom,563,3,434.6,1,At-Risk Customers
15324.0,2010-01-07 14:37:00,2010-01-07 14:37:00,1,74,140.22000000000003,17.527500000000003,74.0,8.0,14,Winter,United Kingdom,701,1,140.22000000000003,1,At-Risk Customers
15325.0,2010-02-16 13:30:00,2011-08-28 11:55:00,8,1382,1601.46,7.149375,176.91517857142858,34.767857142857146,13,Summer,United Kingdom,104,8,1601.46,0,Regular Customers
15326.0,2009-12-01 13:19:00,2011-01-10 11:38:00,5,1351,1700.52,13.182325581395348,279.91472868217056,26.627906976744185,16,Winter,United Kingdom,334,5,1700.52,1,At-Risk Customers
15327.0,2011-10-18 11:55:00,2011-10-18 11:55:00,1,116,208.75,20.875,116.0,10.0,11,Autumn,United Kingdom,53,1,208.75,0,Regular Customers
15328.0,2010-10-28 09:05:00,2010-10-28 09:05:00,1,88,107.24,13.405,88.0,8.0,9,Autumn,United Kingdom,408,1,107.24,1,At-Risk Customers
15329.0,2009-12-14 12:18:00,2011-10-31 15:36:00,11,1217,2958.83,19.213181818181816,153.92207792207793,18.753246753246756,13,Summer,United Kingdom,39,11,2958.83,0,Regular Customers
15330.0,2011-10-10 12:30:00,2011-11-07 17:50:00,2,1312,714.9599999999999,54.99692307692307,676.3076923076923,6.846153846153846,12,Autumn,United Kingdom,32,2,714.96,0,Regular Customers
15331.0,2010-04-09 14:26:00,2010-07-28 09:42:00,3,701,767.91,17.4525,313.6363636363636,20.545454545454547,14,Spring,United Kingdom,500,3,767.91,1,At-Risk Customers
15332.0,2010-07-14 13:01:00,2010-12-08 14:43:00,6,2306,4892.68,31.770649350649357,754.3961038961039,54.90909090909091,13,Summer,Lithuania,366,6,4892.68,1,At-Risk Customers
15333.0,2011-05-15 13:27:00,2011-05-15 13:27:00,1,344,1028.56,64.285,344.0,16.0,13,Spring,United Kingdom,208,1,1028.56,0,Regular Customers
15334.0,2011-06-19 13:51:00,2011-07-06 11:22:00,3,273,350.82,3.579795918367347,92.3877551020408,32.295918367346935,11,Summer,United Kingdom,157,3,350.82,0,Regular Customers
15335.0,2011-10-17 12:50:00,2011-10-17 12:50:00,1,79,170.22,4.863428571428571,79.0,34.0,12,Autumn,United Kingdom,54,1,170.22,0,Regular Customers
15336.0,2010-11-03 12:39:00,2010-11-03 12:39:00,1,84,240.5,16.033333333333335,84.0,15.0,12,Autumn,United Kingdom,402,1,240.5,1,At-Risk Customers
15337.0,2010-10-24 15:29:00,2010-10-24 15:29:00,1,200,373.02,17.762857142857143,200.0,21.0,15,Autumn,United Kingdom,411,1,373.02,1,At-Risk Customers
15338.0,2010-01-31 14:25:00,2010-01-31 14:25:00,1,148,277.93,4.791896551724138,148.0,56.0,14,Winter,United Kingdom,677,1,277.93,1,At-Risk Customers
15339.0,2010-02-08 13:38:00,2011-10-04 12:51:00,7,1138,1821.02,8.277363636363637,185.2409090909091,37.30909090909091,13,Autumn,United Kingdom,66,7,1821.02,0,Regular Customers
15340.0,2010-05-27 10:27:00,2010-05-27 10:27:00,1,76,105.5,15.071428571428571,76.0,7.0,10,Spring,United Kingdom,562,1,105.5,1,At-Risk Customers
15341.0,2010-09-16 16:41:00,2011-09-20 09:40:00,2,1008,2402.72,100.11333333333332,632.3333333333334,14.083333333333334,9,Autumn,United Kingdom,81,2,2402.7200000000003,0,Regular Customers
15342.0,2011-08-02 10:19:00,2011-08-02 10:19:00,1,283,406.09,16.920416666666668,283.0,24.0,10,Summer,United Kingdom,130,1,406.09,0,Regular Customers
15343.0,2011-09-13 13:55:00,2011-09-13 13:55:00,1,84,364.5,17.357142857142858,84.0,21.0,13,Autumn,United Kingdom,87,1,364.5,0,Regular Customers
15344.0,2011-09-26 14:48:00,2011-12-09 10:45:00,3,116,563.94,21.69,64.11538461538461,12.846153846153848,14,Autumn,United Kingdom,1,3,563.94,0,Regular Customers
15345.0,2011-10-25 11:28:00,2011-10-25 11:28:00,1,81,393.54,19.677,81.0,20.0,11,Autumn,United Kingdom,46,1,393.54,0,Regular Customers
15346.0,2010-10-04 15:11:00,2011-01-11 11:18:00,3,260,596.12,16.111351351351352,104.0,14.567567567567568,11,Autumn,United Kingdom,333,3,596.12,1,At-Risk Customers
15347.0,2010-09-28 12:50:00,2010-12-08 15:25:00,4,542,1162.0,32.27777777777778,187.30555555555557,13.72222222222222,12,Autumn,United Kingdom,366,4,1162.0,1,At-Risk Customers
15348.0,2011-09-28 13:17:00,2011-09-28 13:17:00,1,84,158.04,17.56,84.0,9.0,13,Autumn,United Kingdom,72,1,158.04,0,Regular Customers
15349.0,2011-06-05 15:46:00,2011-07-04 16:06:00,2,321,463.91,6.533943661971831,215.77464788732397,50.225352112676056,15,Summer,United Kingdom,158,2,463.91,0,Regular Customers
15350.0,2010-11-21 15:14:00,2010-12-01 13:33:00,2,272,547.6,18.25333333333333,192.66666666666663,21.666666666666668,15,Autumn,United Kingdom,373,2,547.6,1,At-Risk Customers
15351.0,2010-10-03 12:18:00,2011-11-27 12:52:00,10,1350,3430.22,10.924267515923566,157.7420382165605,40.5,12,Autumn,United Kingdom,12,10,3430.22,0,Regular Customers
15352.0,2010-06-09 11:28:00,2010-06-09 11:28:00,1,40,111.15,3.269117647058824,40.0,34.0,11,Summer,United Kingdom,549,1,111.15,1,At-Risk Customers
15353.0,2009-12-02 11:33:00,2011-03-30 12:15:00,7,1391,2794.47,7.762416666666666,233.69166666666663,61.28611111111111,14,Summer,United Kingdom,255,7,2794.4700000000003,0,Regular Customers
15354.0,2010-04-15 16:17:00,2010-04-15 16:24:00,3,3,284.4,94.8,1.0,1.0,16,Spring,United Kingdom,603,3,284.4,1,At-Risk Customers
15355.0,2011-10-17 15:22:00,2011-11-10 13:44:00,2,45,277.05,19.789285714285715,22.285714285714285,7.142857142857143,15,Autumn,United Kingdom,29,2,277.05,0,Regular Customers
15356.0,2010-10-13 13:12:00,2011-11-08 13:11:00,13,1892,3239.57,4.842406576980569,148.87593423019433,52.23916292974589,13,Autumn,United Kingdom,31,13,3239.57,0,Regular Customers
15358.0,2009-12-07 12:19:00,2011-12-05 09:04:00,42,14902,16425.86,15.083434343434345,522.3847566574839,37.50137741046832,12,Autumn,United Kingdom,5,42,16425.86,0,Regular Customers
15359.0,2010-01-15 11:30:00,2010-02-15 10:47:00,8,145,181.35,11.334375,19.6875,3.0,10,Winter,United Kingdom,663,8,181.35,1,At-Risk Customers
15360.0,2011-10-31 09:35:00,2011-10-31 09:35:00,1,223,427.93,32.917692307692306,223.0,13.0,9,Autumn,United Kingdom,40,1,427.93,0,Regular Customers
15361.0,2010-06-14 13:27:00,2010-12-13 09:52:00,4,373,689.07,68.90700000000001,238.9,5.2,9,Winter,United Kingdom,362,4,689.07,1,At-Risk Customers
15362.0,2009-12-01 09:08:00,2010-09-17 10:37:00,2,368,613.08,15.327000000000002,178.15,20.45,9,Winter,United Kingdom,449,2,613.08,1,At-Risk Customers
15363.0,2010-08-04 08:41:00,2010-12-02 12:28:00,2,383,678.11,19.37457142857143,195.57142857142856,17.62857142857143,8,Summer,United Kingdom,373,2,678.11,1,At-Risk Customers
15364.0,2011-03-30 13:39:00,2011-09-05 09:46:00,2,493,913.19,31.489310344827587,375.3793103448276,23.620689655172413,9,Autumn,United Kingdom,96,2,913.19,0,Regular Customers
15365.0,2010-02-04 16:43:00,2011-11-14 08:29:00,13,2131,4557.13,20.904266055045877,284.8165137614679,28.01834862385321,10,Autumn,United Kingdom,26,13,4557.13,0,Regular Customers
15366.0,2010-02-26 10:10:00,2011-09-25 15:01:00,7,2447,2389.08,17.312173913043477,415.8985507246377,24.014492753623188,10,Autumn,United Kingdom,75,7,2389.08,0,Regular Customers
15367.0,2009-12-10 14:20:00,2011-10-13 14:13:00,11,2944,5081.33,18.212652329749105,328.63440860215053,31.795698924731184,14,Spring,United Kingdom,57,11,5081.33,0,Regular Customers
15368.0,2010-11-10 15:52:00,2011-11-18 14:42:00,2,406,722.74,90.3425,203.0,4.0,14,Autumn,United Kingdom,21,2,722.74,0,Regular Customers
15369.0,2009-12-08 07:43:00,2010-08-04 13:54:00,11,3288,6251.26,105.9535593220339,1155.2542372881355,24.6271186440678,13,Summer,United Kingdom,492,11,6251.26,1,At-Risk Customers
15370.0,2010-10-25 12:08:00,2011-10-30 10:58:00,8,1397,3739.01,25.965347222222224,310.8333333333333,30.51388888888889,12,Autumn,United Kingdom,41,8,3739.01,0,Regular Customers
15371.0,2010-02-15 13:14:00,2010-02-15 13:14:00,1,12,59.400000000000006,59.400000000000006,12.0,1.0,13,Winter,United Kingdom,662,1,59.400000000000006,1,At-Risk Customers
15372.0,2010-02-14 11:24:00,2011-07-25 16:39:00,8,6410,6017.06,105.56245614035087,1763.4736842105262,16.403508771929825,16,Summer,United Kingdom,137,8,6017.06,0,Regular Customers
15373.0,2010-05-02 11:57:00,2011-12-01 15:05:00,17,726,3084.54,16.32031746031746,52.74074074074074,14.502645502645503,14,Spring,United Kingdom,8,17,3084.54,0,Regular Customers
15374.0,2010-03-25 12:03:00,2011-08-03 09:59:00,2,290,307.32,30.732,152.6,5.1,12,Spring,United Kingdom,129,2,307.32,0,Regular Customers
15375.0,2010-01-18 15:38:00,2010-01-18 15:38:00,1,84,60.96,10.159999999999998,84.0,6.0,15,Winter,United Kingdom,690,1,60.96,1,At-Risk Customers
15376.0,2011-05-01 13:45:00,2011-10-30 15:04:00,3,615,1221.56,10.530689655172411,256.1551724137931,46.37931034482759,13,Spring,United Kingdom,40,3,1221.56,0,Regular Customers
15377.0,2010-10-20 11:42:00,2010-11-22 08:55:00,4,253,1211.75,57.70238095238095,67.38095238095238,5.9523809523809526,11,Autumn,United Kingdom,383,4,1211.75,1,At-Risk Customers
15378.0,2010-07-26 08:47:00,2010-09-03 11:30:00,2,130,246.5,20.541666666666668,65.0,6.0,8,Autumn,United Kingdom,463,2,246.5,1,At-Risk Customers
15379.0,2010-11-04 11:59:00,2011-06-23 13:13:00,8,3000,4877.84,18.546920152091257,536.3688212927757,46.77186311787072,13,Winter,United Kingdom,169,8,4877.84,0,Regular Customers
15380.0,2009-12-01 13:50:00,2011-12-01 12:13:00,11,954,3248.96,62.48,93.26923076923076,8.346153846153847,16,Summer,United Kingdom,9,11,3248.96,0,Regular Customers
15381.0,2010-05-05 14:35:00,2011-05-10 11:55:00,5,802,1890.57,78.77374999999999,259.1666666666667,8.5,16,Summer,United Kingdom,214,5,1890.57,0,Regular Customers
15382.0,2009-12-04 14:13:00,2011-11-25 10:58:00,12,9178,13733.55,21.730300632911398,1102.3496835443038,74.9746835443038,9,Autumn,United Kingdom,15,12,13733.55,0,Regular Customers
15384.0,2010-04-26 12:38:00,2011-06-23 10:57:00,4,1767,2027.79,17.184661016949153,561.5169491525423,37.440677966101696,12,Autumn,United Kingdom,170,4,2027.79,0,Regular Customers
15385.0,2010-01-31 13:02:00,2011-10-30 15:11:00,3,428,942.08,44.860952380952384,150.04761904761904,8.80952380952381,15,Autumn,United Kingdom,40,3,942.08,0,Regular Customers
15386.0,2011-06-06 13:47:00,2011-06-06 13:47:00,1,446,394.14,12.714193548387096,446.0,31.0,13,Summer,United Kingdom,186,1,394.14,0,Regular Customers
15387.0,2010-08-04 16:05:00,2010-08-04 16:05:00,1,335,468.65,23.4325,335.0,20.0,16,Summer,United Kingdom,492,1,468.65,1,At-Risk Customers
15388.0,2011-03-14 13:53:00,2011-03-14 13:53:00,1,88,140.54,14.053999999999998,88.0,10.0,13,Spring,Canada,270,1,140.54,1,At-Risk Customers
15389.0,2010-01-27 12:44:00,2011-06-20 16:18:00,5,3940,2733.8,455.6333333333334,930.0,1.3333333333333333,12,Summer,United Kingdom,172,5,2733.8,0,Regular Customers
15390.0,2010-10-26 17:23:00,2010-11-08 15:19:00,2,894,1216.66,15.80077922077922,513.9090909090909,41.935064935064936,17,Autumn,Canada,396,2,1216.66,1,At-Risk Customers
15391.0,2010-05-04 15:04:00,2010-05-04 15:04:00,1,109,289.87,24.155833333333334,109.0,12.0,15,Spring,United Kingdom,584,1,289.87,1,At-Risk Customers
15392.0,2010-10-04 12:50:00,2011-12-05 11:01:00,7,2144,2911.62,20.219583333333333,311.8958333333333,21.76388888888889,10,Autumn,United Kingdom,5,7,2911.62,0,Regular Customers
15393.0,2009-12-15 17:56:00,2011-11-23 16:48:00,5,378,891.34,20.257727272727276,77.3409090909091,9.590909090909092,16,Winter,United Kingdom,16,5,891.34,0,Regular Customers
15394.0,2009-12-15 19:05:00,2011-11-30 11:49:00,11,2372,5286.8,23.28986784140969,222.22466960352423,22.70044052863436,14,Autumn,United Kingdom,10,11,5286.8,0,Regular Customers
15395.0,2011-01-18 12:40:00,2011-01-18 12:40:00,1,17,107.45,15.35,17.0,7.0,12,Winter,United Kingdom,326,1,107.45,1,At-Risk Customers
15396.0,2010-05-05 09:04:00,2011-08-19 10:56:00,2,278,796.38,49.77375,126.25,12.5,10,Summer,United Kingdom,113,2,796.38,0,Regular Customers
15397.0,2011-02-23 09:25:00,2011-02-23 09:25:00,1,20,94.0,15.666666666666666,20.0,6.0,9,Winter,United Kingdom,290,1,94.0,1,At-Risk Customers
15398.0,2011-09-22 14:56:00,2011-11-23 16:47:00,2,769,1345.53,18.43191780821918,384.8904109589041,36.56164383561644,16,Autumn,United Kingdom,16,2,1345.53,0,Regular Customers
15399.0,2011-09-21 15:57:00,2011-12-08 13:04:00,3,611,815.77,16.3154,205.94,16.76,15,Autumn,United Kingdom,1,3,815.77,0,Regular Customers
15400.0,2010-05-28 08:33:00,2011-09-08 13:57:00,8,662,1302.3,48.23333333333333,105.62962962962963,5.444444444444445,8,Spring,United Kingdom,92,8,1302.3,0,Regular Customers
15401.0,2010-05-20 10:56:00,2010-09-13 13:42:00,2,93,216.95,15.49642857142857,54.35714285714285,7.571428571428571,10,Spring,United Kingdom,452,2,216.95,1,At-Risk Customers
15402.0,2010-04-27 12:12:00,2011-07-14 12:17:00,6,2034,1830.54,13.97358778625954,378.9083969465649,25.98473282442748,12,Spring,United Kingdom,149,6,1830.54,0,Regular Customers
15403.0,2009-12-09 12:45:00,2010-08-05 12:21:00,2,492,170.88,21.36,265.5,4.25,12,Winter,United Kingdom,492,2,170.88,1,At-Risk Customers
15404.0,2010-11-29 11:03:00,2010-11-29 11:03:00,1,334,257.06,16.06625,334.0,16.0,11,Autumn,United Kingdom,376,1,257.06,1,At-Risk Customers
15405.0,2010-05-12 15:56:00,2011-06-03 14:44:00,2,348,659.84,21.994666666666667,165.13333333333333,18.266666666666666,15,Spring,United Kingdom,189,2,659.84,0,Regular Customers
15406.0,2010-09-12 13:06:00,2011-11-08 13:22:00,4,547,975.87,7.998934426229508,218.74590163934425,52.41803278688525,13,Autumn,United Kingdom,31,4,975.87,0,Regular Customers
15407.0,2011-02-07 13:18:00,2011-11-06 11:55:00,4,552,1046.74,7.072567567567567,169.7027027027027,60.52702702702703,11,Autumn,United Kingdom,34,4,1046.74,0,Regular Customers
15408.0,2011-03-20 15:02:00,2011-03-20 15:02:00,1,106,267.18,7.858235294117647,106.0,34.0,15,Spring,United Kingdom,264,1,267.18,1,At-Risk Customers
15409.0,2009-12-18 15:35:00,2009-12-18 15:35:00,1,59,131.25,14.583333333333334,59.0,9.0,15,Winter,United Kingdom,721,1,131.25,1,At-Risk Customers
15410.0,2010-04-19 08:57:00,2011-09-16 14:47:00,10,1902,4685.72,28.9241975308642,225.40740740740745,18.469135802469136,8,Spring,United Kingdom,84,10,4685.72,0,Regular Customers
15411.0,2011-06-10 12:30:00,2011-11-13 15:19:00,4,529,1348.93,13.764591836734697,156.48979591836735,32.03061224489796,15,Autumn,United Kingdom,26,4,1348.93,0,Regular Customers
15412.0,2011-06-21 15:24:00,2011-06-21 15:24:00,1,108,190.53,19.053,108.0,10.0,15,Summer,United Kingdom,171,1,190.53,0,Regular Customers
15413.0,2009-12-01 10:18:00,2010-01-17 11:33:00,5,2694,6798.72,271.9488,590.04,5.16,13,Winter,United Kingdom,692,5,6798.72,1,At-Risk Customers
15414.0,2011-04-11 13:45:00,2011-11-30 09:50:00,3,443,774.9000000000001,19.86923076923077,188.25641025641025,15.512820512820513,9,Autumn,United Kingdom,10,3,774.9000000000001,0,Regular Customers
15415.0,2011-01-30 14:13:00,2011-01-30 14:13:00,1,551,559.61,11.906595744680851,551.0,46.0,14,Winter,United Kingdom,313,1,559.61,1,At-Risk Customers
15416.0,2010-02-01 11:55:00,2011-10-06 09:38:00,7,2420,4572.82,20.05622807017544,497.6578947368421,45.87719298245614,8,Spring,United Kingdom,65,7,4572.82,0,Regular Customers
15417.0,2011-09-15 15:26:00,2011-09-15 15:26:00,1,284,508.8,18.17142857142857,284.0,28.0,15,Autumn,United Kingdom,85,1,508.8,0,Regular Customers
15418.0,2010-05-02 11:31:00,2010-10-10 13:38:00,2,264,449.42,6.609117647058824,149.58823529411765,46.20588235294117,13,Autumn,United Kingdom,425,2,449.42,1,At-Risk Customers
15419.0,2011-11-15 09:23:00,2011-11-15 09:23:00,1,230,135.86,16.9825,230.0,8.0,9,Autumn,United Kingdom,25,1,135.86,0,Regular Customers
15420.0,2009-12-05 13:29:00,2010-10-01 15:46:00,6,844,743.0,13.267857142857142,142.17857142857142,9.571428571428571,15,Winter,United Kingdom,434,6,743.0,1,At-Risk Customers
15421.0,2009-12-07 15:10:00,2011-10-12 09:20:00,10,1927,3805.34,12.04221518987342,311.3132911392405,60.70253164556962,13,Winter,United Kingdom,59,10,3805.34,0,Regular Customers
15422.0,2010-02-07 11:52:00,2011-01-20 16:17:00,7,710,1619.97,13.49975,158.16666666666666,27.90833333333333,11,Autumn,United Kingdom,323,7,1619.97,1,At-Risk Customers
15423.0,2010-03-28 13:42:00,2011-11-01 14:01:00,3,198,266.89,19.06357142857143,51.07142857142857,6.714285714285714,13,Spring,United Kingdom,38,3,266.89,0,Regular Customers
15424.0,2010-09-02 17:17:00,2011-03-30 13:02:00,3,873,597.78,18.114545454545453,300.6666666666667,12.151515151515152,13,Spring,United Kingdom,254,3,597.78,0,Regular Customers
15425.0,2010-02-14 12:36:00,2010-11-04 18:13:00,4,1041,1941.12,13.574265734265737,371.02097902097904,55.47552447552447,12,Winter,United Kingdom,400,4,1941.12,1,At-Risk Customers
15426.0,2010-05-02 15:10:00,2011-11-20 15:36:00,9,1041,2156.35,5.026456876456876,173.37762237762237,71.34265734265735,15,Autumn,United Kingdom,19,9,2156.35,0,Regular Customers
15427.0,2011-10-23 14:47:00,2011-11-06 14:29:00,3,967,1430.54,4.899109589041096,348.3321917808219,100.90068493150685,14,Autumn,United Kingdom,33,3,1430.54,0,Regular Customers
15428.0,2009-12-17 17:46:00,2011-11-24 16:54:00,4,347,762.75,17.335227272727273,89.6590909090909,12.409090909090908,13,Autumn,United Kingdom,15,4,762.75,0,Regular Customers
15429.0,2011-09-25 13:42:00,2011-11-13 12:28:00,2,380,397.35,4.845731707317073,207.41463414634143,40.15853658536585,13,Autumn,United Kingdom,27,2,397.35,0,Regular Customers
15430.0,2010-06-29 15:04:00,2010-08-29 10:42:00,2,309,954.75,26.52083333333333,266.5833333333333,30.5,15,Summer,United Kingdom,468,2,954.75,1,At-Risk Customers
15431.0,2010-07-25 12:44:00,2010-07-25 12:44:00,1,84,153.24,76.62,84.0,2.0,12,Summer,United Kingdom,503,1,153.24,1,At-Risk Customers
15432.0,2010-06-16 14:34:00,2011-11-16 16:30:00,2,92,320.76,20.0475,50.75,8.5,16,Autumn,United Kingdom,23,2,320.76,0,Regular Customers
15433.0,2011-03-17 14:12:00,2011-05-10 10:45:00,2,534,533.3,13.00731707317073,336.0487804878049,24.902439024390244,14,Spring,United Kingdom,214,2,533.3,0,Regular Customers
15434.0,2010-01-24 15:35:00,2011-12-01 13:33:00,11,1423,2567.06,19.15716417910448,193.03731343283584,18.388059701492537,12,Autumn,United Kingdom,8,11,2567.06,0,Regular Customers
15435.0,2011-11-17 16:39:00,2011-11-17 16:39:00,1,54,149.29,5.147931034482759,54.0,29.0,16,Autumn,United Kingdom,22,1,149.29,0,Regular Customers
15436.0,2011-04-19 16:52:00,2011-11-27 16:05:00,3,574,1067.75,3.669243986254296,202.52233676975945,97.35051546391752,16,Autumn,United Kingdom,12,3,1067.75,0,Regular Customers
15437.0,2010-03-09 10:45:00,2011-03-22 13:11:00,2,177,393.45,6.902631578947368,83.0,37.26315789473684,13,Spring,United Kingdom,262,2,393.45,1,At-Risk Customers
15438.0,2011-07-31 14:19:00,2011-07-31 14:19:00,1,59,156.57999999999998,6.263199999999999,59.0,25.0,14,Summer,United Kingdom,131,1,156.57999999999998,0,Regular Customers
15439.0,2010-02-24 12:05:00,2010-10-31 10:38:00,4,572,1269.05,22.264035087719297,218.49122807017545,20.19298245614035,12,Autumn,United Kingdom,405,4,1269.05,1,At-Risk Customers
15440.0,2011-05-15 11:30:00,2011-10-16 12:16:00,3,197,383.68,6.188387096774194,69.09677419354838,22.32258064516129,12,Autumn,United Kingdom,55,3,383.68,0,Regular Customers
15441.0,2009-12-09 14:55:00,2010-11-08 15:50:00,3,587,1254.21,22.00368421052632,234.0877192982456,21.666666666666668,11,Autumn,United Kingdom,396,3,1254.21,1,At-Risk Customers
15442.0,2011-04-05 12:24:00,2011-04-05 12:24:00,1,120,594.0,297.0,120.0,2.0,12,Spring,United Kingdom,249,1,594.0,0,Regular Customers
15443.0,2010-03-07 12:10:00,2011-12-08 10:40:00,14,2699,5114.2300000000005,8.182768000000001,226.6928,50.4096,12,Autumn,United Kingdom,2,14,5114.23,0,Regular Customers
15444.0,2011-10-30 16:12:00,2011-11-30 17:37:00,2,759,1411.21,6.594439252336449,451.4626168224299,120.57943925233644,17,Autumn,United Kingdom,9,2,1411.21,0,Regular Customers
15445.0,2010-04-28 15:00:00,2011-03-20 15:06:00,2,118,284.5,20.321428571428573,59.285714285714285,7.571428571428571,15,Spring,United Kingdom,264,2,284.5,1,At-Risk Customers
15446.0,2009-12-13 13:53:00,2010-11-28 11:59:00,3,265,399.75,3.5691964285714284,88.49107142857143,36.3125,11,Autumn,United Kingdom,377,3,399.75,1,At-Risk Customers
15447.0,2010-03-24 14:40:00,2011-01-13 11:26:00,5,228,492.88,16.99586206896552,51.55172413793103,6.379310344827586,11,Spring,United Kingdom,331,5,492.88,1,At-Risk Customers
15448.0,2010-02-03 13:29:00,2011-01-31 10:42:00,2,487,788.8100000000001,16.098163265306123,241.8571428571429,25.0,10,Winter,United Kingdom,313,2,788.81,1,At-Risk Customers
15449.0,2011-03-23 10:43:00,2011-11-13 15:02:00,3,812,974.52,16.242,269.6666666666667,20.3,10,Spring,United Kingdom,26,3,974.52,0,Regular Customers
15450.0,2011-11-09 17:11:00,2011-11-09 17:11:00,1,376,429.84,14.328,376.0,30.0,17,Autumn,United Kingdom,30,1,429.84,0,Regular Customers
15451.0,2010-04-19 14:08:00,2010-10-01 13:40:00,2,76,226.86,3.781,38.2,30.03333333333333,13,Autumn,United Kingdom,434,2,226.86,1,At-Risk Customers
15452.0,2010-07-16 14:23:00,2011-11-10 12:13:00,6,1087,1785.11,8.970402010050252,388.8743718592965,81.58793969849246,14,Summer,United Kingdom,30,6,1785.11,0,Regular Customers
15453.0,2011-06-05 12:37:00,2011-12-08 10:59:00,7,837,1371.77,4.91673835125448,136.921146953405,39.774193548387096,12,Autumn,United Kingdom,2,7,1371.77,0,Regular Customers
15454.0,2010-03-31 13:15:00,2010-12-12 14:21:00,2,146,305.99,7.64975,76.25,20.0,14,Winter,United Kingdom,362,2,305.99,1,At-Risk Customers
15455.0,2010-04-21 12:43:00,2010-04-21 12:43:00,1,3,38.25,19.125,3.0,2.0,12,Spring,United Kingdom,598,1,38.25,1,At-Risk Customers
15456.0,2009-12-08 12:54:00,2011-03-01 13:51:00,10,2727,2091.52,9.21374449339207,306.3436123348018,25.94273127753304,13,Winter,United Kingdom,283,10,2091.52,1,At-Risk Customers
15457.0,2011-03-22 15:31:00,2011-03-22 15:31:00,1,132,237.07,4.087413793103448,132.0,56.0,15,Spring,United Kingdom,262,1,237.07,1,At-Risk Customers
15458.0,2010-11-02 19:50:00,2011-11-14 13:08:00,2,300,370.44,28.495384615384616,150.46153846153845,6.538461538461538,13,Autumn,United Kingdom,25,2,370.44,0,Regular Customers
15459.0,2010-07-30 14:31:00,2010-10-18 15:25:00,2,121,202.83,28.97571428571429,60.71428571428572,4.142857142857143,14,Summer,United Kingdom,417,2,202.83,1,At-Risk Customers
15460.0,2010-12-20 16:08:00,2010-12-20 16:08:00,1,107,214.26,3.826071428571428,107.0,53.0,16,Winter,United Kingdom,354,1,214.26,1,At-Risk Customers
15461.0,2010-03-18 12:40:00,2010-09-05 12:31:00,2,230,429.7,214.85,115.0,1.0,12,Autumn,United Kingdom,461,2,429.7,1,At-Risk Customers
15462.0,2010-09-20 10:23:00,2011-09-06 13:11:00,4,495,737.05,17.976829268292683,252.6341463414634,23.04878048780488,10,Autumn,United Kingdom,94,4,737.05,0,Regular Customers
15463.0,2011-11-10 12:57:00,2011-11-10 12:57:00,1,106,126.14,18.02,106.0,7.0,12,Autumn,United Kingdom,29,1,126.14,0,Regular Customers
15464.0,2011-01-05 15:56:00,2011-01-05 15:56:00,1,348,1044.65,6.739677419354839,348.0,155.0,15,Winter,United Kingdom,338,1,1044.65,1,At-Risk Customers
15465.0,2009-12-10 09:42:00,2011-11-20 10:11:00,32,2638,12100.4,47.45254901960784,105.4078431372549,13.117647058823527,10,Winter,United Kingdom,20,32,12100.4,0,Regular Customers
15466.0,2009-12-03 12:28:00,2011-09-15 14:08:00,4,941,1560.46,5.955954198473282,266.3206106870229,69.24809160305344,12,Autumn,United Kingdom,85,4,1560.46,0,Regular Customers
15467.0,2011-07-10 14:42:00,2011-11-30 14:17:00,3,310,524.88,10.093846153846156,132.51923076923077,21.53846153846154,14,Summer,United Kingdom,9,3,524.88,0,Regular Customers
15468.0,2010-11-12 09:39:00,2011-10-19 13:49:00,3,1400,1430.48,17.881,915.5125,45.825,9,Autumn,United Kingdom,51,3,1430.48,0,Regular Customers
15469.0,2010-09-27 10:09:00,2011-10-20 16:21:00,3,287,874.25,20.33139534883721,111.48837209302326,15.83720930232558,16,Autumn,United Kingdom,50,3,874.25,0,Regular Customers
15470.0,2010-05-13 09:35:00,2010-05-13 09:35:00,1,232,63.42,15.855,232.0,4.0,9,Spring,United Kingdom,576,1,63.42,1,At-Risk Customers
15471.0,2010-06-07 12:17:00,2011-12-07 14:12:00,3,670,1292.01,8.335548387096773,254.46451612903223,55.07741935483871,14,Winter,United Kingdom,2,3,1292.01,0,Regular Customers
15472.0,2011-08-18 15:17:00,2011-08-18 15:17:00,1,251,371.56,4.888947368421053,251.0,76.0,15,Summer,United Kingdom,113,1,371.56,0,Regular Customers
15473.0,2010-09-21 09:14:00,2011-11-25 15:15:00,8,776,2046.0,146.14285714285714,114.85714285714286,2.142857142857143,14,Autumn,United Kingdom,14,8,2046.0,0,Regular Customers
15474.0,2010-04-23 11:14:00,2010-04-23 11:14:00,1,55,150.35,7.913157894736842,55.0,19.0,11,Spring,United Kingdom,596,1,150.35,1,At-Risk Customers
15475.0,2011-09-23 15:20:00,2011-09-23 15:20:00,1,319,454.11,15.65896551724138,319.0,29.0,15,Autumn,United Kingdom,77,1,454.11,0,Regular Customers
15476.0,2010-09-23 14:00:00,2010-11-24 15:17:00,4,1174,2209.98,27.974430379746835,561.9620253164557,38.063291139240505,14,Autumn,United Kingdom,380,4,2209.98,1,At-Risk Customers
15477.0,2010-02-28 10:37:00,2010-02-28 10:37:00,1,216,368.4,184.2,216.0,2.0,10,Winter,United Kingdom,650,1,368.4,1,At-Risk Customers
15478.0,2010-05-13 18:49:00,2011-10-30 14:19:00,3,894,1983.48,28.74608695652174,298.94202898550725,22.84057971014493,18,Autumn,United Kingdom,40,3,1983.48,0,Regular Customers
15479.0,2009-12-06 15:08:00,2009-12-06 15:08:00,1,38,147.4,16.37777777777778,38.0,9.0,15,Winter,United Kingdom,733,1,147.4,1,At-Risk Customers
15480.0,2010-02-01 14:52:00,2011-08-15 14:32:00,5,1852,6279.0,29.204651162790697,728.9674418604651,89.2139534883721,15,Summer,Malta,116,5,6279.0,0,Regular Customers
15481.0,2010-11-03 14:52:00,2010-11-03 14:52:00,1,1450,1993.34,52.456315789473685,1450.0,38.0,14,Autumn,Norway,401,1,1993.34,1,At-Risk Customers
15482.0,2009-12-02 16:59:00,2011-11-24 10:46:00,19,6516,14417.36,97.4145945945946,442.4391891891892,10.891891891891891,10,Autumn,United Kingdom,16,19,14417.36,0,Regular Customers
15483.0,2010-01-24 15:42:00,2011-07-01 13:07:00,10,905,817.82,3.040223048327137,117.4721189591078,35.026022304832715,13,Autumn,United Kingdom,161,10,817.8199999999999,0,Regular Customers
15484.0,2009-12-05 15:18:00,2011-12-08 15:03:00,6,4074,4652.1,19.383750000000003,985.7458333333332,65.875,13,Autumn,United Kingdom,1,6,4652.1,0,Regular Customers
15485.0,2009-12-01 17:31:00,2011-11-09 14:31:00,7,2153,4810.92,35.11620437956204,415.64233576642334,26.423357664233578,17,Winter,United Kingdom,30,7,4810.92,0,Regular Customers
15486.0,2010-06-30 13:15:00,2010-06-30 13:15:00,1,40,102.0,102.0,40.0,1.0,13,Summer,United Kingdom,527,1,102.0,1,At-Risk Customers
15487.0,2010-01-29 12:07:00,2010-01-29 12:07:00,1,144,231.32,16.52285714285714,144.0,14.0,12,Winter,United Kingdom,680,1,231.32,1,At-Risk Customers
15488.0,2010-05-05 13:03:00,2011-09-08 10:11:00,5,251,431.92,39.26545454545455,43.09090909090909,2.636363636363636,11,Autumn,United Kingdom,93,5,431.92,0,Regular Customers
15489.0,2010-01-15 16:58:00,2011-11-17 08:53:00,8,1264,2419.61,21.22464912280702,172.58771929824562,15.947368421052632,16,Autumn,United Kingdom,23,8,2419.61,0,Regular Customers
15490.0,2010-10-05 13:11:00,2010-10-05 13:11:00,1,82,210.85,8.434,82.0,22.0,13,Autumn,United Kingdom,430,1,210.85,1,At-Risk Customers
15491.0,2011-04-18 10:04:00,2011-09-05 15:56:00,6,1646,3100.09,20.130454545454548,316.7987012987013,33.493506493506494,10,Spring,United Kingdom,95,6,3100.09,0,Regular Customers
15492.0,2011-09-26 14:02:00,2011-11-11 14:53:00,2,483,659.46,18.84171428571429,292.8,23.8,14,Autumn,United Kingdom,28,2,659.4599999999999,0,Regular Customers
15493.0,2010-02-23 11:14:00,2011-11-07 12:04:00,9,1206,4121.68,6.734771241830066,156.8578431372549,72.75980392156863,11,Autumn,United Kingdom,33,9,4121.68,0,Regular Customers
15494.0,2009-12-10 20:16:00,2011-11-18 14:51:00,5,3052,3702.6,10.06141304347826,825.241847826087,91.3016304347826,16,Summer,United Kingdom,21,5,3702.6,0,Regular Customers
15495.0,2010-11-25 13:46:00,2010-11-25 13:46:00,1,194,246.5,12.325,194.0,20.0,13,Autumn,United Kingdom,379,1,246.5,1,At-Risk Customers
15496.0,2010-03-18 13:16:00,2010-03-18 13:16:00,1,98,146.14,6.642727272727272,98.0,22.0,13,Spring,United Kingdom,631,1,146.14,1,At-Risk Customers
15497.0,2009-12-18 15:08:00,2011-11-22 11:51:00,9,2937,8657.39,71.54867768595041,489.0826446280992,20.239669421487605,13,Winter,United Kingdom,18,9,8657.39,0,Regular Customers
15498.0,2009-12-16 17:27:00,2011-12-07 12:48:00,44,12134,24972.86,26.538639744952174,502.64187035069074,38.16896918172157,12,Winter,United Kingdom,3,44,24972.86,0,Regular Customers
15499.0,2009-12-16 12:17:00,2009-12-16 12:17:00,1,59,158.65,3.8695121951219513,59.0,40.0,12,Winter,United Kingdom,724,1,158.65,1,At-Risk Customers
15500.0,2011-09-19 13:47:00,2011-12-01 13:47:00,4,572,1131.56,16.640588235294118,150.7058823529412,17.764705882352942,13,Autumn,United Kingdom,8,4,1131.56,0,Regular Customers
15501.0,2010-10-20 12:47:00,2010-10-31 11:15:00,2,205,399.95,5.796376811594203,123.82608695652172,39.47826086956522,12,Autumn,United Kingdom,405,2,399.95,1,At-Risk Customers
15502.0,2010-06-03 11:12:00,2011-11-24 12:48:00,14,5559,13003.87,39.40566666666667,1059.948484848485,60.345454545454544,11,Summer,United Kingdom,16,14,13003.87,0,Regular Customers
15503.0,2009-12-13 11:34:00,2010-12-12 10:57:00,2,130,257.3,2.1991452991452998,65.64102564102564,59.02564102564103,10,Winter,United Kingdom,363,2,257.3,1,At-Risk Customers
15504.0,2010-02-12 12:34:00,2011-09-19 13:45:00,4,141,402.7,6.2921875,40.625,16.171875,12,Spring,United Kingdom,81,4,402.7,0,Regular Customers
15505.0,2011-07-07 13:33:00,2011-10-18 07:56:00,5,2390,3610.96,37.22639175257732,612.7628865979382,24.7319587628866,7,Autumn,United Kingdom,53,5,3610.96,0,Regular Customers
15506.0,2010-08-19 12:38:00,2011-11-17 12:11:00,6,1637,2030.33,7.437106227106227,313.27472527472526,48.45421245421245,12,Autumn,United Kingdom,23,6,2030.33,0,Regular Customers
15507.0,2011-06-21 11:19:00,2011-06-21 11:19:00,1,160,475.86,10.574666666666667,160.0,41.0,11,Summer,United Kingdom,172,1,475.86,0,Regular Customers
15508.0,2011-04-18 15:31:00,2011-06-03 15:43:00,6,440,1000.27,10.8725,85.81521739130434,18.543478260869566,15,Spring,United Kingdom,189,6,1000.27,0,Regular Customers
15509.0,2010-11-24 14:48:00,2010-11-24 14:48:00,1,58,152.41,5.861923076923077,58.0,26.0,14,Autumn,United Kingdom,380,1,152.41,1,At-Risk Customers
15510.0,2011-01-13 12:10:00,2011-01-13 12:10:00,1,2,250.0,250.0,2.0,1.0,12,Winter,United Kingdom,331,1,250.0,1,At-Risk Customers
15511.0,2011-09-15 15:05:00,2011-11-28 09:43:00,5,269,900.53,5.699556962025317,60.677215189873415,33.87974683544304,15,Autumn,United Kingdom,12,5,900.53,0,Regular Customers
15512.0,2010-02-01 13:23:00,2011-07-07 10:20:00,4,235,331.58,10.361875,93.0,17.6875,12,Autumn,United Kingdom,156,4,331.58,0,Regular Customers
15513.0,2010-01-13 14:59:00,2011-11-06 14:36:00,35,10477,26437.05,48.33098720292504,470.7714808043876,24.27239488117002,12,Spring,United Kingdom,33,35,26437.05,0,Regular Customers
15514.0,2009-12-04 16:37:00,2011-11-27 14:40:00,18,4087,6392.06,20.16422712933754,276.0883280757098,23.116719242902207,12,Winter,United Kingdom,12,18,6392.06,0,Regular Customers
15515.0,2010-11-17 13:39:00,2010-11-17 13:39:00,1,131,171.81,24.544285714285717,131.0,7.0,13,Autumn,United Kingdom,387,1,171.81,1,At-Risk Customers
15516.0,2011-10-24 11:33:00,2011-10-26 10:51:00,3,27,62.43,4.162,16.2,11.4,11,Autumn,United Kingdom,45,3,62.43,0,Regular Customers
15517.0,2011-04-20 14:02:00,2011-04-20 14:02:00,1,293,267.03,9.89,293.0,27.0,14,Spring,United Kingdom,233,1,267.03,0,Regular Customers
15518.0,2009-12-20 12:21:00,2011-10-06 13:05:00,15,2810,4189.99,9.35265625,235.12946428571428,38.33705357142857,12,Spring,United Kingdom,64,15,4189.99,0,Regular Customers
15519.0,2010-09-19 13:57:00,2010-11-21 14:35:00,2,116,344.61,9.313783783783784,59.75675675675676,20.783783783783782,14,Autumn,United Kingdom,383,2,344.61,1,At-Risk Customers
15520.0,2011-12-08 10:58:00,2011-12-08 10:58:00,1,314,343.5,19.08333333333333,314.0,18.0,10,Winter,United Kingdom,2,1,343.5,0,Regular Customers
15521.0,2010-01-05 10:19:00,2011-10-30 13:42:00,16,4507,7098.24,17.61349875930521,356.87344913151367,32.9106699751861,13,Spring,United Kingdom,40,16,7098.24,0,Regular Customers
15522.0,2011-09-13 12:26:00,2011-11-07 11:26:00,2,572,397.99,7.106964285714286,299.4642857142857,33.767857142857146,12,Autumn,United Kingdom,33,2,397.99,0,Regular Customers
15523.0,2009-12-02 15:16:00,2011-09-16 16:29:00,16,15633,17259.19,81.41127358490566,1207.1037735849056,16.02358490566038,15,Autumn,United Kingdom,84,16,17259.19,0,Regular Customers
15524.0,2010-04-12 09:19:00,2011-11-15 12:09:00,2,28,591.4,65.71111111111111,21.77777777777778,7.222222222222222,9,Spring,United Kingdom,25,2,591.4,0,Regular Customers
15525.0,2010-11-22 12:10:00,2011-12-07 14:43:00,4,527,890.22,4.945666666666667,126.8,48.53333333333333,14,Winter,United Kingdom,2,4,890.22,0,Regular Customers
15526.0,2011-11-06 15:01:00,2011-11-06 15:04:00,2,24,148.44,37.11,17.0,2.5,15,Autumn,United Kingdom,33,2,148.44,0,Regular Customers
15527.0,2009-12-15 17:31:00,2011-11-21 12:17:00,23,2211,5554.89,16.884164133738604,113.74772036474164,18.854103343465045,12,Autumn,United Kingdom,19,23,5554.89,0,Regular Customers
15528.0,2011-03-30 16:14:00,2011-03-30 16:14:00,1,123,229.33,8.820384615384615,123.0,26.0,16,Spring,United Kingdom,254,1,229.33,1,At-Risk Customers
15529.0,2010-11-10 14:26:00,2011-11-17 11:29:00,12,4271,4783.66,6.093834394904459,493.3936305732484,88.86624203821655,11,Autumn,United Kingdom,23,12,4783.66,0,Regular Customers
15530.0,2010-07-15 11:10:00,2011-11-18 12:25:00,5,1328,1808.68,12.737183098591547,295.61971830985914,33.16901408450704,11,Summer,United Kingdom,22,5,1808.68,0,Regular Customers
15531.0,2011-11-09 17:47:00,2011-12-01 18:43:00,2,1085,1972.39,9.00634703196347,731.5342465753424,151.2283105022831,17,Autumn,United Kingdom,8,2,1972.39,0,Regular Customers
15532.0,2010-06-08 14:52:00,2011-11-14 14:51:00,10,1337,3738.85,6.059724473257698,140.8330632090762,65.74068071312804,16,Summer,United Kingdom,25,10,3738.85,0,Regular Customers
15533.0,2011-09-11 15:41:00,2011-11-20 15:35:00,3,289,807.57,9.729759036144578,113.81927710843374,32.903614457831324,15,Autumn,United Kingdom,19,3,807.57,0,Regular Customers
15534.0,2009-12-14 12:48:00,2009-12-14 12:48:00,1,63,162.25,20.28125,63.0,8.0,12,Winter,United Kingdom,726,1,162.25,1,At-Risk Customers
15535.0,2010-09-16 20:04:00,2011-06-19 16:02:00,6,314,1044.37,8.033615384615384,67.25384615384615,27.553846153846155,14,Autumn,United Kingdom,173,6,1044.37,0,Regular Customers
15536.0,2010-10-26 16:31:00,2010-10-26 16:31:00,1,242,259.09,16.193125,242.0,16.0,16,Autumn,United Kingdom,409,1,259.09,1,At-Risk Customers
15537.0,2011-06-29 13:10:00,2011-06-29 13:10:00,1,29,110.92,4.621666666666667,29.0,24.0,13,Summer,United Kingdom,163,1,110.92,0,Regular Customers
15538.0,2010-02-14 12:38:00,2010-06-20 10:49:00,6,1016,3358.4,239.8857142857143,157.0,2.571428571428572,12,Spring,United Kingdom,538,6,3358.4,1,At-Risk Customers
15539.0,2011-12-02 13:36:00,2011-12-02 13:36:00,1,410,538.46,13.13317073170732,410.0,41.0,13,Winter,United Kingdom,7,1,538.46,0,Regular Customers
15540.0,2010-11-29 11:10:00,2011-11-28 13:51:00,2,444,460.68,14.860645161290323,222.70967741935485,15.516129032258064,11,Autumn,United Kingdom,11,2,460.68,0,Regular Customers
15541.0,2011-08-17 14:58:00,2011-08-17 14:58:00,1,49,85.13000000000001,2.9355172413793107,49.0,29.0,14,Summer,United Kingdom,114,1,85.13000000000001,0,Regular Customers
15542.0,2009-12-02 11:53:00,2010-07-15 13:32:00,3,418,855.71,3.786327433628319,151.41150442477877,78.0575221238938,13,Winter,United Kingdom,512,3,855.71,1,At-Risk Customers
15543.0,2010-09-06 11:28:00,2011-02-24 15:26:00,2,167,242.26,4.326071428571429,83.5,27.0,11,Autumn,United Kingdom,288,2,242.26,1,At-Risk Customers
15544.0,2010-01-28 14:39:00,2011-11-30 16:43:00,20,6745,7807.89,14.704124293785313,360.4745762711864,29.01129943502825,10,Winter,United Kingdom,9,20,7807.89,0,Regular Customers
15545.0,2010-12-03 17:28:00,2011-10-16 13:24:00,2,162,288.97,3.612125,82.35,42.025,13,Autumn,United Kingdom,54,2,288.97,0,Regular Customers
15546.0,2010-04-12 11:45:00,2010-04-12 11:51:00,2,198,1079.1,89.92500000000001,99.0,6.0,11,Spring,United Kingdom,607,2,1079.1,1,At-Risk Customers
15547.0,2009-12-06 13:40:00,2011-12-02 12:52:00,26,7278,10057.05,7.550337837837837,321.9009009009009,58.42492492492492,13,Autumn,United Kingdom,7,26,10057.05,0,Regular Customers
15548.0,2010-04-23 12:20:00,2010-04-23 12:20:00,1,64,158.09,6.8734782608695655,64.0,23.0,12,Spring,United Kingdom,596,1,158.09,1,At-Risk Customers
15549.0,2010-01-11 13:16:00,2011-09-23 16:22:00,8,936,2334.16,14.497888198757764,241.1614906832298,36.77639751552795,15,Winter,United Kingdom,77,8,2334.16,0,Regular Customers
15550.0,2009-12-03 15:15:00,2011-12-05 15:38:00,12,1139,2211.05,9.40872340425532,114.37021276595743,26.74042553191489,11,Winter,United Kingdom,4,12,2211.05,0,Regular Customers
15551.0,2010-06-07 15:05:00,2011-11-03 12:37:00,7,796,1679.81,11.746923076923077,191.5874125874126,33.58041958041958,12,Autumn,United Kingdom,37,7,1679.81,0,Regular Customers
15552.0,2010-03-26 16:17:00,2011-05-06 14:47:00,2,166,252.52,8.417333333333334,79.93333333333334,15.266666666666667,14,Spring,United Kingdom,217,2,252.52,0,Regular Customers
15553.0,2011-10-10 14:02:00,2011-10-10 14:02:00,1,449,428.93,7.798727272727273,449.0,51.0,14,Autumn,United Kingdom,60,1,428.93,0,Regular Customers
15554.0,2011-03-07 09:00:00,2011-03-07 09:00:00,1,74,217.2,15.514285714285714,74.0,14.0,9,Spring,United Kingdom,278,1,217.2,1,At-Risk Customers
15555.0,2009-12-06 11:58:00,2011-11-27 16:19:00,36,8511,11243.91,7.067196731615336,329.049025769956,62.06662476429919,16,Autumn,United Kingdom,12,36,11243.91,0,Regular Customers
15556.0,2011-11-15 16:08:00,2011-11-15 16:08:00,1,236,279.77,9.024838709677418,236.0,31.0,16,Autumn,United Kingdom,24,1,279.77,0,Regular Customers
15557.0,2011-11-11 12:46:00,2011-11-11 12:46:00,1,213,468.91,24.679473684210528,213.0,16.0,12,Autumn,United Kingdom,29,1,468.91,0,Regular Customers
15558.0,2010-03-10 15:25:00,2010-03-10 15:25:00,1,73,202.68,8.812173913043479,73.0,23.0,15,Spring,United Kingdom,639,1,202.68,1,At-Risk Customers
15559.0,2010-05-20 14:06:00,2010-05-20 14:06:00,1,526,1109.4,17.893548387096775,526.0,62.0,14,Spring,United Kingdom,568,1,1109.4,1,At-Risk Customers
15560.0,2010-11-07 10:14:00,2010-11-07 10:15:00,2,72,153.52,15.352,39.2,5.8,10,Autumn,United Kingdom,398,2,153.52,1,At-Risk Customers
15561.0,2010-02-14 12:22:00,2011-11-28 11:07:00,8,1334,1934.39,21.025978260869564,258.94565217391306,16.782608695652176,12,Winter,United Kingdom,12,8,1934.39,0,Regular Customers
15562.0,2009-12-13 15:17:00,2010-12-23 09:55:00,3,560,671.4300000000001,20.34636363636364,408.7878787878788,22.060606060606062,15,Winter,United Kingdom,352,3,671.4300000000001,1,At-Risk Customers
15563.0,2010-01-28 11:36:00,2011-11-17 14:50:00,7,3005,2859.46,11.126303501945523,522.828793774319,44.75486381322957,11,Spring,United Kingdom,22,7,2859.46,0,Regular Customers
15564.0,2010-02-01 15:58:00,2010-09-02 15:52:00,2,42,70.74000000000001,17.685000000000002,28.5,2.5,15,Winter,United Kingdom,463,2,70.74000000000001,1,At-Risk Customers
15565.0,2011-09-30 10:44:00,2011-10-20 14:33:00,2,60,173.16000000000005,21.645000000000003,30.0,4.0,10,Autumn,United Kingdom,50,2,173.16,0,Regular Customers
15566.0,2009-12-15 14:53:00,2010-11-12 12:11:00,2,153,227.87,18.989166666666662,70.91666666666667,6.166666666666667,12,Autumn,United Kingdom,393,2,227.87,1,At-Risk Customers
15567.0,2011-11-21 10:48:00,2011-11-21 10:48:00,1,223,186.01,26.572857142857146,223.0,7.0,10,Autumn,United Kingdom,19,1,186.01,0,Regular Customers
15568.0,2011-09-27 14:37:00,2011-12-07 11:27:00,3,461,758.29,14.307358490566036,155.32075471698113,17.830188679245282,11,Autumn,United Kingdom,3,3,758.29,0,Regular Customers
15569.0,2010-02-28 10:55:00,2011-08-28 10:15:00,10,1734,3583.45,25.596071428571427,248.87142857142857,29.714285714285715,11,Autumn,United Kingdom,104,10,3583.45,0,Regular Customers
15570.0,2010-03-28 14:04:00,2011-12-02 14:47:00,25,4079,8736.49,11.967794520547946,240.0958904109589,40.21369863013699,14,Autumn,United Kingdom,7,25,8736.49,0,Regular Customers
15571.0,2009-12-06 12:10:00,2011-11-28 10:02:00,14,2411,3892.35,6.48725,339.18833333333333,74.12,14,Autumn,United Kingdom,12,14,3892.35,0,Regular Customers
15572.0,2010-04-14 14:38:00,2011-12-05 10:09:00,10,2089,3965.2,11.560349854227404,238.9475218658892,38.50437317784257,10,Autumn,United Kingdom,5,10,3965.2,0,Regular Customers
15573.0,2009-12-10 14:19:00,2011-11-08 11:38:00,5,770,1188.42,5.632322274881517,163.86729857819904,42.18957345971564,11,Autumn,United Kingdom,32,5,1188.42,0,Regular Customers
15574.0,2010-09-01 14:37:00,2011-06-15 12:01:00,6,750,1101.44,4.788869565217391,170.3217391304348,63.38695652173913,15,Winter,United Kingdom,178,6,1101.44,0,Regular Customers
15575.0,2010-03-30 12:50:00,2010-03-30 12:50:00,1,6,30.1,10.033333333333331,6.0,3.0,12,Spring,United Kingdom,620,1,30.1,1,At-Risk Customers
15576.0,2011-11-02 12:03:00,2011-11-02 12:03:00,1,394,921.37,21.427209302325583,394.0,43.0,12,Autumn,United Kingdom,38,1,921.37,0,Regular Customers
15577.0,2009-12-13 16:17:00,2011-07-11 17:03:00,5,120,396.03,6.712372881355932,33.101694915254235,16.28813559322034,16,Summer,United Kingdom,151,5,396.03,0,Regular Customers
15578.0,2011-06-30 13:03:00,2011-06-30 13:03:00,1,52,127.1,9.776923076923076,52.0,13.0,13,Summer,United Kingdom,162,1,127.1,0,Regular Customers
15579.0,2010-10-03 14:37:00,2011-10-02 12:45:00,5,713,1250.63,7.767888198757765,186.944099378882,35.65217391304348,14,Autumn,United Kingdom,69,5,1250.63,0,Regular Customers
15580.0,2010-02-07 11:21:00,2010-11-28 11:00:00,8,955,1375.39,6.112844444444445,130.23111111111112,32.86222222222222,11,Autumn,United Kingdom,377,8,1375.39,1,At-Risk Customers
15581.0,2009-12-02 12:19:00,2011-08-11 09:38:00,38,3028,7480.4,10.93625730994152,303.19590643274853,50.63157894736842,13,Summer,United Kingdom,121,38,7480.4,0,Regular Customers
15582.0,2011-05-03 13:36:00,2011-11-15 09:55:00,3,453,682.9100000000001,15.52068181818182,184.22727272727272,16.90909090909091,13,Spring,United Kingdom,25,3,682.9100000000001,0,Regular Customers
15583.0,2010-11-28 15:04:00,2010-11-28 15:04:00,1,56,95.96,2.4605128205128204,56.0,37.0,15,Autumn,United Kingdom,376,1,95.96,1,At-Risk Customers
15584.0,2010-02-07 12:16:00,2011-11-16 10:55:00,6,483,1268.2,5.764545454545455,84.00454545454545,39.53636363636364,12,Autumn,United Kingdom,24,6,1268.2,0,Regular Customers
15585.0,2011-06-16 08:38:00,2011-06-16 08:38:00,1,320,455.3,14.687096774193549,320.0,31.0,8,Summer,United Kingdom,177,1,455.3,0,Regular Customers
15586.0,2010-01-08 10:02:00,2010-04-26 11:00:00,3,1338,1139.1,29.976315789473688,509.5263157894737,18.789473684210527,10,Winter,United Kingdom,593,3,1139.1,1,At-Risk Customers
15587.0,2010-08-05 08:44:00,2011-10-20 13:37:00,7,528,1522.08,108.72,80.57142857142857,2.142857142857143,9,Autumn,United Kingdom,50,7,1522.0800000000002,0,Regular Customers
15588.0,2010-01-31 12:19:00,2010-01-31 12:19:00,1,96,579.6,144.9,96.0,4.0,12,Winter,United Kingdom,678,1,579.6,1,At-Risk Customers
15589.0,2011-02-02 10:46:00,2011-03-29 09:54:00,3,243,478.53,16.50103448275862,104.41379310344828,13.827586206896552,9,Spring,United Kingdom,256,3,478.53,0,Regular Customers
15590.0,2010-04-12 10:09:00,2010-11-22 14:49:00,5,832,1496.6,17.20229885057471,253.3563218390805,26.2183908045977,13,Autumn,United Kingdom,382,5,1496.6,1,At-Risk Customers
15591.0,2010-02-04 09:20:00,2010-05-06 09:23:00,3,58,217.9,31.12857142857143,18.0,2.7142857142857144,9,Spring,United Kingdom,583,3,217.9,1,At-Risk Customers
15592.0,2011-10-24 08:59:00,2011-10-24 08:59:00,1,354,388.58,16.190833333333334,354.0,24.0,8,Autumn,United Kingdom,47,1,388.58,0,Regular Customers
15593.0,2011-09-30 11:46:00,2011-09-30 11:46:00,1,60,199.8,39.96,60.0,5.0,11,Autumn,United Kingdom,71,1,199.8,0,Regular Customers
15594.0,2011-04-19 10:08:00,2011-11-24 08:53:00,5,983,1771.78,17.201747572815535,293.6019417475728,30.689320388349515,10,Autumn,United Kingdom,16,5,1771.78,0,Regular Customers
15595.0,2010-08-09 12:27:00,2010-08-09 12:27:00,1,144,357.6,89.39999999999999,144.0,4.0,12,Summer,United Kingdom,488,1,357.6,1,At-Risk Customers
15596.0,2010-07-28 11:46:00,2011-08-31 10:55:00,9,1208,2727.72,17.598193548387094,175.7548387096774,22.406451612903226,12,Autumn,United Kingdom,101,9,2727.72,0,Regular Customers
15597.0,2010-05-13 13:10:00,2011-11-04 13:26:00,2,393,563.37,15.226216216216216,212.1081081081081,19.16216216216216,13,Autumn,United Kingdom,35,2,563.37,0,Regular Customers
15598.0,2010-10-08 09:20:00,2011-10-17 16:04:00,2,404,548.02,15.222777777777775,211.33333333333331,18.88888888888889,9,Autumn,United Kingdom,53,2,548.02,0,Regular Customers
15599.0,2010-09-20 10:15:00,2011-11-13 11:44:00,3,1098,1250.06,15.060963855421686,366.9879518072289,28.08433734939759,10,Autumn,United Kingdom,27,3,1250.06,0,Regular Customers
15600.0,2010-04-25 11:50:00,2010-10-07 14:30:00,4,657,1199.31,16.89169014084507,166.32394366197184,18.43661971830986,9,Autumn,United Kingdom,428,4,1199.31,1,At-Risk Customers
15601.0,2009-12-01 14:53:00,2011-11-28 15:15:00,30,10395,14191.74,17.222985436893204,410.6504854368932,32.99029126213592,12,Winter,United Kingdom,11,30,14191.74,0,Regular Customers
15602.0,2009-12-02 09:35:00,2011-12-01 14:14:00,16,2292,3137.96,25.10368,209.032,11.608,9,Autumn,United Kingdom,8,16,3137.96,0,Regular Customers
15603.0,2010-03-01 16:02:00,2011-09-22 10:04:00,2,128,88.48,22.12,64.0,2.0,10,Autumn,United Kingdom,79,2,88.48,0,Regular Customers
15604.0,2011-10-18 14:47:00,2011-10-18 14:47:00,1,159,216.39,12.728823529411766,159.0,17.0,14,Autumn,United Kingdom,52,1,216.39,0,Regular Customers
15605.0,2010-01-14 14:03:00,2011-11-03 14:17:00,9,641,1741.95,17.595454545454547,82.83838383838383,12.77777777777778,14,Spring,United Kingdom,36,9,1741.95,0,Regular Customers
15606.0,2010-03-02 14:48:00,2011-10-09 15:47:00,17,1615,5230.99,36.07579310344828,97.0,9.082758620689654,15,Spring,United Kingdom,61,17,5230.99,0,Regular Customers
15607.0,2010-01-08 12:16:00,2011-01-07 12:44:00,9,1470,1708.97,15.67862385321101,211.55045871559636,16.28440366972477,12,Winter,United Kingdom,337,9,1708.97,1,At-Risk Customers
15608.0,2010-10-20 10:10:00,2011-11-11 13:20:00,5,1262,1785.98,17.009333333333334,404.1904761904762,36.2,10,Autumn,United Kingdom,28,5,1785.98,0,Regular Customers
15609.0,2011-06-08 13:00:00,2011-06-08 13:00:00,1,148,298.48,18.655,148.0,16.0,13,Summer,United Kingdom,184,1,298.48,0,Regular Customers
15610.0,2011-10-19 10:36:00,2011-10-19 10:36:00,1,66,112.46,18.743333333333336,66.0,6.0,10,Autumn,United Kingdom,52,1,112.46,0,Regular Customers
15611.0,2010-01-25 14:50:00,2011-11-30 12:36:00,26,747,2997.28,31.88595744680851,42.24468085106383,5.659574468085107,14,Autumn,United Kingdom,10,26,2997.28,0,Regular Customers
15612.0,2011-10-09 12:49:00,2011-11-03 14:52:00,2,52,195.15,32.525,26.0,3.0,12,Autumn,United Kingdom,36,2,195.15,0,Regular Customers
15613.0,2010-04-08 12:51:00,2010-04-08 12:51:00,1,700,433.72,16.063703703703702,700.0,27.0,12,Spring,United Kingdom,610,1,433.72,1,At-Risk Customers
15614.0,2010-03-23 11:13:00,2010-09-28 10:46:00,4,1632,3147.36,38.8562962962963,461.9259259259259,22.50617283950617,10,Autumn,United Kingdom,438,4,3147.36,1,At-Risk Customers
15615.0,2009-12-02 15:28:00,2011-11-29 14:42:00,47,12090,21373.97,23.72249722530522,369.2597114317425,27.408435072142066,14,Summer,United Kingdom,10,47,21373.97,0,Regular Customers
15616.0,2010-09-27 13:10:00,2010-09-27 13:10:00,1,137,317.11,24.39307692307693,137.0,13.0,13,Autumn,United Kingdom,438,1,317.11,1,At-Risk Customers
15617.0,2010-07-20 13:16:00,2010-11-08 16:07:00,3,485,828.5500000000001,19.727380952380955,267.0238095238095,21.761904761904763,10,Autumn,United Kingdom,396,3,828.5500000000001,1,At-Risk Customers
15618.0,2011-07-26 10:13:00,2011-11-07 08:34:00,4,454,776.851,17.263355555555556,156.51111111111112,14.77777777777778,8,Autumn,United Kingdom,33,4,776.851,0,Regular Customers
15619.0,2011-11-29 08:14:00,2011-11-29 08:14:00,1,136,336.4,112.13333333333333,136.0,3.0,8,Autumn,United Kingdom,11,1,336.40000000000003,0,Regular Customers
15620.0,2010-10-26 11:32:00,2011-10-14 12:41:00,4,1249,1942.36,15.05705426356589,313.7674418604651,32.89147286821706,11,Autumn,United Kingdom,57,4,1942.36,0,Regular Customers
15621.0,2011-11-18 11:49:00,2011-12-05 14:01:00,4,501,1293.03,80.814375,141.625,5.375,13,Winter,United Kingdom,4,4,1293.03,0,Regular Customers
15622.0,2010-03-04 10:29:00,2011-10-27 16:44:00,17,4091,7852.610000000001,18.43335680751174,563.9976525821596,55.87323943661972,10,Spring,United Kingdom,43,17,7852.61,0,Regular Customers
15623.0,2009-12-10 14:46:00,2011-07-21 17:26:00,8,1087,2437.05,22.56527777777778,134.10185185185185,14.555555555555555,10,Summer,United Kingdom,141,8,2437.05,0,Regular Customers
15624.0,2011-03-28 13:32:00,2011-08-15 11:38:00,4,357,588.13,17.297941176470587,115.55882352941175,10.058823529411764,15,Spring,United Kingdom,117,4,588.13,0,Regular Customers
15625.0,2010-06-15 15:23:00,2011-08-28 10:21:00,9,3020,3236.4,18.926315789473684,433.12280701754383,26.087719298245613,12,Summer,United Kingdom,104,9,3236.4,0,Regular Customers
15626.0,2010-10-14 17:16:00,2011-09-26 10:03:00,3,1138,1067.52,13.344,386.725,27.525,10,Autumn,United Kingdom,75,3,1067.52,0,Regular Customers
15627.0,2010-07-05 11:56:00,2010-09-08 14:14:00,2,344,566.9,23.620833333333334,172.0,12.0,11,Autumn,United Kingdom,457,2,566.9,1,At-Risk Customers
15628.0,2009-12-13 13:39:00,2011-12-05 10:24:00,17,3569,5333.08,17.83638795986622,213.8628762541806,18.07692307692308,12,Autumn,United Kingdom,5,17,5333.08,0,Regular Customers
15629.0,2010-06-25 11:39:00,2010-09-15 13:46:00,4,1518,2240.9,29.102597402597404,563.8701298701299,28.714285714285715,11,Summer,United Kingdom,450,4,2240.9,1,At-Risk Customers
15630.0,2010-03-05 14:30:00,2011-10-25 15:36:00,3,987,1481.4,18.5175,373.75,29.525,15,Spring,United Kingdom,45,3,1481.4,0,Regular Customers
15631.0,2010-03-07 14:52:00,2010-03-07 14:52:00,1,525,596.67,15.299230769230768,525.0,39.0,14,Spring,United Kingdom,642,1,596.67,1,At-Risk Customers
15632.0,2011-03-10 08:29:00,2011-11-24 09:51:00,8,2109,3285.31,19.67251497005988,333.125748502994,25.730538922155688,11,Spring,United Kingdom,16,8,3285.31,0,Regular Customers
15633.0,2009-12-08 17:51:00,2010-07-18 13:54:00,13,2048,4335.96,24.636136363636364,198.9431818181818,17.477272727272727,9,Spring,United Kingdom,509,13,4335.96,1,At-Risk Customers
15634.0,2010-11-21 15:30:00,2011-11-22 16:28:00,2,227,554.65,16.313235294117646,115.20588235294116,17.235294117647058,15,Autumn,United Kingdom,17,2,554.65,0,Regular Customers
15635.0,2010-11-09 08:58:00,2010-11-09 08:58:00,1,5,100.35,50.175,5.0,2.0,8,Autumn,United Kingdom,396,1,100.35,1,At-Risk Customers
15636.0,2010-05-19 11:37:00,2011-09-11 11:17:00,4,560,1444.58,25.343508771929823,149.3684210526316,15.31578947368421,11,Autumn,United Kingdom,90,4,1444.58,0,Regular Customers
15637.0,2009-12-15 17:54:00,2011-10-18 08:28:00,5,651,797.59,19.45341463414634,157.1951219512195,10.658536585365852,8,Autumn,United Kingdom,53,5,797.59,0,Regular Customers
15638.0,2010-04-08 14:37:00,2010-11-26 11:52:00,6,1134,2265.2,90.608,209.76,4.6,15,Autumn,United Kingdom,379,6,2265.2,1,At-Risk Customers
15639.0,2010-04-13 13:11:00,2011-07-28 14:30:00,3,849,1065.08,15.435942028985506,286.0144927536232,22.91304347826087,14,Summer,United Kingdom,134,3,1065.08,0,Regular Customers
15640.0,2009-12-14 16:36:00,2011-12-05 14:35:00,29,12140,23494.31,31.409505347593583,548.0254010695187,36.75133689839572,14,Winter,United Kingdom,4,29,23494.31,0,Regular Customers
15641.0,2009-12-06 15:31:00,2011-08-26 14:04:00,12,4422,5345.55,17.188263665594857,452.6141479099679,30.061093247588424,14,Winter,United Kingdom,105,12,5345.55,0,Regular Customers
15642.0,2009-12-10 11:51:00,2009-12-10 11:51:00,1,270,105.78,17.63,270.0,6.0,11,Winter,United Kingdom,730,1,105.78000000000002,1,At-Risk Customers
15643.0,2011-03-02 14:34:00,2011-06-01 07:38:00,3,246,664.0,20.12121212121212,138.36363636363637,18.09090909090909,14,Spring,United Kingdom,192,3,664.0,0,Regular Customers
15644.0,2011-03-23 15:37:00,2011-06-26 14:54:00,4,550,803.54,3.4635344827586207,198.3275862068965,81.35344827586206,14,Summer,United Kingdom,166,4,803.54,0,Regular Customers
15645.0,2010-10-10 12:51:00,2011-11-21 11:55:00,3,396,1055.17,15.517205882352942,225.41176470588235,41.55882352941177,11,Autumn,United Kingdom,19,3,1055.17,0,Regular Customers
15646.0,2010-10-25 13:06:00,2011-07-05 09:53:00,5,821,784.8100000000001,11.541323529411766,208.85294117647055,16.88235294117647,14,Autumn,United Kingdom,158,5,784.8100000000001,0,Regular Customers
15647.0,2010-10-20 15:09:00,2010-10-20 15:09:00,1,124,169.0,15.363636363636363,124.0,11.0,15,Autumn,United Kingdom,415,1,169.0,1,At-Risk Customers
15648.0,2011-03-17 18:59:00,2011-05-19 15:53:00,2,218,639.5,26.64583333333333,110.75,12.083333333333334,15,Spring,United Kingdom,204,2,639.5,0,Regular Customers
15649.0,2010-11-17 16:22:00,2011-01-07 13:34:00,4,365,1660.35,150.9409090909091,97.45454545454544,6.090909090909091,16,Autumn,United Kingdom,336,4,1660.35,1,At-Risk Customers
15650.0,2010-03-21 11:46:00,2010-07-06 10:41:00,2,210,553.88,15.385555555555555,124.83333333333331,20.72222222222222,11,Spring,United Kingdom,522,2,553.88,1,At-Risk Customers
15651.0,2010-04-22 13:26:00,2011-11-03 08:41:00,5,871,1259.06,20.98433333333333,193.85,13.266666666666667,8,Spring,United Kingdom,37,5,1259.06,0,Regular Customers
15652.0,2010-08-11 16:58:00,2011-09-09 14:22:00,5,657,1405.94,13.78372549019608,138.0196078431373,23.352941176470587,16,Autumn,United Kingdom,91,5,1405.94,0,Regular Customers
15653.0,2011-08-16 09:50:00,2011-09-08 10:49:00,2,1200,877.44,146.24,416.0,3.333333333333333,9,Summer,United Kingdom,93,2,877.4399999999999,0,Regular Customers
15654.0,2011-11-13 15:15:00,2011-11-30 13:08:00,2,475,922.53,43.93,224.42857142857144,10.714285714285714,13,Autumn,United Kingdom,9,2,922.53,0,Regular Customers
15655.0,2011-04-10 15:25:00,2011-04-10 15:25:00,1,324,560.6700000000001,16.49029411764706,324.0,34.0,15,Spring,United Kingdom,243,1,560.67,0,Regular Customers
15656.0,2011-02-28 15:32:00,2011-10-25 14:56:00,4,343,748.5,15.925531914893616,100.06382978723404,13.638297872340424,13,Summer,United Kingdom,45,4,748.5,0,Regular Customers
15657.0,2011-11-17 12:19:00,2011-11-17 12:19:00,1,24,30.0,30.0,24.0,1.0,12,Autumn,United Kingdom,23,1,30.0,0,Regular Customers
15658.0,2009-12-03 11:19:00,2011-06-02 15:22:00,8,627,2117.27,20.757549019607843,104.90196078431372,16.941176470588236,10,Winter,United Kingdom,190,8,2117.27,0,Regular Customers
15659.0,2010-02-24 13:32:00,2011-10-27 09:23:00,3,161,532.49,25.356666666666666,71.76190476190476,8.523809523809524,9,Autumn,United Kingdom,44,3,532.49,0,Regular Customers
15660.0,2010-02-05 16:01:00,2011-11-14 16:58:00,15,1783,2603.69,17.24298013245033,169.1523178807947,14.403973509933774,16,Autumn,United Kingdom,25,15,2603.69,0,Regular Customers
15661.0,2010-05-10 07:59:00,2011-01-26 13:56:00,8,779,1215.95,27.635227272727278,123.3181818181818,12.772727272727272,7,Spring,United Kingdom,317,8,1215.95,1,At-Risk Customers
15662.0,2009-12-01 13:49:00,2010-02-16 16:47:00,2,145,283.73,23.644166666666667,74.33333333333333,6.666666666666667,16,Winter,United Kingdom,661,2,283.73,1,At-Risk Customers
15663.0,2011-08-25 15:50:00,2011-08-25 15:50:00,1,106,138.14,15.348888888888888,106.0,9.0,15,Summer,United Kingdom,106,1,138.14,0,Regular Customers
15664.0,2010-02-28 12:50:00,2011-10-20 10:57:00,4,530,1254.03,17.914714285714286,152.8,20.77142857142857,12,Autumn,United Kingdom,51,4,1254.03,0,Regular Customers
15665.0,2010-03-14 15:07:00,2011-06-24 14:57:00,5,2777,3987.07,13.940804195804196,597.2552447552448,58.59090909090909,15,Spring,United Kingdom,168,5,3987.07,0,Regular Customers
15666.0,2010-08-01 15:41:00,2010-08-24 16:14:00,2,469,632.94,9.446865671641792,243.01492537313436,32.76119402985075,15,Summer,United Kingdom,472,2,632.9399999999999,1,At-Risk Customers
15667.0,2011-10-31 10:56:00,2011-10-31 10:56:00,1,240,301.32000000000005,23.17846153846154,240.0,13.0,10,Autumn,United Kingdom,40,1,301.32,0,Regular Customers
15668.0,2011-05-06 10:39:00,2011-05-06 10:39:00,1,72,76.32000000000001,76.32000000000001,72.0,1.0,10,Spring,United Kingdom,218,1,76.32000000000001,0,Regular Customers
15669.0,2011-03-21 09:13:00,2011-10-30 16:03:00,4,342,684.34,20.73757575757576,92.96969696969695,10.636363636363637,17,Summer,United Kingdom,40,4,684.34,0,Regular Customers
15670.0,2010-06-01 15:34:00,2011-02-16 10:50:00,2,132,325.2,17.11578947368421,72.57894736842105,10.157894736842104,10,Winter,United Kingdom,297,2,325.2,1,At-Risk Customers
15671.0,2011-03-14 09:37:00,2011-11-21 12:43:00,7,1699,2657.13,34.065769230769234,224.96153846153845,13.846153846153848,9,Spring,United Kingdom,19,7,2657.13,0,Regular Customers
15672.0,2009-12-14 16:52:00,2009-12-14 16:52:00,1,10,45.3,15.1,10.0,3.0,16,Winter,United Kingdom,725,1,45.3,1,At-Risk Customers
15673.0,2010-02-22 14:28:00,2011-09-12 16:12:00,9,3274,6204.32,23.15044776119403,439.22014925373134,34.68283582089552,16,Spring,United Kingdom,88,9,6204.32,0,Regular Customers
15674.0,2009-12-08 17:08:00,2011-09-27 15:17:00,13,3648,6948.2300000000005,19.795527065527068,362.4871794871795,34.72079772079772,15,Spring,United Kingdom,73,13,6948.2300000000005,0,Regular Customers
15675.0,2010-10-31 14:14:00,2011-09-19 13:48:00,4,624,542.04,15.486857142857142,214.65714285714284,11.4,14,Autumn,United Kingdom,81,4,542.04,0,Regular Customers
15676.0,2011-03-01 10:19:00,2011-11-21 12:40:00,3,2252,3435.76,17.00871287128713,1257.029702970297,108.82178217821782,14,Autumn,United Kingdom,19,3,3435.76,0,Regular Customers
15677.0,2010-09-02 12:08:00,2011-10-21 15:36:00,3,675,1305.63,18.13375,248.94444444444449,26.02777777777778,15,Autumn,United Kingdom,49,3,1305.63,0,Regular Customers
15678.0,2010-07-05 12:49:00,2011-10-18 09:25:00,3,1022,1825.94,19.84717391304348,392.0434782608696,33.78260869565217,14,Autumn,United Kingdom,53,3,1825.94,0,Regular Customers
15679.0,2011-06-10 08:24:00,2011-11-15 16:19:00,4,1170,781.28,7.102545454545455,564.3454545454546,66.56363636363636,16,Autumn,United Kingdom,24,4,781.28,0,Regular Customers
15680.0,2009-12-02 12:15:00,2011-11-30 13:46:00,10,2743,4028.69,17.07072033898305,286.3008474576271,24.85593220338983,14,Winter,United Kingdom,9,10,4028.69,0,Regular Customers
15681.0,2010-05-24 14:18:00,2011-11-14 16:30:00,14,1392,2989.7000000000003,33.97386363636364,171.0,10.863636363636363,16,Autumn,United Kingdom,25,14,2989.7,0,Regular Customers
15682.0,2010-01-21 14:37:00,2010-04-19 15:30:00,2,222,318.24,12.7296,114.8,13.0,15,Spring,United Kingdom,599,2,318.24,1,At-Risk Customers
15683.0,2010-08-23 12:01:00,2011-08-14 12:56:00,2,332,524.54,20.174615384615382,174.07692307692307,13.692307692307692,12,Summer,United Kingdom,117,2,524.54,0,Regular Customers
15684.0,2009-12-04 16:13:00,2010-06-10 18:51:00,3,77,173.95,15.813636363636364,50.90909090909091,6.2727272727272725,16,Winter,United Kingdom,547,3,173.95,1,At-Risk Customers
15685.0,2010-09-15 13:43:00,2010-09-15 13:43:00,1,36,55.98,3.2929411764705883,36.0,17.0,13,Autumn,United Kingdom,450,1,55.98,1,At-Risk Customers
15686.0,2010-10-15 13:50:00,2010-10-15 13:50:00,1,72,90.0,90.0,72.0,1.0,13,Autumn,United Kingdom,420,1,90.0,1,At-Risk Customers
15687.0,2011-01-13 15:13:00,2011-12-01 08:33:00,9,1310,2993.1,18.030722891566263,173.14457831325302,21.83132530120482,13,Winter,United Kingdom,9,9,2993.1,0,Regular Customers
15688.0,2010-10-17 12:06:00,2010-10-17 12:06:00,1,95,190.57,7.058148148148148,95.0,26.0,12,Autumn,United Kingdom,419,1,190.57,1,At-Risk Customers
15689.0,2010-04-01 09:53:00,2011-08-12 09:37:00,3,207,521.03,21.70958333333333,94.375,11.25,9,Spring,United Kingdom,120,3,521.03,0,Regular Customers
15690.0,2011-08-31 11:40:00,2011-12-05 15:59:00,2,408,239.76,12.618947368421052,204.0,9.736842105263158,15,Winter,United Kingdom,4,2,239.76,0,Regular Customers
15691.0,2009-12-06 16:01:00,2011-04-01 15:13:00,4,212,571.3,40.80714285714286,51.71428571428572,4.142857142857143,11,Spring,United Kingdom,252,4,571.3,0,Regular Customers
15692.0,2011-11-11 14:12:00,2011-11-11 14:12:00,1,138,191.04,15.92,138.0,12.0,14,Autumn,United Kingdom,28,1,191.04,0,Regular Customers
15693.0,2010-02-18 14:37:00,2010-02-18 14:37:00,1,30,37.5,37.5,30.0,1.0,14,Winter,United Kingdom,659,1,37.5,1,At-Risk Customers
15694.0,2009-12-07 15:43:00,2011-12-09 09:44:00,24,2467,9978.48,69.77958041958041,143.21678321678323,9.06993006993007,11,Autumn,United Kingdom,1,24,9978.48,0,Regular Customers
15695.0,2010-01-27 10:56:00,2011-03-18 08:32:00,4,484,1131.04,19.170169491525424,149.4406779661017,17.88135593220339,10,Spring,United Kingdom,267,4,1131.04,1,At-Risk Customers
15696.0,2010-01-24 14:36:00,2011-11-06 14:02:00,13,1386,3881.22,17.562081447963802,148.91402714932127,23.868778280542987,14,Autumn,United Kingdom,33,13,3881.22,0,Regular Customers
15697.0,2010-01-19 09:10:00,2010-01-19 09:10:00,1,127,246.75,17.625,127.0,14.0,9,Winter,United Kingdom,690,1,246.75,1,At-Risk Customers
15698.0,2010-03-25 17:38:00,2010-03-25 17:38:00,1,60,46.2,23.1,60.0,2.0,17,Spring,United Kingdom,624,1,46.2,1,At-Risk Customers
15699.0,2011-11-22 08:26:00,2011-11-22 08:26:00,1,113,309.65,17.202777777777776,113.0,18.0,8,Autumn,United Kingdom,18,1,309.65,0,Regular Customers
15700.0,2011-06-19 15:36:00,2011-06-20 16:53:00,2,357,696.68,8.10093023255814,350.8953488372093,83.03488372093024,15,Summer,United Kingdom,172,2,696.68,0,Regular Customers
15701.0,2011-08-21 12:36:00,2011-12-07 14:39:00,4,912,1529.0,6.647826086956521,332.8652173913043,88.19130434782609,12,Summer,United Kingdom,2,4,1529.0,0,Regular Customers
15702.0,2010-01-26 17:23:00,2010-08-20 14:50:00,2,103,140.39,4.679666666666666,98.63333333333334,28.066666666666663,14,Summer,Nigeria,476,2,140.39,1,At-Risk Customers
15703.0,2011-03-20 10:51:00,2011-03-20 10:51:00,1,66,211.5,42.3,66.0,5.0,10,Spring,United Kingdom,265,1,211.5,1,At-Risk Customers
15704.0,2010-05-05 14:51:00,2011-07-22 13:35:00,6,1709,3734.66,18.3071568627451,353.69117647058823,41.47058823529412,14,Summer,United Kingdom,140,6,3734.66,0,Regular Customers
15705.0,2011-05-22 15:37:00,2011-05-22 15:37:00,1,62,143.1,23.85,62.0,6.0,15,Spring,United Kingdom,201,1,143.1,0,Regular Customers
15706.0,2011-08-15 14:32:00,2011-10-07 10:09:00,4,321,1060.56,19.28290909090909,139.25454545454545,25.0,14,Summer,United Kingdom,64,4,1060.56,0,Regular Customers
15707.0,2011-09-14 14:19:00,2011-11-04 14:35:00,4,594,916.98,4.473073170731707,158.5951219512195,49.9219512195122,14,Autumn,United Kingdom,35,4,916.98,0,Regular Customers
15708.0,2010-10-10 11:33:00,2011-10-30 10:54:00,9,1465,3887.15,11.534569732937683,182.9287833827893,41.23145400593472,11,Winter,United Kingdom,41,9,3887.15,0,Regular Customers
15709.0,2010-04-29 18:31:00,2011-03-01 10:38:00,2,169,327.85,12.142592592592594,64.22222222222223,16.88888888888889,18,Spring,United Kingdom,284,2,327.85,1,At-Risk Customers
15710.0,2010-10-18 17:05:00,2010-10-18 17:05:00,1,641,898.87,8.171545454545454,641.0,110.0,17,Autumn,United Kingdom,417,1,898.87,1,At-Risk Customers
15711.0,2010-01-24 12:13:00,2010-06-01 12:14:00,2,199,420.25,16.81,126.12,14.92,12,Summer,United Kingdom,557,2,420.25,1,At-Risk Customers
15712.0,2009-12-01 11:17:00,2011-11-30 14:09:00,12,1277,3472.41,20.91813253012048,119.8433734939759,15.903614457831326,11,Winter,United Kingdom,9,12,3472.4100000000003,0,Regular Customers
15713.0,2009-12-16 09:41:00,2011-07-19 13:34:00,4,451,839.64,16.146923076923077,126.59615384615384,14.038461538461538,9,Winter,United Kingdom,143,4,839.64,0,Regular Customers
15714.0,2010-06-02 12:08:00,2011-11-28 11:26:00,5,361,783.96,16.3325,99.25,20.33333333333333,11,Autumn,United Kingdom,12,5,783.96,0,Regular Customers
15715.0,2010-03-30 12:17:00,2010-06-02 09:56:00,5,246,658.02,17.316315789473684,107.47368421052632,13.947368421052632,12,Spring,United Kingdom,556,5,658.02,1,At-Risk Customers
15716.0,2009-12-07 12:42:00,2011-07-17 11:59:00,11,1379,2485.26,8.68972027972028,141.74125874125875,26.95804195804196,12,Spring,United Kingdom,146,11,2485.26,0,Regular Customers
15717.0,2010-04-26 10:41:00,2011-04-19 13:21:00,5,224,607.0,25.291666666666668,49.833333333333336,5.333333333333333,13,Spring,United Kingdom,234,5,607.0,0,Regular Customers
15718.0,2010-06-17 16:20:00,2010-06-17 16:20:00,1,95,293.79,16.32166666666667,95.0,18.0,16,Summer,United Kingdom,540,1,293.79,1,At-Risk Customers
15719.0,2009-12-01 12:47:00,2011-11-07 12:29:00,31,5356,10195.97,5.760435028248587,194.2830508474576,65.46497175141243,12,Spring,United Kingdom,33,31,10195.97,0,Regular Customers
15720.0,2010-06-07 15:40:00,2011-11-15 14:48:00,2,327,739.22,4.831503267973856,242.6013071895425,111.16993464052288,14,Autumn,United Kingdom,24,2,739.22,0,Regular Customers
15721.0,2011-11-28 12:14:00,2011-11-28 12:14:00,1,388,471.4,5.611904761904762,388.0,80.0,12,Autumn,United Kingdom,12,1,471.4,0,Regular Customers
15722.0,2010-03-09 15:05:00,2011-11-04 11:43:00,11,2279,5234.0,29.40449438202247,280.20786516853934,21.75842696629213,15,Summer,United Kingdom,36,11,5234.0,0,Regular Customers
15723.0,2010-05-14 12:55:00,2010-12-10 11:12:00,4,427,930.7,7.566666666666667,95.08130081300811,35.113821138211385,12,Spring,United Kingdom,365,4,930.7,1,At-Risk Customers
15724.0,2010-11-04 10:22:00,2011-05-22 14:40:00,3,117,310.85,18.28529411764706,39.47058823529412,5.705882352941177,10,Autumn,United Kingdom,201,3,310.85,0,Regular Customers
15725.0,2011-11-24 14:51:00,2011-11-24 14:51:00,1,221,415.25,12.9765625,221.0,32.0,14,Autumn,United Kingdom,15,1,415.25,0,Regular Customers
15726.0,2010-11-14 16:12:00,2010-11-14 16:12:00,1,123,321.91,13.99608695652174,123.0,23.0,16,Autumn,United Kingdom,390,1,321.91,1,At-Risk Customers
15727.0,2010-01-24 12:12:00,2011-11-23 12:36:00,15,5908,9371.71,13.681328467153284,562.7109489051095,68.31240875912408,11,Summer,United Kingdom,17,15,9371.71,0,Regular Customers
15728.0,2010-09-21 14:46:00,2010-11-25 10:39:00,2,132,544.6,45.38333333333333,66.0,6.0,10,Autumn,United Kingdom,380,2,544.6,1,At-Risk Customers
15729.0,2010-11-01 13:44:00,2011-05-11 12:36:00,3,47,192.55,17.504545454545454,18.545454545454547,4.090909090909091,12,Autumn,United Kingdom,213,3,192.55,0,Regular Customers
15730.0,2010-10-04 14:15:00,2011-10-05 12:31:00,5,1061,1726.58,15.554774774774774,220.47747747747744,22.83783783783784,12,Autumn,United Kingdom,66,5,1726.58,0,Regular Customers
15731.0,2010-06-04 10:10:00,2010-06-04 10:10:00,1,122,125.3,15.6625,122.0,8.0,10,Summer,United Kingdom,554,1,125.3,1,At-Risk Customers
15732.0,2010-02-04 10:10:00,2011-05-11 14:24:00,10,1264,1543.97,15.595656565656563,189.5959595959596,13.88888888888889,10,Spring,United Kingdom,212,10,1543.97,0,Regular Customers
15733.0,2011-03-02 09:05:00,2011-03-02 09:05:00,1,62,162.3,16.23,62.0,10.0,9,Spring,United Kingdom,283,1,162.3,1,At-Risk Customers
15734.0,2010-06-10 14:25:00,2011-08-17 10:50:00,4,516,2263.3,52.63488372093024,141.51162790697674,11.511627906976743,14,Summer,United Kingdom,115,4,2263.3,0,Regular Customers
15735.0,2010-10-14 13:38:00,2010-10-14 13:38:00,1,206,327.68,17.246315789473684,206.0,19.0,13,Autumn,United Kingdom,421,1,327.68,1,At-Risk Customers
15736.0,2010-09-30 14:19:00,2010-09-30 14:20:00,2,1208,1767.12,17.671200000000002,953.3,73.65,14,Autumn,United Kingdom,435,2,1767.12,1,At-Risk Customers
15737.0,2011-04-11 10:01:00,2011-11-25 11:21:00,8,597,1188.12,16.734084507042255,159.54929577464787,17.619718309859156,10,Spring,United Kingdom,15,8,1188.12,0,Regular Customers
15738.0,2009-12-10 15:52:00,2011-11-21 08:26:00,41,9030,13043.32,27.06082987551867,235.88381742738588,12.807053941908714,12,Spring,United Kingdom,19,41,13043.32,0,Regular Customers
15739.0,2011-10-04 13:42:00,2011-10-04 13:42:00,1,472,449.12,56.14,472.0,8.0,13,Autumn,United Kingdom,66,1,449.12,0,Regular Customers
15740.0,2011-10-21 14:29:00,2011-10-21 14:29:00,1,152,154.88,17.20888888888889,152.0,9.0,14,Autumn,United Kingdom,49,1,154.88,0,Regular Customers
15741.0,2010-03-31 11:55:00,2010-09-07 16:21:00,2,70,208.62,17.385,44.0,7.5,16,Autumn,United Kingdom,458,2,208.62,1,At-Risk Customers
15742.0,2010-03-30 15:25:00,2010-03-30 15:25:00,1,51,156.87,3.82609756097561,51.0,41.0,15,Spring,United Kingdom,619,1,156.87,1,At-Risk Customers
15743.0,2011-06-08 10:14:00,2011-11-23 17:19:00,4,214,775.96,9.022790697674418,52.80232558139535,22.0,13,Autumn,United Kingdom,16,4,775.96,0,Regular Customers
15744.0,2011-09-23 09:52:00,2011-09-23 09:52:00,1,120,34.8,11.6,120.0,3.0,9,Autumn,United Kingdom,78,1,34.8,0,Regular Customers
15745.0,2011-04-17 13:04:00,2011-11-20 13:45:00,4,421,1094.59,17.65467741935484,111.2258064516129,16.419354838709676,10,Autumn,United Kingdom,19,4,1094.59,0,Regular Customers
15746.0,2011-07-28 15:21:00,2011-07-28 15:21:00,1,178,196.88,7.031428571428571,178.0,28.0,15,Summer,United Kingdom,134,1,196.88,0,Regular Customers
15747.0,2010-01-18 11:21:00,2011-11-27 12:26:00,9,1344,2499.81,11.573194444444445,158.7685185185185,27.314814814814813,14,Autumn,United Kingdom,13,9,2499.81,0,Regular Customers
15748.0,2010-09-16 16:52:00,2011-10-30 12:51:00,3,261,609.81,16.939166666666665,79.80555555555556,14.166666666666666,12,Autumn,United Kingdom,40,3,609.8100000000001,0,Regular Customers
15749.0,2011-01-11 12:55:00,2011-04-18 13:20:00,3,18028,44534.3,4453.43,7014.2,3.8,12,Spring,United Kingdom,235,3,44534.3,0,Regular Customers
15750.0,2009-12-01 17:19:00,2011-12-07 12:34:00,18,4281,6452.991,10.275463375796178,314.6687898089172,52.14171974522293,17,Autumn,United Kingdom,3,18,6452.991,0,Regular Customers
15751.0,2009-12-06 13:08:00,2010-09-05 12:44:00,11,443,1380.44,10.618769230769232,64.66153846153846,18.661538461538463,12,Winter,United Kingdom,461,11,1380.44,1,At-Risk Customers
15752.0,2010-09-08 11:56:00,2011-10-31 11:37:00,9,2792,3924.91,6.697798634812287,334.47610921501706,72.30716723549489,11,Autumn,United Kingdom,40,9,3924.91,0,Regular Customers
15753.0,2011-02-08 12:41:00,2011-02-08 12:41:00,1,144,79.2,79.2,144.0,1.0,12,Winter,United Kingdom,305,1,79.2,1,At-Risk Customers
15754.0,2010-02-22 13:31:00,2011-10-19 14:40:00,9,1762,3037.61,23.187862595419848,473.7709923664122,32.6793893129771,13,Winter,United Kingdom,51,9,3037.61,0,Regular Customers
15755.0,2009-12-04 08:24:00,2011-11-29 14:57:00,17,4034,5993.12,16.153962264150945,250.90026954177895,23.1455525606469,15,Autumn,United Kingdom,10,17,5993.12,0,Regular Customers
15756.0,2011-04-04 14:00:00,2011-10-09 13:30:00,4,241,528.01,2.764450261780105,61.59162303664922,48.261780104712045,14,Spring,United Kingdom,61,4,528.01,0,Regular Customers
15757.0,2010-06-10 13:47:00,2011-10-05 12:14:00,6,1757,2940.36,15.235025906735752,401.2953367875648,43.18652849740933,12,Autumn,United Kingdom,66,6,2940.36,0,Regular Customers
15758.0,2011-11-15 10:48:00,2011-11-15 10:48:00,1,47,205.25,22.80555555555556,47.0,9.0,10,Autumn,United Kingdom,25,1,205.25,0,Regular Customers
15759.0,2009-12-02 10:08:00,2011-05-05 15:13:00,7,523,830.9300000000001,48.87823529411765,105.6470588235294,3.0,10,Winter,United Kingdom,218,7,830.9300000000001,0,Regular Customers
15760.0,2010-03-19 11:35:00,2010-03-19 11:45:00,2,2,13916.34,6958.17,1.0,1.0,11,Spring,Norway,631,2,13916.34,1,At-Risk Customers
15761.0,2010-09-23 09:33:00,2010-09-23 09:33:00,1,31,143.05,28.610000000000003,31.0,5.0,9,Autumn,United Kingdom,443,1,143.05,1,At-Risk Customers
15762.0,2011-09-23 15:17:00,2011-10-05 16:15:00,2,251,583.75,15.777027027027026,129.56756756756758,19.16216216216216,15,Autumn,United Kingdom,65,2,583.75,0,Regular Customers
15763.0,2011-09-23 12:10:00,2011-11-08 09:44:00,2,271,1086.92,17.818360655737706,139.72131147540983,30.704918032786885,12,Autumn,United Kingdom,32,2,1086.92,0,Regular Customers
15764.0,2010-08-18 13:58:00,2011-09-12 17:58:00,8,2945,4503.08,18.08465863453815,721.156626506024,57.40160642570281,15,Summer,United Kingdom,88,8,4503.08,0,Regular Customers
15765.0,2010-02-11 10:25:00,2010-02-11 10:25:00,1,335,370.63,14.8252,335.0,25.0,10,Winter,United Kingdom,667,1,370.63,1,At-Risk Customers
15766.0,2010-01-26 15:55:00,2011-10-06 17:03:00,3,334,831.0600000000001,31.96384615384616,119.0,9.153846153846152,17,Autumn,United Kingdom,64,3,831.06,0,Regular Customers
15768.0,2009-12-03 12:10:00,2011-08-16 10:48:00,34,4215,15308.89,12.672922185430464,155.35264900662253,46.16059602649007,14,Spring,United Kingdom,116,34,15308.89,0,Regular Customers
15769.0,2009-12-11 09:58:00,2011-12-02 13:52:00,46,49068,88612.52,397.3655605381166,1561.6681614349775,7.1524663677130045,9,Autumn,United Kingdom,7,46,88612.52,3,Loyal Customers
15770.0,2010-04-06 11:47:00,2010-04-06 11:47:00,1,67,321.45,17.858333333333334,67.0,18.0,11,Spring,United Kingdom,613,1,321.45,1,At-Risk Customers
15771.0,2010-01-15 12:14:00,2010-04-14 13:56:00,3,512,1006.54,35.94785714285714,142.14285714285714,11.142857142857142,12,Spring,United Kingdom,604,3,1006.54,1,At-Risk Customers
15772.0,2010-10-17 13:33:00,2010-10-17 13:33:00,1,110,280.88,17.555,110.0,16.0,13,Autumn,United Kingdom,418,1,280.88,1,At-Risk Customers
15773.0,2010-10-26 15:27:00,2011-12-04 12:48:00,2,410,774.52,16.479148936170212,144.10638297872342,31.25531914893617,15,Autumn,United Kingdom,6,2,774.52,0,Regular Customers
15774.0,2010-02-21 12:57:00,2011-10-02 12:04:00,6,465,1288.34,11.712181818181817,84.36363636363636,20.10909090909091,12,Autumn,United Kingdom,69,6,1288.34,0,Regular Customers
15775.0,2010-03-18 07:32:00,2011-04-08 12:56:00,2,260,150.5,16.72222222222222,95.55555555555556,5.888888888888889,12,Spring,United Kingdom,245,2,150.5,0,Regular Customers
15776.0,2011-07-29 13:46:00,2011-07-29 13:46:00,1,138,241.62,13.423333333333334,138.0,18.0,13,Summer,United Kingdom,133,1,241.62,0,Regular Customers
15777.0,2010-05-20 10:37:00,2011-04-12 16:43:00,7,599,1762.61,45.195128205128206,112.71794871794872,9.461538461538462,16,Autumn,United Kingdom,241,7,1762.61,0,Regular Customers
15778.0,2010-10-04 15:10:00,2010-10-04 15:10:00,1,101,307.95000000000005,18.114705882352943,101.0,17.0,15,Autumn,United Kingdom,431,1,307.95,1,At-Risk Customers
15779.0,2010-06-25 15:55:00,2010-09-02 16:40:00,2,20,124.08,15.510000000000002,10.0,4.0,15,Autumn,United Kingdom,463,2,124.08,1,At-Risk Customers
15780.0,2010-12-17 11:43:00,2011-06-09 12:01:00,3,220,475.28,16.38896551724138,87.6896551724138,11.344827586206897,9,Spring,United Kingdom,184,3,475.28,0,Regular Customers
15781.0,2011-02-07 09:15:00,2011-11-14 14:57:00,3,180,345.46000000000004,17.273000000000003,69.65,7.1,14,Autumn,United Kingdom,25,3,345.46,0,Regular Customers
15782.0,2010-10-05 15:43:00,2011-11-30 10:49:00,4,1844,4014.1,65.80491803278689,548.327868852459,16.639344262295083,14,Autumn,United Kingdom,10,4,4014.1,0,Regular Customers
15783.0,2011-11-29 09:50:00,2011-11-29 09:50:00,1,212,246.3,17.592857142857145,212.0,14.0,9,Autumn,United Kingdom,11,1,246.3,0,Regular Customers
15784.0,2010-02-05 14:42:00,2010-08-29 10:38:00,2,381,848.33,19.72860465116279,203.95348837209303,23.46511627906977,14,Winter,United Kingdom,468,2,848.3299999999999,1,At-Risk Customers
15785.0,2009-12-15 16:28:00,2011-11-07 11:33:00,16,4479,5969.93,26.533022222222225,401.2044444444445,19.782222222222224,16,Autumn,United Kingdom,33,16,5969.93,0,Regular Customers
15786.0,2010-06-21 10:13:00,2011-10-24 14:13:00,5,5957,8501.62,18.28305376344086,1596.2021505376345,121.78709677419354,13,Summer,United Kingdom,46,5,8501.62,0,Regular Customers
15787.0,2011-10-09 13:11:00,2011-11-13 14:55:00,3,534,933.26,4.6663,195.2,66.55,14,Autumn,United Kingdom,26,3,933.26,0,Regular Customers
15788.0,2010-07-19 12:48:00,2010-07-19 12:48:00,1,115,221.83,15.845,115.0,14.0,12,Summer,United Kingdom,509,1,221.83,1,At-Risk Customers
15789.0,2010-03-26 11:21:00,2010-12-16 14:35:00,6,2499,1962.01,14.217463768115945,507.5869565217391,27.30434782608696,11,Summer,United Kingdom,358,6,1962.01,1,At-Risk Customers
15790.0,2011-11-29 14:53:00,2011-11-29 14:53:00,1,113,218.75,6.4338235294117645,113.0,34.0,14,Autumn,United Kingdom,10,1,218.75,0,Regular Customers
15791.0,2010-03-08 09:41:00,2011-10-27 10:14:00,5,1970,3608.34,21.60682634730539,464.497005988024,39.22754491017964,15,Spring,United Kingdom,44,5,3608.34,0,Regular Customers
15792.0,2010-03-31 09:42:00,2010-11-05 08:21:00,2,606,933.84,16.383157894736843,302.280701754386,28.50877192982456,8,Autumn,United Kingdom,400,2,933.84,1,At-Risk Customers
15793.0,2009-12-01 12:54:00,2011-11-25 09:31:00,8,1685,2399.57,79.98566666666667,212.6,3.8666666666666663,9,Autumn,United Kingdom,15,8,2399.57,0,Regular Customers
15794.0,2009-12-02 15:10:00,2009-12-03 13:04:00,2,288,777.0,51.8,234.13333333333333,13.133333333333333,15,Winter,United Kingdom,736,2,777.0,1,At-Risk Customers
15795.0,2010-01-18 11:31:00,2011-07-13 10:43:00,8,1411,1979.87,15.11351145038168,287.5419847328244,23.53435114503817,12,Winter,United Kingdom,150,8,1979.87,0,Regular Customers
15796.0,2010-03-31 13:10:00,2011-12-08 19:55:00,17,1733,5171.63,17.65061433447099,116.73037542662117,19.784982935153582,15,Autumn,United Kingdom,1,17,5171.63,0,Regular Customers
15797.0,2010-01-27 13:12:00,2011-08-18 17:04:00,6,1281,2821.08,235.09,316.75,3.0,10,Winter,United Kingdom,113,6,2821.08,0,Regular Customers
15798.0,2010-01-27 11:55:00,2010-08-04 09:13:00,3,915,1535.37,18.49843373493976,373.1927710843373,32.493975903614455,9,Spring,United Kingdom,493,3,1535.37,1,At-Risk Customers
15799.0,2010-10-17 14:26:00,2011-09-25 12:46:00,4,1341,1421.34,9.22948051948052,365.87012987012986,47.21428571428572,12,Autumn,United Kingdom,76,4,1421.34,0,Regular Customers
15800.0,2010-03-31 13:17:00,2011-08-24 14:23:00,7,575,1227.07,5.289094827586206,140.53879310344828,62.47844827586207,14,Summer,United Kingdom,107,7,1227.07,0,Regular Customers
15801.0,2011-08-22 09:53:00,2011-10-24 13:52:00,3,570,1063.95,16.62421875,376.5625,40.71875,15,Autumn,United Kingdom,46,3,1063.95,0,Regular Customers
15802.0,2011-07-20 11:38:00,2011-07-20 11:38:00,1,1,451.42,451.42,1.0,1.0,11,Summer,United Kingdom,143,1,451.42,0,Regular Customers
15803.0,2010-02-01 16:29:00,2011-10-19 14:56:00,4,1030,1929.66,37.836470588235294,282.5098039215686,14.92156862745098,13,Autumn,United Kingdom,51,4,1929.66,0,Regular Customers
15804.0,2011-05-25 10:12:00,2011-12-09 12:31:00,13,2565,4206.39,16.05492366412214,251.65648854961836,25.66412213740458,10,Autumn,United Kingdom,1,13,4206.39,0,Regular Customers
15805.0,2009-12-10 12:57:00,2011-11-16 16:32:00,30,6205,10148.93,19.185122873345936,354.1965973534972,31.54820415879017,12,Autumn,United Kingdom,23,30,10148.93,0,Regular Customers
15806.0,2011-03-08 09:24:00,2011-10-24 14:35:00,3,602,784.58,25.30903225806452,221.58064516129036,11.903225806451612,9,Spring,United Kingdom,46,3,784.58,0,Regular Customers
15807.0,2010-02-11 15:32:00,2011-10-20 14:10:00,5,1532,1817.52,20.65363636363636,414.54545454545456,28.045454545454547,14,Autumn,United Kingdom,50,5,1817.52,0,Regular Customers
15808.0,2009-12-01 16:30:00,2011-02-06 14:33:00,21,6753,17180.25,22.254209844559583,353.4183937823834,41.43523316062176,14,Winter,United Kingdom,306,21,17180.25,0,Regular Customers
15809.0,2010-06-22 14:23:00,2011-11-03 16:40:00,7,700,1274.44,21.973103448275864,141.94827586206895,10.689655172413794,13,Autumn,United Kingdom,36,7,1274.44,0,Regular Customers
15810.0,2010-02-04 18:18:00,2011-09-22 09:38:00,8,1653,2999.04,18.066506024096384,248.66265060240963,25.120481927710845,10,Spring,United Kingdom,79,8,2999.04,0,Regular Customers
15811.0,2010-11-16 16:46:00,2011-11-17 15:31:00,7,1781,3486.15,12.76978021978022,467.3699633699634,72.78754578754578,16,Autumn,United Kingdom,22,7,3486.15,0,Regular Customers
15812.0,2009-12-15 13:40:00,2011-08-24 14:19:00,12,3450,5201.47,41.61176,239.88,18.048,13,Summer,United Kingdom,107,12,5201.47,0,Regular Customers
15813.0,2011-04-14 09:09:00,2011-05-16 08:13:00,2,603,1303.91,32.59775,331.875,24.05,9,Spring,United Kingdom,208,2,1303.91,0,Regular Customers
15814.0,2010-04-15 14:31:00,2011-11-23 08:17:00,6,1728,2634.44,26.88204081632653,317.6224489795918,17.571428571428573,14,Autumn,United Kingdom,17,6,2634.44,0,Regular Customers
15815.0,2011-03-25 08:43:00,2011-10-07 12:42:00,5,1856,2100.6,42.86938775510204,375.9183673469388,13.53061224489796,12,Summer,United Kingdom,64,5,2100.6,0,Regular Customers
15816.0,2010-06-15 12:54:00,2010-06-15 13:36:00,2,54,144.15,13.104545454545455,34.36363636363637,9.181818181818182,12,Summer,United Kingdom,542,2,144.14999999999998,1,At-Risk Customers
15817.0,2010-06-14 13:31:00,2010-10-15 11:07:00,3,1596,2766.4,18.2,573.9671052631579,54.25,12,Summer,United Kingdom,421,3,2766.4,1,At-Risk Customers
15818.0,2010-04-30 12:58:00,2010-04-30 12:58:00,1,284,340.5,30.954545454545453,284.0,11.0,12,Spring,United Kingdom,588,1,340.5,1,At-Risk Customers
15819.0,2010-03-18 11:08:00,2011-10-21 14:50:00,10,2928,3934.79,15.133807692307691,342.3807692307692,30.1,11,Spring,United Kingdom,49,10,3934.79,0,Regular Customers
15820.0,2011-01-24 12:00:00,2011-01-24 12:00:00,1,128,206.98,12.175294117647056,128.0,17.0,12,Winter,United Kingdom,320,1,206.98,1,At-Risk Customers
15821.0,2011-10-09 13:28:00,2011-10-26 15:48:00,2,202,570.96,9.209032258064516,100.3225806451613,31.29032258064516,13,Autumn,United Kingdom,44,2,570.96,0,Regular Customers
15822.0,2009-12-06 15:12:00,2011-12-06 14:50:00,6,950,1840.06,28.308615384615383,190.1692307692308,13.33846153846154,13,Winter,United Kingdom,3,6,1840.06,0,Regular Customers
15823.0,2009-12-08 15:12:00,2010-12-02 15:08:00,3,1774,3882.17,25.04625806451613,1726.5935483870967,151.03870967741935,15,Winter,United Kingdom,372,3,3882.17,1,At-Risk Customers
15824.0,2010-06-25 15:10:00,2010-09-12 13:20:00,2,478,890.94,34.26692307692308,272.0,13.692307692307692,13,Autumn,United Kingdom,453,2,890.94,1,At-Risk Customers
15825.0,2011-06-20 13:27:00,2011-06-20 13:27:00,1,220,532.94,26.647,220.0,20.0,13,Summer,United Kingdom,172,1,532.94,0,Regular Customers
15826.0,2010-05-20 17:00:00,2011-10-14 16:05:00,4,1824,2598.28,21.83428571428572,622.655462184874,40.02521008403362,17,Spring,United Kingdom,56,4,2598.28,0,Regular Customers
15827.0,2010-01-08 11:25:00,2011-09-27 15:35:00,28,1715,3603.14,16.604331797235023,80.02764976958525,9.96774193548387,13,Summer,United Kingdom,73,28,3603.14,0,Regular Customers
15828.0,2010-11-29 16:41:00,2010-11-29 16:41:00,1,367,1108.82,14.984054054054052,367.0,74.0,16,Autumn,United Kingdom,375,1,1108.82,1,At-Risk Customers
15829.0,2011-07-22 10:23:00,2011-09-01 16:45:00,2,996,636.14,12.473333333333333,496.4705882352941,25.50980392156863,10,Summer,United Kingdom,99,2,636.14,0,Regular Customers
15830.0,2011-11-02 10:40:00,2011-11-02 10:40:00,1,415,576.0,14.76923076923077,415.0,39.0,10,Autumn,United Kingdom,38,1,576.0,0,Regular Customers
15831.0,2011-01-19 14:52:00,2011-10-12 13:14:00,3,1092,794.64,12.04,377.6515151515151,32.28787878787879,13,Autumn,United Kingdom,58,3,794.64,0,Regular Customers
15832.0,2011-03-30 15:29:00,2011-03-30 15:29:00,1,465,836.79,15.49611111111111,465.0,54.0,15,Spring,United Kingdom,254,1,836.79,1,At-Risk Customers
15833.0,2009-12-02 11:59:00,2009-12-02 11:59:00,1,24,80.4,16.080000000000002,24.0,5.0,11,Winter,United Kingdom,738,1,80.4,1,At-Risk Customers
15834.0,2010-10-11 14:05:00,2011-09-30 14:41:00,7,1815,3764.39,10.065213903743317,397.6791443850268,99.02673796791444,17,Autumn,United Kingdom,70,7,3764.39,0,Regular Customers
15835.0,2011-01-13 10:35:00,2011-10-26 15:47:00,4,439,954.09,19.0818,113.86,13.04,10,Autumn,United Kingdom,44,4,954.09,0,Regular Customers
15836.0,2011-10-20 17:13:00,2011-10-20 17:13:00,1,26,137.37,13.737,26.0,10.0,17,Autumn,United Kingdom,50,1,137.37,0,Regular Customers
15837.0,2010-08-11 10:16:00,2011-10-06 09:01:00,2,405,777.01,14.9425,203.53846153846155,26.153846153846157,10,Summer,United Kingdom,65,2,777.01,0,Regular Customers
15838.0,2009-12-15 09:51:00,2011-11-28 14:00:00,34,64114,73205.5,355.36650485436894,2215.1553398058254,15.849514563106796,9,Autumn,United Kingdom,11,34,73205.5,3,Loyal Customers
15839.0,2011-07-14 16:35:00,2011-11-06 13:54:00,3,675,1048.49,16.911129032258064,246.9193548387097,22.741935483870968,12,Autumn,United Kingdom,33,3,1048.49,0,Regular Customers
15840.0,2011-06-20 11:42:00,2011-10-12 09:08:00,2,396,355.56,13.168888888888889,213.03703703703704,14.407407407407408,11,Summer,United Kingdom,59,2,355.56,0,Regular Customers
15841.0,2009-12-10 08:29:00,2011-09-28 12:15:00,9,2391,2742.41,29.808804347826086,274.14130434782606,12.673913043478262,8,Autumn,United Kingdom,73,9,2742.41,0,Regular Customers
15842.0,2010-06-30 09:06:00,2010-11-11 14:08:00,2,296,548.8000000000001,21.952,169.56,13.48,14,Autumn,United Kingdom,393,2,548.8,1,At-Risk Customers
15843.0,2011-02-09 10:19:00,2011-02-09 10:19:00,1,27,118.95,14.86875,27.0,8.0,10,Winter,United Kingdom,304,1,118.95000000000002,1,At-Risk Customers
15844.0,2011-10-24 15:19:00,2011-10-24 15:19:00,1,134,130.73999999999998,11.885454545454545,134.0,11.0,15,Autumn,United Kingdom,46,1,130.73999999999998,0,Regular Customers
15845.0,2010-01-26 14:44:00,2011-11-22 09:42:00,11,2128,4426.28,25.4383908045977,230.30459770114945,18.03448275862069,10,Winter,United Kingdom,18,11,4426.28,0,Regular Customers
15846.0,2010-11-19 14:40:00,2010-11-19 14:40:00,1,79,107.01,3.69,79.0,27.0,14,Autumn,United Kingdom,385,1,107.01,1,At-Risk Customers
15847.0,2010-03-08 08:47:00,2011-11-01 14:41:00,5,643,822.57,17.136875,130.97916666666666,10.5,14,Autumn,United Kingdom,38,5,822.57,0,Regular Customers
15848.0,2010-03-28 10:54:00,2010-03-28 10:54:00,1,45,137.99,4.058529411764706,45.0,34.0,10,Spring,United Kingdom,622,1,137.99,1,At-Risk Customers
15850.0,2009-12-13 13:27:00,2011-11-20 14:14:00,6,1334,1006.75,3.237138263665595,390.42122186495175,68.03536977491962,12,Autumn,United Kingdom,19,6,1006.75,0,Regular Customers
15851.0,2010-07-01 12:34:00,2010-07-01 12:34:00,1,67,109.73,13.71625,67.0,8.0,12,Summer,United Kingdom,527,1,109.73,1,At-Risk Customers
15852.0,2010-07-01 10:16:00,2011-06-06 11:22:00,3,60,257.26,7.795757575757576,28.484848484848484,17.060606060606062,13,Spring,United Kingdom,187,3,257.26,0,Regular Customers
15853.0,2011-10-19 10:38:00,2011-10-19 10:38:00,1,135,110.8,3.693333333333333,135.0,29.0,10,Autumn,United Kingdom,52,1,110.8,0,Regular Customers
15854.0,2009-12-10 12:08:00,2011-12-05 13:39:00,21,1691,5578.28,21.79015625,114.953125,26.640625,11,Spring,United Kingdom,4,21,5578.28,0,Regular Customers
15855.0,2010-08-20 17:15:00,2011-07-26 10:20:00,6,712,1052.72,11.081263157894735,126.54736842105264,18.64210526315789,10,Summer,United Kingdom,137,6,1052.72,0,Regular Customers
15856.0,2009-12-03 14:02:00,2011-12-05 17:09:00,52,19550,32275.95,29.288520871143376,442.7441016333938,28.93012704174229,17,Autumn,United Kingdom,4,52,32275.95,0,Regular Customers
15857.0,2010-10-05 16:43:00,2011-11-21 12:18:00,2,584,570.48,23.77,294.6666666666667,12.333333333333334,12,Autumn,United Kingdom,19,2,570.48,0,Regular Customers
15858.0,2009-12-10 11:42:00,2011-11-24 12:48:00,13,2715,3552.41,8.166459770114942,295.3103448275862,44.11494252873563,12,Winter,United Kingdom,16,13,3552.41,0,Regular Customers
15859.0,2010-10-03 12:52:00,2010-10-03 12:52:00,1,174,438.46,19.93,174.0,22.0,12,Autumn,United Kingdom,432,1,438.46,1,At-Risk Customers
15860.0,2009-12-06 12:31:00,2011-10-30 11:25:00,17,1259,2361.3,6.884256559766764,89.26822157434403,23.20116618075802,11,Autumn,United Kingdom,41,17,2361.3,0,Regular Customers
15861.0,2010-01-28 19:41:00,2011-11-27 15:59:00,12,3837,4369.2,5.544670050761421,364.13578680203045,77.67766497461929,20,Autumn,United Kingdom,12,12,4369.2,0,Regular Customers
15862.0,2009-12-17 11:33:00,2011-12-01 13:28:00,13,1520,2512.29,5.044759036144578,117.1686746987952,44.562248995983936,11,Winter,United Kingdom,8,13,2512.29,0,Regular Customers
15863.0,2009-12-17 10:20:00,2011-11-14 12:49:00,5,162,355.1,4.611688311688312,43.46753246753247,26.142857142857142,10,Winter,United Kingdom,26,5,355.1,0,Regular Customers
15864.0,2010-11-23 15:02:00,2011-11-17 13:32:00,7,1486,2180.76,94.81565217391304,222.95652173913044,4.391304347826087,10,Autumn,United Kingdom,22,7,2180.76,0,Regular Customers
15865.0,2010-01-05 13:58:00,2011-10-30 12:43:00,5,1141,2241.42,17.78904761904762,333.8015873015873,36.92063492063492,13,Winter,United Kingdom,41,5,2241.42,0,Regular Customers
15866.0,2011-08-30 14:09:00,2011-08-30 14:09:00,1,124,211.89,4.927674418604651,124.0,43.0,14,Summer,United Kingdom,101,1,211.89,0,Regular Customers
15867.0,2009-12-14 15:16:00,2011-12-04 13:32:00,31,5067,8923.3,8.748333333333333,194.88823529411764,38.52058823529412,16,Winter,United Kingdom,5,31,8923.3,0,Regular Customers
15868.0,2010-05-05 14:11:00,2010-05-05 14:11:00,1,57,94.53,23.6325,57.0,4.0,14,Spring,United Kingdom,583,1,94.53,1,At-Risk Customers
15869.0,2010-03-23 16:50:00,2011-03-07 17:23:00,3,273,321.11,9.444411764705883,88.88235294117646,13.147058823529411,16,Spring,United Kingdom,277,3,321.11,1,At-Risk Customers
15870.0,2010-09-19 16:22:00,2011-11-07 10:58:00,4,504,857.46,5.996223776223776,201.4825174825175,47.36363636363637,10,Autumn,United Kingdom,33,4,857.46,0,Regular Customers
15871.0,2010-09-28 14:16:00,2010-09-28 14:16:00,1,5,33.099999999999994,6.619999999999999,5.0,5.0,14,Autumn,United Kingdom,437,1,33.099999999999994,1,At-Risk Customers
15872.0,2010-06-07 14:53:00,2011-11-25 11:55:00,4,467,729.25,3.878989361702128,185.6968085106383,79.59574468085107,11,Autumn,United Kingdom,15,4,729.25,0,Regular Customers
15873.0,2010-07-27 11:58:00,2010-07-28 12:41:00,4,1152,313.92,52.31999999999999,336.0,1.6666666666666667,11,Summer,United Kingdom,500,4,313.92,1,At-Risk Customers
15874.0,2010-01-07 13:56:00,2011-10-07 12:31:00,21,5102,11284.76,32.99637426900585,471.2134502923977,30.251461988304094,12,Spring,United Kingdom,64,21,11284.76,0,Regular Customers
15875.0,2010-03-03 16:51:00,2010-03-03 16:51:00,1,74,108.52,4.718260869565217,74.0,18.0,16,Spring,United Kingdom,646,1,108.52,1,At-Risk Customers
15876.0,2010-09-17 15:26:00,2010-10-26 18:58:00,2,886,1449.14,131.74,404.1818181818182,7.727272727272727,18,Autumn,United Kingdom,409,2,1449.14,1,At-Risk Customers
15877.0,2011-11-22 11:18:00,2011-12-08 11:53:00,2,368,490.33,3.891507936507936,175.8095238095238,90.66666666666669,11,Autumn,United Kingdom,2,2,490.33,0,Regular Customers
15878.0,2009-12-06 12:28:00,2010-05-27 12:17:00,2,243,330.77,6.485686274509804,114.5686274509804,25.54901960784314,12,Winter,United Kingdom,562,2,330.77,1,At-Risk Customers
15879.0,2009-12-17 19:54:00,2010-10-31 16:21:00,4,639,1137.8,6.356424581005586,245.0837988826816,65.39106145251397,16,Autumn,United Kingdom,404,4,1137.8,1,At-Risk Customers
15880.0,2010-12-05 13:00:00,2010-12-05 13:00:00,1,202,329.03,3.427395833333333,202.0,95.0,13,Winter,United Kingdom,369,1,329.03000000000003,1,At-Risk Customers
15881.0,2010-12-10 13:32:00,2011-01-31 16:59:00,5,260,501.39,17.289310344827587,129.58620689655172,18.655172413793103,16,Winter,United Kingdom,312,5,501.39,1,At-Risk Customers
15882.0,2009-12-10 15:33:00,2011-05-25 11:35:00,8,650,1124.66,19.062033898305085,101.40677966101696,11.033898305084746,13,Winter,United Kingdom,199,8,1124.66,0,Regular Customers
15883.0,2011-11-06 14:50:00,2011-12-07 17:05:00,2,223,396.48,8.091428571428573,118.75510204081633,25.3265306122449,17,Winter,United Kingdom,2,2,396.48,0,Regular Customers
15884.0,2009-12-03 18:23:00,2010-10-03 15:55:00,2,152,244.6,17.47142857142857,139.42857142857142,12.142857142857142,18,Winter,United Kingdom,432,2,244.6,1,At-Risk Customers
15885.0,2010-01-21 12:47:00,2011-09-08 10:43:00,15,622,1951.82,16.972347826086956,74.78260869565217,13.191304347826089,12,Autumn,United Kingdom,93,15,1951.82,0,Regular Customers
15886.0,2010-04-20 15:03:00,2011-10-10 14:25:00,4,667,1052.87,16.98177419354839,178.8548387096774,17.387096774193548,15,Autumn,United Kingdom,60,4,1052.87,0,Regular Customers
15887.0,2010-06-02 11:53:00,2010-10-29 08:36:00,3,605,1027.15,27.760810810810813,263.1081081081081,21.054054054054053,11,Summer,United Kingdom,407,3,1027.15,1,At-Risk Customers
15888.0,2010-07-01 11:51:00,2011-09-20 12:30:00,3,139,429.16,11.004102564102563,47.61538461538461,13.76923076923077,9,Autumn,United Kingdom,81,3,429.16,0,Regular Customers
15889.0,2009-12-10 12:21:00,2011-07-06 11:10:00,8,800,1427.6,4.742857142857143,127.98671096345517,48.61461794019934,13,Winter,United Kingdom,157,8,1427.6,0,Regular Customers
15890.0,2010-04-14 08:43:00,2010-11-10 12:46:00,5,119,535.65,53.565,35.5,2.8,12,Autumn,United Kingdom,395,5,535.65,1,At-Risk Customers
15891.0,2011-04-27 12:35:00,2011-04-27 12:35:00,1,418,511.68,8.528,418.0,60.0,12,Spring,United Kingdom,227,1,511.68,0,Regular Customers
15892.0,2010-02-08 16:23:00,2010-02-08 16:23:00,1,46,128.2,3.3736842105263154,46.0,38.0,16,Winter,United Kingdom,669,1,128.2,1,At-Risk Customers
15893.0,2010-08-15 11:12:00,2010-08-15 11:12:00,1,288,305.28000000000003,305.28000000000003,288.0,1.0,11,Summer,United Kingdom,482,1,305.28000000000003,1,At-Risk Customers
15894.0,2010-12-05 14:06:00,2011-03-31 13:50:00,2,164,258.25,6.97972972972973,106.29729729729728,29.64864864864865,14,Winter,United Kingdom,253,2,258.25,0,Regular Customers
15895.0,2011-07-13 10:27:00,2011-07-13 10:27:00,1,94,179.17,16.288181818181815,94.0,11.0,10,Summer,United Kingdom,150,1,179.17,0,Regular Customers
15897.0,2011-05-29 13:32:00,2011-05-29 13:50:00,2,223,208.59,9.481363636363636,96.27272727272728,12.545454545454543,13,Spring,United Kingdom,194,2,208.59,0,Regular Customers
15898.0,2009-12-11 16:11:00,2011-12-08 15:23:00,25,2160,4996.45,8.071809369951534,123.90468497576737,42.34248788368336,12,Winter,United Kingdom,1,25,4996.45,0,Regular Customers
15899.0,2010-12-06 10:36:00,2010-12-06 10:36:00,1,39,56.25,14.0625,39.0,4.0,10,Winter,United Kingdom,369,1,56.25,1,At-Risk Customers
15900.0,2010-05-26 11:27:00,2011-11-16 12:19:00,4,656,886.57,7.036269841269841,192.8015873015873,36.5,11,Autumn,United Kingdom,24,4,886.5699999999999,0,Regular Customers
15901.0,2010-06-14 12:39:00,2011-11-23 12:43:00,7,695,687.72,4.193414634146341,129.91463414634146,34.48170731707317,12,Autumn,United Kingdom,17,7,687.72,0,Regular Customers
15902.0,2010-11-24 16:57:00,2010-11-24 16:57:00,1,124,145.01,8.056111111111111,124.0,18.0,16,Autumn,United Kingdom,380,1,145.01,1,At-Risk Customers
15903.0,2010-01-14 10:57:00,2011-11-30 08:08:00,12,3926,8939.84,77.06758620689655,372.7931034482759,11.20689655172414,14,Autumn,United Kingdom,10,12,8939.84,0,Regular Customers
15904.0,2011-12-01 14:50:00,2011-12-01 14:50:00,1,84,164.68,5.489333333333334,84.0,30.0,14,Winter,United Kingdom,8,1,164.68,0,Regular Customers
15905.0,2010-06-14 16:00:00,2010-06-14 16:00:00,1,82,114.69,5.213181818181818,82.0,22.0,16,Summer,United Kingdom,543,1,114.69,1,At-Risk Customers
15906.0,2010-09-15 12:17:00,2011-11-20 12:24:00,10,749,2530.19,12.588009950248756,118.5273631840796,30.35323383084577,13,Autumn,United Kingdom,20,10,2530.19,0,Regular Customers
15907.0,2011-05-13 13:01:00,2011-12-06 12:21:00,3,478,882.72,3.905840707964602,181.06637168141592,76.52212389380531,12,Winter,United Kingdom,4,3,882.72,0,Regular Customers
15908.0,2010-07-15 19:21:00,2010-08-06 11:56:00,2,173,758.62,18.9655,153.475,35.125,19,Summer,United Kingdom,491,2,758.62,1,At-Risk Customers
15909.0,2011-06-19 10:38:00,2011-06-19 10:38:00,1,98,191.94,27.42,98.0,7.0,10,Summer,United Kingdom,174,1,191.94,0,Regular Customers
15910.0,2010-01-21 11:51:00,2011-12-09 10:51:00,15,2158,2661.17,4.292209677419355,162.23387096774192,44.41774193548387,11,Autumn,United Kingdom,1,15,2661.17,0,Regular Customers
15911.0,2009-12-09 13:26:00,2010-03-26 12:06:00,8,810,1700.24,6.590077519379845,115.81007751937985,37.325581395348834,11,Winter,United Kingdom,624,8,1700.24,1,At-Risk Customers
15912.0,2009-12-10 12:58:00,2011-06-14 14:29:00,9,759,1074.7,11.31263157894737,99.90526315789474,15.378947368421052,13,Winter,United Kingdom,178,9,1074.7,0,Regular Customers
15913.0,2010-06-23 16:31:00,2010-06-23 16:31:00,1,3,6.300000000000001,6.300000000000001,3.0,1.0,16,Summer,United Kingdom,534,1,6.300000000000001,1,At-Risk Customers
15914.0,2010-11-26 16:09:00,2010-11-26 16:10:00,2,149,205.99,15.845384615384615,124.6923076923077,9.615384615384617,16,Autumn,United Kingdom,378,2,205.99,1,At-Risk Customers
15915.0,2010-11-03 11:13:00,2010-11-03 11:13:00,1,414,364.45,3.225221238938053,414.0,105.0,11,Autumn,United Kingdom,402,1,364.45,1,At-Risk Customers
15916.0,2009-12-10 16:21:00,2011-11-23 13:46:00,13,1618,3145.24,10.278562091503268,155.51633986928104,30.77777777777778,13,Autumn,United Kingdom,16,13,3145.24,0,Regular Customers
15917.0,2009-12-02 14:55:00,2011-04-06 10:40:00,5,248,530.17,3.7335915492957743,84.00704225352112,42.098591549295776,15,Winter,United Kingdom,248,5,530.17,0,Regular Customers
15918.0,2010-03-18 11:40:00,2011-06-02 11:42:00,3,240,582.88,9.555409836065571,79.42622950819673,20.114754098360656,11,Spring,United Kingdom,191,3,582.88,0,Regular Customers
15919.0,2010-12-06 11:26:00,2011-11-20 11:28:00,2,385,525.69,4.308934426229508,198.81147540983608,61.131147540983605,11,Autumn,United Kingdom,20,2,525.69,0,Regular Customers
15920.0,2009-12-14 13:09:00,2011-07-08 15:31:00,9,238,569.14,5.319065420560747,40.953271028037385,19.11214953271028,15,Summer,United Kingdom,154,9,569.14,0,Regular Customers
15921.0,2010-03-09 11:03:00,2011-06-20 11:03:00,4,335,775.26,9.813417721518988,89.65822784810126,20.40506329113924,11,Autumn,United Kingdom,173,4,775.26,0,Regular Customers
15922.0,2010-12-01 13:51:00,2010-12-01 13:51:00,1,138,369.5,33.59090909090909,138.0,11.0,13,Winter,United Kingdom,373,1,369.5,1,At-Risk Customers
15923.0,2010-12-02 12:16:00,2010-12-02 12:16:00,1,122,127.08,6.051428571428572,122.0,21.0,12,Winter,United Kingdom,373,1,127.08,1,At-Risk Customers
15924.0,2009-12-08 15:00:00,2009-12-08 15:00:00,1,103,102.82,6.854666666666666,103.0,14.0,15,Winter,United Kingdom,731,1,102.82,1,At-Risk Customers
15925.0,2011-05-29 15:35:00,2011-05-29 15:35:00,1,93,207.15,17.2625,93.0,12.0,15,Spring,United Kingdom,194,1,207.15,0,Regular Customers
15926.0,2010-06-15 15:23:00,2010-06-15 15:23:00,1,155,134.44,19.205714285714286,155.0,7.0,15,Summer,United Kingdom,542,1,134.44,1,At-Risk Customers
15927.0,2010-03-02 13:25:00,2010-03-02 13:25:00,1,66,106.54,7.102666666666667,66.0,13.0,13,Spring,United Kingdom,647,1,106.54,1,At-Risk Customers
15928.0,2010-02-21 15:16:00,2010-02-21 15:16:00,1,164,293.53,26.684545454545454,164.0,11.0,15,Winter,United Kingdom,656,1,293.53,1,At-Risk Customers
15929.0,2010-03-05 14:56:00,2010-03-05 14:56:00,1,120,594.0,594.0,120.0,1.0,14,Spring,United Kingdom,644,1,594.0,1,At-Risk Customers
15930.0,2011-10-03 14:52:00,2011-10-03 14:52:00,1,139,426.63,20.31571428571429,139.0,21.0,14,Autumn,United Kingdom,67,1,426.63,0,Regular Customers
15931.0,2010-10-07 16:46:00,2010-10-07 16:46:00,1,118,239.9,17.135714285714286,118.0,14.0,16,Autumn,United Kingdom,428,1,239.9,1,At-Risk Customers
15932.0,2011-02-23 14:50:00,2011-12-05 17:13:00,8,2325,2495.87,21.703217391304342,306.4347826086956,15.591304347826089,14,Winter,United Kingdom,4,8,2495.87,0,Regular Customers
15933.0,2011-09-14 12:05:00,2011-11-18 13:14:00,3,885,1107.46,14.965675675675676,294.27027027027026,24.783783783783782,13,Autumn,United Kingdom,21,3,1107.46,0,Regular Customers
15934.0,2010-10-06 12:08:00,2010-10-18 10:13:00,2,2166,2190.66,75.53999999999999,1040.6896551724135,14.655172413793103,10,Autumn,United Kingdom,418,2,2190.66,1,At-Risk Customers
15935.0,2011-04-12 09:35:00,2011-04-14 13:27:00,2,115,416.86,34.73833333333334,104.58333333333331,10.166666666666666,13,Spring,United Kingdom,239,2,416.86,0,Regular Customers
15936.0,2010-08-29 11:42:00,2010-11-25 16:39:00,2,211,282.79,14.883684210526315,104.47368421052632,9.736842105263158,11,Summer,United Kingdom,379,2,282.79,1,At-Risk Customers
15937.0,2011-10-06 15:48:00,2011-10-06 15:48:00,1,73,145.35000000000002,20.76428571428572,73.0,7.0,15,Autumn,United Kingdom,64,1,145.35,0,Regular Customers
15938.0,2010-06-01 09:42:00,2011-08-19 12:56:00,9,449,734.8100000000001,18.84128205128205,52.66666666666666,5.051282051282051,10,Summer,United Kingdom,112,9,734.81,0,Regular Customers
15939.0,2010-11-30 12:07:00,2011-09-11 11:30:00,16,6260,9060.39,56.27571428571428,1027.776397515528,25.22360248447205,12,Autumn,United Kingdom,90,16,9060.39,0,Regular Customers
15940.0,2011-02-01 16:18:00,2011-02-01 16:18:00,1,4,35.8,35.8,4.0,1.0,16,Winter,United Kingdom,311,1,35.8,1,At-Risk Customers
15941.0,2010-03-12 14:45:00,2010-03-12 14:45:00,1,60,405.0,67.5,60.0,6.0,14,Spring,United Kingdom,637,1,405.0,1,At-Risk Customers
15942.0,2011-07-29 09:01:00,2011-07-29 09:01:00,1,232,337.44,24.102857142857143,232.0,14.0,9,Summer,United Kingdom,134,1,337.44,0,Regular Customers
15943.0,2010-01-31 11:04:00,2010-02-28 12:49:00,2,183,271.29,22.6075,91.5,6.0,11,Winter,United Kingdom,650,2,271.29,1,At-Risk Customers
15944.0,2009-12-13 12:57:00,2011-03-08 10:33:00,4,859,2164.24,56.95368421052631,234.7894736842105,10.421052631578949,14,Summer,United Kingdom,277,4,2164.24,1,At-Risk Customers
15945.0,2009-12-01 13:47:00,2010-12-09 13:14:00,4,345,646.27,23.081071428571427,111.85714285714286,10.071428571428571,17,Winter,United Kingdom,365,4,646.27,1,At-Risk Customers
15946.0,2010-03-16 10:49:00,2010-07-25 12:18:00,3,1614,2304.18,88.62230769230769,779.3076923076923,12.23076923076923,12,Summer,United Kingdom,503,3,2304.18,1,At-Risk Customers
15947.0,2011-09-18 10:46:00,2011-09-18 10:46:00,1,898,1708.24,58.9048275862069,898.0,29.0,10,Autumn,United Kingdom,83,1,1708.24,0,Regular Customers
15948.0,2010-10-11 12:16:00,2011-12-01 15:32:00,3,852,1509.09,15.885157894736844,316.7894736842105,33.94736842105263,8,Autumn,United Kingdom,8,3,1509.09,0,Regular Customers
15949.0,2011-09-29 17:34:00,2011-11-23 09:09:00,2,284,364.72,19.19578947368421,148.8421052631579,10.157894736842104,17,Autumn,United Kingdom,17,2,364.72,0,Regular Customers
15950.0,2010-01-26 11:39:00,2011-11-08 11:09:00,10,3354,7120.91,18.11936386768448,394.6208651399491,44.63104325699746,11,Summer,United Kingdom,32,10,7120.91,0,Regular Customers
15951.0,2010-11-23 18:20:00,2011-12-01 08:34:00,3,420,1013.17,17.172372881355933,142.28813559322035,19.8135593220339,11,Winter,United Kingdom,9,3,1013.17,0,Regular Customers
15952.0,2011-04-28 12:55:00,2011-11-06 11:18:00,4,391,781.91,9.30845238095238,108.8452380952381,24.166666666666668,12,Autumn,United Kingdom,34,4,781.91,0,Regular Customers
15953.0,2009-12-03 14:00:00,2011-11-24 15:32:00,18,1741,3440.34,20.60083832335329,110.31736526946108,12.952095808383234,14,Autumn,United Kingdom,15,18,3440.34,0,Regular Customers
15954.0,2010-04-29 13:35:00,2010-04-29 13:35:00,1,119,190.75,9.5375,119.0,20.0,13,Spring,United Kingdom,589,1,190.75,1,At-Risk Customers
15955.0,2010-02-23 16:36:00,2011-11-15 14:15:00,22,3967,8085.98,23.64321637426901,270.4327485380117,23.140350877192983,14,Autumn,United Kingdom,24,22,8085.98,0,Regular Customers
15956.0,2009-12-13 11:16:00,2010-06-06 13:06:00,2,278,617.6,34.31111111111111,148.77777777777777,16.11111111111111,13,Summer,United Kingdom,551,2,617.6,1,At-Risk Customers
15957.0,2010-10-15 12:11:00,2011-11-08 12:14:00,3,453,921.25,6.309931506849315,145.32876712328766,46.12328767123287,12,Autumn,United Kingdom,32,3,921.25,0,Regular Customers
15958.0,2010-06-07 10:59:00,2011-09-26 13:41:00,4,154,462.12,7.109538461538461,43.90769230769231,19.09230769230769,12,Autumn,United Kingdom,74,4,462.12,0,Regular Customers
15959.0,2010-01-26 16:19:00,2010-01-26 16:38:00,3,269,542.89,7.646338028169014,127.90140845070422,35.53521126760563,16,Winter,United Kingdom,682,3,542.89,1,At-Risk Customers
15960.0,2010-09-30 15:50:00,2010-11-30 15:57:00,4,258,410.95,15.805769230769233,98.92307692307692,8.76923076923077,15,Autumn,United Kingdom,374,4,410.95,1,At-Risk Customers
15961.0,2010-11-25 15:59:00,2010-11-25 15:59:00,1,154,451.29,10.745,154.0,42.0,15,Autumn,United Kingdom,379,1,451.29,1,At-Risk Customers
15962.0,2010-09-16 13:48:00,2010-09-16 13:48:00,1,228,289.48,5.263272727272728,228.0,43.0,13,Autumn,United Kingdom,449,1,289.48,1,At-Risk Customers
15963.0,2011-10-25 13:05:00,2011-11-20 11:33:00,2,298,470.76,16.812857142857144,155.57142857142858,15.142857142857142,13,Autumn,United Kingdom,20,2,470.76,0,Regular Customers
15964.0,2010-02-14 15:30:00,2010-02-14 15:30:00,1,93,269.21000000000004,13.4605,93.0,20.0,15,Winter,United Kingdom,663,1,269.21000000000004,1,At-Risk Customers
15965.0,2009-12-03 11:45:00,2011-11-22 16:44:00,13,1313,2771.94,8.34921686746988,150.01807228915663,37.18373493975904,13,Autumn,United Kingdom,17,13,2771.94,0,Regular Customers
15966.0,2010-09-15 10:44:00,2010-09-15 10:44:00,1,275,426.53,15.797407407407407,275.0,27.0,10,Autumn,United Kingdom,451,1,426.53,1,At-Risk Customers
15967.0,2009-12-01 13:29:00,2011-11-16 15:41:00,12,1183,2966.0,6.179166666666666,132.24791666666667,48.7375,13,Autumn,United Kingdom,23,12,2966.0,0,Regular Customers
15968.0,2010-11-16 13:04:00,2010-11-16 13:04:00,1,247,404.55,5.056875,247.0,70.0,13,Autumn,United Kingdom,388,1,404.55,1,At-Risk Customers
15969.0,2010-07-05 13:10:00,2011-12-07 11:06:00,5,223,1127.05,32.20142857142857,55.31428571428572,8.714285714285714,12,Autumn,United Kingdom,3,5,1127.05,0,Regular Customers
15970.0,2010-04-20 11:30:00,2011-02-09 12:08:00,2,498,1017.32,42.38833333333333,260.0833333333333,12.083333333333334,11,Spring,United Kingdom,304,2,1017.32,1,At-Risk Customers
15971.0,2009-12-08 09:46:00,2011-11-22 12:50:00,18,2251,5902.83,140.54357142857145,147.0952380952381,3.238095238095238,10,Autumn,United Kingdom,18,18,5902.83,0,Regular Customers
15972.0,2010-04-18 14:06:00,2010-09-09 13:20:00,5,468,1769.33,12.728992805755396,139.98561151079136,37.15107913669065,14,Spring,United Kingdom,456,5,1769.33,1,At-Risk Customers
15973.0,2010-10-06 15:00:00,2010-12-08 11:42:00,3,195,680.62,61.874545454545455,86.63636363636364,4.818181818181818,8,Autumn,United Kingdom,367,3,680.62,1,At-Risk Customers
15974.0,2011-02-24 10:10:00,2011-10-31 13:13:00,7,2262,3442.15,19.557670454545452,361.7840909090909,27.76136363636364,10,Autumn,United Kingdom,39,7,3442.15,0,Regular Customers
15975.0,2011-09-16 13:33:00,2011-09-16 13:33:00,1,243,371.01,15.45875,243.0,24.0,13,Autumn,United Kingdom,84,1,371.01,0,Regular Customers
15976.0,2010-06-06 14:01:00,2011-06-27 13:00:00,6,1053,1694.41,4.482566137566137,191.02116402116403,66.7989417989418,11,Summer,United Kingdom,165,6,1694.41,0,Regular Customers
15977.0,2011-10-31 16:24:00,2011-11-22 13:29:00,2,1016,1054.73,16.226615384615386,535.4153846153846,32.55384615384615,13,Autumn,United Kingdom,17,2,1054.73,0,Regular Customers
15978.0,2010-03-05 14:39:00,2011-09-23 15:21:00,3,2444,3279.42,25.42186046511628,871.0077519379845,44.41085271317829,14,Autumn,United Kingdom,77,3,3279.42,0,Regular Customers
15979.0,2010-04-16 11:35:00,2010-04-16 11:35:00,1,450,329.22,14.964545454545451,450.0,22.0,11,Spring,United Kingdom,603,1,329.22,1,At-Risk Customers
15980.0,2010-06-01 14:40:00,2011-09-12 09:41:00,7,4822,6543.68,56.90156521739131,1025.4782608695652,26.35652173913044,14,Summer,United Kingdom,89,7,6543.68,0,Regular Customers
15981.0,2010-03-29 10:07:00,2011-11-15 08:00:00,21,4827,9362.77,32.50961805555556,470.40972222222223,27.74305555555556,12,Summer,United Kingdom,25,21,9362.77,0,Regular Customers
15982.0,2010-04-13 15:47:00,2010-04-13 15:47:00,1,131,324.51,7.211333333333333,131.0,45.0,15,Spring,United Kingdom,605,1,324.51,1,At-Risk Customers
15983.0,2009-12-06 12:52:00,2011-11-17 17:34:00,8,1872,3110.37,12.055697674418605,246.43023255813952,34.0,12,Winter,United Kingdom,22,8,3110.37,0,Regular Customers
15984.0,2009-12-01 13:38:00,2011-12-07 12:16:00,30,5730,8393.02,11.990028571428573,255.61285714285717,45.84142857142857,14,Summer,United Kingdom,3,30,8393.02,0,Regular Customers
15985.0,2010-05-27 15:51:00,2011-08-08 16:31:00,7,2750,2715.28,26.10846153846154,560.0384615384615,19.403846153846157,11,Spring,United Kingdom,123,7,2715.28,0,Regular Customers
15986.0,2010-11-23 10:02:00,2011-11-09 15:17:00,2,368,354.42,14.1768,194.08,12.68,15,Autumn,United Kingdom,30,2,354.42,0,Regular Customers
15987.0,2010-11-25 12:56:00,2011-11-27 15:38:00,8,1599,1535.99,9.08869822485207,141.6153846153846,43.124260355029584,12,Autumn,United Kingdom,12,8,1535.99,0,Regular Customers
15988.0,2010-02-21 11:36:00,2011-11-20 13:23:00,3,476,738.89,6.157416666666666,162.68333333333334,58.46666666666667,12,Summer,United Kingdom,19,3,738.89,0,Regular Customers
15989.0,2009-12-02 15:51:00,2010-11-29 12:03:00,2,169,368.31,4.282674418604652,88.61627906976744,42.26744186046512,12,Autumn,United Kingdom,376,2,368.31,1,At-Risk Customers
15990.0,2010-02-28 12:30:00,2011-10-26 15:58:00,7,1086,1997.75,11.286723163841808,160.80790960451978,32.717514124293785,12,Winter,United Kingdom,44,7,1997.75,0,Regular Customers
15991.0,2010-06-23 15:50:00,2010-06-23 15:50:00,1,41,150.55,25.09166666666667,41.0,6.0,15,Summer,United Kingdom,534,1,150.55,1,At-Risk Customers
15992.0,2010-09-12 11:52:00,2011-12-06 11:00:00,3,514,896.6,16.603703703703705,262.0,25.814814814814813,14,Autumn,United Kingdom,4,3,896.6,0,Regular Customers
15993.0,2011-10-26 16:21:00,2011-12-01 10:45:00,7,2037,2777.67,5.115414364640884,412.3664825046041,107.36648250460404,16,Autumn,United Kingdom,9,7,2777.67,0,Regular Customers
15994.0,2010-03-14 11:55:00,2011-10-16 12:28:00,3,462,1175.68,10.885925925925926,151.7037037037037,34.592592592592595,12,Autumn,United Kingdom,55,3,1175.68,0,Regular Customers
15995.0,2010-10-21 13:57:00,2010-10-21 13:57:00,1,352,694.54,6.314,352.0,108.0,13,Autumn,United Kingdom,414,1,694.54,1,At-Risk Customers
15996.0,2010-11-07 15:49:00,2011-09-12 15:14:00,7,643,1386.4,8.013872832369943,124.40462427745663,29.265895953757227,15,Autumn,United Kingdom,88,7,1386.4,0,Regular Customers
15998.0,2009-12-01 11:45:00,2011-11-03 12:45:00,16,5350,8274.14,5.806414035087719,392.9347368421053,102.139649122807,12,Winter,United Kingdom,37,16,8274.14,0,Regular Customers
15999.0,2009-12-04 12:31:00,2009-12-04 12:31:00,1,24,20.4,20.4,24.0,1.0,12,Winter,United Kingdom,736,1,20.4,1,At-Risk Customers
16000.0,2011-12-07 12:14:00,2011-12-07 12:17:00,3,5110,12393.7,1377.0777777777778,3461.1111111111118,5.666666666666667,12,Winter,United Kingdom,3,3,12393.7,0,Regular Customers
16001.0,2010-11-23 17:10:00,2010-11-23 17:10:00,1,337,583.39,20.11689655172414,337.0,29.0,17,Autumn,United Kingdom,381,1,583.39,1,At-Risk Customers
16002.0,2010-03-24 13:08:00,2010-03-24 13:08:00,1,70,169.21,4.028809523809524,70.0,42.0,13,Spring,United Kingdom,625,1,169.21,1,At-Risk Customers
16003.0,2009-12-03 18:51:00,2011-11-10 09:57:00,10,2210,5613.83,27.65433497536946,302.2413793103448,27.00985221674877,9,Autumn,United Kingdom,30,10,5613.83,0,Regular Customers
16004.0,2010-01-25 13:56:00,2010-08-22 11:48:00,5,1076,2146.39,23.848777777777777,311.9111111111111,27.666666666666668,15,Spring,United Kingdom,475,5,2146.39,1,At-Risk Customers
16005.0,2010-09-15 13:21:00,2011-11-27 13:47:00,10,1269,2365.49,4.887376033057851,132.6797520661157,54.26446280991736,11,Autumn,United Kingdom,12,10,2365.49,0,Regular Customers
16006.0,2010-11-17 12:03:00,2011-05-12 13:12:00,2,205,332.82,4.266923076923077,117.2051282051282,60.94871794871795,12,Autumn,United Kingdom,211,2,332.82,0,Regular Customers
16007.0,2010-06-14 13:18:00,2011-10-23 11:05:00,7,2631,3053.06,4.646971080669711,406.4155251141552,102.22222222222224,13,Autumn,United Kingdom,48,7,3053.06,0,Regular Customers
16008.0,2010-03-19 11:07:00,2011-11-16 10:32:00,15,3237,5339.13,21.103280632411067,260.6324110671937,19.77470355731225,13,Autumn,United Kingdom,24,15,5339.13,0,Regular Customers
16009.0,2011-07-03 11:26:00,2011-11-17 16:51:00,4,366,972.11,11.855,169.65853658536585,43.90243902439025,11,Summer,United Kingdom,22,4,972.11,0,Regular Customers
16010.0,2010-10-24 10:54:00,2011-04-08 10:14:00,11,919,1694.86,5.864567474048442,106.14532871972318,30.62629757785467,11,Autumn,United Kingdom,246,11,1694.86,0,Regular Customers
16011.0,2009-12-01 12:02:00,2011-12-01 16:31:00,29,3323,5601.01,13.17884705882353,116.68235294117648,18.167058823529413,16,Autumn,United Kingdom,8,29,5601.01,0,Regular Customers
16012.0,2010-06-28 11:39:00,2011-11-04 13:25:00,5,1760,2978.59,12.462719665271967,380.5648535564853,57.27615062761506,13,Autumn,United Kingdom,35,5,2978.59,0,Regular Customers
16013.0,2009-12-08 10:24:00,2011-12-06 10:36:00,84,25520,56078.44,259.6224074074074,385.2638888888889,6.041666666666667,12,Autumn,United Kingdom,4,84,56078.44,3,Loyal Customers
16014.0,2010-01-31 12:43:00,2011-11-02 12:04:00,5,462,1100.28,4.001018181818182,104.89454545454544,64.50909090909092,16,Winter,United Kingdom,38,5,1100.28,0,Regular Customers
16015.0,2011-10-21 12:56:00,2011-12-06 10:58:00,3,907,704.55,3.892541436464088,315.97237569060775,63.21546961325967,12,Autumn,United Kingdom,4,3,704.55,0,Regular Customers
16016.0,2010-11-02 13:27:00,2011-12-06 14:35:00,11,881,2083.4,7.014814814814815,95.1818181818182,33.27609427609428,12,Autumn,United Kingdom,3,11,2083.4,0,Regular Customers
16017.0,2010-01-05 12:06:00,2011-10-23 12:56:00,5,635,1545.58,11.889076923076924,144.7,28.43076923076923,12,Autumn,United Kingdom,47,5,1545.58,0,Regular Customers
16018.0,2009-12-07 13:57:00,2011-10-31 14:13:00,4,503,698.13,12.466607142857145,133.89285714285714,15.321428571428571,13,Autumn,United Kingdom,39,4,698.13,0,Regular Customers
16019.0,2009-12-14 14:12:00,2011-10-24 11:51:00,27,6959,17329.16,43.00039702233251,308.74441687344915,20.40446650124069,10,Autumn,United Kingdom,47,27,17329.16,0,Regular Customers
16020.0,2011-10-05 13:54:00,2011-11-23 11:18:00,3,487,851.01,18.500217391304343,241.3695652173913,22.565217391304348,13,Autumn,United Kingdom,17,3,851.01,0,Regular Customers
16021.0,2010-06-13 11:05:00,2010-11-09 14:48:00,2,276,487.03,3.86531746031746,178.95238095238096,72.85714285714286,14,Autumn,United Kingdom,395,2,487.03,1,At-Risk Customers
16022.0,2011-03-24 13:16:00,2011-03-24 13:16:00,1,255,602.63,8.48774647887324,255.0,68.0,13,Spring,United Kingdom,260,1,602.63,1,At-Risk Customers
16023.0,2011-03-18 13:32:00,2011-10-24 16:34:00,3,358,719.81,7.126831683168317,130.0891089108911,35.17821782178218,14,Spring,United Kingdom,46,3,719.81,0,Regular Customers
16024.0,2010-10-24 11:40:00,2011-11-27 13:26:00,3,504,483.99,5.694,306.47058823529414,48.0,13,Autumn,United Kingdom,12,3,483.99,0,Regular Customers
16025.0,2011-11-10 11:45:00,2011-11-10 11:45:00,1,338,439.66,15.702142857142857,338.0,28.0,11,Autumn,United Kingdom,30,1,439.66,0,Regular Customers
16026.0,2011-10-27 13:53:00,2011-10-27 13:53:00,1,243,236.09,7.3778125,243.0,30.0,13,Autumn,United Kingdom,43,1,236.09,0,Regular Customers
16027.0,2010-01-08 13:21:00,2011-09-09 10:47:00,15,2099,2048.36,58.52457142857144,161.8,3.2285714285714286,10,Winter,United Kingdom,92,15,2048.36,0,Regular Customers
16028.0,2010-04-23 11:45:00,2010-04-23 11:45:00,1,18,82.2,16.44,18.0,5.0,11,Spring,United Kingdom,596,1,82.2,1,At-Risk Customers
16029.0,2009-12-08 11:23:00,2011-11-01 10:27:00,107,54450,117763.62,318.28005405405406,783.9648648648649,4.710810810810811,11,Autumn,United Kingdom,39,107,117763.62,3,Loyal Customers
16030.0,2011-02-03 11:28:00,2011-02-03 11:28:00,1,283,331.24,11.422068965517242,283.0,28.0,11,Winter,United Kingdom,310,1,331.24,1,At-Risk Customers
16031.0,2011-04-06 14:23:00,2011-09-08 13:07:00,2,421,547.9,5.590816326530612,208.76530612244895,49.83673469387755,13,Autumn,United Kingdom,92,2,547.9,0,Regular Customers
16032.0,2010-07-04 13:31:00,2010-09-09 18:00:00,6,1467,1965.72,9.36057142857143,305.9142857142857,42.60952380952381,18,Summer,United Kingdom,456,6,1965.72,1,At-Risk Customers
16033.0,2010-08-11 16:44:00,2011-12-04 12:44:00,27,4200,10608.81,7.806335540838852,237.82781456953643,72.55261221486387,13,Autumn,United Kingdom,6,27,10608.81,0,Regular Customers
16034.0,2010-10-26 13:00:00,2011-05-27 16:17:00,6,585,911.32,16.27357142857143,123.875,13.0,11,Autumn,United Kingdom,196,6,911.32,0,Regular Customers
16035.0,2010-05-28 15:09:00,2010-05-28 15:09:00,1,33,217.73,10.368095238095238,33.0,21.0,15,Spring,United Kingdom,560,1,217.73,1,At-Risk Customers
16036.0,2010-03-29 14:47:00,2011-09-13 14:53:00,4,1369,2556.84,18.263142857142856,391.87142857142857,40.92857142857143,14,Autumn,United Kingdom,87,4,2556.84,0,Regular Customers
16037.0,2010-03-01 12:31:00,2011-03-15 09:13:00,5,766,1509.34,21.25830985915493,159.43661971830986,14.80281690140845,12,Spring,United Kingdom,270,5,1509.34,1,At-Risk Customers
16038.0,2011-05-22 11:29:00,2011-12-02 12:40:00,3,244,471.78,18.14538461538461,144.84615384615384,14.846153846153848,11,Spring,United Kingdom,8,3,471.78,0,Regular Customers
16039.0,2010-03-21 15:17:00,2010-10-12 10:44:00,2,409,456.4,14.2625,233.09375,17.5625,10,Autumn,United Kingdom,424,2,456.4,1,At-Risk Customers
16040.0,2010-04-09 10:12:00,2011-10-05 13:47:00,7,1185,2416.9,19.3352,189.264,19.256,13,Autumn,United Kingdom,65,7,2416.9,0,Regular Customers
16041.0,2011-07-21 16:27:00,2011-11-09 12:25:00,3,1584,3166.4,527.7333333333333,736.0,3.0,16,Summer,United Kingdom,31,3,3166.4,0,Regular Customers
16042.0,2010-09-12 12:00:00,2011-11-17 17:50:00,8,1430,2245.32,17.40558139534884,283.8527131782945,23.868217054263567,12,Autumn,United Kingdom,22,8,2245.32,0,Regular Customers
16043.0,2010-08-15 11:26:00,2011-11-02 12:50:00,8,1011,1856.59,25.4327397260274,143.91780821917808,12.753424657534246,11,Autumn,United Kingdom,38,8,1856.59,0,Regular Customers
16044.0,2010-09-30 18:12:00,2010-09-30 18:12:00,1,170,340.84000000000003,17.938947368421054,170.0,19.0,18,Autumn,United Kingdom,435,1,340.84000000000003,1,At-Risk Customers
16045.0,2010-07-29 12:50:00,2011-08-12 12:41:00,8,2108,3434.93,23.208986486486484,310.56756756756755,24.66216216216216,14,Summer,United Kingdom,120,8,3434.9300000000003,0,Regular Customers
16046.0,2010-05-26 13:18:00,2010-05-26 13:18:00,1,248,235.78,10.717272727272729,248.0,22.0,13,Spring,United Kingdom,562,1,235.78,1,At-Risk Customers
16047.0,2010-01-26 16:34:00,2010-01-26 16:34:00,1,1,107.14,107.14,1.0,1.0,16,Winter,EIRE,682,1,107.14,1,At-Risk Customers
16048.0,2010-06-08 12:36:00,2010-12-01 15:28:00,4,425,818.7900000000001,22.74416666666667,136.69444444444446,12.77777777777778,11,Autumn,United Kingdom,373,4,818.7900000000001,1,At-Risk Customers
16049.0,2010-07-11 13:53:00,2011-10-30 13:19:00,6,1132,1852.15,3.818865979381444,237.69690721649485,94.4659793814433,16,Autumn,United Kingdom,40,6,1852.15,0,Regular Customers
16050.0,2010-11-03 15:55:00,2011-06-19 11:44:00,3,388,300.7,14.319047619047618,161.42857142857142,7.666666666666667,11,Autumn,United Kingdom,174,3,300.7,0,Regular Customers
16051.0,2010-01-27 09:38:00,2010-01-27 09:38:00,1,80,188.44,15.703333333333331,80.0,12.0,9,Winter,United Kingdom,682,1,188.44,1,At-Risk Customers
16052.0,2011-10-16 15:13:00,2011-10-16 15:13:00,1,282,362.06,10.648823529411764,282.0,34.0,15,Autumn,United Kingdom,54,1,362.06,0,Regular Customers
16053.0,2010-04-08 11:11:00,2011-11-07 11:21:00,6,3067,3634.84,18.73628865979381,657.1443298969073,43.41237113402062,11,Autumn,United Kingdom,33,6,3634.84,0,Regular Customers
16054.0,2010-04-01 18:37:00,2011-07-17 13:08:00,4,791,2111.88,17.31049180327869,277.9508196721312,47.704918032786885,13,Summer,United Kingdom,145,4,2111.88,0,Regular Customers
16055.0,2011-05-03 09:26:00,2011-05-03 09:26:00,1,22,134.8,16.85,22.0,8.0,9,Spring,United Kingdom,221,1,134.8,0,Regular Customers
16056.0,2011-10-25 15:19:00,2011-10-25 15:19:00,1,345,650.75,9.859848484848484,345.0,66.0,15,Autumn,United Kingdom,45,1,650.75,0,Regular Customers
16057.0,2010-01-07 17:11:00,2011-11-23 15:23:00,10,1691,3854.85,17.682798165137616,252.8211009174312,33.68807339449541,11,Winter,United Kingdom,16,10,3854.85,0,Regular Customers
16058.0,2010-10-29 16:48:00,2010-10-29 16:48:00,1,18,62.7,31.35,18.0,2.0,16,Autumn,United Kingdom,406,1,62.7,1,At-Risk Customers
16059.0,2010-05-19 13:04:00,2011-10-05 09:56:00,12,1431,3053.57,7.809641943734015,140.5447570332481,39.2148337595908,12,Summer,United Kingdom,66,12,3053.57,0,Regular Customers
16060.0,2010-08-02 15:26:00,2010-11-04 12:10:00,3,243,541.95,22.58125,168.79166666666666,14.583333333333334,15,Summer,United Kingdom,401,3,541.95,1,At-Risk Customers
16061.0,2010-10-04 15:29:00,2010-10-04 15:29:00,1,19,89.65,29.883333333333336,19.0,3.0,15,Autumn,United Kingdom,431,1,89.65,1,At-Risk Customers
16062.0,2010-06-21 13:32:00,2011-11-30 12:15:00,8,2035,2863.45,15.478108108108108,462.9513513513514,41.92972972972973,11,Autumn,United Kingdom,10,8,2863.45,0,Regular Customers
16063.0,2011-03-24 14:55:00,2011-03-24 14:56:00,1,262,335.32,14.57913043478261,262.0,23.0,14,Spring,United Kingdom,260,1,335.32,1,At-Risk Customers
16064.0,2009-12-14 16:11:00,2009-12-14 16:11:00,1,55,109.31,6.43,55.0,17.0,16,Winter,United Kingdom,725,1,109.31,1,At-Risk Customers
16065.0,2010-09-02 13:27:00,2010-12-09 13:03:00,8,1207,1992.13,5.643427762039661,234.1671388101983,68.56373937677054,13,Autumn,United Kingdom,365,8,1992.13,1,At-Risk Customers
16066.0,2011-08-07 14:33:00,2011-11-23 11:54:00,5,935,1521.04,15.05980198019802,213.86138613861385,24.346534653465348,11,Autumn,United Kingdom,17,5,1521.04,0,Regular Customers
16067.0,2010-02-02 18:01:00,2010-05-26 12:33:00,3,1236,3269.11,48.07514705882353,549.4264705882352,33.3235294117647,18,Winter,United Kingdom,563,3,3269.11,1,At-Risk Customers
16068.0,2010-04-25 11:52:00,2010-04-25 11:52:00,1,48,115.73,3.3065714285714285,48.0,34.0,11,Spring,United Kingdom,594,1,115.73,1,At-Risk Customers
16069.0,2010-10-18 10:32:00,2010-10-18 10:32:00,1,138,457.7,18.308,138.0,25.0,10,Autumn,United Kingdom,418,1,457.7,1,At-Risk Customers
16070.0,2011-11-07 16:36:00,2011-11-17 15:50:00,2,457,852.15,25.82272727272727,231.9090909090909,16.87878787878788,16,Autumn,United Kingdom,22,2,852.15,0,Regular Customers
16071.0,2010-02-22 14:48:00,2011-10-26 11:14:00,4,697,1076.8,14.750684931506848,185.4109589041096,19.383561643835616,10,Spring,United Kingdom,45,4,1076.8,0,Regular Customers
16072.0,2010-06-08 16:47:00,2011-02-24 14:32:00,4,1580,4180.09,7.87210922787194,606.6252354048964,197.2824858757062,16,Autumn,United Kingdom,288,4,4180.09,1,At-Risk Customers
16073.0,2011-02-15 15:41:00,2011-02-15 15:41:00,1,48,122.4,122.4,48.0,1.0,15,Winter,United Kingdom,297,1,122.4,1,At-Risk Customers
16074.0,2010-11-14 13:19:00,2010-11-14 13:19:00,1,38,252.5,10.1,38.0,23.0,13,Autumn,United Kingdom,390,1,252.5,1,At-Risk Customers
16075.0,2010-05-24 15:57:00,2010-07-25 11:31:00,2,271,736.9300000000001,17.973902439024393,137.8048780487805,21.48780487804878,15,Spring,United Kingdom,503,2,736.9300000000001,1,At-Risk Customers
16076.0,2011-05-15 12:31:00,2011-12-06 14:59:00,10,1435,2234.73,17.323488372093024,195.03875968992247,19.65891472868217,12,Autumn,United Kingdom,3,10,2234.73,0,Regular Customers
16077.0,2010-03-24 10:42:00,2010-03-24 10:42:00,1,840,2300.4,287.55,840.0,8.0,10,Spring,United Kingdom,626,1,2300.4,1,At-Risk Customers
16078.0,2010-02-08 13:29:00,2011-03-01 09:47:00,2,200,362.99,9.307435897435898,179.69230769230768,37.05128205128205,13,Winter,United Kingdom,284,2,362.99,1,At-Risk Customers
16079.0,2011-10-30 13:06:00,2011-11-23 12:48:00,3,864,1352.0,64.38095238095238,327.42857142857144,8.142857142857142,13,Autumn,United Kingdom,17,3,1352.0,0,Regular Customers
16080.0,2010-09-15 14:19:00,2011-09-19 10:42:00,4,298,602.5600000000001,20.08533333333333,92.66666666666669,10.0,14,Autumn,United Kingdom,82,4,602.5600000000001,0,Regular Customers
16081.0,2010-02-03 12:46:00,2011-10-14 13:06:00,8,2177,4278.96,11.627608695652174,452.4021739130435,67.9538043478261,13,Autumn,United Kingdom,56,8,4278.96,0,Regular Customers
16082.0,2010-02-07 15:16:00,2010-02-07 15:16:00,1,39,106.75,6.671875,39.0,16.0,15,Winter,United Kingdom,670,1,106.75,1,At-Risk Customers
16083.0,2010-11-16 11:53:00,2011-08-31 10:47:00,4,1514,2351.42,33.11859154929578,450.7323943661972,26.239436619718308,11,Autumn,United Kingdom,101,4,2351.42,0,Regular Customers
16084.0,2011-02-13 16:05:00,2011-02-13 16:05:00,1,216,436.18,11.47842105263158,216.0,38.0,16,Winter,United Kingdom,299,1,436.18,1,At-Risk Customers
16085.0,2010-01-20 14:03:00,2011-11-16 13:24:00,12,1382,2341.03,6.242746666666667,127.16533333333334,34.16266666666667,14,Autumn,United Kingdom,23,12,2341.03,0,Regular Customers
16086.0,2009-12-02 13:20:00,2011-10-11 13:09:00,10,1450,2687.73,20.83511627906977,169.43410852713177,15.914728682170542,13,Autumn,United Kingdom,59,10,2687.73,0,Regular Customers
16087.0,2010-01-19 12:30:00,2010-11-15 16:44:00,5,664,1739.92,173.99200000000002,163.6,2.8,12,Winter,United Kingdom,389,5,1739.92,1,At-Risk Customers
16088.0,2010-04-27 10:56:00,2010-05-13 10:16:00,2,373,1437.43,239.5716666666667,186.5,3.0,10,Spring,United Kingdom,576,2,1437.43,1,At-Risk Customers
16089.0,2010-07-18 15:51:00,2010-11-18 13:51:00,2,119,263.49,5.606170212765957,62.5531914893617,23.4468085106383,15,Summer,United Kingdom,386,2,263.49,1,At-Risk Customers
16090.0,2010-03-25 13:05:00,2010-03-25 13:05:00,1,58,180.56,10.03111111111111,58.0,18.0,13,Spring,United Kingdom,624,1,180.56,1,At-Risk Customers
16091.0,2011-05-25 09:18:00,2011-07-08 08:45:00,2,154,315.06,17.503333333333334,77.66666666666667,9.11111111111111,9,Spring,United Kingdom,155,2,315.06,0,Regular Customers
16092.0,2010-05-09 16:10:00,2011-08-17 10:46:00,6,1188,1587.94,17.64377777777778,209.4111111111111,16.155555555555555,15,Spring,United Kingdom,115,6,1587.94,0,Regular Customers
16093.0,2011-08-25 11:09:00,2011-08-25 11:09:00,1,20,17.0,17.0,20.0,1.0,11,Summer,United Kingdom,107,1,17.0,0,Regular Customers
16094.0,2010-04-16 14:00:00,2011-11-28 12:45:00,11,2020,3695.56,18.854897959183678,208.8061224489796,19.79591836734694,16,Autumn,United Kingdom,12,11,3695.56,0,Regular Customers
16095.0,2010-09-09 16:54:00,2010-09-09 16:54:00,1,265,447.05,14.901666666666667,265.0,30.0,16,Autumn,United Kingdom,456,1,447.05,1,At-Risk Customers
16096.0,2010-03-04 15:44:00,2011-03-20 13:38:00,4,700,1584.97,24.01469696969697,186.8181818181818,17.181818181818183,15,Spring,United Kingdom,264,4,1584.97,1,At-Risk Customers
16097.0,2011-04-13 13:47:00,2011-04-13 13:47:00,1,87,185.05,18.505,87.0,10.0,13,Spring,United Kingdom,240,1,185.05,0,Regular Customers
16098.0,2009-12-15 09:40:00,2011-09-13 09:59:00,14,2008,4010.7,26.738,157.0,11.713333333333331,10,Summer,United Kingdom,88,14,4010.7,0,Regular Customers
16099.0,2010-03-03 11:13:00,2011-10-20 13:13:00,7,960,1573.2,22.8,163.71014492753622,12.507246376811594,8,Spring,United Kingdom,50,7,1573.2,0,Regular Customers
16100.0,2010-09-03 11:39:00,2010-09-03 11:39:00,1,438,582.64,15.747027027027029,438.0,37.0,11,Autumn,United Kingdom,463,1,582.64,1,At-Risk Customers
16101.0,2010-05-27 12:50:00,2011-09-30 10:18:00,4,1844,3229.16,16.818541666666665,535.5989583333334,55.38541666666666,10,Autumn,United Kingdom,71,4,3229.16,0,Regular Customers
16102.0,2011-08-03 12:50:00,2011-10-28 13:19:00,3,942,1842.14,32.31824561403509,374.1754385964912,23.666666666666668,12,Summer,United Kingdom,42,3,1842.14,0,Regular Customers
16103.0,2010-01-08 12:08:00,2011-12-02 14:16:00,22,2639,6191.71,30.95855,141.85,10.65,14,Summer,United Kingdom,7,22,6191.71,0,Regular Customers
16104.0,2009-12-06 10:41:00,2011-10-09 10:23:00,9,1047,2774.46,11.958879310344829,146.39655172413794,33.206896551724135,10,Winter,United Kingdom,62,9,2774.46,0,Regular Customers
16105.0,2010-04-14 13:27:00,2011-04-05 10:13:00,5,2125,2386.19,21.692636363636364,461.3090909090909,24.69090909090909,13,Summer,United Kingdom,249,5,2386.19,0,Regular Customers
16106.0,2011-10-05 10:37:00,2011-10-05 10:37:00,1,74,108.38,18.063333333333333,74.0,6.0,10,Autumn,United Kingdom,66,1,108.38,0,Regular Customers
16107.0,2011-06-09 18:42:00,2011-11-22 09:40:00,7,1176,3204.1600000000003,103.36,159.4193548387097,5.838709677419355,12,Summer,United Kingdom,18,7,3204.1600000000003,0,Regular Customers
16108.0,2010-03-18 14:14:00,2011-09-16 11:48:00,4,1473,2235.92,16.56237037037037,410.0074074074074,36.48148148148148,11,Autumn,United Kingdom,85,4,2235.92,0,Regular Customers
16109.0,2010-01-10 10:37:00,2011-05-05 09:17:00,3,1092,939.48,30.305806451612906,464.9032258064516,13.0,9,Winter,United Kingdom,219,3,939.48,0,Regular Customers
16110.0,2010-07-05 13:04:00,2011-10-25 14:35:00,4,880,1781.59,4.143232558139535,245.08837209302325,111.76046511627906,14,Autumn,United Kingdom,45,4,1781.59,0,Regular Customers
16111.0,2010-10-07 19:51:00,2010-10-07 19:51:00,1,233,549.33,7.525068493150686,233.0,72.0,19,Autumn,United Kingdom,428,1,549.33,1,At-Risk Customers
16112.0,2011-01-05 11:47:00,2011-07-19 14:28:00,4,574,195.74,12.23375,133.0,5.5,16,Winter,United Kingdom,143,4,195.74,0,Regular Customers
16113.0,2011-06-09 16:16:00,2011-06-09 16:16:00,1,176,161.38,5.379333333333333,176.0,30.0,16,Summer,United Kingdom,183,1,161.38,0,Regular Customers
16114.0,2011-06-22 10:13:00,2011-06-22 10:13:00,1,43,135.75000000000003,16.968750000000004,43.0,8.0,10,Summer,United Kingdom,171,1,135.75000000000003,0,Regular Customers
16115.0,2010-05-14 11:59:00,2011-11-30 11:32:00,12,1589,2553.8,6.094988066825776,142.01193317422434,36.9928400954654,12,Summer,United Kingdom,10,12,2553.8,0,Regular Customers
16116.0,2011-05-12 12:01:00,2011-05-12 12:01:00,1,248,612.78,18.02294117647059,248.0,34.0,12,Spring,United Kingdom,212,1,612.78,0,Regular Customers
16117.0,2010-04-27 11:50:00,2011-06-03 11:42:00,3,321,654.4,7.352808988764044,111.0,30.617977528089888,11,Autumn,United Kingdom,190,3,654.4,0,Regular Customers
16118.0,2010-02-25 09:40:00,2010-02-25 09:40:00,1,2851,4376.25,106.73780487804878,2851.0,41.0,9,Winter,United Kingdom,653,1,4376.25,1,At-Risk Customers
16119.0,2009-12-16 11:56:00,2011-12-01 15:11:00,8,811,1720.81,31.86685185185185,114.12962962962963,8.11111111111111,13,Autumn,United Kingdom,8,8,1720.81,0,Regular Customers
16120.0,2010-10-13 15:07:00,2011-10-11 14:22:00,6,2161,2967.51,32.25554347826087,670.7065217391304,26.01086956521739,15,Autumn,United Kingdom,59,6,2967.51,0,Regular Customers
16121.0,2010-05-23 10:52:00,2011-10-13 12:59:00,5,879,1450.04,4.215232558139535,241.50290697674416,78.88372093023256,11,Autumn,United Kingdom,57,5,1450.04,0,Regular Customers
16122.0,2010-10-10 15:26:00,2011-09-27 15:34:00,6,1280,895.62,16.585555555555555,253.74074074074076,11.148148148148149,10,Winter,United Kingdom,73,6,895.62,0,Regular Customers
16123.0,2011-10-19 09:18:00,2011-10-19 09:18:00,1,170,307.78000000000003,19.23625,170.0,16.0,9,Autumn,United Kingdom,52,1,307.78,0,Regular Customers
16124.0,2009-12-07 10:33:00,2011-01-26 14:45:00,4,797,1772.49,21.615731707317074,218.6829268292683,22.121951219512194,10,Winter,United Kingdom,317,4,1772.49,1,At-Risk Customers
16125.0,2009-12-14 15:38:00,2010-12-07 15:48:00,14,1819,4292.35,14.955923344947736,179.01393728222996,31.59581881533101,15,Winter,United Kingdom,367,14,4292.35,1,At-Risk Customers
16126.0,2009-12-02 13:34:00,2011-11-10 16:03:00,15,6140,14644.6,38.43727034120735,526.8503937007874,33.36745406824147,14,Autumn,United Kingdom,29,15,14644.6,0,Regular Customers
16127.0,2009-12-13 12:19:00,2011-10-31 13:58:00,2,391,801.3100000000001,10.684133333333332,204.0,37.66666666666666,13,Autumn,United Kingdom,39,2,801.31,0,Regular Customers
16128.0,2010-07-16 16:30:00,2011-11-22 11:14:00,11,2445,3801.05,20.88489010989011,255.25824175824172,23.05494505494505,13,Autumn,United Kingdom,18,11,3801.05,0,Regular Customers
16129.0,2010-07-20 12:32:00,2010-10-28 14:29:00,3,1261,1396.05,14.5421875,456.75,34.3125,15,Autumn,United Kingdom,407,3,1396.05,1,At-Risk Customers
16130.0,2010-04-01 13:58:00,2010-10-13 15:14:00,4,296,987.48,17.95418181818182,81.61818181818182,14.636363636363637,13,Spring,United Kingdom,422,4,987.48,1,At-Risk Customers
16131.0,2009-12-02 10:09:00,2011-10-19 11:53:00,12,4768,9957.42,45.46767123287671,769.1689497716895,35.10045662100457,10,Spring,United Kingdom,52,12,9957.42,0,Regular Customers
16132.0,2010-03-22 10:25:00,2010-06-13 13:49:00,2,280,664.1999999999999,39.07058823529411,140.7058823529412,8.764705882352942,10,Spring,United Kingdom,544,2,664.1999999999999,1,At-Risk Customers
16133.0,2010-03-31 12:21:00,2011-12-06 11:24:00,56,13653,22992.26,42.26518382352941,306.9466911764706,12.816176470588236,12,Autumn,United Kingdom,4,56,22992.26,0,Regular Customers
16134.0,2010-06-17 09:48:00,2011-11-18 10:05:00,5,1637,2145.34,18.49431034482759,421.4396551724138,27.948275862068964,9,Autumn,United Kingdom,22,5,2145.34,0,Regular Customers
16135.0,2010-05-05 09:35:00,2011-03-22 12:30:00,2,395,819.45,21.011538461538464,198.3846153846154,19.615384615384617,12,Spring,United Kingdom,263,2,819.45,1,At-Risk Customers
16136.0,2010-02-14 12:49:00,2011-10-11 09:10:00,4,674,946.8,20.582608695652176,198.95652173913044,14.73913043478261,9,Autumn,United Kingdom,60,4,946.8,0,Regular Customers
16137.0,2010-01-28 15:04:00,2010-01-28 15:04:00,1,210,422.7,15.096428571428572,210.0,28.0,15,Winter,United Kingdom,680,1,422.7,1,At-Risk Customers
16138.0,2010-04-28 09:51:00,2010-11-26 12:13:00,3,774,910.35,24.604054054054053,296.43243243243245,17.216216216216218,12,Autumn,United Kingdom,379,3,910.35,1,At-Risk Customers
16139.0,2009-12-03 13:51:00,2011-11-21 08:37:00,5,602,1111.15,19.493859649122808,147.8421052631579,13.736842105263158,13,Winter,United Kingdom,19,5,1111.15,0,Regular Customers
16140.0,2010-09-24 12:03:00,2011-10-05 12:15:00,3,1272,1433.46,22.3978125,530.84375,26.15625,12,Autumn,United Kingdom,66,3,1433.46,0,Regular Customers
16141.0,2010-10-18 14:12:00,2011-09-12 13:11:00,2,410,955.94,19.1188,211.6,26.0,13,Autumn,United Kingdom,88,2,955.94,0,Regular Customers
16142.0,2011-04-04 10:16:00,2011-04-04 10:16:00,1,422,535.34,14.46864864864865,422.0,37.0,10,Spring,United Kingdom,250,1,535.34,0,Regular Customers
16143.0,2009-12-10 09:44:00,2011-12-06 14:13:00,12,1866,4555.08,20.426367713004485,160.34977578475338,19.331838565022423,11,Winter,United Kingdom,3,12,4555.08,0,Regular Customers
16144.0,2011-04-07 10:09:00,2011-04-07 10:09:00,1,16,175.2,175.2,16.0,1.0,10,Spring,United Kingdom,247,1,175.2,0,Regular Customers
16145.0,2010-05-04 13:31:00,2011-12-01 10:33:00,19,5270,6805.4400000000005,17.185454545454547,295.3257575757576,23.343434343434343,10,Autumn,United Kingdom,9,19,6805.4400000000005,0,Regular Customers
16146.0,2010-09-17 10:46:00,2011-07-05 14:20:00,4,544,946.38,23.082439024390244,167.73170731707316,14.317073170731708,15,Spring,United Kingdom,157,4,946.38,0,Regular Customers
16147.0,2010-02-05 12:26:00,2011-07-29 09:57:00,5,1395,2398.91,17.639044117647057,344.1397058823529,34.0,10,Winter,United Kingdom,134,5,2398.91,0,Regular Customers
16148.0,2010-09-29 10:12:00,2011-02-16 14:01:00,2,250,386.62,42.95777777777778,166.22222222222223,7.222222222222222,10,Autumn,United Kingdom,296,2,386.62,1,At-Risk Customers
16149.0,2010-10-06 15:54:00,2011-12-05 11:29:00,3,598,422.22,14.074,210.26666666666668,10.466666666666669,15,Autumn,United Kingdom,5,3,422.22,0,Regular Customers
16150.0,2009-12-17 15:33:00,2011-10-28 12:39:00,10,1990,4002.17,18.52856481481481,212.31944444444449,22.796296296296298,12,Spring,United Kingdom,43,10,4002.17,0,Regular Customers
16152.0,2011-03-16 09:47:00,2011-03-16 09:47:00,1,642,1829.04,63.07034482758621,642.0,29.0,9,Spring,United Kingdom,269,1,1829.04,1,At-Risk Customers
16153.0,2010-05-26 12:41:00,2011-10-21 10:50:00,11,3693,5133.49,22.714557522123894,481.0353982300885,27.097345132743364,9,Summer,United Kingdom,50,11,5133.49,0,Regular Customers
16155.0,2010-06-18 11:23:00,2010-11-23 12:03:00,5,495,796.9,16.602083333333333,121.3125,11.5,11,Summer,United Kingdom,382,5,796.9,1,At-Risk Customers
16156.0,2009-12-02 17:06:00,2011-12-01 12:42:00,20,3205,6188.18,23.709501915708813,194.8467432950192,16.18773946360153,14,Autumn,United Kingdom,9,20,6188.18,0,Regular Customers
16157.0,2011-09-28 11:48:00,2011-11-24 11:41:00,3,347,656.69,36.48277777777778,110.16666666666669,6.111111111111111,11,Autumn,United Kingdom,16,3,656.69,0,Regular Customers
16158.0,2009-12-05 15:00:00,2010-07-05 13:55:00,9,182,628.32,17.952,32.05714285714286,5.228571428571429,12,Winter,United Kingdom,522,9,628.32,1,At-Risk Customers
16159.0,2009-12-03 11:51:00,2011-03-03 12:27:00,4,635,1232.79,23.7075,165.23076923076923,13.384615384615383,14,Spring,United Kingdom,282,4,1232.79,1,At-Risk Customers
16160.0,2011-09-15 10:53:00,2011-10-05 14:19:00,2,1162,1025.44,51.272000000000006,796.5,12.5,10,Autumn,United Kingdom,65,2,1025.44,0,Regular Customers
16161.0,2010-02-08 11:06:00,2011-12-08 12:10:00,43,6255,12580.06,11.093527336860667,193.54761904761904,34.60934744268078,11,Autumn,United Kingdom,2,43,12580.06,0,Regular Customers
16162.0,2011-04-01 15:03:00,2011-04-01 15:03:00,1,4,37.4,18.7,4.0,2.0,15,Spring,United Kingdom,252,1,37.4,1,At-Risk Customers
16163.0,2009-12-02 10:00:00,2011-04-21 15:15:00,6,676,2407.98,35.4114705882353,207.91176470588235,29.029411764705884,10,Winter,United Kingdom,232,6,2407.98,0,Regular Customers
16164.0,2011-10-28 09:12:00,2011-11-22 15:04:00,3,433,822.48,24.19058823529412,148.7058823529412,11.647058823529411,9,Autumn,United Kingdom,17,3,822.48,0,Regular Customers
16165.0,2010-07-22 14:17:00,2010-07-22 14:17:00,1,2,79.9,79.9,2.0,1.0,14,Summer,United Kingdom,505,1,79.9,1,At-Risk Customers
16166.0,2010-01-17 14:16:00,2010-10-07 15:44:00,2,173,435.83,19.810454545454544,86.63636363636364,11.090909090909092,14,Winter,United Kingdom,428,2,435.83,1,At-Risk Customers
16167.0,2009-12-01 10:46:00,2010-10-21 15:33:00,5,1494,1386.12,22.00190476190476,357.3809523809524,15.285714285714286,17,Autumn,United Kingdom,414,5,1386.12,1,At-Risk Customers
16168.0,2009-12-03 12:38:00,2011-11-29 12:45:00,66,4975,10360.67,33.85839869281046,91.30392156862744,7.045751633986928,10,Summer,United Kingdom,11,66,10360.67,0,Regular Customers
16169.0,2011-09-25 11:33:00,2011-12-01 15:28:00,4,1325,1822.97,21.44670588235294,360.83529411764704,23.141176470588235,15,Autumn,United Kingdom,8,4,1822.97,0,Regular Customers
16170.0,2010-02-18 13:50:00,2011-10-20 08:21:00,20,6056,6869.0,15.611363636363636,309.1545454545454,22.76818181818182,13,Summer,United Kingdom,51,20,6869.0,0,Regular Customers
16171.0,2011-10-11 14:51:00,2011-10-11 14:51:00,1,24,73.19999999999999,24.399999999999995,24.0,3.0,14,Autumn,United Kingdom,59,1,73.2,0,Regular Customers
16172.0,2010-07-14 15:34:00,2011-09-05 13:22:00,8,1419,1884.55,16.677433628318585,238.04424778761063,18.75221238938053,13,Summer,United Kingdom,95,8,1884.55,0,Regular Customers
16173.0,2011-09-02 15:23:00,2011-11-24 10:53:00,6,575,1418.32,16.884761904761906,117.4047619047619,17.523809523809526,10,Autumn,United Kingdom,16,6,1418.32,0,Regular Customers
16174.0,2010-04-15 15:12:00,2011-08-05 13:26:00,7,1431,2246.75,34.565384615384616,192.95384615384611,12.015384615384615,9,Summer,United Kingdom,126,7,2246.75,0,Regular Customers
16175.0,2010-05-25 12:01:00,2011-09-06 14:32:00,7,932,1836.44,18.739183673469388,138.09183673469389,14.53061224489796,14,Spring,United Kingdom,94,7,1836.44,0,Regular Customers
16176.0,2010-03-29 14:52:00,2010-10-14 13:54:00,4,952,2052.69,28.50958333333333,324.02777777777777,27.25,13,Autumn,United Kingdom,421,4,2052.69,1,At-Risk Customers
16177.0,2010-03-02 14:03:00,2011-10-20 12:57:00,8,1021,2247.31,19.045,147.74576271186442,17.0,13,Autumn,United Kingdom,50,8,2247.31,0,Regular Customers
16178.0,2010-11-03 14:46:00,2011-07-24 16:05:00,2,304,612.6,24.504,172.88,14.12,14,Autumn,United Kingdom,138,2,612.6,0,Regular Customers
16179.0,2011-10-10 09:41:00,2011-10-10 09:41:00,1,99,215.83,19.62090909090909,99.0,11.0,9,Autumn,United Kingdom,61,1,215.83,0,Regular Customers
16180.0,2010-06-23 13:19:00,2011-08-31 16:28:00,13,9813,16249.87,49.69379204892967,850.7859327217126,31.073394495412845,11,Summer,United Kingdom,100,13,16249.87,0,Regular Customers
16181.0,2011-09-27 13:38:00,2011-09-27 13:38:00,1,152,305.54,27.77636363636364,152.0,11.0,13,Autumn,United Kingdom,73,1,305.54,0,Regular Customers
16182.0,2010-03-09 09:34:00,2011-09-28 13:23:00,9,5887,9971.65,195.52254901960785,746.5294117647059,6.607843137254902,9,Spring,United Kingdom,72,9,9971.65,0,Regular Customers
16183.0,2010-10-28 14:43:00,2011-10-03 14:59:00,4,351,1077.81,26.2880487804878,117.8780487804878,13.634146341463415,14,Autumn,United Kingdom,67,4,1077.81,0,Regular Customers
16184.0,2011-05-12 13:33:00,2011-10-06 17:43:00,6,561,1158.79,25.750888888888888,102.6,9.044444444444444,13,Summer,United Kingdom,64,6,1158.79,0,Regular Customers
16185.0,2010-05-24 11:04:00,2011-11-23 09:41:00,3,321,644.72,16.118000000000002,118.5,14.65,11,Spring,United Kingdom,17,3,644.72,0,Regular Customers
16186.0,2009-12-09 15:36:00,2011-11-17 12:43:00,26,6594,8718.43,17.26421782178218,325.46930693069305,24.667326732673267,12,Summer,United Kingdom,23,26,8718.43,0,Regular Customers
16187.0,2011-02-28 13:34:00,2011-11-08 09:50:00,15,5048,6911.4400000000005,23.428610169491527,458.2169491525424,26.742372881355934,9,Summer,United Kingdom,32,15,6911.4400000000005,0,Regular Customers
16188.0,2010-10-27 11:50:00,2011-10-26 12:19:00,5,838,1087.66,14.698108108108109,227.0810810810811,19.24324324324324,10,Spring,United Kingdom,45,5,1087.66,0,Regular Customers
16189.0,2011-09-15 15:21:00,2011-11-24 11:47:00,2,134,215.48,19.58909090909091,70.18181818181819,5.545454545454546,15,Autumn,United Kingdom,16,2,215.48,0,Regular Customers
16190.0,2009-12-14 11:59:00,2011-10-30 15:59:00,8,1231,2723.55,22.886974789915968,166.80672268907563,16.84873949579832,12,Spring,United Kingdom,40,8,2723.55,0,Regular Customers
16191.0,2009-12-11 12:24:00,2011-12-07 11:26:00,24,9348,15677.820000000002,67.57681034482759,580.9396551724138,18.60775862068965,12,Autumn,United Kingdom,3,24,15677.82,0,Regular Customers
16192.0,2009-12-04 12:28:00,2009-12-04 12:28:00,1,208,351.3,31.93636363636364,208.0,11.0,12,Winter,United Kingdom,736,1,351.3,1,At-Risk Customers
16193.0,2010-10-25 10:25:00,2011-04-17 11:45:00,2,379,630.4300000000001,16.59026315789474,189.5,19.0,10,Autumn,United Kingdom,237,2,630.43,0,Regular Customers
16194.0,2010-11-29 13:28:00,2010-11-29 13:28:00,1,140,308.6,38.575,140.0,8.0,13,Autumn,United Kingdom,375,1,308.6,1,At-Risk Customers
16195.0,2009-12-16 14:09:00,2009-12-16 14:09:00,1,123,323.25,20.203125,123.0,16.0,14,Winter,United Kingdom,723,1,323.25,1,At-Risk Customers
16196.0,2010-08-08 11:40:00,2010-08-08 11:40:00,1,26,93.3,23.325,26.0,4.0,11,Summer,United Kingdom,489,1,93.3,1,At-Risk Customers
16197.0,2009-12-16 11:44:00,2010-08-27 12:56:00,9,1420,2016.71,21.68505376344086,238.04301075268816,15.989247311827956,15,Summer,United Kingdom,469,9,2016.71,1,At-Risk Customers
16198.0,2010-09-28 13:59:00,2011-09-25 14:58:00,2,384,1030.0410000000002,31.21336363636364,197.72727272727272,16.636363636363637,13,Autumn,United Kingdom,75,2,1030.0410000000002,0,Regular Customers
16199.0,2010-03-18 18:47:00,2010-11-12 12:55:00,7,321,942.75,94.275,54.6,1.6,18,Summer,United Kingdom,392,7,942.75,1,At-Risk Customers
16200.0,2009-12-02 15:04:00,2011-12-05 14:40:00,12,3068,5608.1,9.148613376835238,368.9983686786297,71.0978792822186,15,Winter,United Kingdom,4,12,5608.1,0,Regular Customers
16201.0,2010-10-20 12:00:00,2011-12-06 16:02:00,5,1421,2112.12,17.03322580645161,312.81451612903226,27.032258064516128,15,Autumn,United Kingdom,3,5,2112.12,0,Regular Customers
16202.0,2009-12-02 10:48:00,2010-12-14 10:43:00,9,1307,2501.99,20.17733870967742,175.63709677419354,17.0,10,Winter,United Kingdom,361,9,2501.99,1,At-Risk Customers
16203.0,2010-07-23 13:09:00,2011-10-12 12:31:00,6,537,943.84,14.30060606060606,108.8030303030303,12.484848484848484,13,Autumn,United Kingdom,59,6,943.84,0,Regular Customers
16204.0,2009-12-08 17:44:00,2011-11-16 13:40:00,3,671,918.71,9.096138613861386,222.4158415841584,38.24752475247525,13,Autumn,United Kingdom,23,3,918.71,0,Regular Customers
16205.0,2010-06-15 11:58:00,2011-11-09 09:32:00,7,1452,1820.11,9.239137055837563,242.23857868020303,34.64467005076142,12,Autumn,United Kingdom,31,7,1820.11,0,Regular Customers
16206.0,2010-01-24 15:25:00,2011-10-16 10:41:00,13,1379,2589.87,10.791125,116.75,21.820833333333333,11,Autumn,United Kingdom,55,13,2589.87,0,Regular Customers
16207.0,2011-11-14 13:51:00,2011-11-14 13:51:00,1,140,394.38,20.75684210526316,140.0,19.0,13,Autumn,United Kingdom,25,1,394.38,0,Regular Customers
16208.0,2010-02-24 14:24:00,2011-10-26 11:36:00,10,1541,3440.4500000000003,13.598616600790514,188.48616600790515,31.889328063241106,14,Autumn,United Kingdom,45,10,3440.45,0,Regular Customers
16209.0,2010-06-11 11:58:00,2011-09-12 11:58:00,9,1895,4146.78,61.89223880597015,202.4179104477612,10.701492537313433,11,Summer,United Kingdom,89,9,4146.78,0,Regular Customers
16210.0,2009-12-02 12:54:00,2011-12-08 12:36:00,35,12397,33750.97,131.8397265625,469.65234375,11.125,12,Winter,United Kingdom,2,35,33750.97,0,Regular Customers
16211.0,2010-09-27 15:24:00,2011-09-12 12:11:00,3,519,1090.59,30.294166666666666,146.72222222222223,18.72222222222222,12,Autumn,United Kingdom,89,3,1090.59,0,Regular Customers
16212.0,2010-02-07 15:26:00,2011-11-20 13:00:00,4,571,1293.71,16.586025641025643,149.60256410256412,22.17948717948718,12,Spring,United Kingdom,19,4,1293.71,0,Regular Customers
16213.0,2011-09-22 10:03:00,2011-09-22 10:03:00,1,48,159.0,26.5,48.0,6.0,10,Autumn,United Kingdom,79,1,159.0,0,Regular Customers
16214.0,2010-09-30 13:57:00,2011-06-22 11:30:00,4,1308,2038.25,20.7984693877551,587.7755102040817,40.02040816326531,13,Autumn,United Kingdom,171,4,2038.25,0,Regular Customers
16215.0,2011-09-20 10:18:00,2011-09-20 10:18:00,1,104,242.35,17.310714285714287,104.0,14.0,10,Autumn,United Kingdom,81,1,242.35,0,Regular Customers
16216.0,2011-03-17 15:34:00,2011-03-17 15:34:00,1,254,914.93,24.72783783783784,254.0,37.0,15,Spring,United Kingdom,267,1,914.93,1,At-Risk Customers
16217.0,2011-03-02 15:28:00,2011-04-18 13:31:00,2,91,304.25,20.28333333333333,52.266666666666666,9.133333333333333,15,Spring,United Kingdom,235,2,304.25,0,Regular Customers
16218.0,2010-05-27 16:09:00,2011-11-10 09:59:00,13,2799,3968.67,29.18139705882353,295.8382352941176,15.485294117647058,11,Autumn,United Kingdom,30,13,3968.67,0,Regular Customers
16219.0,2010-07-27 11:44:00,2010-07-27 11:44:00,1,48,40.8,40.8,48.0,1.0,11,Summer,United Kingdom,501,1,40.8,1,At-Risk Customers
16221.0,2010-08-10 13:32:00,2011-11-03 11:43:00,9,1449,2019.92,8.451548117154813,217.27615062761507,34.99581589958159,13,Autumn,United Kingdom,37,9,2019.92,0,Regular Customers
16222.0,2009-12-18 14:31:00,2011-01-25 13:38:00,2,463,1272.05,8.772758620689656,295.3379310344828,104.61379310344827,13,Winter,United Kingdom,318,2,1272.05,1,At-Risk Customers
16223.0,2010-11-09 12:07:00,2010-11-30 11:50:00,2,643,1087.05,8.83780487804878,337.8780487804878,62.10569105691057,12,Autumn,United Kingdom,375,2,1087.05,1,At-Risk Customers
16224.0,2010-11-17 13:14:00,2011-10-13 17:51:00,5,1555,1616.54,13.935689655172414,331.82758620689657,24.82758620689655,14,Autumn,United Kingdom,57,5,1616.54,0,Regular Customers
16225.0,2010-02-07 12:41:00,2011-10-26 08:30:00,15,1281,2859.31,9.531033333333331,141.6233333333333,41.25333333333333,12,Summer,United Kingdom,45,15,2859.31,0,Regular Customers
16226.0,2010-10-22 11:19:00,2011-05-20 14:41:00,5,521,672.17,21.68290322580645,183.80645161290323,12.096774193548388,11,Autumn,United Kingdom,203,5,672.1700000000001,0,Regular Customers
16227.0,2010-06-22 13:28:00,2011-04-28 13:33:00,3,436,1027.22,30.212352941176476,174.94117647058823,14.705882352941176,14,Summer,United Kingdom,225,3,1027.22,0,Regular Customers
16228.0,2010-11-04 18:54:00,2010-11-19 14:20:00,3,555,885.71,16.402037037037037,170.03703703703704,18.314814814814813,18,Autumn,United Kingdom,385,3,885.71,1,At-Risk Customers
16229.0,2010-05-24 12:59:00,2011-09-13 17:16:00,6,1292,2867.86,16.294659090909093,249.9090909090909,38.19318181818182,12,Autumn,United Kingdom,87,6,2867.86,0,Regular Customers
16230.0,2011-05-03 15:12:00,2011-06-03 10:06:00,2,365,542.03,15.486571428571429,183.57142857142856,17.62857142857143,15,Spring,United Kingdom,190,2,542.03,0,Regular Customers
16231.0,2010-04-21 12:06:00,2010-11-25 15:00:00,4,563,1074.47,10.7447,156.18,30.19,17,Autumn,United Kingdom,379,4,1074.47,1,At-Risk Customers
16232.0,2010-06-07 14:04:00,2011-10-27 12:16:00,7,1849,2712.97,25.83780952380952,350.247619047619,20.561904761904763,14,Summer,United Kingdom,44,7,2712.97,0,Regular Customers
16233.0,2009-12-02 13:23:00,2011-09-29 17:27:00,9,677,1818.31,24.90835616438356,86.21917808219177,9.986301369863014,10,Winter,United Kingdom,71,9,1818.31,0,Regular Customers
16234.0,2010-05-27 10:39:00,2010-08-20 14:33:00,3,170,333.18,22.212,65.2,5.933333333333334,14,Summer,United Kingdom,476,3,333.18,1,At-Risk Customers
16235.0,2010-08-26 12:10:00,2011-10-30 10:56:00,9,788,2053.71,17.858347826086955,137.17391304347825,20.547826086956523,12,Summer,United Kingdom,41,9,2053.71,0,Regular Customers
16236.0,2011-09-22 14:10:00,2011-09-22 14:10:00,1,184,432.2,21.61,184.0,20.0,14,Autumn,United Kingdom,78,1,432.2,0,Regular Customers
16237.0,2010-09-28 17:02:00,2010-09-28 17:02:00,1,57,136.65,19.52142857142857,57.0,7.0,17,Autumn,United Kingdom,437,1,136.65,1,At-Risk Customers
16238.0,2010-10-13 12:36:00,2010-10-13 12:36:00,1,85,63.66,10.61,85.0,6.0,12,Autumn,United Kingdom,423,1,63.66,1,At-Risk Customers
16239.0,2010-09-02 19:17:00,2011-10-14 08:29:00,6,692,1492.2,42.63428571428572,154.45714285714286,9.228571428571428,9,Autumn,United Kingdom,57,6,1492.2,0,Regular Customers
16240.0,2011-09-23 13:44:00,2011-11-15 14:30:00,2,1641,3718.8,27.546666666666667,833.2222222222222,68.33333333333333,13,Autumn,United Kingdom,24,2,3718.8,0,Regular Customers
16241.0,2010-10-25 13:40:00,2011-11-30 11:08:00,16,2258,3992.86,4.15058212058212,215.42931392931396,88.64760914760915,13,Autumn,United Kingdom,10,16,3992.86,0,Regular Customers
16242.0,2010-03-15 16:02:00,2011-12-01 15:12:00,14,3921,7404.650000000001,11.018824404761906,354.57886904761904,57.361607142857146,15,Autumn,United Kingdom,8,14,7404.65,0,Regular Customers
16243.0,2011-10-16 12:09:00,2011-11-06 12:32:00,2,110,409.1,8.02156862745098,58.333333333333336,28.33333333333333,12,Autumn,United Kingdom,34,2,409.1,0,Regular Customers
16244.0,2010-12-02 11:41:00,2011-05-12 10:18:00,2,855,1522.75,16.733516483516482,501.1538461538461,52.23076923076923,11,Winter,United Kingdom,212,2,1522.75,0,Regular Customers
16245.0,2011-03-28 09:30:00,2011-11-16 10:14:00,3,1014,1413.66,15.707333333333334,379.2,31.8,9,Autumn,United Kingdom,24,3,1413.66,0,Regular Customers
16246.0,2010-02-08 12:32:00,2010-09-06 12:04:00,2,336,821.35,9.333522727272728,211.1818181818182,50.18181818181818,12,Autumn,United Kingdom,460,2,821.35,1,At-Risk Customers
16247.0,2011-06-22 14:23:00,2011-06-22 14:23:00,1,182,114.56,7.16,182.0,16.0,14,Summer,United Kingdom,170,1,114.56,0,Regular Customers
16248.0,2011-10-09 11:32:00,2011-10-09 11:32:00,1,78,152.94,21.84857142857143,78.0,7.0,11,Autumn,United Kingdom,62,1,152.94,0,Regular Customers
16249.0,2011-04-14 13:50:00,2011-10-18 10:07:00,5,950,1800.07,26.08797101449275,254.34782608695653,18.10144927536232,13,Spring,United Kingdom,53,5,1800.07,0,Regular Customers
16250.0,2010-11-18 10:43:00,2011-03-23 15:07:00,3,268,565.24,16.149714285714285,90.62857142857143,11.914285714285716,9,Winter,United Kingdom,261,3,565.24,1,At-Risk Customers
16251.0,2010-07-15 14:55:00,2010-07-15 14:55:00,1,44,128.31,6.4155,44.0,20.0,14,Summer,United Kingdom,512,1,128.31,1,At-Risk Customers
16252.0,2010-11-22 11:57:00,2010-11-22 11:57:00,1,158,295.09000000000003,14.051904761904764,158.0,21.0,11,Autumn,United Kingdom,383,1,295.09000000000003,1,At-Risk Customers
16253.0,2009-12-08 17:24:00,2011-10-04 09:09:00,7,6030,7272.2,24.485521885521884,1100.2457912457912,51.21212121212121,9,Autumn,United Kingdom,67,7,7272.2,0,Regular Customers
16254.0,2010-03-17 15:43:00,2010-11-26 13:22:00,3,543,967.44,13.073513513513516,238.2297297297297,30.405405405405407,13,Autumn,United Kingdom,378,3,967.44,1,At-Risk Customers
16255.0,2010-01-24 12:21:00,2011-11-23 12:40:00,15,2876,4530.0,8.917322834645669,200.96456692913387,35.446850393700785,12,Summer,United Kingdom,17,15,4530.0,0,Regular Customers
16256.0,2010-04-21 10:34:00,2011-03-18 12:18:00,3,1590,1629.37,56.1851724137931,598.448275862069,10.517241379310343,12,Spring,United Kingdom,267,3,1629.37,1,At-Risk Customers
16257.0,2011-06-16 10:11:00,2011-06-16 10:11:00,1,2,46.95,23.475,2.0,2.0,10,Summer,United Kingdom,177,1,46.95,0,Regular Customers
16258.0,2010-03-10 14:19:00,2011-10-25 13:30:00,15,7200,11942.52,34.71662790697675,624.3110465116279,32.424418604651166,14,Summer,United Kingdom,45,15,11942.52,0,Regular Customers
16259.0,2010-04-13 16:57:00,2010-10-25 14:27:00,3,143,340.94,4.011058823529412,66.4,37.28235294117647,14,Autumn,United Kingdom,410,3,340.94,1,At-Risk Customers
16260.0,2011-10-20 09:40:00,2011-10-20 09:40:00,1,311,1035.45,57.525000000000006,311.0,18.0,9,Autumn,United Kingdom,51,1,1035.45,0,Regular Customers
16261.0,2010-09-23 16:40:00,2011-11-22 17:23:00,6,454,1041.16,6.387484662576688,87.68711656441718,31.22085889570552,19,Autumn,United Kingdom,17,6,1041.16,0,Regular Customers
16262.0,2010-11-26 13:22:00,2010-11-26 13:22:00,1,446,755.15,16.416304347826088,446.0,46.0,13,Autumn,United Kingdom,378,1,755.15,1,At-Risk Customers
16263.0,2010-10-12 14:52:00,2010-10-12 14:52:00,1,197,348.16,16.57904761904762,197.0,19.0,14,Autumn,United Kingdom,423,1,348.16,1,At-Risk Customers
16264.0,2010-09-19 16:14:00,2010-09-27 15:00:00,2,616,823.53,13.07190476190476,326.0,32.142857142857146,16,Autumn,United Kingdom,438,2,823.53,1,At-Risk Customers
16265.0,2010-10-28 15:18:00,2011-11-30 16:41:00,12,3214,6935.17,20.57913946587537,310.3857566765579,32.70326409495549,12,Autumn,United Kingdom,9,12,6935.17,0,Regular Customers
16266.0,2010-02-04 16:21:00,2011-09-27 12:08:00,14,791,1757.95,16.127981651376146,61.56880733944954,9.137614678899082,12,Summer,United Kingdom,74,14,1757.95,0,Regular Customers
16267.0,2010-04-27 14:10:00,2010-04-27 14:10:00,1,198,186.66,26.665714285714284,198.0,7.0,14,Spring,United Kingdom,591,1,186.66,1,At-Risk Customers
16268.0,2011-09-29 18:30:00,2011-09-29 18:30:00,2,533,667.65,14.836666666666666,385.6,30.6,18,Autumn,United Kingdom,71,2,667.65,0,Regular Customers
16269.0,2010-09-28 11:50:00,2010-09-28 11:50:00,1,579,717.57,13.539056603773586,579.0,53.0,11,Autumn,United Kingdom,438,1,717.57,1,At-Risk Customers
16270.0,2010-12-21 14:26:00,2010-12-21 14:26:00,1,688,1141.24,21.134074074074075,688.0,54.0,14,Winter,United Kingdom,353,1,1141.24,1,At-Risk Customers
16271.0,2010-03-07 12:03:00,2011-12-07 12:45:00,10,2359,3397.82,11.363946488294316,341.1939799331104,42.0066889632107,12,Summer,United Kingdom,3,10,3397.82,0,Regular Customers
16272.0,2011-08-15 10:53:00,2011-08-15 10:54:00,1,224,411.7,16.468,224.0,25.0,10,Summer,United Kingdom,117,1,411.7,0,Regular Customers
16273.0,2010-02-21 16:02:00,2010-03-01 13:24:00,2,40,318.34000000000003,21.22266666666667,32.13333333333333,13.133333333333333,16,Winter,United Kingdom,648,2,318.34000000000003,1,At-Risk Customers
16274.0,2010-12-01 15:35:00,2010-12-01 15:35:00,1,153,351.75,5.411538461538462,153.0,64.0,15,Winter,United Kingdom,373,1,351.75,1,At-Risk Customers
16275.0,2010-03-08 14:41:00,2011-05-27 12:41:00,3,1268,2151.11,19.37936936936937,435.35135135135135,37.86486486486486,11,Spring,United Kingdom,197,3,2151.11,0,Regular Customers
16276.0,2010-04-11 12:02:00,2011-06-16 09:34:00,3,1467,2629.3900000000003,101.13038461538464,518.7692307692307,9.384615384615383,12,Summer,United Kingdom,177,3,2629.3900000000003,0,Regular Customers
16277.0,2009-12-06 11:27:00,2009-12-06 11:27:00,1,33,188.69,8.203913043478261,33.0,23.0,11,Winter,United Kingdom,734,1,188.69,1,At-Risk Customers
16278.0,2010-07-28 15:40:00,2011-08-31 17:12:00,3,342,1117.84,20.32436363636364,114.0,18.92727272727273,17,Summer,United Kingdom,100,3,1117.84,0,Regular Customers
16279.0,2010-04-22 14:09:00,2011-11-18 15:00:00,9,3683,5698.28,16.374367816091954,425.6925287356322,40.43390804597701,11,Autumn,United Kingdom,21,9,5698.28,0,Regular Customers
16280.0,2009-12-14 15:49:00,2009-12-14 15:49:00,1,101,238.05,14.878125,101.0,16.0,15,Winter,United Kingdom,725,1,238.05,1,At-Risk Customers
16281.0,2010-01-26 13:41:00,2011-09-28 14:57:00,3,1570,3424.02,87.79538461538462,571.3333333333334,14.435897435897436,14,Autumn,United Kingdom,72,3,3424.02,0,Regular Customers
16282.0,2009-12-21 11:52:00,2011-01-04 11:42:00,3,790,1307.5800000000002,39.623636363636365,310.969696969697,11.545454545454543,11,Winter,United Kingdom,340,3,1307.58,1,At-Risk Customers
16283.0,2010-02-28 14:12:00,2011-12-04 12:08:00,8,2867,4350.32,7.474776632302405,521.372852233677,111.4828178694158,16,Autumn,United Kingdom,6,8,4350.32,0,Regular Customers
16284.0,2010-11-11 13:27:00,2011-11-08 16:12:00,3,674,1018.48,7.657744360902256,239.51127819548876,44.42105263157895,13,Autumn,United Kingdom,31,3,1018.48,0,Regular Customers
16285.0,2010-03-03 16:03:00,2010-03-03 16:03:00,1,60,176.9,5.706451612903226,60.0,31.0,16,Spring,United Kingdom,646,1,176.9,1,At-Risk Customers
16286.0,2010-03-26 09:58:00,2010-08-19 14:48:00,2,101,328.95,19.35,66.6470588235294,10.882352941176473,9,Spring,United Kingdom,477,2,328.95,1,At-Risk Customers
16287.0,2010-01-19 09:46:00,2011-06-23 09:08:00,5,1426,1006.98,23.97571428571429,284.5238095238095,8.80952380952381,9,Autumn,United Kingdom,170,5,1006.98,0,Regular Customers
16288.0,2010-08-26 14:45:00,2010-08-26 14:45:00,1,19,129.85,18.55,19.0,7.0,14,Summer,United Kingdom,470,1,129.85,1,At-Risk Customers
16289.0,2010-09-03 14:02:00,2010-09-03 14:02:00,1,97,136.31,6.490952380952381,97.0,21.0,14,Autumn,United Kingdom,462,1,136.31,1,At-Risk Customers
16290.0,2010-05-23 11:46:00,2010-09-01 11:52:00,4,957,1957.7,15.787903225806453,425.1209677419355,52.33064516129032,11,Spring,United Kingdom,465,4,1957.7,1,At-Risk Customers
16291.0,2010-01-26 16:26:00,2010-01-26 16:26:00,1,1,117.72,117.72,1.0,1.0,16,Winter,Portugal,682,1,117.72,1,At-Risk Customers
16292.0,2010-04-14 13:29:00,2011-08-10 12:24:00,5,688,1253.76,20.22193548387097,161.25806451612902,13.935483870967742,13,Summer,United Kingdom,122,5,1253.76,0,Regular Customers
16293.0,2009-12-11 09:58:00,2011-11-18 09:58:00,15,1833,4279.2,19.018666666666665,161.91555555555556,19.604444444444443,10,Autumn,United Kingdom,22,15,4279.2,0,Regular Customers
16294.0,2010-08-20 12:01:00,2010-08-20 12:01:00,1,54,126.05,15.75625,54.0,8.0,12,Summer,United Kingdom,477,1,126.05,1,At-Risk Customers
16295.0,2011-10-06 10:45:00,2011-11-30 08:17:00,4,841,1328.55,16.817088607594936,216.91139240506328,19.93670886075949,13,Autumn,United Kingdom,10,4,1328.55,0,Regular Customers
16296.0,2009-12-18 12:03:00,2010-03-23 13:11:00,4,645,1313.67,17.752297297297297,161.47297297297297,18.54054054054054,12,Winter,United Kingdom,626,4,1313.67,1,At-Risk Customers
16297.0,2011-03-16 08:29:00,2011-03-16 08:29:00,1,206,301.9,15.095,206.0,20.0,8,Spring,United Kingdom,269,1,301.9,1,At-Risk Customers
16298.0,2010-09-23 15:23:00,2011-11-17 11:59:00,7,308,1085.7,23.1,58.17021276595744,8.702127659574469,9,Autumn,United Kingdom,23,7,1085.7,0,Regular Customers
16299.0,2010-08-19 17:46:00,2010-08-19 17:46:00,1,107,193.65,16.1375,107.0,12.0,17,Summer,United Kingdom,477,1,193.65,1,At-Risk Customers
16300.0,2010-02-02 11:40:00,2010-10-05 13:14:00,3,643,1367.32,5.745042016806722,220.07142857142856,81.39915966386555,12,Spring,United Kingdom,430,3,1367.32,1,At-Risk Customers
16301.0,2009-12-03 10:20:00,2009-12-03 10:20:00,1,41,107.33,17.888333333333332,41.0,6.0,10,Winter,United Kingdom,737,1,107.33,1,At-Risk Customers
16302.0,2011-08-05 09:44:00,2011-08-05 09:44:00,1,158,233.22,21.201818181818183,158.0,11.0,9,Summer,United Kingdom,127,1,233.22,0,Regular Customers
16303.0,2010-03-18 14:12:00,2011-11-14 10:49:00,7,3859,7928.27,27.721223776223777,786.4895104895105,52.93706293706294,11,Autumn,United Kingdom,26,7,7928.27,0,Regular Customers
16304.0,2010-01-14 08:30:00,2010-01-14 08:30:00,1,228,381.66,15.2664,228.0,25.0,8,Winter,United Kingdom,695,1,381.66,1,At-Risk Customers
16305.0,2011-07-24 12:18:00,2011-07-24 12:18:00,1,256,361.22,16.41909090909091,256.0,22.0,12,Summer,United Kingdom,139,1,361.22,0,Regular Customers
16306.0,2010-10-01 09:36:00,2011-05-10 12:12:00,7,712,1124.72,16.78686567164179,195.8059701492537,18.34328358208955,9,Winter,United Kingdom,214,7,1124.72,0,Regular Customers
16307.0,2010-05-11 14:40:00,2010-10-06 14:31:00,3,1123,1194.92,15.932266666666669,401.6666666666667,25.746666666666663,14,Spring,United Kingdom,429,3,1194.92,1,At-Risk Customers
16308.0,2009-12-15 15:48:00,2011-11-02 11:24:00,7,16000,5120.0,731.4285714285714,2285.714285714286,1.0,11,Autumn,United Kingdom,38,7,5120.0,0,Regular Customers
16309.0,2011-04-13 11:46:00,2011-08-25 15:35:00,2,467,706.57,16.823095238095238,233.5,21.0,11,Spring,United Kingdom,106,2,706.57,0,Regular Customers
16310.0,2010-03-07 15:41:00,2010-10-21 14:47:00,2,270,460.08,16.431428571428572,140.42857142857142,14.285714285714286,14,Autumn,United Kingdom,414,2,460.08,1,At-Risk Customers
16311.0,2011-10-21 13:13:00,2011-11-22 08:54:00,2,394,616.26,16.655675675675674,201.3783783783784,19.594594594594597,13,Autumn,United Kingdom,18,2,616.26,0,Regular Customers
16312.0,2010-10-03 14:15:00,2010-10-03 14:15:00,1,53,171.15,17.115000000000002,53.0,10.0,14,Autumn,United Kingdom,432,1,171.15,1,At-Risk Customers
16313.0,2011-10-21 09:04:00,2011-12-06 13:02:00,2,165,274.15000000000003,17.134375000000002,78.375,8.5,9,Autumn,United Kingdom,3,2,274.15000000000003,0,Regular Customers
16314.0,2010-08-24 11:52:00,2010-11-15 12:06:00,3,636,1491.4,24.05483870967742,218.0483870967742,21.0,12,Autumn,United Kingdom,390,3,1491.4,1,At-Risk Customers
16315.0,2010-06-21 13:53:00,2011-01-13 11:57:00,2,143,402.71,17.50913043478261,72.26086956521739,12.043478260869565,11,Winter,United Kingdom,331,2,402.71,1,At-Risk Customers
16316.0,2010-08-03 14:38:00,2011-10-06 13:48:00,13,3057,5744.91,19.343131313131316,410.8215488215488,38.92592592592592,14,Autumn,United Kingdom,64,13,5744.91,0,Regular Customers
16317.0,2010-05-04 10:17:00,2011-08-12 12:46:00,5,1236,2192.51,18.73940170940171,256.8888888888889,24.65811965811966,14,Summer,United Kingdom,120,5,2192.51,0,Regular Customers
16318.0,2011-11-04 13:05:00,2011-11-04 13:05:00,1,199,328.15000000000003,17.27105263157895,199.0,19.0,13,Autumn,United Kingdom,35,1,328.15,0,Regular Customers
16319.0,2011-05-06 11:27:00,2011-05-06 11:27:00,1,72,404.4,134.8,72.0,3.0,11,Spring,United Kingdom,218,1,404.4,0,Regular Customers
16320.0,2010-01-27 13:29:00,2011-06-20 15:25:00,6,3319,5628.99,23.356804979253116,682.2199170124481,50.03734439834025,13,Summer,Unspecified,172,6,5628.99,0,Regular Customers
16321.0,2009-12-01 10:36:00,2011-09-28 14:55:00,7,259,604.5500000000001,26.284782608695654,54.78260869565217,5.086956521739131,10,Winter,Australia,72,7,604.5500000000001,0,Regular Customers
16322.0,2011-11-03 14:33:00,2011-12-08 15:41:00,2,231,326.75,8.83108108108108,117.8108108108108,21.864864864864863,14,Autumn,United Kingdom,1,2,326.75,0,Regular Customers
16323.0,2010-05-11 09:48:00,2011-05-27 14:48:00,2,146,353.66,88.415,84.5,2.5,9,Spring,United Kingdom,196,2,353.66,0,Regular Customers
16324.0,2011-06-15 14:26:00,2011-08-03 12:58:00,3,270,408.59,3.680990990990992,140.0,53.96396396396396,12,Summer,United Kingdom,128,3,408.59,0,Regular Customers
16325.0,2009-12-04 13:21:00,2011-10-24 08:48:00,12,2464,3597.5,26.068840579710145,361.1449275362319,15.869565217391305,9,Autumn,United Kingdom,47,12,3597.5,0,Regular Customers
16326.0,2010-01-28 13:23:00,2011-12-04 10:11:00,24,1083,4721.25,10.109743040685224,57.364025695931474,25.12419700214133,11,Autumn,United Kingdom,6,24,4721.25,0,Regular Customers
16327.0,2009-12-14 13:06:00,2011-11-25 13:23:00,16,8124,10159.64,11.584538198403648,565.3911060433295,64.47776510832384,13,Winter,United Kingdom,14,16,10159.64,0,Regular Customers
16328.0,2010-05-25 14:02:00,2010-05-25 14:02:00,1,141,310.83,19.426875,141.0,16.0,14,Spring,United Kingdom,563,1,310.83,1,At-Risk Customers
16329.0,2009-12-01 11:34:00,2010-10-08 12:44:00,4,797,1664.92,16.008846153846154,193.53846153846155,29.346153846153847,14,Autumn,United Kingdom,428,4,1664.92,1,At-Risk Customers
16330.0,2010-02-15 12:36:00,2011-11-22 12:24:00,7,326,625.38,5.345128205128205,69.35042735042735,22.666666666666668,12,Autumn,United Kingdom,18,7,625.38,0,Regular Customers
16331.0,2010-03-07 10:55:00,2010-10-03 13:47:00,6,756,2037.7,59.93235294117648,122.11764705882354,8.352941176470589,10,Spring,United Kingdom,432,6,2037.7,1,At-Risk Customers
16332.0,2010-04-29 13:41:00,2011-11-11 14:22:00,11,1128,2000.01,10.15233502538071,130.75634517766497,22.314720812182745,14,Autumn,United Kingdom,28,11,2000.01,0,Regular Customers
16333.0,2011-02-03 10:50:00,2011-12-02 12:19:00,22,32184,26626.8,591.7066666666667,2124.088888888889,2.955555555555556,12,Spring,United Kingdom,8,22,26626.8,0,Regular Customers
16334.0,2010-08-04 16:38:00,2010-08-04 16:38:00,1,206,263.73,4.883888888888889,206.0,54.0,16,Summer,United Kingdom,492,1,263.73,1,At-Risk Customers
16335.0,2009-12-04 10:18:00,2010-06-06 11:35:00,7,1004,2753.52,7.6274792243767315,155.0332409972299,54.29639889196676,11,Winter,United Kingdom,552,7,2753.52,1,At-Risk Customers
16336.0,2010-03-18 08:05:00,2010-10-15 12:32:00,4,1473,3517.69,51.73073529411765,394.9852941176471,20.323529411764707,8,Spring,United Kingdom,421,4,3517.69,1,At-Risk Customers
16337.0,2011-11-03 10:03:00,2011-11-03 10:03:00,1,87,151.05,15.105,87.0,10.0,10,Autumn,United Kingdom,37,1,151.05,0,Regular Customers
16338.0,2011-07-05 13:56:00,2011-07-05 13:56:00,1,94,214.8,19.527272727272727,94.0,11.0,13,Summer,United Kingdom,157,1,214.8,0,Regular Customers
16339.0,2011-02-28 13:41:00,2011-02-28 13:41:00,1,21,94.05,5.225,21.0,17.0,13,Winter,United Kingdom,284,1,94.05,1,At-Risk Customers
16340.0,2010-06-06 13:26:00,2011-08-24 14:53:00,3,1319,1496.24,4.191148459383753,446.4621848739496,104.6890756302521,14,Summer,United Kingdom,107,3,1496.24,0,Regular Customers
16341.0,2010-04-09 10:30:00,2011-11-15 09:12:00,7,3022,3850.79,24.372088607594936,645.4050632911392,33.9240506329114,14,Autumn,United Kingdom,25,7,3850.79,0,Regular Customers
16342.0,2011-06-13 10:10:00,2011-09-25 14:36:00,4,157,322.41,21.494000000000003,46.73333333333333,4.866666666666666,10,Summer,United Kingdom,75,4,322.41,0,Regular Customers
16343.0,2010-10-28 14:15:00,2011-11-23 17:45:00,3,345,614.12,7.873333333333333,124.3846153846154,23.53846153846154,17,Autumn,United Kingdom,16,3,614.12,0,Regular Customers
16344.0,2010-02-09 12:16:00,2011-07-04 15:50:00,4,706,842.42,18.31347826086957,302.0434782608696,17.82608695652174,11,Summer,United Kingdom,158,4,842.42,0,Regular Customers
16345.0,2010-08-13 17:13:00,2011-10-26 16:03:00,2,611,1178.79,10.914722222222222,311.00925925925924,56.69444444444444,17,Summer,United Kingdom,44,2,1178.79,0,Regular Customers
16346.0,2010-11-19 15:55:00,2010-11-19 15:55:00,1,289,224.51,14.967333333333332,289.0,15.0,15,Autumn,United Kingdom,385,1,224.51,1,At-Risk Customers
16347.0,2010-03-12 12:41:00,2011-11-28 13:14:00,11,1715,3442.96,10.067134502923976,177.85380116959064,38.44444444444444,13,Autumn,United Kingdom,11,11,3442.96,0,Regular Customers
16348.0,2010-10-05 13:57:00,2011-11-07 15:44:00,8,1164,1744.42,6.894940711462451,145.62450592885375,33.59683794466403,15,Autumn,United Kingdom,32,8,1744.42,0,Regular Customers
16349.0,2011-02-22 12:40:00,2011-02-22 12:40:00,1,9,53.5,5.944444444444445,9.0,9.0,12,Winter,United Kingdom,291,1,53.5,1,At-Risk Customers
16350.0,2010-10-07 16:33:00,2011-11-18 15:53:00,9,1077,2253.89,18.47450819672131,156.95901639344262,17.60655737704918,9,Autumn,United Kingdom,21,9,2253.89,0,Regular Customers
16351.0,2009-12-04 16:12:00,2011-01-11 10:26:00,13,2165,3330.03,17.80764705882353,224.6951871657754,18.732620320855617,14,Spring,United Kingdom,333,13,3330.03,1,At-Risk Customers
16352.0,2011-11-02 08:44:00,2011-11-22 10:32:00,2,300,494.44,17.658571428571427,150.0,14.0,8,Autumn,United Kingdom,18,2,494.44,0,Regular Customers
16353.0,2009-12-07 13:55:00,2011-12-06 12:23:00,38,3483,9795.46,56.62115606936417,159.8728323699422,10.08670520231214,10,Autumn,United Kingdom,4,38,9795.46,0,Regular Customers
16354.0,2010-04-27 13:33:00,2011-10-07 14:28:00,5,592,1119.46,7.996142857142857,148.7,34.92857142857143,12,Autumn,United Kingdom,63,5,1119.46,0,Regular Customers
16355.0,2010-11-29 14:21:00,2010-11-29 14:21:00,1,179,416.35,8.673958333333333,179.0,47.0,14,Autumn,United Kingdom,375,1,416.35,1,At-Risk Customers
16356.0,2010-06-06 11:26:00,2011-05-26 11:51:00,6,190,415.87,7.0486440677966105,43.30508474576271,13.508474576271189,11,Spring,United Kingdom,198,6,415.87,0,Regular Customers
16357.0,2010-11-23 18:52:00,2011-11-06 16:04:00,4,389,868.37,18.47595744680851,135.74468085106383,15.46808510638298,16,Autumn,United Kingdom,33,4,868.37,0,Regular Customers
16358.0,2010-11-10 11:36:00,2011-12-08 15:09:00,5,2065,2919.65,18.958766233766237,463.65584415584414,33.23376623376623,15,Autumn,United Kingdom,1,5,2919.65,0,Regular Customers
16359.0,2010-02-16 10:39:00,2011-12-02 17:04:00,16,1764,2697.75,21.582,131.512,13.304,12,Autumn,United Kingdom,7,16,2697.75,0,Regular Customers
16360.0,2011-09-12 13:50:00,2011-12-05 12:16:00,6,2110,3450.41,5.425172955974842,414.3160377358491,115.12735849056604,12,Autumn,United Kingdom,5,6,3450.41,0,Regular Customers
16361.0,2011-09-29 13:13:00,2011-11-30 12:32:00,4,418,891.21,8.569326923076924,126.82692307692308,29.432692307692307,13,Autumn,United Kingdom,10,4,891.21,0,Regular Customers
16362.0,2010-09-28 09:24:00,2011-11-07 13:01:00,6,467,922.16,10.246222222222222,107.12222222222222,22.488888888888887,14,Autumn,United Kingdom,32,6,922.16,0,Regular Customers
16363.0,2011-10-17 14:14:00,2011-10-17 14:14:00,1,52,109.36,21.872000000000003,52.0,5.0,14,Autumn,United Kingdom,53,1,109.36,0,Regular Customers
16364.0,2011-07-25 14:35:00,2011-11-28 11:27:00,2,279,705.79,13.572884615384616,137.53846153846155,26.153846153846157,14,Summer,United Kingdom,12,2,705.79,0,Regular Customers
16365.0,2009-12-11 12:41:00,2011-11-22 11:24:00,15,1034,3167.34,25.543064516129032,79.88709677419355,13.725806451612904,17,Summer,United Kingdom,18,15,3167.34,0,Regular Customers
16366.0,2009-12-16 10:39:00,2011-11-21 08:19:00,4,882,1548.13,19.847820512820515,249.07692307692307,21.46153846153846,13,Winter,United Kingdom,19,4,1548.13,0,Regular Customers
16367.0,2010-11-21 13:23:00,2011-11-02 13:13:00,3,1103,1350.48,6.055964125560538,443.1659192825112,82.14349775784753,13,Autumn,United Kingdom,37,3,1350.48,0,Regular Customers
16368.0,2010-09-30 11:30:00,2011-12-07 13:12:00,3,307,621.44,6.904888888888889,109.56666666666666,29.377777777777776,13,Autumn,United Kingdom,2,3,621.44,0,Regular Customers
16369.0,2010-04-07 16:52:00,2011-11-21 16:25:00,7,1589,2656.56,15.719289940828402,315.0,35.928994082840234,16,Autumn,United Kingdom,18,7,2656.56,0,Regular Customers
16370.0,2011-04-28 16:40:00,2011-09-18 15:55:00,4,640,1301.91,5.890995475113122,163.85972850678732,55.25339366515837,12,Summer,United Kingdom,82,4,1301.91,0,Regular Customers
16371.0,2010-09-17 12:09:00,2010-09-17 12:09:00,1,108,157.2,14.29090909090909,108.0,11.0,12,Autumn,United Kingdom,449,1,157.2,1,At-Risk Customers
16372.0,2010-04-11 15:20:00,2011-11-06 13:08:00,5,722,1290.31,4.096222222222222,231.84761904761905,95.47301587301588,12,Autumn,United Kingdom,33,5,1290.31,0,Regular Customers
16373.0,2010-10-24 13:10:00,2010-11-22 15:50:00,2,119,309.49,10.672068965517242,81.58620689655173,21.24137931034483,13,Autumn,United Kingdom,382,2,309.49,1,At-Risk Customers
16374.0,2010-04-30 13:10:00,2011-10-04 15:21:00,5,771,1723.4,4.98092485549133,173.15606936416185,77.52312138728324,13,Autumn,United Kingdom,66,5,1723.4,0,Regular Customers
16375.0,2010-08-26 14:12:00,2010-08-26 14:25:00,2,74,104.0,8.0,37.0,6.846153846153846,14,Summer,United Kingdom,470,2,104.0,1,At-Risk Customers
16376.0,2011-11-22 16:47:00,2011-12-01 11:38:00,2,691,974.96,7.991475409836066,558.5983606557377,79.78688524590164,16,Autumn,United Kingdom,9,2,974.96,0,Regular Customers
16377.0,2010-04-01 10:36:00,2011-03-17 15:41:00,2,2928,1308.48,130.848,1464.0,5.0,10,Spring,United Kingdom,267,2,1308.48,1,At-Risk Customers
16378.0,2011-02-02 12:42:00,2011-04-06 15:07:00,3,267,362.95,15.780434782608696,103.30434782608695,9.08695652173913,10,Winter,United Kingdom,247,3,362.95,0,Regular Customers
16379.0,2011-09-22 09:33:00,2011-12-05 15:38:00,4,1410,2157.4,19.975925925925928,399.8148148148149,30.24074074074074,14,Autumn,United Kingdom,4,4,2157.4,0,Regular Customers
16380.0,2011-10-09 15:40:00,2011-10-09 15:40:00,1,1428,1743.15,56.23064516129032,1428.0,28.0,15,Autumn,United Kingdom,61,1,1743.15,0,Regular Customers
16381.0,2010-10-17 13:06:00,2010-11-09 09:56:00,2,108,247.85,4.06311475409836,64.81967213114754,54.34426229508197,13,Autumn,United Kingdom,396,2,247.85,1,At-Risk Customers
16382.0,2010-06-07 12:42:00,2010-10-27 16:23:00,2,167,353.1,8.025,97.3409090909091,24.227272727272727,16,Autumn,United Kingdom,408,2,353.1,1,At-Risk Customers
16383.0,2010-02-04 13:18:00,2011-09-26 12:45:00,7,1596,2896.69,7.241725,258.9425,58.645,13,Spring,United Kingdom,75,7,2896.69,0,Regular Customers
16384.0,2010-04-28 14:01:00,2011-09-11 11:19:00,4,861,1358.95,16.77716049382716,254.8148148148148,22.7283950617284,12,Spring,United Kingdom,90,4,1358.95,0,Regular Customers
16385.0,2010-03-18 12:45:00,2011-10-10 13:12:00,5,476,881.35,7.731140350877193,102.02631578947368,24.29824561403509,13,Autumn,United Kingdom,60,5,881.35,0,Regular Customers
16386.0,2010-11-17 11:19:00,2011-11-11 12:28:00,3,700,1068.16,7.684604316546763,306.45323741007195,63.0863309352518,12,Autumn,United Kingdom,29,3,1068.16,0,Regular Customers
16387.0,2010-03-11 12:22:00,2011-01-21 11:34:00,5,448,882.46,10.1432183908046,156.01149425287358,43.71264367816092,12,Autumn,United Kingdom,323,5,882.46,1,At-Risk Customers
16388.0,2010-02-24 10:20:00,2010-02-24 10:20:00,1,83,186.05,14.311538461538465,83.0,13.0,10,Winter,United Kingdom,654,1,186.05,1,At-Risk Customers
16389.0,2011-03-01 15:47:00,2011-10-17 14:41:00,4,1242,1382.0700000000002,40.64911764705883,366.7941176470589,9.0,15,Autumn,United Kingdom,53,4,1382.07,0,Regular Customers
16390.0,2010-01-29 15:25:00,2010-06-21 10:11:00,3,122,467.5,22.261904761904763,50.38095238095238,9.571428571428571,15,Summer,United Kingdom,537,3,467.5,1,At-Risk Customers
16391.0,2010-05-27 11:27:00,2010-11-04 12:27:00,4,715,1052.26,3.4613815789473685,222.32894736842104,85.80263157894737,12,Autumn,United Kingdom,401,4,1052.26,1,At-Risk Customers
16392.0,2010-05-27 11:17:00,2011-03-15 12:11:00,3,604,756.7,5.254861111111111,219.46527777777777,51.9375,11,Spring,United Kingdom,270,3,756.7,1,At-Risk Customers
16393.0,2009-12-01 12:13:00,2011-12-07 12:51:00,23,3001,5297.77,7.092061579651942,159.08567603748327,44.16867469879518,12,Autumn,United Kingdom,2,23,5297.77,0,Regular Customers
16394.0,2011-02-23 10:58:00,2011-10-14 09:48:00,5,2604,1555.34,18.73903614457831,473.6144578313253,19.48192771084337,14,Winter,United Kingdom,57,5,1555.34,0,Regular Customers
16395.0,2009-12-06 12:26:00,2011-10-10 12:50:00,14,2901,3518.41,5.549542586750788,218.24290220820188,52.52839116719243,12,Autumn,United Kingdom,61,14,3518.41,0,Regular Customers
16396.0,2010-08-20 14:17:00,2010-08-20 14:17:00,1,80,137.8,17.225,80.0,8.0,14,Summer,United Kingdom,476,1,137.8,1,At-Risk Customers
16397.0,2010-03-21 15:36:00,2010-03-21 15:36:00,1,43,123.13,13.681111111111113,43.0,9.0,15,Spring,United Kingdom,628,1,123.13,1,At-Risk Customers
16398.0,2011-03-31 09:38:00,2011-07-08 15:16:00,2,758,1705.8,20.80243902439024,445.5365853658537,52.80487804878049,9,Spring,United Kingdom,154,2,1705.8,0,Regular Customers
16399.0,2010-11-15 15:03:00,2011-11-20 16:12:00,3,452,630.22,5.729272727272727,148.86363636363637,36.8,16,Autumn,United Kingdom,19,3,630.22,0,Regular Customers
16400.0,2009-12-08 12:38:00,2011-09-06 12:27:00,9,2066,3059.85,11.460112359550562,257.561797752809,37.265917602996254,12,Spring,United Kingdom,95,9,3059.85,0,Regular Customers
16401.0,2010-06-02 13:13:00,2011-12-08 18:15:00,23,6035,6849.15,18.868181818181817,327.43801652892563,23.12121212121212,12,Autumn,United Kingdom,1,23,6849.15,0,Regular Customers
16402.0,2010-12-05 13:42:00,2011-03-20 12:25:00,2,146,293.45,5.148245614035088,98.94736842105264,50.36842105263158,13,Winter,United Kingdom,265,2,293.45,1,At-Risk Customers
16403.0,2011-01-31 13:39:00,2011-01-31 13:39:00,1,114,177.5,17.75,114.0,10.0,13,Winter,United Kingdom,312,1,177.5,1,At-Risk Customers
16404.0,2011-09-30 14:55:00,2011-09-30 14:55:00,1,157,443.05,19.26304347826087,157.0,23.0,14,Autumn,United Kingdom,70,1,443.05,0,Regular Customers
16405.0,2011-02-02 17:08:00,2011-02-10 15:24:00,2,187,167.25,33.45,75.4,2.6,17,Winter,United Kingdom,302,2,167.25,1,At-Risk Customers
16406.0,2010-02-24 11:51:00,2011-11-21 11:57:00,3,257,528.36,3.5700000000000003,88.73648648648648,47.858108108108105,11,Autumn,United Kingdom,19,3,528.36,0,Regular Customers
16407.0,2010-10-03 13:56:00,2011-11-27 11:05:00,14,1448,2761.65,12.274,136.65333333333334,22.324444444444445,14,Autumn,United Kingdom,13,14,2761.65,0,Regular Customers
16408.0,2010-04-27 14:08:00,2010-04-27 14:08:00,1,227,231.93,5.154,227.0,45.0,14,Spring,United Kingdom,591,1,231.93,1,At-Risk Customers
16409.0,2009-12-13 15:38:00,2011-11-03 16:45:00,12,3664,5652.74,7.293858064516129,352.53806451612905,72.72516129032257,14,Autumn,United Kingdom,36,12,5652.74,0,Regular Customers
16410.0,2009-12-05 14:51:00,2009-12-05 14:51:00,1,348,130.32,26.064,348.0,5.0,14,Winter,United Kingdom,734,1,130.32,1,At-Risk Customers
16411.0,2010-10-07 15:09:00,2011-11-20 13:23:00,4,461,756.39,4.178950276243094,152.0718232044199,65.83977900552486,15,Autumn,United Kingdom,19,4,756.39,0,Regular Customers
16412.0,2010-02-04 13:46:00,2011-10-17 12:35:00,5,288,593.19,4.862213114754099,64.18852459016394,26.204918032786885,11,Autumn,United Kingdom,54,5,593.19,0,Regular Customers
16413.0,2010-11-29 12:49:00,2011-10-14 12:08:00,2,283,522.03,7.676911764705882,140.9264705882353,31.08823529411765,12,Autumn,United Kingdom,57,2,522.03,0,Regular Customers
16414.0,2010-01-14 10:21:00,2011-11-18 09:42:00,5,201,551.21,8.74936507936508,63.698412698412696,32.79365079365079,12,Autumn,United Kingdom,22,5,551.21,0,Regular Customers
16415.0,2010-02-01 12:30:00,2011-10-26 13:35:00,3,508,696.76,4.805241379310345,174.5241379310345,45.64827586206896,11,Spring,United Kingdom,44,3,696.76,0,Regular Customers
16416.0,2010-02-23 12:00:00,2011-11-13 12:50:00,9,2198,2957.88,15.90258064516129,239.36021505376343,22.774193548387096,13,Autumn,United Kingdom,27,9,2957.88,0,Regular Customers
16417.0,2010-08-04 09:08:00,2010-08-04 09:08:00,1,6,35.7,35.7,6.0,1.0,9,Summer,United Kingdom,493,1,35.7,1,At-Risk Customers
16418.0,2010-10-13 12:31:00,2011-10-26 12:39:00,5,564,1028.74,6.59448717948718,129.7948717948718,34.87179487179487,12,Autumn,United Kingdom,45,5,1028.74,0,Regular Customers
16419.0,2010-02-09 13:26:00,2011-08-19 12:33:00,8,701,1463.7,16.263333333333335,105.4888888888889,14.666666666666666,12,Winter,United Kingdom,113,8,1463.7,0,Regular Customers
16420.0,2010-11-08 15:15:00,2010-11-08 15:15:00,1,120,75.0,37.5,120.0,2.0,15,Autumn,United Kingdom,396,1,75.0,1,At-Risk Customers
16421.0,2010-08-27 12:02:00,2010-11-28 13:31:00,3,123,526.27,13.849210526315789,44.078947368421055,14.894736842105264,12,Autumn,United Kingdom,376,3,526.27,1,At-Risk Customers
16422.0,2010-01-12 11:57:00,2011-11-22 14:00:00,109,64225,61920.87,88.71184813753582,761.4684813753581,10.312320916905444,11,Autumn,United Kingdom,17,109,61920.87,3,Loyal Customers
16423.0,2011-11-15 09:21:00,2011-11-15 09:21:00,1,230,346.12,19.22888888888889,230.0,18.0,9,Autumn,United Kingdom,25,1,346.12,0,Regular Customers
16424.0,2010-11-22 11:24:00,2011-06-01 13:40:00,2,212,443.06,34.081538461538464,110.15384615384616,6.846153846153846,11,Autumn,United Kingdom,191,2,443.06,0,Regular Customers
16425.0,2011-02-10 14:30:00,2011-02-10 14:30:00,1,199,302.7,14.414285714285716,199.0,21.0,14,Winter,United Kingdom,302,1,302.7,1,At-Risk Customers
16426.0,2011-03-08 15:45:00,2011-12-07 14:01:00,10,1215,1863.76,5.279773371104816,129.8300283286119,44.52691218130312,12,Autumn,United Kingdom,2,10,1863.76,0,Regular Customers
16427.0,2011-02-28 15:18:00,2011-03-21 17:10:00,2,156,241.06,26.784444444444446,77.33333333333333,4.555555555555555,17,Spring,United Kingdom,263,2,241.06,1,At-Risk Customers
16428.0,2010-07-30 12:10:00,2010-10-22 12:22:00,3,575,638.49,5.02748031496063,200.4251968503937,43.01574803149607,12,Summer,United Kingdom,414,3,638.49,1,At-Risk Customers
16429.0,2011-08-25 13:54:00,2011-08-25 13:54:00,1,9,284.55,142.275,9.0,2.0,13,Summer,United Kingdom,106,1,284.55,0,Regular Customers
16430.0,2010-01-27 12:45:00,2011-10-13 14:47:00,7,307,1117.94,39.92642857142857,62.85714285714285,5.785714285714286,14,Autumn,United Kingdom,57,7,1117.94,0,Regular Customers
16431.0,2011-02-15 14:02:00,2011-05-10 14:09:00,3,442,623.28,8.201052631578946,155.48684210526315,22.039473684210527,14,Winter,United Kingdom,213,3,623.28,0,Regular Customers
16432.0,2011-10-06 13:59:00,2011-10-06 13:59:00,1,276,287.40000000000003,35.925000000000004,276.0,8.0,13,Autumn,United Kingdom,64,1,287.4,0,Regular Customers
16433.0,2010-10-27 12:26:00,2011-11-11 14:09:00,2,214,384.52,11.309411764705882,107.0,17.0,12,Autumn,United Kingdom,28,2,384.52,0,Regular Customers
16434.0,2010-01-17 14:51:00,2011-11-10 14:28:00,12,1310,2673.69,14.853833333333334,135.83333333333334,17.91111111111111,12,Autumn,United Kingdom,29,12,2673.69,0,Regular Customers
16435.0,2010-07-13 13:29:00,2010-07-15 18:22:00,3,608,1003.07,8.02456,270.824,55.528,12,Summer,United Kingdom,512,3,1003.07,1,At-Risk Customers
16436.0,2009-12-06 16:02:00,2010-02-09 13:19:00,3,227,319.14,7.978499999999999,109.075,20.05,13,Winter,United Kingdom,668,3,319.14,1,At-Risk Customers
16437.0,2010-10-06 12:34:00,2010-11-23 16:59:00,2,197,301.25,14.345238095238097,99.42857142857144,10.523809523809524,16,Autumn,United Kingdom,381,2,301.25,1,At-Risk Customers
16438.0,2011-09-18 13:31:00,2011-12-04 10:51:00,5,463,798.35,6.04810606060606,95.63636363636364,27.57575757575757,19,Autumn,United Kingdom,6,5,798.35,0,Regular Customers
16439.0,2009-12-17 14:22:00,2009-12-17 14:22:00,1,74,310.70000000000005,34.522222222222226,74.0,9.0,14,Winter,United Kingdom,722,1,310.70000000000005,1,At-Risk Customers
16440.0,2010-08-03 11:32:00,2011-12-02 12:02:00,6,2108,3856.97,12.563420195439738,413.2605863192183,58.420195439739416,12,Autumn,United Kingdom,8,6,3856.97,0,Regular Customers
16441.0,2010-03-22 18:00:00,2011-10-03 17:48:00,5,478,1019.13,11.989764705882353,115.27058823529411,21.2,12,Autumn,United Kingdom,67,5,1019.13,0,Regular Customers
16442.0,2009-12-13 11:05:00,2011-12-08 11:43:00,5,580,891.98,3.611255060728745,124.13765182186236,51.97165991902834,11,Winter,United Kingdom,2,5,891.98,0,Regular Customers
16443.0,2010-07-07 11:57:00,2010-07-07 11:57:00,1,96,162.24,162.24,96.0,1.0,11,Summer,United Kingdom,521,1,162.24,1,At-Risk Customers
16444.0,2010-03-24 14:06:00,2011-10-24 13:50:00,17,1945,3625.88,9.773261455525606,154.31266846361186,28.474393530997304,12,Autumn,United Kingdom,46,17,3625.88,0,Regular Customers
16445.0,2010-10-24 12:39:00,2011-11-06 12:32:00,4,287,583.16,3.239777777777777,94.99444444444444,58.48333333333333,12,Autumn,United Kingdom,34,4,583.16,0,Regular Customers
16446.0,2011-05-18 09:52:00,2011-12-09 09:15:00,2,80997,168472.5,56157.5,26999.666666666668,1.6666666666666667,9,Spring,United Kingdom,1,2,168472.5,3,Loyal Customers
16447.0,2010-02-17 14:09:00,2011-07-27 12:45:00,3,315,727.1,10.69264705882353,135.52941176470588,25.779411764705884,12,Summer,United Kingdom,136,3,727.1,0,Regular Customers
16448.0,2010-08-25 16:58:00,2011-05-25 16:28:00,2,176,361.12,7.2224,90.88,26.44,16,Summer,United Kingdom,198,2,361.12,0,Regular Customers
16449.0,2011-03-04 12:15:00,2011-05-26 10:25:00,2,367,707.69,17.69225,191.525,20.45,12,Spring,United Kingdom,198,2,707.69,0,Regular Customers
16450.0,2010-02-21 15:46:00,2011-07-13 11:47:00,3,681,1505.73,35.016976744186046,242.74418604651163,14.906976744186046,13,Spring,United Kingdom,150,3,1505.73,0,Regular Customers
16451.0,2009-12-04 15:11:00,2011-09-13 09:17:00,3,524,1013.15,15.586923076923076,184.44615384615383,23.4,17,Spring,United Kingdom,88,3,1013.15,0,Regular Customers
16452.0,2010-01-15 12:22:00,2010-03-19 12:39:00,2,199,332.17,18.45388888888889,102.0,9.11111111111111,12,Winter,United Kingdom,631,2,332.17,1,At-Risk Customers
16453.0,2010-06-09 13:15:00,2010-06-27 12:46:00,2,139,251.71,16.78066666666667,78.33333333333333,8.333333333333334,13,Summer,United Kingdom,531,2,251.71,1,At-Risk Customers
16454.0,2010-04-07 15:54:00,2011-10-26 11:40:00,4,9,30.950000000000003,7.737500000000001,2.25,1.0,9,Autumn,United Kingdom,45,4,30.950000000000003,0,Regular Customers
16455.0,2010-03-30 10:31:00,2011-10-07 12:17:00,11,2851,3995.57,19.490585365853654,407.77073170731705,24.37560975609756,16,Autumn,United Kingdom,64,11,3995.57,0,Regular Customers
16456.0,2010-03-29 11:16:00,2011-09-01 13:50:00,13,3296,6000.94,15.3476726342711,293.39130434782606,40.39386189258312,11,Spring,United Kingdom,99,13,6000.94,0,Regular Customers
16457.0,2011-05-05 13:19:00,2011-05-05 13:19:00,1,140,208.36,23.151111111111117,140.0,9.0,13,Spring,United Kingdom,218,1,208.36,0,Regular Customers
16458.0,2010-05-26 14:38:00,2011-12-07 09:34:00,30,3395,5690.89,14.936719160104987,118.22572178477692,14.196850393700789,12,Autumn,United Kingdom,3,30,5690.89,0,Regular Customers
16459.0,2009-12-10 12:42:00,2009-12-10 12:42:00,1,59,71.78999999999999,14.358,59.0,5.0,12,Winter,United Kingdom,730,1,71.78999999999999,1,At-Risk Customers
16460.0,2011-09-19 10:15:00,2011-11-11 13:46:00,3,876,811.23,6.145681818181818,252.72727272727272,65.29545454545455,12,Autumn,United Kingdom,28,3,811.23,0,Regular Customers
16461.0,2010-03-03 13:57:00,2011-06-15 12:07:00,3,933,1545.83,6.134246031746032,401.98015873015873,100.72619047619048,13,Spring,United Kingdom,178,3,1545.83,0,Regular Customers
16462.0,2011-03-01 08:58:00,2011-09-27 10:24:00,3,16,136.0,45.333333333333336,5.333333333333333,1.0,8,Autumn,United Kingdom,74,3,136.0,0,Regular Customers
16463.0,2011-05-19 14:45:00,2011-11-18 14:01:00,4,1163,1422.4,17.346341463414635,297.1341463414634,20.60975609756097,14,Autumn,United Kingdom,21,4,1422.4,0,Regular Customers
16464.0,2011-07-20 13:53:00,2011-11-20 12:11:00,3,952,1298.66,5.646347826086957,322.53913043478263,76.53478260869565,13,Autumn,United Kingdom,20,3,1298.66,0,Regular Customers
16465.0,2010-09-21 10:46:00,2010-10-15 09:27:00,2,504,746.24,15.546666666666669,288.375,27.375,10,Autumn,United Kingdom,421,2,746.24,1,At-Risk Customers
16466.0,2010-03-07 14:31:00,2011-11-06 11:35:00,15,1777,3767.09,11.21157738095238,142.04761904761904,29.574404761904763,12,Spring,United Kingdom,34,15,3767.09,0,Regular Customers
16467.0,2009-12-02 11:59:00,2010-07-19 11:49:00,7,7384,2869.16,119.54833333333332,2705.333333333333,8.416666666666666,10,Winter,United Kingdom,509,7,2869.16,1,At-Risk Customers
16468.0,2010-08-15 13:10:00,2011-09-26 14:13:00,3,371,787.52,17.500444444444444,220.7555555555556,25.53333333333333,16,Summer,United Kingdom,74,3,787.52,0,Regular Customers
16469.0,2010-07-13 13:17:00,2011-11-16 12:25:00,5,332,803.9,4.14381443298969,70.56701030927834,42.81443298969072,13,Autumn,United Kingdom,24,5,803.9,0,Regular Customers
16470.0,2009-12-11 12:21:00,2011-10-19 12:11:00,11,1335,2416.85,5.164209401709401,152.39316239316238,56.34188034188034,12,Autumn,United Kingdom,52,11,2416.85,0,Regular Customers
16471.0,2010-02-25 10:07:00,2011-03-10 09:41:00,4,670,1189.98,19.19322580645161,169.16129032258064,15.64516129032258,11,Spring,United Kingdom,275,4,1189.98,1,At-Risk Customers
16472.0,2010-04-21 11:48:00,2010-10-01 13:56:00,2,252,789.6,20.246153846153845,140.0,21.666666666666668,11,Spring,United Kingdom,434,2,789.6,1,At-Risk Customers
16473.0,2010-11-30 16:29:00,2011-06-28 09:10:00,4,296,470.83,16.815357142857142,79.17857142857143,7.642857142857143,16,Winter,United Kingdom,165,4,470.83,0,Regular Customers
16474.0,2011-07-17 14:51:00,2011-12-02 13:02:00,7,909,1810.65,5.372848664688427,190.7091988130564,68.61721068249258,14,Autumn,United Kingdom,7,7,1810.65,0,Regular Customers
16475.0,2011-03-11 09:39:00,2011-09-12 14:37:00,4,319,544.3,19.439285714285717,153.96428571428572,15.214285714285714,9,Spring,United Kingdom,88,4,544.3,0,Regular Customers
16476.0,2010-10-04 10:29:00,2010-10-04 10:29:00,1,187,350.35,14.597916666666668,187.0,24.0,10,Autumn,United Kingdom,432,1,350.35,1,At-Risk Customers
16477.0,2010-08-12 09:43:00,2011-10-07 09:44:00,11,2507,4094.37,16.64378048780488,251.5447154471545,24.11382113821138,9,Autumn,United Kingdom,64,11,4094.37,0,Regular Customers
16478.0,2011-10-05 12:02:00,2011-11-14 15:51:00,3,224,331.0,19.47058823529412,124.94117647058825,8.647058823529411,12,Autumn,United Kingdom,25,3,331.0,0,Regular Customers
16479.0,2011-11-29 13:04:00,2011-11-29 13:40:00,2,102,300.83,8.595142857142857,54.2,18.2,13,Autumn,United Kingdom,10,2,300.83,0,Regular Customers
16480.0,2011-09-25 11:40:00,2011-09-25 11:40:00,1,455,769.29,14.514905660377355,455.0,51.0,11,Autumn,United Kingdom,76,1,769.29,0,Regular Customers
16481.0,2010-01-26 13:09:00,2010-01-26 13:09:00,1,201,453.38,28.33625,201.0,16.0,13,Winter,United Kingdom,682,1,453.38,1,At-Risk Customers
16482.0,2011-11-24 12:33:00,2011-11-24 12:33:00,1,346,220.62,12.256666666666668,346.0,18.0,12,Autumn,United Kingdom,16,1,220.62,0,Regular Customers
16483.0,2011-05-31 13:08:00,2011-05-31 13:08:00,1,44,139.35,7.334210526315789,44.0,19.0,13,Spring,United Kingdom,192,1,139.35,0,Regular Customers
16484.0,2011-06-02 10:39:00,2011-06-19 12:06:00,2,200,404.3,16.172,122.88,14.92,10,Summer,United Kingdom,174,2,404.3,0,Regular Customers
16485.0,2009-12-06 12:28:00,2011-09-23 15:50:00,5,1153,2287.19,15.883263888888887,245.70833333333331,31.26388888888889,15,Autumn,United Kingdom,77,5,2287.19,0,Regular Customers
16486.0,2010-06-20 12:16:00,2010-06-20 12:16:00,1,24,134.36,19.19428571428572,24.0,7.0,12,Summer,United Kingdom,538,1,134.36,1,At-Risk Customers
16487.0,2010-02-18 17:36:00,2010-05-11 13:38:00,2,163,209.4,5.982857142857143,83.54285714285714,19.914285714285715,13,Spring,United Kingdom,577,2,209.4,1,At-Risk Customers
16488.0,2011-07-14 11:46:00,2011-11-06 13:42:00,3,728,498.8,17.2,261.1034482758621,10.03448275862069,9,Summer,United Kingdom,33,3,498.8,0,Regular Customers
16489.0,2010-09-29 15:02:00,2010-11-24 14:40:00,2,38,303.7,50.61666666666667,19.0,3.333333333333333,15,Autumn,United Kingdom,380,2,303.7,1,At-Risk Customers
16490.0,2010-09-29 16:30:00,2010-09-29 16:30:00,1,113,205.41000000000005,15.800769230769232,113.0,13.0,16,Autumn,United Kingdom,436,1,205.41000000000005,1,At-Risk Customers
16491.0,2010-10-22 15:42:00,2011-10-24 10:18:00,2,1060,1533.16,17.622528735632184,535.3793103448276,43.96551724137931,15,Autumn,United Kingdom,47,2,1533.16,0,Regular Customers
16492.0,2010-06-17 08:20:00,2010-06-17 08:20:00,1,235,385.56,16.763478260869565,235.0,23.0,8,Summer,United Kingdom,541,1,385.56,1,At-Risk Customers
16493.0,2010-03-26 13:05:00,2011-09-21 11:10:00,7,1988,2132.09,19.20801801801802,384.35135135135135,25.144144144144143,13,Spring,United Kingdom,80,7,2132.09,0,Regular Customers
16494.0,2011-02-16 12:49:00,2011-02-16 12:49:00,1,675,826.53,16.5306,675.0,47.0,12,Winter,United Kingdom,297,1,826.53,1,At-Risk Customers
16495.0,2011-03-08 16:38:00,2011-12-06 13:20:00,3,328,648.26,7.366590909090909,161.26136363636363,42.27272727272727,13,Winter,United Kingdom,3,3,648.26,0,Regular Customers
16496.0,2010-07-18 13:42:00,2011-12-01 10:31:00,6,1764,2330.77,16.88963768115942,334.92753623188406,27.52173913043478,10,Winter,United Kingdom,9,6,2330.77,0,Regular Customers
16497.0,2009-12-03 14:11:00,2011-10-21 10:55:00,23,3050,6695.28,19.86729970326409,240.0326409495549,24.311572700296736,10,Spring,United Kingdom,50,23,6695.28,0,Regular Customers
16498.0,2011-06-30 19:52:00,2011-07-01 15:07:00,2,45,100.97,6.731333333333334,39.4,13.133333333333333,19,Summer,United Kingdom,161,2,100.97,0,Regular Customers
16499.0,2010-06-11 12:22:00,2010-12-14 13:31:00,8,1364,2578.34,17.90513888888889,280.0416666666667,27.55555555555556,9,Autumn,United Kingdom,360,8,2578.34,1,At-Risk Customers
16500.0,2010-06-14 14:54:00,2011-12-05 12:04:00,9,386,843.9100000000001,24.82088235294118,64.88235294117646,6.352941176470588,14,Autumn,United Kingdom,5,9,843.9100000000001,0,Regular Customers
16501.0,2010-11-21 14:10:00,2010-11-21 14:10:00,1,628,1191.23,5.98608040201005,628.0,181.0,14,Autumn,United Kingdom,383,1,1191.23,1,At-Risk Customers
16502.0,2010-03-29 13:39:00,2010-03-29 13:44:00,2,220,258.55,6.30609756097561,213.6829268292683,39.04878048780488,13,Spring,United Kingdom,620,2,258.55,1,At-Risk Customers
16503.0,2010-06-21 14:07:00,2011-08-25 11:46:00,11,1535,3614.34,16.9687323943662,144.36150234741783,20.230046948356808,15,Summer,United Kingdom,107,11,3614.34,0,Regular Customers
16504.0,2011-11-14 15:18:00,2011-11-14 15:18:00,1,510,465.88,5.613012048192771,510.0,76.0,15,Autumn,United Kingdom,25,1,465.88,0,Regular Customers
16505.0,2011-11-08 12:14:00,2011-11-08 12:14:00,1,576,777.6,194.4,576.0,4.0,12,Autumn,United Kingdom,32,1,777.6,0,Regular Customers
16506.0,2011-10-30 15:50:00,2011-11-20 12:17:00,2,42,90.3,30.100000000000005,22.0,1.6666666666666667,15,Autumn,United Kingdom,20,2,90.3,0,Regular Customers
16507.0,2010-05-16 12:56:00,2010-05-16 12:56:00,1,111,142.71,3.755526315789474,111.0,37.0,12,Spring,United Kingdom,572,1,142.71,1,At-Risk Customers
16508.0,2010-03-19 13:41:00,2010-03-19 13:41:00,1,103,240.95,5.603488372093023,103.0,42.0,13,Spring,United Kingdom,630,1,240.95,1,At-Risk Customers
16509.0,2011-02-16 09:25:00,2011-02-16 09:25:00,1,64,363.7000000000001,27.97692307692308,64.0,13.0,9,Winter,United Kingdom,297,1,363.7,1,At-Risk Customers
16510.0,2010-01-17 12:30:00,2010-12-02 13:39:00,6,930,1777.5,15.870535714285714,210.51785714285717,28.205357142857142,13,Winter,United Kingdom,372,6,1777.5,1,At-Risk Customers
16511.0,2010-03-01 12:21:00,2011-11-18 10:41:00,6,769,1760.49,5.79108552631579,129.06578947368422,49.18421052631579,10,Autumn,United Kingdom,22,6,1760.49,0,Regular Customers
16513.0,2011-10-27 14:56:00,2011-12-05 10:18:00,4,407,874.59,24.98828571428572,276.9714285714286,25.97142857142857,13,Autumn,United Kingdom,5,4,874.59,0,Regular Customers
16515.0,2010-06-17 12:17:00,2011-10-18 13:10:00,10,1573,3179.06,13.470593220338984,166.25,26.216101694915253,11,Autumn,United Kingdom,52,10,3179.06,0,Regular Customers
16516.0,2011-11-09 14:59:00,2011-11-09 14:59:00,1,58,101.7,16.95,58.0,6.0,14,Autumn,United Kingdom,30,1,101.7,0,Regular Customers
16517.0,2011-03-07 13:50:00,2011-03-07 13:50:00,1,96,162.70000000000002,9.57058823529412,96.0,17.0,13,Spring,United Kingdom,277,1,162.7,1,At-Risk Customers
16518.0,2010-06-01 13:31:00,2011-10-09 15:04:00,4,524,959.37,14.108382352941176,155.7941176470588,20.647058823529413,15,Autumn,United Kingdom,61,4,959.37,0,Regular Customers
16519.0,2010-03-01 13:51:00,2011-11-14 15:41:00,4,150,439.06,12.196111111111112,50.583333333333336,13.833333333333334,13,Spring,United Kingdom,25,4,439.06,0,Regular Customers
16520.0,2010-03-02 16:50:00,2011-06-06 13:24:00,6,1045,2148.38,6.103352272727273,179.33238636363637,62.19034090909091,16,Spring,United Kingdom,186,6,2148.38,0,Regular Customers
16521.0,2010-03-01 13:22:00,2010-10-20 13:09:00,3,1014,1140.11,4.810590717299577,415.34177215189874,96.915611814346,13,Autumn,United Kingdom,415,3,1140.11,1,At-Risk Customers
16522.0,2010-09-15 13:32:00,2010-09-30 10:54:00,2,212,433.36,24.07555555555556,122.44444444444444,9.444444444444445,10,Autumn,United Kingdom,436,2,433.36,1,At-Risk Customers
16523.0,2010-01-24 13:14:00,2011-12-08 09:06:00,28,4979,11916.33,32.11948787061995,248.61455525606468,18.48787061994609,13,Autumn,United Kingdom,2,28,11916.33,0,Regular Customers
16524.0,2010-01-17 13:16:00,2010-09-19 13:37:00,2,259,306.19,5.777169811320754,137.28301886792454,32.39622641509434,13,Autumn,United Kingdom,446,2,306.19,1,At-Risk Customers
16525.0,2009-12-02 13:53:00,2011-12-07 15:07:00,48,14430,24151.3,68.41728045325779,333.77620396600565,8.206798866855523,12,Spring,United Kingdom,2,48,24151.3,0,Regular Customers
16526.0,2010-05-04 16:34:00,2011-06-21 12:02:00,2,279,717.21,20.491714285714288,144.28571428571428,17.857142857142858,16,Spring,United Kingdom,172,2,717.21,0,Regular Customers
16527.0,2010-10-11 13:25:00,2011-09-19 16:21:00,2,708,1232.94,16.889589041095892,506.8767123287671,49.56164383561644,13,Autumn,United Kingdom,81,2,1232.94,0,Regular Customers
16528.0,2011-12-06 12:45:00,2011-12-06 12:45:00,1,171,244.41,14.377058823529412,171.0,17.0,12,Winter,United Kingdom,4,1,244.41,0,Regular Customers
16529.0,2010-06-27 13:29:00,2011-06-02 17:23:00,4,739,1986.8,15.521875,197.921875,36.125,12,Summer,United Kingdom,190,4,1986.8,0,Regular Customers
16530.0,2010-02-09 15:30:00,2010-02-09 15:30:00,1,17,48.35,16.116666666666667,17.0,3.0,15,Winter,United Kingdom,668,1,48.35,1,At-Risk Customers
16531.0,2010-09-24 09:49:00,2011-11-17 16:29:00,11,1863,2298.33,16.654565217391305,214.78985507246375,15.057971014492754,15,Autumn,United Kingdom,22,11,2298.33,0,Regular Customers
16532.0,2010-03-29 10:26:00,2011-11-22 11:08:00,5,2544,8756.64,1459.4399999999998,600.0,1.3333333333333333,10,Autumn,United Kingdom,18,5,8756.64,0,Regular Customers
16533.0,2011-10-02 15:07:00,2011-11-20 13:08:00,3,611,1082.81,6.1523295454545455,240.9318181818182,64.2840909090909,13,Autumn,United Kingdom,19,3,1082.81,0,Regular Customers
16534.0,2010-03-07 15:47:00,2010-03-07 15:47:00,1,168,635.9,17.663888888888888,168.0,36.0,15,Spring,United Kingdom,642,1,635.9,1,At-Risk Customers
16535.0,2010-01-28 15:26:00,2011-12-04 15:18:00,3,664,972.04,13.690704225352112,324.0845070422535,32.774647887323944,13,Autumn,United Kingdom,5,3,972.04,0,Regular Customers
16536.0,2011-08-21 15:54:00,2011-08-21 15:54:00,1,250,548.12,10.15037037037037,250.0,49.0,15,Summer,United Kingdom,110,1,548.12,0,Regular Customers
16537.0,2010-03-08 13:41:00,2010-03-08 13:41:00,1,59,23.35,5.8375,59.0,3.0,13,Spring,United Kingdom,641,1,23.35,1,At-Risk Customers
16538.0,2010-04-23 16:25:00,2010-06-16 16:59:00,3,254,395.07,9.635853658536584,126.4390243902439,22.51219512195122,16,Spring,United Kingdom,541,3,395.07,1,At-Risk Customers
16539.0,2010-06-25 15:24:00,2011-12-07 08:41:00,10,1014,3289.66,25.111908396946564,120.87786259541984,14.557251908396946,15,Summer,United Kingdom,3,10,3289.66,0,Regular Customers
16540.0,2010-10-21 17:22:00,2010-10-21 17:22:00,1,105,205.75,7.094827586206897,105.0,25.0,17,Autumn,United Kingdom,414,1,205.75,1,At-Risk Customers
16541.0,2009-12-04 13:22:00,2009-12-04 13:22:00,1,173,424.03,11.158684210526316,173.0,38.0,13,Winter,United Kingdom,735,1,424.03,1,At-Risk Customers
16542.0,2010-11-03 14:44:00,2011-10-17 10:47:00,2,142,257.32,18.38,78.14285714285714,7.571428571428571,14,Autumn,United Kingdom,54,2,257.32,0,Regular Customers
16543.0,2010-04-27 11:38:00,2010-04-27 11:38:00,1,317,292.21,16.233888888888888,317.0,18.0,11,Spring,United Kingdom,592,1,292.21,1,At-Risk Customers
16544.0,2010-02-15 13:20:00,2010-07-08 11:11:00,4,150,376.7000000000001,34.24545454545455,49.63636363636363,4.363636363636363,11,Summer,United Kingdom,520,4,376.7000000000001,1,At-Risk Customers
16545.0,2010-11-29 10:39:00,2011-06-28 10:37:00,2,322,689.8199999999999,86.22749999999999,181.75,4.25,10,Autumn,United Kingdom,165,2,689.82,0,Regular Customers
16546.0,2010-09-23 15:43:00,2011-02-22 11:20:00,5,4211,5307.07,60.307613636363634,1375.8068181818182,25.84090909090909,15,Autumn,United Kingdom,291,5,5307.07,1,At-Risk Customers
16547.0,2010-06-11 13:02:00,2010-06-11 13:02:00,1,108,104.26,4.1704,108.0,25.0,13,Summer,United Kingdom,546,1,104.26,1,At-Risk Customers
16548.0,2010-04-19 16:15:00,2010-04-19 16:15:00,1,6,30.15,5.025,6.0,6.0,16,Spring,United Kingdom,599,1,30.15,1,At-Risk Customers
16549.0,2010-03-28 15:45:00,2011-11-29 15:06:00,34,7087,12781.8,4.132492725509215,286.107339152926,106.3976721629486,15,Autumn,United Kingdom,10,34,12781.8,0,Regular Customers
16550.0,2009-12-02 11:24:00,2011-08-23 11:12:00,18,5405,8813.58,11.673615894039736,362.5430463576159,49.10596026490066,11,Summer,United Kingdom,109,18,8813.58,0,Regular Customers
16551.0,2009-12-13 16:12:00,2011-09-05 09:38:00,7,2076,2237.12,25.421818181818185,287.9318181818182,13.136363636363637,12,Winter,United Kingdom,96,7,2237.12,0,Regular Customers
16552.0,2010-12-01 12:36:00,2011-04-11 10:04:00,2,219,379.73,22.33705882352941,138.52941176470588,9.941176470588236,10,Spring,United Kingdom,243,2,379.73,0,Regular Customers
16553.0,2010-02-11 18:46:00,2011-06-29 15:42:00,33,16427,16584.01,56.79455479452054,563.7910958904109,13.232876712328768,13,Autumn,United Kingdom,163,33,16584.01,0,Regular Customers
16554.0,2009-12-15 09:42:00,2011-10-28 14:51:00,8,1346,2841.7200000000003,17.016287425149702,207.7844311377245,25.263473053892216,14,Autumn,United Kingdom,42,8,2841.72,0,Regular Customers
16555.0,2010-07-22 13:39:00,2011-11-04 14:31:00,6,1816,1915.68,29.025454545454547,429.3939393939394,13.93939393939394,13,Summer,United Kingdom,35,6,1915.68,0,Regular Customers
16556.0,2009-12-07 10:51:00,2011-10-04 11:36:00,17,4353,8012.58,16.623609958506226,295.051867219917,32.54356846473029,14,Spring,United Kingdom,67,17,8012.58,0,Regular Customers
16557.0,2011-07-25 13:28:00,2011-11-15 14:04:00,2,111,281.85,25.622727272727275,51.63636363636363,5.545454545454546,13,Summer,United Kingdom,24,2,281.85,0,Regular Customers
16558.0,2009-12-03 18:11:00,2011-12-09 10:20:00,38,7813,13304.11,17.668140770252325,287.85126162018594,28.88313413014608,13,Autumn,United Kingdom,1,38,13304.11,0,Regular Customers
16559.0,2010-11-07 13:52:00,2010-11-07 13:52:00,1,61,175.0,10.294117647058824,61.0,17.0,13,Autumn,United Kingdom,397,1,175.0,1,At-Risk Customers
16560.0,2009-12-08 12:05:00,2011-11-13 10:35:00,8,1603,3048.38,15.395858585858589,221.03535353535352,26.505050505050505,12,Winter,United Kingdom,27,8,3048.38,0,Regular Customers
16561.0,2011-10-11 09:53:00,2011-12-04 11:50:00,2,244,511.12,16.48774193548387,123.16129032258064,15.516129032258064,9,Autumn,United Kingdom,6,2,511.12,0,Regular Customers
16562.0,2010-08-20 11:45:00,2010-08-20 11:45:00,1,264,223.86,6.584117647058824,264.0,34.0,11,Summer,United Kingdom,477,1,223.86,1,At-Risk Customers
16563.0,2009-12-01 18:35:00,2011-10-17 11:51:00,6,2584,4412.56,49.57932584269663,586.8876404494382,19.49438202247191,14,Autumn,United Kingdom,54,6,4412.56,0,Regular Customers
16564.0,2010-05-19 14:41:00,2010-05-19 14:41:00,1,40,87.80000000000001,17.560000000000002,40.0,5.0,14,Spring,United Kingdom,569,1,87.8,1,At-Risk Customers
16565.0,2010-06-02 12:47:00,2010-12-10 15:21:00,4,211,773.05,70.27727272727272,62.18181818181818,3.5454545454545454,12,Summer,United Kingdom,364,4,773.05,1,At-Risk Customers
16566.0,2011-02-20 10:29:00,2011-11-24 16:34:00,5,362,614.66,34.147777777777776,85.0,4.555555555555555,16,Autumn,United Kingdom,15,5,614.66,0,Regular Customers
16567.0,2011-01-07 09:31:00,2011-05-29 13:57:00,2,996,865.6,24.731428571428573,487.3142857142857,21.62857142857143,9,Winter,United Kingdom,194,2,865.6,0,Regular Customers
16568.0,2010-03-08 14:51:00,2010-10-08 10:54:00,2,366,1020.9,204.18,208.8,2.6,10,Autumn,United Kingdom,428,2,1020.9,1,At-Risk Customers
16569.0,2009-12-16 15:05:00,2011-12-06 15:32:00,5,988,1455.23,41.578,213.88571428571427,7.742857142857143,15,Winter,United Kingdom,3,5,1455.23,0,Regular Customers
16570.0,2010-03-30 09:32:00,2011-11-24 17:02:00,20,4292,7434.31,30.847759336099585,297.195020746888,17.804979253112034,10,Autumn,United Kingdom,15,20,7434.31,0,Regular Customers
16571.0,2010-03-18 09:12:00,2011-11-13 11:46:00,10,3703,4248.74,16.661725490196076,427.99607843137255,29.807843137254903,9,Autumn,United Kingdom,27,10,4248.74,0,Regular Customers
16572.0,2011-03-09 12:04:00,2011-08-04 16:34:00,3,532,1009.6,17.712280701754388,179.01754385964912,19.140350877192983,12,Summer,United Kingdom,127,3,1009.6,0,Regular Customers
16573.0,2011-02-22 15:14:00,2011-09-16 09:13:00,2,360,663.61,15.800238095238097,196.42857142857144,22.19047619047619,9,Autumn,United Kingdom,85,2,663.61,0,Regular Customers
16574.0,2010-02-19 11:46:00,2011-09-29 13:39:00,3,1002,1301.78,15.136976744186049,365.4186046511628,32.02325581395349,11,Autumn,United Kingdom,71,3,1301.78,0,Regular Customers
16576.0,2010-07-06 10:42:00,2010-10-15 13:37:00,2,323,540.87,16.39,164.75757575757575,16.87878787878788,13,Autumn,United Kingdom,420,2,540.87,1,At-Risk Customers
16577.0,2010-02-11 09:45:00,2010-02-11 09:45:00,1,142,380.0,16.52173913043478,142.0,23.0,9,Winter,United Kingdom,667,1,380.0,1,At-Risk Customers
16578.0,2010-03-23 15:11:00,2010-03-23 15:11:00,1,108,156.6,17.4,108.0,9.0,15,Spring,United Kingdom,626,1,156.6,1,At-Risk Customers
16579.0,2010-10-10 11:58:00,2010-10-10 11:58:00,1,119,295.05,21.075,119.0,14.0,11,Autumn,United Kingdom,426,1,295.05,1,At-Risk Customers
16581.0,2011-06-10 10:05:00,2011-06-10 10:05:00,1,134,105.84,11.76,134.0,9.0,10,Summer,United Kingdom,183,1,105.84,0,Regular Customers
16582.0,2011-08-18 17:02:00,2011-08-18 17:02:00,1,164,313.62,52.27,164.0,6.0,17,Summer,United Kingdom,113,1,313.62,0,Regular Customers
16583.0,2010-02-04 12:18:00,2010-12-01 12:03:00,2,153,297.95,16.552777777777777,95.66666666666669,11.77777777777778,12,Winter,United Kingdom,374,2,297.95,1,At-Risk Customers
16584.0,2010-02-16 10:41:00,2011-09-20 13:45:00,5,1913,3156.17,38.48987804878049,381.1585365853659,16.804878048780488,10,Autumn,United Kingdom,80,5,3156.17,0,Regular Customers
16585.0,2010-01-13 13:31:00,2010-04-25 10:34:00,2,151,341.59000000000003,18.977222222222224,82.38888888888889,10.77777777777778,10,Spring,United Kingdom,594,2,341.59,1,At-Risk Customers
16586.0,2010-03-14 11:24:00,2011-04-05 09:32:00,3,348,1462.78,52.24214285714286,134.5,10.571428571428571,10,Autumn,United Kingdom,249,3,1462.78,0,Regular Customers
16587.0,2011-04-21 15:51:00,2011-04-21 15:51:00,1,71,225.15,17.31923076923077,71.0,13.0,15,Spring,United Kingdom,232,1,225.15,0,Regular Customers
16588.0,2010-05-14 13:43:00,2010-11-18 17:56:00,4,882,1361.28,19.172957746478872,323.98591549295776,24.74647887323944,17,Summer,United Kingdom,386,4,1361.28,1,At-Risk Customers
16589.0,2010-09-15 14:56:00,2011-09-29 14:50:00,4,536,612.36,13.917272727272728,157.63636363636363,12.772727272727272,14,Autumn,United Kingdom,71,4,612.36,0,Regular Customers
16590.0,2010-10-21 12:09:00,2010-11-04 09:06:00,2,240,605.9,20.893103448275863,136.44827586206895,15.89655172413793,12,Autumn,United Kingdom,401,2,605.9,1,At-Risk Customers
16591.0,2011-10-02 10:43:00,2011-10-02 10:43:00,1,41,213.5,21.35,41.0,10.0,10,Autumn,United Kingdom,69,1,213.5,0,Regular Customers
16592.0,2009-12-18 15:57:00,2011-12-05 13:49:00,28,5504,7807.91,18.24278037383177,333.6565420560748,25.10280373831776,13,Summer,United Kingdom,4,28,7807.91,0,Regular Customers
16593.0,2009-12-05 10:44:00,2011-10-20 12:41:00,8,377,1071.14,13.732564102564105,54.47435897435897,14.948717948717947,13,Autumn,United Kingdom,51,8,1071.14,0,Regular Customers
16594.0,2011-09-25 14:08:00,2011-09-25 14:08:00,1,64,181.09,3.416792452830189,64.0,53.0,14,Autumn,United Kingdom,75,1,181.09,0,Regular Customers
16595.0,2010-01-17 12:12:00,2011-10-09 13:15:00,5,1331,1757.75,3.888827433628319,282.1393805309734,93.34955752212387,14,Autumn,United Kingdom,61,5,1757.75,0,Regular Customers
16596.0,2009-12-10 13:09:00,2011-11-24 10:02:00,4,180,458.98,19.124166666666667,45.0,6.0,10,Winter,United Kingdom,16,4,458.98,0,Regular Customers
16597.0,2011-12-05 15:44:00,2011-12-05 15:44:00,1,184,90.04,12.862857142857145,184.0,7.0,15,Winter,United Kingdom,4,1,90.04,0,Regular Customers
16598.0,2011-02-27 11:42:00,2011-02-27 11:42:00,1,73,145.05,14.505,73.0,10.0,11,Winter,United Kingdom,286,1,145.04999999999998,1,At-Risk Customers
16599.0,2010-11-19 12:45:00,2010-11-19 12:45:00,1,159,172.8,14.4,159.0,12.0,12,Autumn,United Kingdom,386,1,172.8,1,At-Risk Customers
16600.0,2009-12-18 12:59:00,2011-12-05 16:00:00,13,2420,2153.41,15.058811188811188,213.006993006993,12.454545454545457,12,Autumn,United Kingdom,4,13,2153.41,0,Regular Customers
16601.0,2010-03-26 13:39:00,2011-10-30 11:09:00,3,391,677.0,9.81159420289855,173.34782608695653,31.971014492753625,11,Autumn,United Kingdom,41,3,677.0,0,Regular Customers
16602.0,2010-11-16 09:13:00,2011-11-03 15:54:00,2,429,763.33,19.08325,269.175,24.05,15,Autumn,United Kingdom,36,2,763.33,0,Regular Customers
16603.0,2011-09-09 13:02:00,2011-09-26 10:06:00,2,480,482.47,14.19029411764706,283.4117647058824,19.11764705882353,13,Autumn,United Kingdom,75,2,482.47,0,Regular Customers
16604.0,2010-05-20 16:34:00,2010-05-26 09:10:00,2,175,432.4500000000001,36.0375,126.5,8.666666666666666,16,Spring,United Kingdom,563,2,432.45,1,At-Risk Customers
16605.0,2009-12-15 19:03:00,2009-12-15 19:03:00,1,144,60.48,60.48,144.0,1.0,19,Winter,United Kingdom,724,1,60.48,1,At-Risk Customers
16606.0,2010-10-01 13:21:00,2010-10-31 13:57:00,2,148,357.66,16.257272727272728,92.1818181818182,13.272727272727272,13,Autumn,United Kingdom,404,2,357.66,1,At-Risk Customers
16607.0,2010-04-29 14:01:00,2011-11-22 10:24:00,25,4436,5706.87,19.15057046979866,222.58724832214764,15.295302013422818,12,Autumn,United Kingdom,18,25,5706.87,0,Regular Customers
16608.0,2010-02-14 11:57:00,2010-09-12 11:44:00,2,612,1286.62,10.633223140495868,303.22314049586777,58.17355371900826,11,Winter,United Kingdom,454,2,1286.62,1,At-Risk Customers
16609.0,2011-04-01 10:11:00,2011-11-24 13:32:00,7,2420,5493.46,19.903840579710145,406.10869565217394,45.51449275362319,13,Autumn,United Kingdom,15,7,5493.46,0,Regular Customers
16610.0,2011-05-04 13:13:00,2011-05-04 13:13:00,1,66,75.66,12.61,66.0,6.0,13,Spring,United Kingdom,219,1,75.66,0,Regular Customers
16611.0,2010-03-10 16:07:00,2011-06-06 15:46:00,6,874,1785.13,16.228454545454547,168.6090909090909,20.10909090909091,13,Spring,United Kingdom,186,6,1785.13,0,Regular Customers
16612.0,2009-12-03 15:54:00,2011-11-07 07:38:00,9,1419,3245.4300000000003,19.4337125748503,174.8203592814371,20.02994011976048,8,Autumn,United Kingdom,33,9,3245.43,0,Regular Customers
16613.0,2011-09-30 15:52:00,2011-09-30 15:52:00,1,293,618.59,20.619666666666667,293.0,30.0,15,Autumn,United Kingdom,70,1,618.59,0,Regular Customers
16614.0,2010-05-10 15:18:00,2011-06-10 11:36:00,3,349,1179.79,24.07734693877551,148.87755102040816,19.285714285714285,11,Summer,United Kingdom,183,3,1179.79,0,Regular Customers
16615.0,2010-03-23 15:13:00,2010-03-23 15:13:00,1,211,291.5,15.342105263157896,211.0,19.0,15,Spring,United Kingdom,626,1,291.5,1,At-Risk Customers
16616.0,2011-07-05 13:38:00,2011-11-24 16:31:00,2,370,500.42,15.164242424242424,210.0,18.33333333333333,16,Autumn,United Kingdom,15,2,500.42,0,Regular Customers
16617.0,2011-04-18 10:35:00,2011-04-18 10:35:00,1,91,151.85,30.37,91.0,5.0,10,Spring,United Kingdom,236,1,151.85,0,Regular Customers
16618.0,2011-01-21 11:55:00,2011-11-08 13:52:00,5,1363,2647.59,27.579062500000003,438.4479166666667,32.833333333333336,13,Autumn,United Kingdom,31,5,2647.59,0,Regular Customers
16619.0,2010-02-22 12:05:00,2011-03-21 08:18:00,4,1055,1938.33,16.709741379310348,362.2413793103448,39.77586206896552,12,Winter,United Kingdom,264,4,1938.33,1,At-Risk Customers
16620.0,2009-12-01 14:35:00,2011-12-06 12:19:00,6,1146,1758.93,18.712021276595745,373.17021276595744,31.72340425531915,14,Winter,United Kingdom,4,6,1758.93,0,Regular Customers
16621.0,2011-03-07 11:32:00,2011-10-19 11:38:00,4,302,813.48,28.05103448275862,82.93103448275862,8.379310344827585,11,Spring,United Kingdom,52,4,813.48,0,Regular Customers
16622.0,2010-06-14 10:44:00,2010-06-14 10:44:00,1,44,225.4,18.78333333333333,44.0,12.0,10,Summer,United Kingdom,544,1,225.4,1,At-Risk Customers
16623.0,2010-04-26 14:04:00,2011-04-08 10:09:00,4,442,1015.24,19.906666666666663,125.47058823529412,14.333333333333334,12,Spring,United Kingdom,246,4,1015.24,0,Regular Customers
16624.0,2011-05-26 14:20:00,2011-09-20 12:39:00,2,488,810.57,16.886875,250.0,23.8125,12,Autumn,United Kingdom,81,2,810.5699999999999,0,Regular Customers
16625.0,2010-06-14 11:56:00,2011-03-10 12:50:00,5,1057,1654.03,16.707373737373736,212.46464646464648,20.43434343434344,14,Autumn,United Kingdom,275,5,1654.03,1,At-Risk Customers
16626.0,2011-03-18 12:27:00,2011-12-09 11:56:00,17,2690,4413.1,24.65418994413408,246.0391061452514,21.87150837988827,12,Autumn,United Kingdom,1,17,4413.1,0,Regular Customers
16627.0,2011-09-21 14:38:00,2011-09-21 14:38:00,1,162,322.8,16.14,162.0,20.0,14,Autumn,United Kingdom,79,1,322.8,0,Regular Customers
16628.0,2010-03-08 12:24:00,2011-11-10 12:45:00,7,1260,2318.1,18.5448,237.504,22.936,12,Summer,United Kingdom,30,7,2318.1,0,Regular Customers
16629.0,2011-09-04 16:12:00,2011-09-27 10:34:00,2,489,408.63,6.8105,227.16666666666663,38.53333333333333,16,Autumn,United Kingdom,74,2,408.63,0,Regular Customers
16630.0,2010-10-28 14:30:00,2010-10-28 14:30:00,1,72,106.8,26.700000000000003,72.0,4.0,14,Autumn,United Kingdom,407,1,106.8,1,At-Risk Customers
16631.0,2010-02-26 10:49:00,2010-08-15 11:20:00,7,775,1892.52,23.6565,125.35,13.8,9,Summer,United Kingdom,482,7,1892.52,1,At-Risk Customers
16632.0,2010-05-07 16:46:00,2010-08-11 11:39:00,2,256,406.4,15.05185185185185,128.0,13.51851851851852,11,Summer,United Kingdom,486,2,406.4,1,At-Risk Customers
16633.0,2011-04-19 14:36:00,2011-11-22 13:41:00,6,1138,2883.1,18.967763157894737,209.35526315789477,28.42105263157895,14,Autumn,United Kingdom,17,6,2883.1,0,Regular Customers
16634.0,2010-01-21 09:30:00,2011-05-01 12:09:00,6,1257,1649.81,19.87722891566265,274.0843373493976,17.337349397590362,9,Autumn,United Kingdom,223,6,1649.81,0,Regular Customers
16635.0,2010-10-29 09:41:00,2010-10-29 09:41:00,1,277,473.0,18.92,277.0,25.0,9,Autumn,United Kingdom,407,1,473.0,1,At-Risk Customers
16636.0,2010-03-03 14:06:00,2010-09-27 13:13:00,4,2186,3802.04,52.0827397260274,651.5205479452055,24.2054794520548,14,Spring,United Kingdom,438,4,3802.04,1,At-Risk Customers
16637.0,2011-04-28 10:20:00,2011-11-07 13:17:00,4,927,1154.47,16.73144927536232,232.7826086956522,17.405797101449274,11,Autumn,United Kingdom,32,4,1154.47,0,Regular Customers
16638.0,2010-08-18 13:33:00,2011-11-17 11:09:00,15,1627,2380.13,17.247318840579712,174.52898550724638,15.115942028985508,9,Autumn,United Kingdom,23,15,2380.13,0,Regular Customers
16639.0,2010-10-26 18:23:00,2011-11-08 13:20:00,4,751,1747.98,21.58,245.07407407407408,25.839506172839503,18,Autumn,United Kingdom,31,4,1747.98,0,Regular Customers
16640.0,2010-11-07 10:48:00,2010-11-07 10:48:00,1,146,179.4,13.8,146.0,13.0,10,Autumn,United Kingdom,398,1,179.4,1,At-Risk Customers
16641.0,2010-01-07 12:22:00,2011-08-26 12:49:00,2,454,554.5,15.40277777777778,217.33333333333331,20.0,12,Winter,United Kingdom,106,2,554.5,0,Regular Customers
16642.0,2010-10-20 14:22:00,2011-12-05 11:31:00,3,775,1077.45,19.95277777777778,268.462962962963,18.25925925925926,14,Autumn,United Kingdom,5,3,1077.45,0,Regular Customers
16643.0,2010-10-13 09:47:00,2011-04-08 08:24:00,2,553,923.11,16.783818181818184,276.6363636363636,27.509090909090908,9,Autumn,United Kingdom,246,2,923.11,0,Regular Customers
16644.0,2011-05-11 12:53:00,2011-06-15 12:39:00,2,826,833.78,13.448064516129032,663.7741935483871,48.064516129032256,12,Spring,United Kingdom,178,2,833.78,0,Regular Customers
16645.0,2009-12-04 09:49:00,2009-12-04 09:49:00,1,117,160.39,11.456428571428573,117.0,14.0,9,Winter,United Kingdom,736,1,160.39,1,At-Risk Customers
16646.0,2010-09-16 13:28:00,2010-09-16 13:28:00,1,1072,678.8,23.406896551724135,1072.0,29.0,13,Autumn,United Kingdom,449,1,678.8,1,At-Risk Customers
16647.0,2010-06-13 15:52:00,2011-06-23 11:47:00,4,396,541.9,16.421212121212122,107.42424242424242,8.818181818181818,14,Summer,United Kingdom,170,4,541.9,0,Regular Customers
16648.0,2010-04-28 14:58:00,2011-10-28 08:58:00,3,503,672.8,18.18378378378378,207.16216216216216,15.0,8,Autumn,United Kingdom,43,3,672.8,0,Regular Customers
16649.0,2010-07-07 15:41:00,2010-07-07 15:41:00,1,82,306.58,15.329,82.0,20.0,15,Summer,United Kingdom,520,1,306.58000000000004,1,At-Risk Customers
16650.0,2010-07-08 14:18:00,2011-09-29 09:51:00,7,1511,1916.11,19.55214285714285,331.0204081632653,22.897959183673468,14,Summer,United Kingdom,72,7,1916.11,0,Regular Customers
16651.0,2010-05-02 11:46:00,2010-05-02 11:46:00,1,60,136.2,22.7,60.0,6.0,11,Spring,United Kingdom,587,1,136.2,1,At-Risk Customers
16652.0,2010-03-17 10:22:00,2011-10-12 09:38:00,16,7477,17550.39,63.8196,840.0545454545454,29.829090909090908,10,Spring,United Kingdom,59,16,17550.39,0,Regular Customers
16653.0,2011-09-29 13:38:00,2011-11-23 14:51:00,2,733,1212.66,17.574782608695653,689.1449275362319,65.1159420289855,13,Autumn,United Kingdom,16,2,1212.66,0,Regular Customers
16654.0,2010-04-06 13:29:00,2011-07-21 15:23:00,8,640,1484.07,20.055,102.01351351351352,11.72972972972973,13,Summer,United Kingdom,141,8,1484.07,0,Regular Customers
16655.0,2010-01-31 15:40:00,2011-11-22 11:25:00,13,3938,6423.26,10.886881355932204,366.7101694915255,54.16949152542373,15,Autumn,United Kingdom,18,13,6423.26,0,Regular Customers
16656.0,2009-12-04 12:59:00,2011-11-17 14:43:00,30,15433,16833.170000000002,119.38418439716314,654.7446808510638,5.76595744680851,9,Summer,United Kingdom,22,30,16833.170000000002,0,Regular Customers
16657.0,2011-03-30 12:02:00,2011-11-30 11:48:00,4,1130,874.43,4.554322916666666,289.4583333333333,50.875,12,Autumn,United Kingdom,10,4,874.43,0,Regular Customers
16658.0,2010-03-30 16:24:00,2010-12-06 13:47:00,6,277,690.83,10.79421875,61.328125,14.671875,16,Spring,United Kingdom,368,6,690.83,1,At-Risk Customers
16659.0,2011-06-03 15:03:00,2011-06-03 15:03:00,1,72,39.12,19.56,72.0,2.0,15,Summer,United Kingdom,189,1,39.12,0,Regular Customers
16660.0,2010-01-14 11:09:00,2011-11-23 14:53:00,7,991,1879.55,78.31458333333333,175.08333333333334,5.625,14,Autumn,United Kingdom,16,7,1879.55,0,Regular Customers
16661.0,2009-12-17 15:39:00,2010-06-17 15:24:00,4,364,932.76,15.044516129032258,151.32258064516128,37.354838709677416,11,Spring,United Kingdom,540,4,932.76,1,At-Risk Customers
16662.0,2010-11-10 16:56:00,2010-11-10 16:56:00,1,35,151.05,5.394642857142857,35.0,28.0,16,Autumn,United Kingdom,394,1,151.05,1,At-Risk Customers
16663.0,2009-12-10 13:12:00,2009-12-10 13:12:00,1,100,165.0,165.0,100.0,1.0,13,Winter,United Kingdom,729,1,165.0,1,At-Risk Customers
16664.0,2010-05-19 17:11:00,2010-05-19 17:11:00,1,24,109.2,13.65,24.0,8.0,17,Spring,United Kingdom,569,1,109.2,1,At-Risk Customers
16665.0,2010-12-12 14:03:00,2010-12-12 14:03:00,1,59,135.4,15.044444444444444,59.0,9.0,14,Winter,United Kingdom,362,1,135.39999999999998,1,At-Risk Customers
16666.0,2010-03-28 15:13:00,2011-11-20 14:01:00,2,354,217.71,4.5356250000000005,195.66666666666663,26.33333333333333,14,Autumn,United Kingdom,19,2,217.71,0,Regular Customers
16667.0,2011-02-28 12:57:00,2011-10-02 15:26:00,2,236,567.1800000000001,10.907307692307691,127.46153846153848,27.384615384615383,15,Autumn,United Kingdom,68,2,567.1800000000001,0,Regular Customers
16668.0,2010-03-18 18:25:00,2011-11-24 17:43:00,13,773,862.42,16.272075471698113,81.73584905660377,5.490566037735849,12,Summer,United Kingdom,15,13,862.42,0,Regular Customers
16669.0,2011-09-22 14:13:00,2011-11-16 12:26:00,3,881,1348.88,8.646666666666667,434.4166666666667,75.53846153846153,12,Autumn,United Kingdom,24,3,1348.88,0,Regular Customers
16670.0,2009-12-10 15:28:00,2011-11-23 09:34:00,20,4534,8030.150000000001,16.55701030927835,338.20412371134023,36.476288659793816,12,Summer,United Kingdom,17,20,8030.150000000001,0,Regular Customers
16671.0,2011-06-28 11:20:00,2011-11-11 13:40:00,3,875,1692.27,282.045,377.0,2.333333333333333,11,Autumn,United Kingdom,28,3,1692.27,0,Regular Customers
16672.0,2011-03-18 10:15:00,2011-12-07 16:29:00,20,2832,8134.94,71.35912280701754,224.1578947368421,9.63157894736842,10,Spring,United Kingdom,2,20,8134.94,0,Regular Customers
16673.0,2010-01-29 14:22:00,2010-01-29 14:22:00,1,95,171.13,9.006842105263157,95.0,19.0,14,Winter,United Kingdom,679,1,171.13,1,At-Risk Customers
16674.0,2011-09-02 13:59:00,2011-10-16 11:31:00,2,181,304.24,3.2713978494623657,99.06451612903226,50.41935483870968,11,Autumn,United Kingdom,55,2,304.24,0,Regular Customers
16675.0,2010-08-18 13:11:00,2010-09-24 12:15:00,2,296,608.86,26.47217391304348,168.8695652173913,15.565217391304348,13,Summer,United Kingdom,442,2,608.86,1,At-Risk Customers
16676.0,2010-10-17 13:07:00,2011-11-06 12:01:00,6,927,2361.9,17.758646616541355,162.7669172932331,22.93984962406015,13,Autumn,United Kingdom,34,6,2361.9,0,Regular Customers
16677.0,2010-02-25 16:11:00,2010-10-24 14:53:00,2,457,880.62,18.73659574468085,243.53191489361703,24.361702127659573,14,Autumn,United Kingdom,411,2,880.62,1,At-Risk Customers
16678.0,2011-03-02 09:24:00,2011-12-07 12:17:00,12,2397,3109.99,19.07969325153374,222.90184049079755,15.319018404907975,13,Spring,United Kingdom,3,12,3109.99,0,Regular Customers
16679.0,2010-06-10 18:35:00,2010-12-08 13:51:00,3,247,663.31,36.85055555555555,108.66666666666669,7.0,13,Autumn,United Kingdom,366,3,663.31,1,At-Risk Customers
16680.0,2010-06-23 09:30:00,2011-10-27 17:35:00,3,377,821.45,28.32586206896552,178.75862068965515,13.413793103448276,9,Summer,United Kingdom,43,3,821.45,0,Regular Customers
16681.0,2010-03-08 14:10:00,2011-09-28 11:11:00,7,1492,1921.84,39.22122448979592,250.4081632653061,8.591836734693878,10,Spring,United Kingdom,73,7,1921.84,0,Regular Customers
16682.0,2011-06-05 11:02:00,2011-12-05 12:13:00,5,1040,1028.0,34.266666666666666,276.6,7.133333333333334,11,Summer,United Kingdom,5,5,1028.0,0,Regular Customers
16683.0,2010-06-24 10:36:00,2010-06-24 10:36:00,1,190,320.25,17.791666666666668,190.0,18.0,10,Summer,United Kingdom,534,1,320.25,1,At-Risk Customers
16684.0,2009-12-07 12:56:00,2011-12-05 14:06:00,55,104810,147142.77,204.93422005571028,3518.008356545961,28.949860724233982,10,Autumn,United Kingdom,4,55,147142.77,3,Loyal Customers
16685.0,2011-10-09 13:44:00,2011-10-09 13:58:00,2,396,324.24,5.229677419354839,343.5483870967742,47.80645161290322,13,Autumn,United Kingdom,61,2,324.24,0,Regular Customers
16686.0,2009-12-06 15:48:00,2011-10-23 13:49:00,16,3419,4881.07,4.748122568093385,271.329766536965,80.72081712062257,14,Autumn,United Kingdom,47,16,4881.07,0,Regular Customers
16687.0,2010-11-14 11:46:00,2010-11-14 11:46:00,1,141,157.63,19.70375,141.0,8.0,11,Autumn,United Kingdom,391,1,157.63,1,At-Risk Customers
16688.0,2011-10-10 12:23:00,2011-12-08 15:24:00,4,804,1260.86,20.33645161290323,346.35483870967744,22.41935483870968,16,Autumn,United Kingdom,1,4,1260.86,0,Regular Customers
16689.0,2011-09-18 13:29:00,2011-09-25 11:39:00,2,330,422.6,32.50769230769231,219.3846153846154,8.384615384615385,13,Autumn,United Kingdom,76,2,422.6,0,Regular Customers
16690.0,2010-09-14 15:00:00,2011-09-28 15:02:00,4,209,353.03000000000003,18.580526315789477,60.26315789473684,5.421052631578948,15,Autumn,United Kingdom,72,4,353.03,0,Regular Customers
16691.0,2010-05-27 14:55:00,2010-10-17 15:03:00,2,92,178.83,16.257272727272728,43.54545454545455,5.909090909090909,15,Autumn,United Kingdom,418,2,178.83,1,At-Risk Customers
16692.0,2010-09-24 11:31:00,2011-03-28 14:46:00,4,878,1914.7,382.94,205.8,1.4,14,Autumn,United Kingdom,256,4,1914.7,0,Regular Customers
16693.0,2010-02-21 12:42:00,2011-10-02 11:10:00,5,658,1179.48,7.020714285714286,134.92857142857142,34.82142857142857,11,Autumn,United Kingdom,69,5,1179.48,0,Regular Customers
16694.0,2009-12-16 15:45:00,2009-12-16 15:45:00,1,26,98.3,32.76666666666667,26.0,3.0,15,Winter,United Kingdom,723,1,98.3,1,At-Risk Customers
16695.0,2010-05-27 12:24:00,2010-05-27 12:36:00,2,184,191.9,5.482857142857143,170.82857142857142,26.51428571428572,12,Spring,United Kingdom,562,2,191.9,1,At-Risk Customers
16696.0,2011-04-05 15:20:00,2011-07-27 14:23:00,4,146,657.9,65.78999999999999,60.8,4.2,11,Spring,United Kingdom,135,4,657.9000000000001,0,Regular Customers
16697.0,2011-04-12 17:12:00,2011-04-12 17:12:00,1,27,112.75,5.369047619047619,27.0,20.0,17,Spring,United Kingdom,241,1,112.75,0,Regular Customers
16698.0,2011-03-31 13:33:00,2011-04-27 10:52:00,2,840,1998.0,399.6,480.0,3.4,13,Spring,United Kingdom,227,2,1998.0,0,Regular Customers
16699.0,2009-12-04 13:31:00,2010-11-24 14:38:00,7,640,994.6,16.04193548387097,109.41935483870968,11.403225806451612,13,Spring,United Kingdom,380,7,994.6,1,At-Risk Customers
16700.0,2009-12-02 10:51:00,2011-12-01 11:00:00,25,6644,8830.77,17.147126213592234,319.31650485436893,25.27572815533981,13,Spring,United Kingdom,9,25,8830.77,0,Regular Customers
16701.0,2009-12-01 19:19:00,2011-12-01 11:10:00,26,11046,9916.73,36.06083636363636,535.4654545454546,13.505454545454546,12,Summer,United Kingdom,9,26,9916.73,0,Regular Customers
16702.0,2009-12-07 16:40:00,2010-10-20 14:10:00,4,692,1110.83,12.206923076923076,192.92307692307693,24.274725274725277,15,Winter,United Kingdom,415,4,1110.83,1,At-Risk Customers
16704.0,2010-02-05 14:14:00,2010-03-31 14:02:00,2,433,664.16,12.29925925925926,341.4074074074074,37.81481481481482,14,Winter,United Kingdom,618,2,664.16,1,At-Risk Customers
16705.0,2009-12-09 13:34:00,2011-12-09 12:08:00,42,22302,43515.051,62.97402460202605,1321.218523878437,33.94066570188133,13,Autumn,United Kingdom,1,42,43515.051,0,Regular Customers
16706.0,2011-08-17 15:53:00,2011-11-02 13:50:00,3,249,531.35,4.319918699186992,113.58536585365852,51.89430894308943,15,Summer,United Kingdom,37,3,531.35,0,Regular Customers
16707.0,2010-03-09 15:16:00,2010-11-04 14:39:00,4,396,533.41,8.206307692307691,105.0923076923077,18.32307692307692,15,Spring,United Kingdom,400,4,533.41,1,At-Risk Customers
16708.0,2011-10-25 12:20:00,2011-10-25 12:20:00,1,285,656.63,24.31962962962963,285.0,27.0,12,Autumn,United Kingdom,46,1,656.63,0,Regular Customers
16709.0,2009-12-09 13:16:00,2011-09-16 10:56:00,14,3261,9056.01,29.9867880794702,330.3841059602649,31.29139072847682,13,Autumn,United Kingdom,85,14,9056.01,0,Regular Customers
16710.0,2009-12-04 13:41:00,2011-11-20 14:50:00,22,4174,5921.35,6.514136413641364,214.4004400440044,47.26402640264026,13,Autumn,United Kingdom,19,22,5921.35,0,Regular Customers
16711.0,2009-12-02 13:22:00,2011-12-06 16:32:00,9,1212,2868.48,86.92363636363636,169.9090909090909,4.9393939393939394,14,Winter,United Kingdom,3,9,2868.48,0,Regular Customers
16712.0,2010-11-03 15:45:00,2011-11-30 13:48:00,13,2074,4232.87,8.12451055662188,194.5892514395393,51.42802303262956,15,Autumn,United Kingdom,9,13,4232.87,0,Regular Customers
16713.0,2009-12-15 12:49:00,2011-11-21 12:36:00,32,8482,14115.56,11.149731437598737,314.48578199052133,59.68957345971564,12,Winter,United Kingdom,19,32,14115.56,0,Regular Customers
16714.0,2010-02-07 11:17:00,2011-05-05 11:09:00,4,828,1497.33,13.612090909090908,503.58181818181816,62.78181818181818,13,Winter,United Kingdom,219,4,1497.33,0,Regular Customers
16715.0,2010-05-26 12:35:00,2011-09-22 18:15:00,2,1174,625.52,22.34,606.6428571428571,15.785714285714286,18,Autumn,United Kingdom,78,2,625.52,0,Regular Customers
16716.0,2010-03-19 11:05:00,2011-03-18 10:03:00,3,912,2149.6800000000003,268.71000000000004,609.0,4.75,11,Spring,United Kingdom,267,3,2149.6800000000003,1,At-Risk Customers
16717.0,2009-12-07 15:55:00,2011-11-16 12:16:00,14,3145,6663.68,19.039085714285715,402.26,42.80571428571429,12,Autumn,United Kingdom,24,14,6663.68,0,Regular Customers
16718.0,2009-12-06 13:07:00,2010-12-05 13:03:00,5,1924,3006.08,16.983502824858757,395.9378531073446,34.88700564971752,13,Winter,United Kingdom,369,5,3006.08,1,At-Risk Customers
16719.0,2009-12-13 10:59:00,2011-11-25 09:27:00,14,2356,3513.62,8.963316326530611,177.14795918367346,30.5280612244898,10,Autumn,United Kingdom,15,14,3513.62,0,Regular Customers
16720.0,2009-12-17 17:54:00,2011-11-13 16:22:00,3,460,758.74,5.4195714285714285,156.50714285714287,52.27142857142857,14,Autumn,United Kingdom,26,3,758.74,0,Regular Customers
16721.0,2011-03-22 16:08:00,2011-03-22 16:08:00,1,172,292.47,7.904594594594595,172.0,37.0,16,Spring,United Kingdom,262,1,292.47,1,At-Risk Customers
16722.0,2009-12-03 19:23:00,2011-11-22 13:28:00,22,7986,8189.56,21.665502645502645,386.3809523809524,18.62962962962963,15,Summer,United Kingdom,17,22,8189.56,0,Regular Customers
16723.0,2009-12-04 13:23:00,2011-09-09 13:01:00,4,958,1231.36,9.930322580645162,280.7903225806452,39.75,11,Winter,United Kingdom,91,4,1231.36,0,Regular Customers
16724.0,2010-10-31 11:40:00,2010-10-31 11:40:00,1,69,147.35,8.66764705882353,69.0,17.0,11,Autumn,United Kingdom,405,1,147.35,1,At-Risk Customers
16725.0,2009-12-13 15:54:00,2011-02-10 16:52:00,14,700,1688.26,4.85132183908046,71.17528735632185,35.083333333333336,16,Winter,United Kingdom,302,14,1688.26,1,At-Risk Customers
16726.0,2010-10-24 16:09:00,2011-11-13 14:53:00,7,1323,2063.88,7.877404580152672,268.18702290076334,47.87022900763359,14,Autumn,United Kingdom,26,7,2063.88,0,Regular Customers
16727.0,2010-01-20 10:48:00,2010-12-10 13:48:00,4,1066,1377.77,6.7208292682926825,256.2487804878049,53.94146341463415,14,Autumn,United Kingdom,364,4,1377.77,1,At-Risk Customers
16728.0,2011-03-20 13:28:00,2011-10-24 14:36:00,4,671,1048.28,3.985855513307985,226.61977186311788,82.66159695817491,14,Autumn,United Kingdom,46,4,1048.28,0,Regular Customers
16729.0,2011-04-12 14:22:00,2011-11-01 14:29:00,21,5722,7205.33,10.983734756097562,352.0457317073171,39.21951219512195,12,Autumn,United Kingdom,38,21,7205.33,0,Regular Customers
16730.0,2011-01-24 14:01:00,2011-10-18 14:11:00,3,994,743.11,9.062317073170732,295.4268292682927,31.890243902439025,14,Autumn,United Kingdom,52,3,743.11,0,Regular Customers
16731.0,2010-03-01 15:05:00,2010-03-01 15:05:00,1,124,170.3,4.0547619047619055,124.0,40.0,15,Spring,United Kingdom,648,1,170.3,1,At-Risk Customers
16732.0,2009-12-08 13:04:00,2011-11-08 09:54:00,4,2414,4387.64,19.853574660633484,817.4977375565611,74.83710407239819,13,Autumn,United Kingdom,32,4,4387.64,0,Regular Customers
16733.0,2010-06-28 10:12:00,2010-06-28 10:12:00,1,112,259.68,21.64,112.0,12.0,10,Summer,United Kingdom,530,1,259.68,1,At-Risk Customers
16734.0,2011-08-17 15:00:00,2011-10-18 13:44:00,3,345,646.76,12.437692307692307,154.96153846153845,23.21153846153846,15,Summer,United Kingdom,52,3,646.76,0,Regular Customers
16735.0,2009-12-08 09:24:00,2011-09-22 11:49:00,14,4240,6217.41,21.14765306122449,375.7517006802721,25.74149659863945,12,Autumn,United Kingdom,79,14,6217.41,0,Regular Customers
16736.0,2009-12-03 16:12:00,2010-07-22 10:09:00,5,1050,2956.56,20.675244755244755,369.1958041958042,51.26573426573427,16,Winter,United Kingdom,506,5,2956.56,1,At-Risk Customers
16737.0,2010-05-11 09:53:00,2011-10-17 13:03:00,2,576,835.2,417.6,288.0,1.0,9,Autumn,United Kingdom,53,2,835.1999999999999,0,Regular Customers
16738.0,2011-02-15 09:46:00,2011-02-15 09:46:00,1,3,3.75,3.75,3.0,1.0,9,Winter,United Kingdom,298,1,3.75,1,At-Risk Customers
16739.0,2010-06-21 09:38:00,2011-06-16 09:17:00,2,391,786.4300000000001,20.69552631578948,202.92105263157896,20.894736842105264,9,Summer,United Kingdom,177,2,786.43,0,Regular Customers
16740.0,2010-11-09 13:34:00,2010-11-09 13:34:00,1,110,226.91,7.0909375,110.0,30.0,13,Autumn,United Kingdom,395,1,226.91,1,At-Risk Customers
16741.0,2010-03-24 15:15:00,2010-03-24 15:15:00,1,81,173.06,15.732727272727272,81.0,11.0,15,Spring,United Kingdom,625,1,173.06,1,At-Risk Customers
16742.0,2009-12-16 17:22:00,2011-10-24 12:02:00,14,2558,2799.87,26.92182692307692,200.91346153846155,10.01923076923077,10,Spring,United Kingdom,47,14,2799.87,0,Regular Customers
16743.0,2010-04-22 13:21:00,2011-11-10 13:13:00,14,3707,4212.15,11.353504043126684,292.3611859838275,28.644204851752026,13,Summer,United Kingdom,29,14,4212.15,0,Regular Customers
16744.0,2011-06-19 15:13:00,2011-11-28 13:06:00,7,798,1291.91,5.4741949152542375,124.75,35.13559322033898,12,Autumn,United Kingdom,11,7,1291.91,0,Regular Customers
16745.0,2011-02-01 11:31:00,2011-09-14 11:58:00,17,6719,7180.7,20.22732394366197,413.6450704225352,24.323943661971832,12,Spring,United Kingdom,87,17,7180.7,0,Regular Customers
16746.0,2009-12-04 13:00:00,2011-12-05 12:33:00,42,11900,18046.75,18.3588504577823,321.9267548321465,33.36724313326551,12,Autumn,United Kingdom,5,42,18046.75,0,Regular Customers
16747.0,2011-10-03 10:18:00,2011-11-02 11:37:00,2,583,836.0600000000001,19.90619047619048,288.5,22.714285714285715,10,Autumn,United Kingdom,38,2,836.06,0,Regular Customers
16748.0,2009-12-10 12:28:00,2011-11-22 10:17:00,14,2127,3637.33,22.04442424242424,195.74545454545452,15.472727272727273,10,Autumn,United Kingdom,18,14,3637.33,0,Regular Customers
16749.0,2009-12-15 14:05:00,2010-04-27 13:06:00,2,1910,4157.88,57.748333333333335,911.3333333333334,39.333333333333336,13,Spring,United Kingdom,591,2,4157.88,1,At-Risk Customers
16750.0,2011-04-21 16:53:00,2011-10-26 12:48:00,5,214,623.93,6.567684210526315,49.90526315789474,25.25263157894737,17,Autumn,United Kingdom,45,5,623.93,0,Regular Customers
16751.0,2011-11-09 10:48:00,2011-11-09 10:48:00,1,1031,1764.72,70.5888,1031.0,24.0,10,Autumn,United Kingdom,31,1,1764.72,0,Regular Customers
16752.0,2010-12-02 12:18:00,2010-12-02 12:18:00,1,54,207.5,23.05555555555556,54.0,9.0,12,Winter,United Kingdom,373,1,207.5,1,At-Risk Customers
16753.0,2011-10-12 13:14:00,2011-10-12 13:14:00,1,189,223.92,6.5858823529411765,189.0,34.0,13,Autumn,United Kingdom,58,1,223.92,0,Regular Customers
16754.0,2010-03-08 11:32:00,2010-12-02 17:38:00,29,63551,65500.07,467.8576428571429,3093.842857142857,8.785714285714286,9,Spring,United Kingdom,372,29,65500.07,0,Regular Customers
16755.0,2009-12-09 14:25:00,2011-08-17 13:21:00,7,1985,2864.68,8.980188087774295,344.7492163009404,58.87774294670847,14,Spring,United Kingdom,114,7,2864.68,0,Regular Customers
16756.0,2010-03-09 15:56:00,2011-05-09 09:33:00,7,707,1312.37,16.61227848101266,134.40506329113924,14.0126582278481,10,Spring,United Kingdom,215,7,1312.37,0,Regular Customers
16757.0,2010-10-26 15:09:00,2011-01-25 11:59:00,2,180,270.48,18.032,90.6,7.533333333333333,15,Autumn,United Kingdom,319,2,270.48,1,At-Risk Customers
16758.0,2011-10-05 14:47:00,2011-10-05 14:47:00,1,203,369.34,16.78818181818182,203.0,22.0,14,Autumn,United Kingdom,65,1,369.34,0,Regular Customers
16759.0,2011-11-09 09:06:00,2011-12-02 12:42:00,3,609,789.79,18.804523809523808,218.23809523809524,15.476190476190476,9,Autumn,United Kingdom,8,3,789.79,0,Regular Customers
16760.0,2010-10-05 15:55:00,2010-10-05 15:55:00,1,168,228.0,13.411764705882351,168.0,17.0,15,Autumn,United Kingdom,430,1,228.0,1,At-Risk Customers
16761.0,2011-09-04 11:15:00,2011-09-04 11:15:00,1,341,316.62,24.35538461538461,341.0,13.0,11,Autumn,United Kingdom,97,1,316.62,0,Regular Customers
16762.0,2011-07-18 12:52:00,2011-11-20 11:43:00,3,480,1207.24,19.162539682539684,160.12698412698413,23.03174603174603,11,Autumn,United Kingdom,20,3,1207.24,0,Regular Customers
16763.0,2009-12-01 15:26:00,2011-05-25 11:52:00,2,492,964.7,21.925,249.3181818181818,22.045454545454547,11,Spring,United Kingdom,199,2,964.7,0,Regular Customers
16764.0,2011-07-19 17:17:00,2011-12-06 11:41:00,13,1253,2790.9500000000003,3.987071428571429,100.88571428571429,56.30142857142857,12,Autumn,United Kingdom,4,13,2790.9500000000003,0,Regular Customers
16765.0,2010-11-22 13:42:00,2011-02-18 15:41:00,2,311,454.75,8.745192307692308,301.1730769230769,50.03846153846154,13,Autumn,United Kingdom,294,2,454.75,1,At-Risk Customers
16766.0,2011-03-11 13:34:00,2011-03-11 15:22:00,2,536,1145.6,33.69411764705882,268.0,17.0,13,Spring,United Kingdom,273,2,1145.6,1,At-Risk Customers
16767.0,2010-04-28 16:49:00,2011-11-09 09:42:00,15,7102,8056.76,25.09894080996885,640.772585669782,30.27102803738318,16,Summer,United Kingdom,31,15,8056.76,0,Regular Customers
16768.0,2009-12-07 11:47:00,2011-10-23 10:38:00,9,774,1698.57,10.550124223602484,89.16149068322981,19.546583850931675,10,Spring,United Kingdom,48,9,1698.57,0,Regular Customers
16769.0,2009-12-14 11:10:00,2011-03-24 13:41:00,4,295,1117.05,11.515979381443298,86.64948453608247,28.216494845360824,13,Spring,United Kingdom,260,4,1117.05,0,Regular Customers
16770.0,2010-08-22 16:08:00,2011-10-13 12:21:00,9,1052,1778.93,5.247581120943953,136.18879056047197,45.71681415929204,12,Autumn,United Kingdom,58,9,1778.93,0,Regular Customers
16771.0,2009-12-09 11:52:00,2011-11-06 13:28:00,10,2308,3949.6,9.680392156862744,330.6519607843137,61.0,12,Winter,United Kingdom,33,10,3949.6,0,Regular Customers
16772.0,2009-12-18 10:50:00,2010-10-12 13:19:00,3,687,3698.05,54.38308823529412,353.6764705882353,35.73529411764706,13,Autumn,United Kingdom,423,3,3698.05,1,At-Risk Customers
16773.0,2009-12-06 15:01:00,2011-10-13 14:37:00,3,252,421.24,6.480615384615385,93.6,21.153846153846157,15,Autumn,United Kingdom,57,3,421.24,0,Regular Customers
16774.0,2010-02-16 16:53:00,2011-10-03 12:41:00,8,774,1567.48,11.965496183206106,114.6412213740458,20.106870229007637,12,Summer,United Kingdom,68,8,1567.48,0,Regular Customers
16775.0,2010-09-23 17:34:00,2011-11-29 15:22:00,16,957,2820.84,10.891274131274132,73.64092664092664,18.942084942084943,15,Autumn,United Kingdom,10,16,2820.84,0,Regular Customers
16776.0,2010-10-20 12:13:00,2011-10-10 13:04:00,2,435,592.51,4.702460317460317,222.13492063492063,55.32539682539682,13,Autumn,United Kingdom,60,2,592.51,0,Regular Customers
16777.0,2010-03-17 12:42:00,2011-09-20 13:41:00,5,470,1292.18,9.099859154929575,136.67605633802816,34.7112676056338,9,Spring,United Kingdom,80,5,1292.18,0,Regular Customers
16778.0,2011-03-10 15:21:00,2011-09-26 13:48:00,2,194,245.94,15.37125,108.625,9.125,13,Autumn,United Kingdom,74,2,245.94,0,Regular Customers
16779.0,2009-12-03 13:03:00,2011-12-07 14:54:00,53,19411,32809.03,31.54714423076923,480.1375,24.841346153846157,12,Winter,United Kingdom,2,53,32809.03,0,Regular Customers
16780.0,2010-10-28 19:41:00,2011-08-31 16:09:00,3,352,596.4,6.2125,125.44791666666669,34.9375,16,Summer,United Kingdom,100,3,596.4,0,Regular Customers
16781.0,2010-02-08 13:56:00,2010-12-02 14:26:00,2,192,623.0,15.974358974358974,93.82051282051282,19.82051282051282,13,Winter,United Kingdom,372,2,623.0,1,At-Risk Customers
16782.0,2009-12-09 11:58:00,2011-11-29 13:20:00,38,4027,9636.12,5.725561497326204,146.2703505644682,60.18419489007725,11,Autumn,United Kingdom,10,38,9636.12,0,Regular Customers
16783.0,2010-09-29 11:53:00,2010-09-29 11:53:00,1,163,391.95,15.678,163.0,25.0,11,Autumn,United Kingdom,437,1,391.95,1,At-Risk Customers
16784.0,2010-03-28 12:55:00,2011-11-20 12:20:00,5,494,892.33,5.647658227848101,137.20886075949366,46.607594936708864,12,Autumn,United Kingdom,20,5,892.33,0,Regular Customers
16785.0,2010-10-26 10:36:00,2010-10-26 10:36:00,1,313,533.78,15.250857142857145,313.0,35.0,10,Autumn,United Kingdom,410,1,533.78,1,At-Risk Customers
16786.0,2010-11-11 08:25:00,2010-11-11 08:25:00,1,72,51.84,51.84,72.0,1.0,8,Autumn,United Kingdom,394,1,51.84,1,At-Risk Customers
16787.0,2010-01-10 11:12:00,2010-11-07 11:01:00,4,472,1017.53,9.085089285714286,137.89285714285714,39.21428571428572,11,Spring,United Kingdom,398,4,1017.53,1,At-Risk Customers
16788.0,2010-02-07 12:40:00,2011-08-08 14:53:00,5,965,1928.93,4.035418410041841,199.0857740585774,98.51255230125524,13,Summer,United Kingdom,123,5,1928.93,0,Regular Customers
16789.0,2011-12-01 15:12:00,2011-12-01 15:12:00,1,32,80.80000000000001,16.160000000000004,32.0,5.0,15,Winter,United Kingdom,8,1,80.8,0,Regular Customers
16790.0,2011-11-02 11:23:00,2011-12-06 11:53:00,6,898,1545.62,16.61956989247312,214.8494623655914,23.817204301075268,11,Autumn,United Kingdom,4,6,1545.62,0,Regular Customers
16791.0,2009-12-03 18:08:00,2011-11-10 19:12:00,15,1854,3957.63,5.811497797356829,166.59324522760647,59.59471365638767,12,Autumn,United Kingdom,29,15,3957.63,0,Regular Customers
16792.0,2010-01-04 13:47:00,2011-03-02 14:41:00,5,324,623.46,6.112352941176471,88.29411764705883,29.647058823529413,13,Winter,United Kingdom,282,5,623.46,1,At-Risk Customers
16793.0,2011-10-13 15:08:00,2011-10-13 15:08:00,1,146,243.84,15.24,146.0,16.0,15,Autumn,United Kingdom,57,1,243.84,0,Regular Customers
16794.0,2010-03-25 15:17:00,2011-12-08 17:54:00,15,1576,2052.7,4.089043824701195,141.70517928286853,43.55776892430279,15,Autumn,United Kingdom,1,15,2052.7,0,Regular Customers
16795.0,2010-01-25 13:14:00,2010-12-09 14:08:00,3,1214,2062.41,6.138125,459.5654761904762,121.125,15,Winter,United Kingdom,365,3,2062.41,1,At-Risk Customers
16796.0,2011-09-11 14:01:00,2011-09-11 14:01:00,1,186,305.62,16.97888888888889,186.0,18.0,14,Autumn,United Kingdom,89,1,305.62,0,Regular Customers
16797.0,2009-12-02 13:33:00,2010-11-11 19:14:00,5,898,1802.02,4.527688442211055,199.8140703517588,88.5678391959799,12,Autumn,United Kingdom,393,5,1802.02,1,At-Risk Customers
16798.0,2009-12-10 19:35:00,2010-06-03 19:01:00,3,205,841.16,4.977278106508876,75.82840236686391,61.43195266272189,19,Spring,United Kingdom,554,3,841.16,1,At-Risk Customers
16799.0,2010-09-12 12:46:00,2010-10-03 14:28:00,2,162,452.78,4.921521739130435,83.93478260869566,44.17391304347826,12,Autumn,United Kingdom,432,2,452.78,1,At-Risk Customers
16800.0,2011-11-28 14:06:00,2011-11-28 14:06:00,1,524,1162.65,7.452884615384616,524.0,148.0,14,Autumn,United Kingdom,11,1,1162.65,0,Regular Customers
16801.0,2011-03-11 13:56:00,2011-06-29 15:33:00,4,493,1594.23,21.2564,175.70666666666668,32.14666666666667,13,Spring,United Kingdom,163,4,1594.23,0,Regular Customers
16802.0,2009-12-09 13:00:00,2010-01-29 13:44:00,2,369,582.61,10.992641509433962,194.35849056603772,27.245283018867923,13,Winter,United Kingdom,679,2,582.61,1,At-Risk Customers
16803.0,2011-10-05 14:28:00,2011-10-05 14:28:00,1,245,332.3,13.845833333333331,245.0,24.0,14,Autumn,United Kingdom,65,1,332.3,0,Regular Customers
16804.0,2011-03-14 15:48:00,2011-11-16 16:43:00,3,246,536.99,8.949833333333334,136.5,32.7,16,Autumn,United Kingdom,23,3,536.99,0,Regular Customers
16805.0,2009-12-08 14:29:00,2011-06-19 11:23:00,5,1120,1091.34,4.38289156626506,290.0481927710844,64.46987951807229,15,Winter,United Kingdom,174,5,1091.34,0,Regular Customers
16806.0,2011-04-14 19:59:00,2011-08-28 15:27:00,4,356,762.16,8.195268817204301,91.96774193548389,27.21505376344086,15,Summer,United Kingdom,103,4,762.16,0,Regular Customers
16807.0,2010-03-26 14:38:00,2011-07-20 12:00:00,6,1433,2123.88,14.956901408450705,246.4718309859155,24.70422535211268,14,Spring,United Kingdom,143,6,2123.88,0,Regular Customers
16808.0,2011-03-10 19:05:00,2011-09-01 19:34:00,2,196,288.42,12.54,109.7391304347826,16.391304347826086,19,Spring,United Kingdom,99,2,288.42,0,Regular Customers
16809.0,2010-04-13 15:34:00,2011-11-16 15:45:00,9,1093,1727.43,6.6696138996139,132.84555984555985,33.71042471042471,15,Spring,United Kingdom,23,9,1727.43,0,Regular Customers
16810.0,2010-10-15 15:32:00,2011-05-31 15:32:00,2,372,842.04,24.765882352941176,194.4705882352941,17.235294117647058,15,Autumn,United Kingdom,192,2,842.0400000000001,0,Regular Customers
16811.0,2011-11-22 17:19:00,2011-12-05 11:39:00,2,477,547.07,19.53821428571429,282.6428571428572,15.142857142857142,17,Autumn,United Kingdom,5,2,547.07,0,Regular Customers
16812.0,2010-11-22 14:36:00,2010-12-14 12:35:00,4,1116,2392.0,20.8,415.6608695652174,37.59130434782609,14,Autumn,United Kingdom,361,4,2392.0,1,At-Risk Customers
16813.0,2011-05-19 13:28:00,2011-12-01 14:03:00,10,1501,1652.18,3.878356807511737,164.26760563380282,49.985915492957744,13,Summer,United Kingdom,8,10,1652.18,0,Regular Customers
16814.0,2010-04-11 12:45:00,2011-11-25 13:27:00,36,4844,11924.85,15.547392438070403,160.99608865710562,31.303780964797912,12,Spring,United Kingdom,14,36,11924.85,0,Regular Customers
16815.0,2010-06-21 12:05:00,2010-09-12 10:59:00,2,237,406.02,5.561917808219178,116.15068493150685,35.93150684931507,12,Summer,United Kingdom,454,2,406.02,1,At-Risk Customers
16816.0,2010-12-16 17:01:00,2011-08-28 14:16:00,4,274,417.06,14.895,98.35714285714286,10.142857142857142,15,Winter,United Kingdom,103,4,417.06,0,Regular Customers
16817.0,2010-10-04 09:06:00,2011-12-07 11:03:00,13,1401,2560.7000000000003,18.160992907801425,122.30496453900707,12.319148936170214,10,Autumn,United Kingdom,3,13,2560.7,0,Regular Customers
16818.0,2011-05-18 11:42:00,2011-11-29 10:41:00,11,2164,3349.57,17.81686170212766,295.531914893617,25.404255319148938,12,Summer,United Kingdom,11,11,3349.57,0,Regular Customers
16819.0,2010-08-31 17:31:00,2010-08-31 17:37:00,2,253,182.59,10.740588235294116,209.4705882352941,13.470588235294118,17,Summer,United Kingdom,465,2,182.59,1,At-Risk Customers
16820.0,2011-09-05 12:06:00,2011-09-05 12:06:00,1,307,497.61,19.138846153846156,307.0,26.0,12,Autumn,United Kingdom,96,1,497.61,0,Regular Customers
16821.0,2010-11-23 10:04:00,2010-11-23 10:04:00,1,13,113.35,16.192857142857143,13.0,7.0,10,Autumn,United Kingdom,382,1,113.35,1,At-Risk Customers
16822.0,2010-01-22 14:22:00,2010-01-22 14:22:00,1,171,181.39,16.49,171.0,11.0,14,Winter,United Kingdom,686,1,181.39,1,At-Risk Customers
16823.0,2009-12-02 09:57:00,2011-04-26 15:00:00,7,1166,2243.09,12.965838150289018,171.32369942196533,25.43352601156069,15,Autumn,United Kingdom,227,7,2243.09,0,Regular Customers
16824.0,2010-11-11 12:21:00,2011-11-24 12:38:00,3,390,686.24,17.595897435897434,130.0,13.0,12,Autumn,United Kingdom,16,3,686.24,0,Regular Customers
16825.0,2010-06-23 13:14:00,2011-11-01 11:51:00,5,1297,1826.89,28.54515625,237.4375,14.6875,9,Autumn,United Kingdom,39,5,1826.89,0,Regular Customers
16826.0,2011-10-19 14:05:00,2011-10-19 14:05:00,1,158,341.7,15.53181818181818,158.0,22.0,14,Autumn,United Kingdom,51,1,341.7,0,Regular Customers
16827.0,2010-04-29 19:07:00,2010-11-11 14:04:00,5,125,392.13,32.6775,18.08333333333333,2.6666666666666665,14,Autumn,United Kingdom,393,5,392.13,1,At-Risk Customers
16828.0,2011-08-19 13:24:00,2011-09-07 15:10:00,2,59,128.5,16.0625,50.875,6.25,13,Summer,United Kingdom,93,2,128.5,0,Regular Customers
16829.0,2010-11-16 18:11:00,2011-07-06 10:48:00,2,215,513.32,19.01185185185185,109.07407407407408,13.962962962962964,18,Autumn,United Kingdom,157,2,513.32,0,Regular Customers
16830.0,2009-12-13 12:11:00,2011-11-01 11:35:00,4,699,1207.5,16.1,187.14666666666668,20.066666666666663,12,Autumn,United Kingdom,39,4,1207.5,0,Regular Customers
16831.0,2010-05-24 09:08:00,2010-05-24 09:08:00,1,48,91.8,15.3,48.0,6.0,9,Spring,United Kingdom,565,1,91.8,1,At-Risk Customers
16832.0,2010-09-07 12:35:00,2011-06-08 15:36:00,5,179,417.61,19.88619047619048,44.142857142857146,5.095238095238095,14,Spring,United Kingdom,184,5,417.61,0,Regular Customers
16833.0,2010-03-26 15:31:00,2011-12-08 14:39:00,6,878,2409.04,26.18521739130435,203.5434782608696,20.39130434782609,11,Winter,United Kingdom,1,6,2409.04,0,Regular Customers
16834.0,2010-02-03 14:24:00,2011-04-26 09:37:00,2,760,898.96,18.72833333333333,380.0,24.0,9,Spring,United Kingdom,228,2,898.96,0,Regular Customers
16835.0,2010-05-19 08:41:00,2011-08-03 13:50:00,6,496,1456.66,17.764146341463416,106.5609756097561,17.51219512195122,10,Summer,United Kingdom,128,6,1456.66,0,Regular Customers
16836.0,2010-05-14 12:52:00,2011-10-31 10:05:00,4,539,782.37,18.627857142857145,172.0,13.761904761904765,12,Autumn,United Kingdom,40,4,782.37,0,Regular Customers
16837.0,2011-04-08 08:48:00,2011-11-08 14:27:00,11,1563,3170.98,19.218060606060607,276.5090909090909,28.05454545454545,11,Spring,United Kingdom,31,11,3170.98,0,Regular Customers
16838.0,2010-02-14 15:27:00,2011-05-26 13:13:00,4,509,1159.61,19.65440677966102,135.96610169491527,15.71186440677966,15,Winter,United Kingdom,197,4,1159.61,0,Regular Customers
16839.0,2010-02-11 15:02:00,2011-12-01 09:03:00,44,11295,21758.25,62.16642857142857,285.0885714285714,9.982857142857142,12,Autumn,United Kingdom,9,44,21758.25,0,Regular Customers
16840.0,2010-02-03 12:42:00,2010-04-15 15:48:00,2,117,139.85,15.538888888888888,82.11111111111111,5.888888888888889,12,Winter,United Kingdom,603,2,139.85,1,At-Risk Customers
16841.0,2010-01-12 11:32:00,2011-11-03 11:51:00,12,3478,4006.06,18.292511415525112,305.65296803652967,19.0,12,Summer,United Kingdom,37,12,4006.06,0,Regular Customers
16842.0,2011-02-10 14:51:00,2011-08-31 10:42:00,3,693,1264.19,20.066507936507936,260.5079365079365,22.936507936507937,14,Summer,United Kingdom,101,3,1264.19,0,Regular Customers
16843.0,2009-12-10 11:40:00,2011-10-28 09:06:00,35,18502,19571.43,32.83796979865772,1021.493288590604,32.87248322147651,14,Summer,United Kingdom,43,35,19571.43,0,Regular Customers
16844.0,2010-05-06 09:16:00,2010-05-26 10:29:00,2,281,614.34,19.198125,137.9375,16.25,10,Spring,United Kingdom,563,2,614.34,1,At-Risk Customers
16845.0,2010-03-31 13:09:00,2010-03-31 13:09:00,1,167,253.88,12.694,167.0,20.0,13,Spring,United Kingdom,618,1,253.88,1,At-Risk Customers
16846.0,2010-03-10 12:03:00,2011-10-20 13:55:00,3,517,842.41,17.923617021276595,169.59574468085106,16.74468085106383,13,Spring,United Kingdom,50,3,842.41,0,Regular Customers
16847.0,2010-03-31 13:32:00,2011-10-27 13:29:00,2,255,614.89,16.618648648648648,144.8918918918919,20.783783783783782,13,Spring,United Kingdom,43,2,614.89,0,Regular Customers
16848.0,2010-10-03 11:01:00,2011-10-18 08:42:00,4,780,1411.62,16.607294117647058,284.0235294117647,32.2,11,Autumn,United Kingdom,53,4,1411.62,0,Regular Customers
16849.0,2011-06-06 09:16:00,2011-06-06 09:16:00,1,33,124.57,15.57125,33.0,8.0,9,Summer,United Kingdom,187,1,124.57,0,Regular Customers
16850.0,2011-01-10 11:09:00,2011-01-10 11:09:00,1,249,332.41,17.495263157894737,249.0,19.0,11,Winter,United Kingdom,334,1,332.41,1,At-Risk Customers
16851.0,2011-10-19 09:48:00,2011-12-05 13:32:00,3,271,342.45,17.1225,90.8,6.7,9,Autumn,United Kingdom,4,3,342.45,0,Regular Customers
16852.0,2011-06-16 15:49:00,2011-11-29 13:22:00,2,56,144.91,16.10111111111111,40.77777777777778,5.888888888888889,15,Summer,United Kingdom,10,2,144.91000000000005,0,Regular Customers
16854.0,2010-03-09 14:32:00,2010-10-18 16:31:00,2,997,1408.96,18.786133333333336,907.1333333333332,65.66666666666667,14,Spring,United Kingdom,417,2,1408.96,1,At-Risk Customers
16855.0,2011-10-27 16:31:00,2011-11-16 12:03:00,2,164,328.40000000000003,17.284210526315793,82.10526315789474,9.526315789473683,12,Autumn,United Kingdom,24,2,328.4,0,Regular Customers
16856.0,2010-09-23 13:11:00,2011-11-25 08:59:00,3,171,358.49,18.867894736842107,72.89473684210526,7.842105263157895,11,Autumn,United Kingdom,15,3,358.49,0,Regular Customers
16857.0,2010-09-23 10:49:00,2010-09-23 10:49:00,1,168,352.8,32.07272727272727,168.0,11.0,10,Autumn,United Kingdom,443,1,352.8,1,At-Risk Customers
16858.0,2009-12-15 11:09:00,2010-12-06 09:52:00,10,1423,4292.59,34.068174603174604,167.0952380952381,15.873015873015872,12,Winter,United Kingdom,369,10,4292.59,1,At-Risk Customers
16859.0,2010-03-04 12:37:00,2011-07-18 12:19:00,7,1899,1932.41,17.567363636363638,332.8545454545455,21.345454545454544,12,Summer,United Kingdom,145,7,1932.41,0,Regular Customers
16860.0,2010-02-15 13:46:00,2010-09-13 10:05:00,3,625,1610.62,37.45627906976744,196.13953488372093,16.3953488372093,15,Summer,United Kingdom,453,3,1610.62,1,At-Risk Customers
16861.0,2010-07-19 11:44:00,2011-10-11 09:05:00,5,616,946.59,19.31816326530612,183.42857142857144,17.93877551020408,16,Autumn,United Kingdom,60,5,946.59,0,Regular Customers
16862.0,2010-01-07 12:57:00,2010-06-10 13:05:00,4,513,662.33,18.923714285714286,149.2,10.885714285714286,13,Spring,United Kingdom,547,4,662.33,1,At-Risk Customers
16863.0,2010-10-26 10:03:00,2011-11-08 15:26:00,3,640,834.27,17.750425531914892,233.2765957446809,17.25531914893617,10,Autumn,United Kingdom,31,3,834.27,0,Regular Customers
16864.0,2010-04-20 11:56:00,2010-10-01 16:16:00,2,283,409.25,24.073529411764707,185.4705882352941,13.470588235294118,16,Autumn,United Kingdom,434,2,409.25,1,At-Risk Customers
16865.0,2010-11-03 11:34:00,2010-11-03 11:34:00,1,157,130.95,8.184375,157.0,15.0,11,Autumn,United Kingdom,402,1,130.95,1,At-Risk Customers
16866.0,2011-07-01 12:34:00,2011-07-22 10:06:00,3,60,207.74,18.885454545454547,22.90909090909091,4.636363636363637,10,Summer,United Kingdom,141,3,207.74,0,Regular Customers
16867.0,2010-01-19 09:11:00,2010-01-19 09:11:00,1,58,76.74000000000001,12.79,58.0,6.0,9,Winter,United Kingdom,690,1,76.74000000000001,1,At-Risk Customers
16868.0,2010-04-25 11:31:00,2010-11-10 13:17:00,3,112,384.56,7.6912,39.02,17.66,11,Autumn,United Kingdom,394,3,384.56,1,At-Risk Customers
16869.0,2011-06-17 13:01:00,2011-11-17 12:02:00,4,583,817.12,6.434015748031496,157.51968503937007,33.21259842519685,12,Autumn,United Kingdom,23,4,817.12,0,Regular Customers
16870.0,2010-08-27 13:53:00,2010-08-27 13:53:00,1,278,450.16,16.077142857142857,278.0,28.0,13,Summer,United Kingdom,469,1,450.16,1,At-Risk Customers
16871.0,2011-03-14 10:31:00,2011-11-17 19:27:00,6,1253,2812.34,20.528029197080293,271.94890510948903,33.24817518248175,11,Spring,United Kingdom,22,6,2812.34,0,Regular Customers
16872.0,2010-09-02 17:36:00,2011-09-23 16:05:00,6,1079,1213.13,67.39611111111111,172.5,3.555555555555556,11,Autumn,United Kingdom,77,6,1213.13,0,Regular Customers
16873.0,2010-02-09 14:17:00,2011-12-05 12:05:00,12,8601,14617.39,28.54958984375,783.78125,48.8984375,12,Winter,United Kingdom,5,12,14617.39,0,Regular Customers
16874.0,2010-11-25 13:08:00,2010-11-25 13:08:00,1,78,209.89,6.770645161290323,78.0,31.0,13,Autumn,United Kingdom,379,1,209.89,1,At-Risk Customers
16875.0,2010-01-05 09:16:00,2011-10-03 13:39:00,11,2099,4234.53,18.411,287.1043478260869,30.208695652173912,13,Winter,United Kingdom,67,11,4234.53,0,Regular Customers
16876.0,2010-11-01 11:59:00,2010-11-01 11:59:00,1,181,136.01,4.2503125,181.0,32.0,11,Autumn,United Kingdom,404,1,136.01,1,At-Risk Customers
16877.0,2011-05-15 16:13:00,2011-11-27 13:47:00,6,458,846.62,5.427051282051282,82.84615384615384,27.512820512820515,16,Autumn,United Kingdom,12,6,846.62,0,Regular Customers
16878.0,2011-09-16 17:39:00,2011-09-16 17:39:00,1,12,13.3,4.433333333333334,12.0,3.0,17,Autumn,United Kingdom,84,1,13.3,0,Regular Customers
16880.0,2010-08-03 13:54:00,2011-11-09 11:33:00,8,904,1813.21,9.90825136612022,127.08743169398907,28.7103825136612,12,Summer,United Kingdom,31,8,1813.21,0,Regular Customers
16881.0,2011-10-04 10:33:00,2011-10-04 10:33:00,1,600,432.0,432.0,600.0,1.0,10,Autumn,United Kingdom,67,1,432.0,0,Regular Customers
16882.0,2011-01-26 17:43:00,2011-10-04 10:42:00,3,424,705.12,18.08,234.1025641025641,19.82051282051282,10,Autumn,United Kingdom,67,3,705.12,0,Regular Customers
16883.0,2009-12-04 12:07:00,2011-06-05 12:51:00,19,1016,2246.06,8.412209737827714,62.71161048689139,16.89513108614232,11,Summer,United Kingdom,187,19,2246.06,0,Regular Customers
16884.0,2010-05-18 12:00:00,2011-11-02 11:52:00,4,520,1070.97,14.472567567567568,131.21621621621622,20.54054054054054,12,Spring,United Kingdom,38,4,1070.97,0,Regular Customers
16885.0,2010-11-19 12:51:00,2011-11-24 13:40:00,4,358,684.6,5.033823529411765,98.06617647058825,32.47058823529412,12,Autumn,United Kingdom,15,4,684.6,0,Regular Customers
16886.0,2010-09-09 15:08:00,2010-09-09 15:08:00,1,48,134.0,16.75,48.0,8.0,15,Autumn,United Kingdom,456,1,134.0,1,At-Risk Customers
16887.0,2009-12-01 13:41:00,2011-11-04 14:07:00,3,423,658.17,6.516534653465346,142.8118811881188,33.43564356435643,14,Autumn,United Kingdom,35,3,658.17,0,Regular Customers
16888.0,2010-01-07 13:07:00,2010-11-04 12:39:00,3,145,434.2,8.35,50.0,18.942307692307693,13,Winter,United Kingdom,401,3,434.2,1,At-Risk Customers
16889.0,2010-05-23 10:46:00,2011-05-29 11:05:00,6,1611,2526.65,11.643548387096777,283.5668202764977,39.92165898617512,10,Spring,United Kingdom,195,6,2526.65,0,Regular Customers
16890.0,2010-05-06 16:27:00,2010-08-20 11:23:00,3,243,285.41,15.021578947368422,116.36842105263158,15.31578947368421,16,Spring,United Kingdom,477,3,285.41,1,At-Risk Customers
16891.0,2009-12-04 12:37:00,2011-12-08 11:15:00,11,652,1727.94,4.133827751196172,72.1531100478469,43.94736842105263,12,Winter,United Kingdom,2,11,1727.94,0,Regular Customers
16892.0,2009-12-08 14:20:00,2011-12-08 13:18:00,7,367,754.75,5.509124087591241,64.56204379562044,24.8978102189781,13,Autumn,United Kingdom,1,7,754.75,0,Regular Customers
16893.0,2010-11-28 15:14:00,2010-12-08 12:06:00,2,117,249.89,2.8722988505747127,58.62068965517241,42.55172413793103,12,Winter,United Kingdom,367,2,249.89,1,At-Risk Customers
16894.0,2010-06-22 14:21:00,2010-07-25 15:43:00,3,503,1306.96,6.989090909090909,491.0267379679144,181.0748663101604,14,Summer,United Kingdom,502,3,1306.96,1,At-Risk Customers
16895.0,2010-02-12 11:07:00,2011-10-06 12:15:00,5,421,1102.9,6.766257668711657,87.36196319018404,37.71779141104295,11,Autumn,United Kingdom,65,5,1102.9,0,Regular Customers
16896.0,2010-06-02 15:40:00,2010-06-02 15:40:00,1,18,103.95,5.775,18.0,18.0,15,Summer,United Kingdom,555,1,103.95,1,At-Risk Customers
16897.0,2011-01-30 11:52:00,2011-02-13 15:02:00,2,73,289.78,7.831891891891891,49.86486486486486,25.64864864864865,11,Winter,United Kingdom,299,2,289.78,1,At-Risk Customers
16898.0,2010-05-12 12:18:00,2011-11-13 15:44:00,5,695,885.21,3.526733067729084,141.96812749003985,54.33864541832669,13,Autumn,United Kingdom,26,5,885.21,0,Regular Customers
16899.0,2010-11-07 15:00:00,2011-12-02 12:03:00,8,811,1695.77,9.8021387283237,108.57225433526013,24.439306358381504,15,Autumn,United Kingdom,8,8,1695.77,0,Regular Customers
16900.0,2011-10-07 13:17:00,2011-11-23 10:32:00,3,833,887.11,11.229240506329116,459.6708860759493,61.12658227848101,13,Autumn,United Kingdom,17,3,887.11,0,Regular Customers
16901.0,2009-12-10 16:30:00,2009-12-10 16:30:00,1,42,204.26,8.880869565217392,42.0,23.0,16,Winter,United Kingdom,729,1,204.26,1,At-Risk Customers
16902.0,2011-08-15 14:17:00,2011-08-15 14:17:00,1,629,1706.88,38.79272727272728,629.0,43.0,14,Summer,United Kingdom,116,1,1706.88,0,Regular Customers
16903.0,2010-10-20 14:42:00,2011-11-10 15:32:00,3,717,1041.75,5.7239010989010985,245.28571428571428,55.81318681318681,14,Autumn,United Kingdom,29,3,1041.75,0,Regular Customers
16904.0,2010-10-24 16:03:00,2011-12-05 13:10:00,21,2607,4675.36,5.212218506131549,157.00557413600893,56.42028985507246,13,Summer,United Kingdom,4,21,4675.36,0,Regular Customers
16905.0,2009-12-10 20:04:00,2011-12-04 14:01:00,17,1913,4706.77,14.70865625,200.478125,27.75625,15,Autumn,United Kingdom,5,17,4706.77,0,Regular Customers
16906.0,2010-05-13 13:23:00,2011-09-19 11:49:00,7,590,1410.92,6.624037558685447,113.12206572769954,44.262910798122064,15,Autumn,United Kingdom,82,7,1410.92,0,Regular Customers
16907.0,2010-07-01 17:30:00,2011-11-10 18:04:00,9,451,1470.89,7.037751196172249,53.21531100478469,25.30622009569378,18,Autumn,United Kingdom,29,9,1470.89,0,Regular Customers
16908.0,2009-12-17 13:35:00,2009-12-17 13:35:00,1,61,252.59,12.6295,61.0,20.0,13,Winter,United Kingdom,722,1,252.59,1,At-Risk Customers
16909.0,2011-09-28 16:45:00,2011-09-28 16:45:00,1,436,379.14,21.063333333333333,436.0,18.0,16,Autumn,United Kingdom,72,1,379.14,0,Regular Customers
16910.0,2011-09-09 14:14:00,2011-12-05 12:51:00,8,884,1508.96,2.7687339449541284,119.45504587155963,73.32660550458715,14,Autumn,United Kingdom,4,8,1508.96,0,Regular Customers
16911.0,2010-02-16 16:12:00,2010-03-14 12:18:00,2,161,255.25,7.292857142857143,79.0,17.62857142857143,12,Spring,United Kingdom,636,2,255.25,1,At-Risk Customers
16912.0,2009-12-09 12:32:00,2011-11-11 12:18:00,15,1689,4460.51,25.933197674418604,163.05232558139534,16.558139534883722,12,Autumn,United Kingdom,29,15,4460.51,0,Regular Customers
16913.0,2010-02-26 12:06:00,2011-02-22 12:56:00,3,229,423.91,23.55055555555556,57.77777777777778,7.333333333333333,12,Winter,United Kingdom,290,3,423.91,1,At-Risk Customers
16914.0,2011-11-03 15:27:00,2011-11-03 15:27:00,1,112,183.76,6.125333333333333,112.0,25.0,15,Autumn,United Kingdom,36,1,183.76,0,Regular Customers
16915.0,2010-05-19 13:32:00,2011-11-30 16:39:00,11,190,1543.18,20.853783783783783,25.18918918918919,13.594594594594597,13,Autumn,United Kingdom,9,11,1543.18,0,Regular Customers
16916.0,2010-10-20 12:56:00,2011-11-16 12:08:00,4,649,902.02,4.40009756097561,204.5707317073171,58.68292682926829,12,Autumn,United Kingdom,24,4,902.02,0,Regular Customers
16917.0,2010-03-17 15:24:00,2011-03-08 11:55:00,2,792,1851.88,37.037600000000005,500.96,31.96,15,Spring,United Kingdom,277,2,1851.88,1,At-Risk Customers
16918.0,2009-12-03 12:27:00,2011-10-21 12:50:00,16,2066,3206.54,7.062863436123348,179.56828193832598,40.18722466960352,13,Winter,United Kingdom,50,16,3206.54,0,Regular Customers
16919.0,2010-08-19 15:28:00,2011-07-06 13:35:00,24,2333,4909.66,7.996188925081433,121.18078175895764,31.495114006514655,13,Autumn,United Kingdom,156,24,4909.66,0,Regular Customers
16920.0,2010-10-24 14:07:00,2010-10-24 14:07:00,1,81,355.45,15.454347826086956,81.0,23.0,14,Autumn,United Kingdom,411,1,355.45,1,At-Risk Customers
16921.0,2010-04-18 15:34:00,2011-10-09 16:22:00,3,275,409.21,4.650113636363636,117.75,37.25,16,Autumn,United Kingdom,61,3,409.21,0,Regular Customers
16922.0,2010-05-16 11:24:00,2010-05-16 11:24:00,1,281,611.08,5.008852459016394,281.0,122.0,11,Spring,United Kingdom,573,1,611.08,1,At-Risk Customers
16923.0,2010-01-31 11:14:00,2011-11-27 13:00:00,32,6190,13157.13,12.148781163434904,248.08402585410892,44.95475530932595,11,Autumn,United Kingdom,12,32,13157.13,0,Regular Customers
16924.0,2011-09-16 12:54:00,2011-11-18 12:53:00,3,467,829.89,10.245555555555557,170.14814814814815,27.25925925925926,12,Autumn,United Kingdom,21,3,829.89,0,Regular Customers
16925.0,2010-06-17 15:03:00,2010-06-17 15:03:00,1,123,125.65,6.980555555555556,123.0,18.0,15,Summer,United Kingdom,540,1,125.65,1,At-Risk Customers
16926.0,2010-07-01 12:57:00,2010-12-03 13:42:00,5,197,1169.61,12.183437500000002,52.020833333333336,25.166666666666668,12,Summer,United Kingdom,371,5,1169.61,1,At-Risk Customers
16927.0,2010-12-13 11:57:00,2011-08-16 11:10:00,3,993,543.05,90.50833333333333,254.83333333333331,2.333333333333333,11,Spring,United Kingdom,116,3,543.05,0,Regular Customers
16928.0,2010-02-03 12:30:00,2011-09-20 15:10:00,29,2587,3897.53,12.21796238244514,114.74294670846396,16.08150470219436,13,Autumn,United Kingdom,80,29,3897.53,0,Regular Customers
16929.0,2011-07-07 12:39:00,2011-12-06 08:37:00,7,929,1295.39,16.823246753246753,143.84415584415584,11.987012987012989,12,Autumn,United Kingdom,4,7,1295.39,0,Regular Customers
16930.0,2011-10-02 14:25:00,2011-11-13 16:13:00,3,339,378.89,7.148867924528302,162.7924528301887,24.849056603773583,14,Autumn,United Kingdom,26,3,378.89,0,Regular Customers
16931.0,2010-11-07 13:24:00,2011-12-04 13:15:00,23,3357,5032.22,5.30824894514768,167.91139240506328,47.25949367088607,12,Winter,United Kingdom,5,23,5032.22,0,Regular Customers
16932.0,2010-05-17 14:15:00,2011-10-17 14:12:00,3,217,412.55,3.101879699248121,72.71428571428571,42.1578947368421,14,Autumn,United Kingdom,53,3,412.55,0,Regular Customers
16933.0,2009-12-09 15:03:00,2011-12-08 12:54:00,9,1533,3099.3,10.990425531914894,233.68439716312056,41.95744680851064,13,Winter,United Kingdom,1,9,3099.3,0,Regular Customers
16934.0,2010-03-28 12:43:00,2011-10-16 12:40:00,6,936,2083.14,14.774042553191489,233.2765957446809,32.09219858156028,12,Autumn,United Kingdom,55,6,2083.14,0,Regular Customers
16935.0,2010-10-14 13:09:00,2010-11-23 09:16:00,3,273,530.86,7.693623188405797,139.7536231884058,42.79710144927536,13,Autumn,United Kingdom,382,3,530.86,1,At-Risk Customers
16936.0,2010-11-19 11:54:00,2011-11-14 11:04:00,2,339,548.29,3.944532374100719,169.20863309352518,70.92805755395683,11,Autumn,United Kingdom,26,2,548.29,0,Regular Customers
16937.0,2010-07-28 17:56:00,2010-07-28 17:56:00,1,123,196.25,4.005102040816326,123.0,49.0,17,Summer,United Kingdom,499,1,196.25,1,At-Risk Customers
16938.0,2010-02-17 14:47:00,2011-12-01 10:20:00,9,5041,6995.360000000001,8.489514563106797,946.7099514563108,146.31917475728156,14,Summer,United Kingdom,9,9,6995.360000000001,0,Regular Customers
16939.0,2010-02-28 13:33:00,2010-08-08 12:24:00,3,229,433.85,10.58170731707317,78.73170731707317,13.48780487804878,12,Winter,United Kingdom,489,3,433.85,1,At-Risk Customers
16940.0,2009-12-08 13:08:00,2011-10-18 13:15:00,8,4503,6427.66,10.218855325914149,619.6343402225755,85.01748807631161,12,Autumn,United Kingdom,52,8,6427.66,0,Regular Customers
16941.0,2010-04-07 11:13:00,2010-04-07 11:13:00,1,12,33.0,16.5,12.0,2.0,11,Spring,United Kingdom,612,1,33.0,1,At-Risk Customers
16942.0,2011-04-26 11:59:00,2011-11-27 12:40:00,9,805,1904.99,6.877220216606498,103.4404332129964,36.76895306859205,12,Summer,United Kingdom,13,9,1904.99,0,Regular Customers
16943.0,2010-03-25 13:34:00,2011-05-12 11:57:00,5,147,1299.49,37.12828571428572,66.71428571428571,14.771428571428572,14,Winter,United Kingdom,212,5,1299.49,0,Regular Customers
16944.0,2010-04-09 11:03:00,2010-04-09 11:03:00,1,27,101.36,14.48,27.0,7.0,11,Spring,United Kingdom,610,1,101.36,1,At-Risk Customers
16945.0,2009-12-09 11:33:00,2011-11-18 11:39:00,33,5889,8548.16,18.03409282700422,208.31012658227849,17.38818565400844,12,Autumn,United Kingdom,22,33,8548.16,0,Regular Customers
16946.0,2010-03-02 10:49:00,2010-11-21 14:06:00,5,509,1222.04,16.293866666666666,159.93333333333334,24.36,10,Spring,United Kingdom,383,5,1222.04,1,At-Risk Customers
16947.0,2010-03-03 10:54:00,2011-04-18 09:38:00,5,655,955.21,18.022830188679247,285.0,23.22641509433962,10,Spring,United Kingdom,236,5,955.21,0,Regular Customers
16948.0,2010-02-21 13:48:00,2011-07-24 12:46:00,7,2091,868.77,20.203953488372093,394.8139534883721,7.0,11,Summer,United Kingdom,139,7,868.77,0,Regular Customers
16949.0,2011-01-27 12:11:00,2011-12-06 11:07:00,6,791,1286.27,21.437833333333334,177.3,12.666666666666666,11,Autumn,United Kingdom,4,6,1286.27,0,Regular Customers
16950.0,2010-01-24 11:26:00,2011-10-14 09:06:00,10,2432,3541.77,24.595625,289.72222222222223,16.71527777777778,9,Summer,United Kingdom,57,10,3541.77,0,Regular Customers
16951.0,2011-02-08 14:58:00,2011-07-28 12:05:00,3,1318,1277.75,14.857558139534884,909.6744186046512,59.604651162790695,14,Winter,United Kingdom,135,3,1277.75,0,Regular Customers
16952.0,2009-12-11 13:52:00,2011-08-22 13:03:00,5,343,795.83,9.147471264367816,84.79310344827586,23.448275862068964,13,Autumn,United Kingdom,109,5,795.83,0,Regular Customers
16953.0,2011-11-09 15:54:00,2011-11-09 15:54:00,1,10,20.8,20.8,10.0,1.0,15,Autumn,United Kingdom,30,1,20.8,0,Regular Customers
16954.0,2010-01-18 14:49:00,2011-12-09 09:46:00,20,4086,6081.88,29.52368932038835,342.3398058252427,19.631067961165048,12,Winter,United Kingdom,1,20,6081.88,0,Regular Customers
16955.0,2010-01-31 11:38:00,2011-06-08 10:36:00,6,723,1120.31,22.4062,153.04,11.96,12,Summer,United Kingdom,185,6,1120.31,0,Regular Customers
16956.0,2011-11-22 08:56:00,2011-11-22 08:56:00,1,114,308.74,19.29625,114.0,16.0,8,Autumn,United Kingdom,18,1,308.74,0,Regular Customers
16957.0,2011-03-03 09:25:00,2011-04-14 13:56:00,2,172,416.64,26.04,97.0,10.0,13,Spring,United Kingdom,239,2,416.64,0,Regular Customers
16958.0,2010-09-30 14:25:00,2010-09-30 14:25:00,1,514,778.49,11.121285714285714,514.0,69.0,14,Autumn,United Kingdom,435,1,778.49,1,At-Risk Customers
16959.0,2011-09-13 15:03:00,2011-09-13 15:03:00,1,49,117.35,16.764285714285716,49.0,7.0,15,Autumn,United Kingdom,87,1,117.35,0,Regular Customers
16960.0,2010-03-02 13:36:00,2011-11-01 11:35:00,8,1492,1990.88,4.434031180400891,239.29621380846325,67.70601336302896,11,Autumn,United Kingdom,39,8,1990.88,0,Regular Customers
16961.0,2010-06-25 14:36:00,2011-08-15 13:46:00,3,482,794.56,15.28,198.5192307692308,21.5,16,Autumn,United Kingdom,116,3,794.56,0,Regular Customers
16962.0,2010-10-26 11:36:00,2010-10-26 11:36:00,1,158,251.04,16.736,158.0,15.0,11,Autumn,United Kingdom,410,1,251.04,1,At-Risk Customers
16963.0,2011-06-05 13:48:00,2011-06-05 13:48:00,1,35,110.55,15.792857142857144,35.0,7.0,13,Summer,United Kingdom,187,1,110.55,0,Regular Customers
16964.0,2009-12-06 12:51:00,2009-12-06 12:53:00,2,49,207.85,34.641666666666666,31.0,3.333333333333333,12,Winter,United Kingdom,733,2,207.85,1,At-Risk Customers
16965.0,2011-04-27 12:08:00,2011-04-27 12:08:00,1,291,201.19,7.738076923076923,291.0,26.0,12,Spring,United Kingdom,227,1,201.19,0,Regular Customers
16966.0,2011-04-13 14:17:00,2011-12-01 13:40:00,7,1981,2154.97,76.96321428571427,345.0357142857143,5.5,14,Spring,United Kingdom,8,7,2154.97,0,Regular Customers
16967.0,2011-06-03 14:24:00,2011-06-03 14:24:00,1,333,319.02,15.19142857142857,333.0,21.0,14,Summer,United Kingdom,189,1,319.02,0,Regular Customers
16968.0,2011-08-24 10:51:00,2011-12-05 15:02:00,2,326,439.43,14.17516129032258,165.09677419354838,15.516129032258064,15,Winter,United Kingdom,4,2,439.43,0,Regular Customers
16969.0,2011-06-01 12:10:00,2011-10-31 13:12:00,3,816,650.41,15.48595238095238,309.42857142857144,20.33333333333333,12,Summer,United Kingdom,39,3,650.41,0,Regular Customers
16970.0,2010-03-23 13:50:00,2010-03-23 13:50:00,1,12,71.4,35.7,12.0,2.0,13,Spring,United Kingdom,626,1,71.4,1,At-Risk Customers
16971.0,2011-11-01 15:06:00,2011-11-01 15:06:00,1,72,357.21,8.712439024390243,72.0,40.0,15,Autumn,United Kingdom,38,1,357.21,0,Regular Customers
16972.0,2010-09-09 11:20:00,2010-11-22 10:59:00,2,183,749.0,9.134146341463415,96.08536585365852,38.3780487804878,10,Autumn,United Kingdom,383,2,749.0,1,At-Risk Customers
16973.0,2010-11-18 13:56:00,2010-11-18 13:56:00,1,60,127.0,21.166666666666668,60.0,6.0,13,Autumn,United Kingdom,386,1,127.0,1,At-Risk Customers
16974.0,2010-05-24 10:43:00,2010-07-05 10:18:00,2,70,365.5,45.6875,40.0,4.25,10,Summer,United Kingdom,523,2,365.5,1,At-Risk Customers
16975.0,2010-07-22 11:38:00,2010-10-12 17:53:00,3,586,926.12,20.58044444444445,257.4222222222222,21.53333333333333,17,Autumn,United Kingdom,423,3,926.12,1,At-Risk Customers
16976.0,2011-03-17 16:33:00,2011-03-17 16:33:00,1,88,251.52,125.76,88.0,2.0,16,Spring,United Kingdom,267,1,251.52,1,At-Risk Customers
16977.0,2010-03-18 11:06:00,2010-11-09 13:17:00,4,142,496.0,17.714285714285715,47.142857142857146,8.785714285714286,10,Spring,United Kingdom,395,4,496.0,1,At-Risk Customers
16978.0,2010-02-11 16:27:00,2011-09-23 12:50:00,3,285,768.88,11.475820895522387,141.37313432835822,32.850746268656714,12,Autumn,United Kingdom,78,3,768.88,0,Regular Customers
16979.0,2010-09-15 14:30:00,2011-12-06 12:21:00,9,1451,2859.74,22.168527131782945,171.58139534883722,17.100775193798448,13,Autumn,United Kingdom,4,9,2859.74,0,Regular Customers
16980.0,2010-10-07 14:05:00,2011-03-29 16:36:00,3,990,1422.83,13.422924528301886,341.25471698113205,52.16981132075472,12,Winter,United Kingdom,255,3,1422.8300000000002,0,Regular Customers
16982.0,2011-10-10 12:28:00,2011-10-10 12:28:00,1,182,384.06,17.457272727272727,182.0,22.0,12,Autumn,United Kingdom,61,1,384.06,0,Regular Customers
16983.0,2010-09-19 12:38:00,2011-11-27 12:10:00,11,2315,3490.53,15.110519480519482,236.3160173160173,25.93073593073593,12,Autumn,United Kingdom,13,11,3490.53,0,Regular Customers
16984.0,2010-03-07 15:34:00,2011-09-12 13:43:00,9,5127,10350.53,9.655345149253732,816.5587686567164,172.23787313432837,17,Summer,United Kingdom,88,9,10350.53,0,Regular Customers
16985.0,2009-12-10 13:34:00,2011-11-22 13:33:00,23,3103,10923.16,44.95127572016461,183.1687242798354,14.925925925925926,12,Winter,United Kingdom,17,23,10923.16,0,Regular Customers
16986.0,2010-02-04 14:46:00,2011-11-10 11:55:00,11,2539,4888.75,28.096264367816094,206.816091954023,24.1264367816092,15,Winter,United Kingdom,30,11,4888.75,0,Regular Customers
16987.0,2009-12-02 14:34:00,2011-12-06 17:26:00,11,671,2521.4,9.660536398467434,79.16858237547893,31.199233716475096,15,Autumn,United Kingdom,3,11,2521.4,0,Regular Customers
16988.0,2010-11-25 09:22:00,2011-12-04 16:02:00,2,158,382.67,19.1335,89.8,10.9,9,Autumn,United Kingdom,5,2,382.67,0,Regular Customers
16989.0,2011-07-12 09:11:00,2011-12-02 16:39:00,6,1233,1133.25,94.4375,635.75,4.5,9,Summer,United Kingdom,7,6,1133.25,0,Regular Customers
16990.0,2010-10-13 11:42:00,2011-05-05 08:30:00,2,200,344.0,172.0,100.0,1.0,8,Autumn,United Kingdom,219,2,344.0,0,Regular Customers
16991.0,2010-10-14 14:08:00,2010-10-14 14:08:00,1,793,1041.21,14.070405405405406,793.0,74.0,14,Autumn,United Kingdom,421,1,1041.21,1,At-Risk Customers
16992.0,2010-02-11 12:36:00,2011-11-29 11:50:00,13,2061,5476.5,19.21578947368421,271.3298245614035,37.94035087719298,10,Autumn,United Kingdom,11,13,5476.5,0,Regular Customers
16993.0,2010-05-12 13:55:00,2010-09-02 12:16:00,2,285,1950.95,69.67678571428571,144.67857142857142,14.071428571428571,12,Autumn,United Kingdom,464,2,1950.95,1,At-Risk Customers
16996.0,2010-10-18 12:24:00,2011-11-09 16:43:00,9,919,2123.61,28.3148,150.26666666666668,13.426666666666666,12,Autumn,United Kingdom,30,9,2123.61,0,Regular Customers
16997.0,2011-01-18 11:51:00,2011-02-24 17:28:00,3,360,702.0,58.5,120.0,4.0,11,Winter,United Kingdom,288,3,702.0,1,At-Risk Customers
16998.0,2010-09-21 14:39:00,2011-07-13 09:44:00,5,104,402.0,67.0,22.0,1.3333333333333333,14,Autumn,United Kingdom,150,5,402.0,0,Regular Customers
16999.0,2011-09-26 15:43:00,2011-11-16 13:53:00,2,294,484.82,21.07913043478261,144.1304347826087,14.130434782608695,15,Autumn,United Kingdom,23,2,484.82,0,Regular Customers
17000.0,2010-10-27 14:16:00,2010-11-08 13:35:00,2,305,406.3,13.543333333333331,128.46666666666667,17.533333333333335,14,Autumn,United Kingdom,396,2,406.3,1,At-Risk Customers
17001.0,2010-03-25 12:41:00,2011-12-09 09:38:00,19,3782,6640.8,24.14836363636364,222.2290909090909,16.512727272727272,12,Autumn,United Kingdom,1,19,6640.8,0,Regular Customers
17002.0,2010-03-08 15:46:00,2011-09-15 12:40:00,7,1265,2571.55,30.61369047619048,221.8452380952381,14.547619047619047,11,Autumn,United Kingdom,86,7,2571.55,0,Regular Customers
17003.0,2010-05-10 11:20:00,2010-11-02 13:15:00,4,494,828.21,7.461351351351352,123.55855855855856,33.73873873873874,16,Autumn,United Kingdom,402,4,828.21,1,At-Risk Customers
17004.0,2010-10-11 15:43:00,2011-10-24 14:25:00,4,1233,2324.36,33.68637681159421,347.39130434782606,19.115942028985508,12,Autumn,United Kingdom,46,4,2324.36,0,Regular Customers
17005.0,2010-04-30 10:55:00,2010-08-26 10:57:00,2,691,622.36,34.57555555555555,338.6111111111111,10.055555555555555,10,Spring,United Kingdom,471,2,622.36,1,At-Risk Customers
17006.0,2010-03-05 13:33:00,2011-12-05 12:09:00,8,572,1635.27,12.676511627906976,87.95348837209302,21.42635658914729,13,Autumn,United Kingdom,5,8,1635.27,0,Regular Customers
17007.0,2010-09-28 13:51:00,2011-10-20 10:47:00,7,717,1120.1,16.717910447761195,133.7910447761194,12.164179104477611,13,Autumn,United Kingdom,51,7,1120.1,0,Regular Customers
17008.0,2010-10-06 15:19:00,2010-10-06 15:19:00,1,24,81.36,81.36,24.0,1.0,15,Autumn,United Kingdom,429,1,81.36,1,At-Risk Customers
17009.0,2010-06-06 16:01:00,2010-06-06 16:01:00,1,336,242.06,22.005454545454544,336.0,10.0,16,Summer,United Kingdom,551,1,242.06,1,At-Risk Customers
17010.0,2011-11-21 14:49:00,2011-11-21 14:49:00,1,118,195.36,17.76,118.0,11.0,14,Autumn,United Kingdom,18,1,195.36,0,Regular Customers
17011.0,2010-02-26 09:47:00,2011-11-09 13:30:00,3,792,671.7,23.98928571428572,264.42857142857144,12.5,13,Autumn,United Kingdom,30,3,671.7,0,Regular Customers
17012.0,2009-12-14 17:34:00,2009-12-14 17:34:00,1,251,360.61,10.016944444444444,251.0,34.0,17,Winter,United Kingdom,725,1,360.61,1,At-Risk Customers
17014.0,2011-10-04 11:36:00,2011-12-01 14:09:00,3,243,583.4300000000001,8.103194444444446,74.95833333333333,31.36111111111111,14,Autumn,United Kingdom,8,3,583.4300000000001,0,Regular Customers
17015.0,2011-06-07 13:19:00,2011-11-11 10:45:00,3,1978,1838.61,8.59163551401869,728.4485981308411,91.81308411214954,13,Summer,United Kingdom,29,3,1838.61,0,Regular Customers
17016.0,2010-05-12 12:32:00,2010-05-12 12:32:00,1,309,552.4,13.473170731707317,309.0,41.0,12,Spring,United Kingdom,577,1,552.4,1,At-Risk Customers
17017.0,2009-12-03 13:22:00,2011-12-07 09:32:00,29,9397,12576.99,33.272460317460315,497.9074074074074,20.15343915343915,14,Autumn,United Kingdom,3,29,12576.99,0,Regular Customers
17018.0,2009-12-05 10:27:00,2011-10-30 11:42:00,6,456,2287.7,61.82972972972973,81.08108108108108,6.72972972972973,11,Winter,United Kingdom,41,6,2287.7,0,Regular Customers
17019.0,2009-12-02 11:52:00,2011-11-28 13:06:00,11,2396,3602.29,5.602317262830482,241.5412130637636,64.4914463452566,12,Autumn,United Kingdom,11,11,3602.29,0,Regular Customers
17020.0,2010-03-03 12:27:00,2010-06-15 13:06:00,2,860,935.62,13.559710144927536,498.0,38.333333333333336,13,Summer,United Kingdom,542,2,935.62,1,At-Risk Customers
17021.0,2010-04-29 20:05:00,2010-09-23 20:01:00,6,992,1182.22,24.629583333333333,186.66666666666663,10.25,20,Spring,United Kingdom,442,6,1182.22,1,At-Risk Customers
17022.0,2010-10-03 10:27:00,2011-11-08 17:09:00,2,180,260.0,16.25,87.75,8.125,10,Autumn,United Kingdom,31,2,260.0,0,Regular Customers
17023.0,2010-01-11 15:09:00,2010-10-18 15:37:00,3,530,800.1800000000001,16.330204081632655,199.9183673469388,19.285714285714285,10,Summer,United Kingdom,417,3,800.18,1,At-Risk Customers
17024.0,2011-07-05 09:31:00,2011-10-25 13:47:00,3,69,95.85,31.95,23.0,1.0,9,Autumn,United Kingdom,45,3,95.85,0,Regular Customers
17025.0,2010-03-08 13:37:00,2011-10-10 09:06:00,5,885,1349.67,36.47756756756757,345.9189189189189,14.945945945945946,13,Spring,United Kingdom,61,5,1349.67,0,Regular Customers
17026.0,2010-10-18 15:22:00,2011-06-07 14:28:00,3,107,175.83,35.166000000000004,31.4,2.2,12,Winter,United Kingdom,185,3,175.82999999999998,0,Regular Customers
17027.0,2009-12-10 12:10:00,2011-09-22 12:24:00,9,645,1310.63,7.36308988764045,105.32022471910112,31.331460674157302,14,Winter,United Kingdom,79,9,1310.63,0,Regular Customers
17028.0,2009-12-18 14:28:00,2010-05-07 15:33:00,3,856,1593.83,16.777157894736842,423.2315789473684,46.2,15,Spring,United Kingdom,581,3,1593.83,1,At-Risk Customers
17029.0,2010-02-14 10:19:00,2011-08-21 11:06:00,7,1265,2137.3,73.7,181.68965517241375,9.551724137931034,11,Autumn,United Kingdom,111,7,2137.3,0,Regular Customers
17030.0,2011-10-07 08:49:00,2011-10-07 08:49:00,1,146,146.87,13.351818181818182,146.0,11.0,8,Autumn,United Kingdom,64,1,146.87,0,Regular Customers
17031.0,2010-05-07 14:52:00,2011-11-28 10:23:00,6,1595,2773.85,55.477,543.3,14.96,14,Spring,United Kingdom,12,6,2773.85,0,Regular Customers
17032.0,2009-12-10 15:36:00,2010-06-10 12:16:00,8,1667,2984.32,12.592067510548524,420.54852320675104,58.51476793248945,15,Winter,United Kingdom,548,8,2984.32,1,At-Risk Customers
17033.0,2010-11-07 12:55:00,2011-09-14 14:34:00,4,871,1332.79,33.31975,267.0,11.0,14,Autumn,United Kingdom,86,4,1332.79,0,Regular Customers
17034.0,2010-07-14 12:55:00,2011-11-23 15:14:00,5,694,1276.42,22.007241379310347,149.44827586206895,13.03448275862069,14,Autumn,United Kingdom,16,5,1276.42,0,Regular Customers
17035.0,2009-12-03 10:37:00,2011-04-08 11:23:00,4,327,613.59,18.593636363636364,111.87878787878788,13.242424242424242,12,Winter,United Kingdom,246,4,613.59,0,Regular Customers
17036.0,2010-11-21 14:26:00,2010-11-21 14:26:00,1,76,176.9,14.741666666666667,76.0,12.0,14,Autumn,United Kingdom,383,1,176.9,1,At-Risk Customers
17037.0,2011-09-13 12:49:00,2011-09-13 12:49:00,1,656,1267.32,16.8976,656.0,75.0,12,Autumn,United Kingdom,88,1,1267.32,0,Regular Customers
17038.0,2010-10-20 16:04:00,2011-11-09 13:50:00,2,535,743.17,11.796349206349204,339.73015873015873,34.36507936507937,16,Autumn,United Kingdom,30,2,743.17,0,Regular Customers
17039.0,2010-04-14 12:56:00,2010-04-14 12:56:00,1,689,1954.99,44.43159090909091,689.0,44.0,12,Spring,United Kingdom,604,1,1954.99,1,At-Risk Customers
17040.0,2010-06-07 15:08:00,2011-07-25 10:19:00,2,189,463.25,28.953125,170.1875,14.125,10,Summer,United Kingdom,138,2,463.25,0,Regular Customers
17041.0,2010-04-18 14:25:00,2011-11-13 11:21:00,6,1303,1655.2,13.136507936507936,257.36507936507934,25.11111111111111,11,Autumn,United Kingdom,27,6,1655.2,0,Regular Customers
17042.0,2011-04-06 14:53:00,2011-12-07 12:26:00,5,990,1036.58,10.686391752577318,241.5773195876289,26.422680412371133,14,Spring,United Kingdom,3,5,1036.58,0,Regular Customers
17043.0,2009-12-09 15:20:00,2011-11-07 15:33:00,8,1616,2593.65,13.033417085427136,262.6884422110553,32.04522613065327,15,Autumn,United Kingdom,32,8,2593.65,0,Regular Customers
17044.0,2009-12-07 12:25:00,2011-11-14 14:28:00,12,5722,11962.3,80.28389261744967,504.53691275167785,14.31543624161074,10,Autumn,United Kingdom,25,12,11962.3,0,Regular Customers
17045.0,2010-10-06 14:52:00,2011-08-18 17:09:00,5,294,827.6800000000001,15.616603773584908,93.62264150943396,15.566037735849056,14,Autumn,United Kingdom,113,5,827.6800000000001,0,Regular Customers
17046.0,2010-03-29 13:46:00,2011-07-05 14:24:00,5,1636,1906.07,22.42435294117647,399.52941176470586,21.4,13,Summer,United Kingdom,157,5,1906.07,0,Regular Customers
17047.0,2009-12-08 08:48:00,2011-09-15 13:27:00,6,1184,2289.23,16.121338028169014,199.75352112676055,24.098591549295776,16,Spring,United Kingdom,85,6,2289.23,0,Regular Customers
17048.0,2010-01-18 13:55:00,2011-08-14 11:49:00,7,1068,2071.68,20.51168316831683,174.17821782178217,16.683168316831683,16,Spring,United Kingdom,118,7,2071.68,0,Regular Customers
17049.0,2010-03-04 10:23:00,2011-12-07 10:48:00,19,4273,9942.53,17.8181541218638,325.47491039426524,42.7078853046595,13,Autumn,United Kingdom,3,19,9942.53,0,Regular Customers
17050.0,2010-01-26 14:54:00,2011-09-04 13:48:00,11,2432,4648.59,13.31974212034384,286.5587392550143,54.96561604584527,14,Spring,United Kingdom,96,11,4648.59,0,Regular Customers
17051.0,2010-03-21 14:55:00,2011-05-29 14:13:00,4,507,706.49,4.558,134.7483870967742,38.76774193548387,15,Spring,United Kingdom,194,4,706.49,0,Regular Customers
17052.0,2011-11-11 14:50:00,2011-11-11 14:50:00,1,251,399.09,4.808313253012048,251.0,72.0,14,Autumn,United Kingdom,28,1,399.09,0,Regular Customers
17053.0,2011-08-01 10:23:00,2011-08-01 10:23:00,1,122,498.48,38.34461538461539,122.0,13.0,10,Summer,United Kingdom,131,1,498.48,0,Regular Customers
17054.0,2011-04-08 13:14:00,2011-11-11 12:56:00,5,804,1356.33,16.34132530120482,182.46987951807228,17.72289156626506,12,Spring,United Kingdom,28,5,1356.33,0,Regular Customers
17055.0,2010-09-20 12:21:00,2010-09-20 12:21:00,1,83,232.85,8.955769230769231,83.0,24.0,12,Autumn,United Kingdom,446,1,232.85,1,At-Risk Customers
17056.0,2009-12-01 12:55:00,2009-12-01 12:55:00,1,26,128.60000000000002,16.075000000000003,26.0,8.0,12,Winter,United Kingdom,738,1,128.60000000000002,1,At-Risk Customers
17057.0,2010-04-22 19:21:00,2010-04-22 19:21:00,1,129,294.74,5.8948,129.0,48.0,19,Spring,United Kingdom,596,1,294.74,1,At-Risk Customers
17058.0,2011-04-14 09:18:00,2011-09-19 10:13:00,3,592,1179.89,19.030483870967743,250.3548387096774,25.64516129032258,9,Spring,United Kingdom,82,3,1179.89,0,Regular Customers
17059.0,2010-01-26 14:43:00,2011-11-10 12:27:00,9,3107,4864.57,6.746976421636616,395.8418862690708,96.89597780859916,12,Summer,United Kingdom,30,9,4864.57,0,Regular Customers
17060.0,2011-03-18 13:27:00,2011-03-18 13:27:00,1,216,234.24,46.848,216.0,5.0,13,Spring,United Kingdom,266,1,234.24,1,At-Risk Customers
17061.0,2011-04-21 13:29:00,2011-09-27 11:24:00,11,1526,5232.2300000000005,52.850808080808086,229.1515151515152,17.02020202020202,13,Spring,United Kingdom,74,11,5232.2300000000005,0,Regular Customers
17062.0,2010-09-26 11:57:00,2011-01-30 11:01:00,6,644,889.75,7.353305785123967,115.5702479338843,22.1900826446281,11,Winter,United Kingdom,314,6,889.75,1,At-Risk Customers
17063.0,2009-12-01 12:36:00,2011-11-18 16:19:00,13,1899,3638.53,17.748926829268292,180.1951219512195,19.917073170731708,13,Autumn,United Kingdom,21,13,3638.53,0,Regular Customers
17064.0,2011-01-16 16:10:00,2011-10-12 10:18:00,3,316,855.45,14.02377049180328,103.85245901639344,20.049180327868854,10,Winter,United Kingdom,59,3,855.45,0,Regular Customers
17065.0,2010-03-12 11:40:00,2010-03-12 11:41:00,2,82,194.7,16.224999999999998,41.0,6.0,11,Spring,United Kingdom,638,2,194.7,1,At-Risk Customers
17066.0,2009-12-13 13:24:00,2009-12-13 13:24:00,1,93,228.34,12.685555555555556,93.0,17.0,13,Winter,United Kingdom,726,1,228.34,1,At-Risk Customers
17067.0,2009-12-08 12:03:00,2009-12-15 08:39:00,3,322,454.54,34.964615384615385,144.76923076923077,5.615384615384615,12,Winter,United Kingdom,725,3,454.54,1,At-Risk Customers
17068.0,2010-03-28 14:26:00,2011-11-27 13:14:00,47,4351,8987.68,9.023775100401608,102.27208835341364,25.79718875502008,12,Autumn,United Kingdom,12,47,8987.68,0,Regular Customers
17069.0,2009-12-03 12:27:00,2011-11-11 17:13:00,14,3230,5517.2300000000005,19.4268661971831,331.50704225352115,27.91549295774648,15,Autumn,United Kingdom,28,14,5517.2300000000005,0,Regular Customers
17070.0,2010-10-25 15:57:00,2011-08-17 17:01:00,2,232,437.42,4.2467961165048544,119.05825242718448,53.640776699029125,17,Summer,United Kingdom,114,2,437.42,0,Regular Customers
17071.0,2010-01-24 13:05:00,2011-11-11 16:31:00,13,1934,3793.71,17.9796682464455,167.59715639810426,18.232227488151658,13,Autumn,United Kingdom,28,13,3793.71,0,Regular Customers
17072.0,2010-03-24 16:33:00,2010-03-24 16:33:00,1,212,273.35,13.016666666666667,212.0,20.0,16,Spring,United Kingdom,625,1,273.35,1,At-Risk Customers
17073.0,2011-08-22 14:37:00,2011-11-22 11:47:00,4,759,1446.09,8.310862068965516,208.28735632183907,45.9080459770115,14,Autumn,United Kingdom,18,4,1446.09,0,Regular Customers
17074.0,2010-05-26 12:04:00,2010-05-26 12:04:00,1,19,203.05,50.7625,19.0,4.0,12,Spring,United Kingdom,563,1,203.05,1,At-Risk Customers
17075.0,2009-12-14 11:24:00,2011-11-22 11:58:00,10,785,2236.63,11.23934673366834,89.75879396984925,22.623115577889447,13,Winter,United Kingdom,18,10,2236.63,0,Regular Customers
17076.0,2009-12-04 12:12:00,2011-11-03 17:53:00,6,514,1242.75,24.855,98.56,9.56,10,Autumn,United Kingdom,36,6,1242.75,0,Regular Customers
17077.0,2010-05-10 16:36:00,2010-05-10 16:36:00,1,36,306.0,306.0,36.0,1.0,16,Spring,United Kingdom,578,1,306.0,1,At-Risk Customers
17078.0,2011-11-03 18:49:00,2011-11-03 19:17:00,2,788,378.2,13.507142857142856,741.2857142857143,26.071428571428573,18,Autumn,United Kingdom,36,2,378.2,0,Regular Customers
17079.0,2011-09-22 15:34:00,2011-09-22 15:34:00,1,24,118.8,59.400000000000006,24.0,2.0,15,Autumn,United Kingdom,78,1,118.8,0,Regular Customers
17080.0,2010-07-01 16:03:00,2011-11-17 12:59:00,7,569,957.53,29.01606060606061,99.6969696969697,6.696969696969697,16,Autumn,United Kingdom,22,7,957.53,0,Regular Customers
17081.0,2010-02-22 13:19:00,2011-11-14 12:56:00,6,381,949.39,4.5864251207729465,72.40579710144928,38.95169082125604,12,Autumn,United Kingdom,25,6,949.39,0,Regular Customers
17082.0,2009-12-15 11:25:00,2011-11-06 15:17:00,6,2526,4732.03,27.83547058823529,527.7352941176471,36.88235294117647,9,Autumn,United Kingdom,33,6,4732.03,0,Regular Customers
17083.0,2010-02-09 11:46:00,2011-08-22 15:43:00,9,1955,4049.79,35.2155652173913,236.95652173913044,14.6,11,Winter,United Kingdom,109,9,4049.79,0,Regular Customers
17084.0,2010-11-08 14:20:00,2011-11-04 14:54:00,3,3178,5001.21,17.797900355871885,1232.2633451957297,108.4982206405694,14,Autumn,United Kingdom,35,3,5001.21,0,Regular Customers
17085.0,2009-12-06 12:16:00,2011-08-08 14:15:00,28,3583,7847.67,7.951033434650456,184.83991894630196,50.09726443768997,12,Autumn,United Kingdom,123,28,7847.67,0,Regular Customers
17086.0,2011-10-07 11:22:00,2011-12-02 13:54:00,6,1859,2050.08,21.355,370.8125,21.666666666666668,13,Autumn,United Kingdom,7,6,2050.08,0,Regular Customers
17087.0,2009-12-02 10:41:00,2009-12-02 10:41:00,1,113,221.53,18.460833333333333,113.0,12.0,10,Winter,United Kingdom,738,1,221.53,1,At-Risk Customers
17088.0,2011-03-31 09:48:00,2011-11-11 14:23:00,4,868,1991.01,17.313130434782607,261.60869565217394,36.947826086956525,9,Spring,United Kingdom,28,4,1991.01,0,Regular Customers
17089.0,2010-11-18 15:33:00,2010-11-18 15:33:00,1,35,128.45,32.1125,35.0,4.0,15,Autumn,United Kingdom,386,1,128.45,1,At-Risk Customers
17090.0,2010-07-19 16:02:00,2011-12-05 13:44:00,13,1344,3080.1800000000003,34.224222222222224,187.66666666666663,19.0,15,Autumn,United Kingdom,4,13,3080.1800000000003,0,Regular Customers
17091.0,2009-12-16 15:45:00,2011-12-07 10:43:00,19,3732,7495.75,16.474175824175823,232.95824175824177,28.76043956043956,10,Summer,United Kingdom,3,19,7495.75,0,Regular Customers
17092.0,2010-02-02 16:42:00,2011-10-20 19:51:00,11,3768,5511.41,14.059719387755102,483.3061224489796,47.41836734693877,16,Summer,United Kingdom,50,11,5511.41,0,Regular Customers
17093.0,2010-04-26 10:22:00,2010-04-26 10:22:00,1,114,235.88,18.144615384615385,114.0,13.0,10,Spring,United Kingdom,593,1,235.88,1,At-Risk Customers
17094.0,2010-10-12 10:48:00,2011-01-21 13:09:00,2,212,402.2000000000001,22.34444444444445,131.55555555555554,11.77777777777778,13,Winter,United Kingdom,322,2,402.2000000000001,1,At-Risk Customers
17095.0,2009-12-15 12:32:00,2011-11-17 12:21:00,7,1695,2572.25,18.775547445255476,275.7080291970803,23.51094890510949,12,Autumn,United Kingdom,23,7,2572.25,0,Regular Customers
17096.0,2010-06-02 14:48:00,2011-11-24 15:01:00,11,1559,3697.93,18.03868292682927,165.26829268292684,27.24878048780488,14,Summer,United Kingdom,15,11,3697.93,0,Regular Customers
17097.0,2010-10-05 14:09:00,2011-12-07 17:05:00,9,582,1143.36,4.282247191011235,86.22846441947566,40.88014981273408,14,Winter,Spain,2,9,1143.36,0,Regular Customers
17098.0,2010-06-17 10:30:00,2010-11-23 12:13:00,3,125,591.07,32.83722222222222,50.333333333333336,7.777777777777778,10,Summer,United Kingdom,382,3,591.0699999999999,1,At-Risk Customers
17099.0,2010-06-24 16:25:00,2010-06-24 16:25:00,1,317,582.17,14.55425,317.0,40.0,16,Summer,United Kingdom,533,1,582.17,1,At-Risk Customers
17100.0,2011-11-21 16:36:00,2011-11-21 16:36:00,2,800,971.74,14.949846153846154,768.8153846153846,61.12307692307692,16,Autumn,United Kingdom,18,2,971.74,0,Regular Customers
17101.0,2010-06-07 15:12:00,2011-11-29 13:57:00,7,1175,2507.05,34.34315068493151,177.05479452054794,13.52054794520548,14,Autumn,United Kingdom,10,7,2507.05,0,Regular Customers
17102.0,2011-03-23 10:08:00,2011-03-23 10:08:00,1,2,25.5,25.5,2.0,1.0,10,Spring,United Kingdom,262,1,25.5,1,At-Risk Customers
17103.0,2009-12-17 14:08:00,2009-12-17 14:08:00,1,471,424.3,13.259375,471.0,32.0,14,Winter,United Kingdom,722,1,424.3,1,At-Risk Customers
17104.0,2010-10-12 12:21:00,2010-10-12 12:21:00,1,149,474.03,24.948947368421056,149.0,19.0,12,Autumn,United Kingdom,424,1,474.03,1,At-Risk Customers
17105.0,2011-02-06 14:46:00,2011-07-03 15:53:00,2,693,665.78,7.397555555555555,344.55555555555554,46.08888888888889,15,Summer,United Kingdom,159,2,665.78,0,Regular Customers
17106.0,2010-11-15 14:11:00,2010-11-15 14:11:00,1,153,481.58,9.442745098039216,153.0,51.0,14,Autumn,United Kingdom,389,1,481.58,1,At-Risk Customers
17107.0,2010-01-31 15:47:00,2011-11-06 14:14:00,10,7530,16052.72,23.95928358208955,889.3507462686567,76.83283582089553,15,Autumn,United Kingdom,33,10,16052.72,0,Regular Customers
17108.0,2010-02-14 12:22:00,2010-02-14 12:22:00,1,31,174.95,19.438888888888886,31.0,9.0,12,Winter,United Kingdom,664,1,174.95,1,At-Risk Customers
17109.0,2010-07-30 12:42:00,2011-11-10 16:59:00,8,788,1291.71,9.292877697841726,149.76258992805757,33.89208633093525,15,Autumn,United Kingdom,29,8,1291.71,0,Regular Customers
17110.0,2010-04-08 13:32:00,2011-06-27 12:58:00,3,136,499.9,10.20204081632653,44.61224489795919,16.142857142857142,12,Summer,United Kingdom,165,3,499.9,0,Regular Customers
17111.0,2010-10-10 15:21:00,2011-10-23 15:59:00,2,581,459.58,9.574583333333331,288.7291666666667,25.041666666666668,15,Autumn,United Kingdom,47,2,459.58,0,Regular Customers
17112.0,2010-07-25 11:14:00,2010-07-25 11:14:00,1,130,197.57,4.203617021276596,130.0,44.0,11,Summer,United Kingdom,503,1,197.57,1,At-Risk Customers
17113.0,2010-01-11 10:14:00,2010-05-14 13:59:00,6,913,2305.59,14.5923417721519,207.0379746835443,43.83544303797469,11,Spring,United Kingdom,574,6,2305.59,1,At-Risk Customers
17114.0,2011-01-09 11:39:00,2011-12-04 12:17:00,8,215,801.12,6.5131707317073175,36.00813008130081,18.07317073170732,11,Winter,United Kingdom,6,8,801.12,0,Regular Customers
17115.0,2009-12-05 12:13:00,2011-12-01 14:30:00,7,885,2761.49,23.01241666666667,161.85833333333332,22.433333333333334,15,Winter,United Kingdom,8,7,2761.49,0,Regular Customers
17116.0,2010-03-01 16:29:00,2010-03-01 16:29:00,1,392,389.78,8.293191489361702,392.0,47.0,16,Spring,United Kingdom,648,1,389.78,1,At-Risk Customers
17117.0,2011-02-24 13:54:00,2011-02-24 13:54:00,1,68,116.2,12.911111111111111,68.0,9.0,13,Winter,United Kingdom,288,1,116.2,1,At-Risk Customers
17118.0,2011-01-26 12:19:00,2011-01-26 12:19:00,1,154,157.02,15.702000000000002,154.0,10.0,12,Winter,United Kingdom,318,1,157.02,1,At-Risk Customers
17119.0,2011-10-11 11:03:00,2011-12-06 14:40:00,2,334,606.91,17.340285714285713,274.22857142857146,27.914285714285715,11,Autumn,United Kingdom,3,2,606.91,0,Regular Customers
17120.0,2011-04-20 15:21:00,2011-04-20 15:21:00,1,120,307.46,17.08111111111111,120.0,18.0,15,Spring,United Kingdom,233,1,307.46,0,Regular Customers
17121.0,2010-11-02 11:47:00,2010-11-02 11:47:00,1,106,314.74,26.22833333333333,106.0,12.0,11,Autumn,United Kingdom,403,1,314.74,1,At-Risk Customers
17122.0,2010-07-28 09:34:00,2011-08-12 14:33:00,4,368,570.5,19.016666666666666,102.8,8.133333333333333,14,Autumn,United Kingdom,119,4,570.5,0,Regular Customers
17123.0,2010-05-16 11:52:00,2011-07-01 10:47:00,3,676,977.17,22.724883720930237,220.3720930232558,15.372093023255816,11,Spring,United Kingdom,162,3,977.17,0,Regular Customers
17124.0,2011-06-07 14:02:00,2011-06-07 14:02:00,1,129,294.24,9.491612903225809,129.0,31.0,14,Summer,United Kingdom,185,1,294.24,0,Regular Customers
17125.0,2011-10-20 14:41:00,2011-10-20 14:41:00,1,281,230.5,6.585714285714285,281.0,34.0,14,Autumn,United Kingdom,50,1,230.5,0,Regular Customers
17126.0,2010-08-31 13:41:00,2011-07-10 13:52:00,9,1426,2016.43,4.531303370786517,192.8786516853933,54.8561797752809,13,Summer,United Kingdom,152,9,2016.43,0,Regular Customers
17127.0,2009-12-04 15:18:00,2010-10-07 09:54:00,5,340,1155.0300000000002,31.217027027027036,79.97297297297297,9.37837837837838,10,Summer,United Kingdom,429,5,1155.0300000000002,1,At-Risk Customers
17128.0,2011-01-09 12:02:00,2011-01-09 12:02:00,1,76,157.09,11.220714285714283,76.0,14.0,12,Winter,United Kingdom,335,1,157.09,1,At-Risk Customers
17129.0,2010-07-07 13:46:00,2010-07-07 13:46:00,1,5,31.85,15.925,5.0,2.0,13,Summer,United Kingdom,520,1,31.85,1,At-Risk Customers
17131.0,2011-09-25 12:42:00,2011-12-04 12:52:00,5,983,2463.17,18.38186567164179,310.84328358208955,38.91044776119403,12,Autumn,United Kingdom,5,5,2463.17,0,Regular Customers
17132.0,2010-08-08 13:49:00,2010-09-13 16:31:00,2,963,1220.91,17.19591549295775,480.8028169014085,34.61971830985915,13,Summer,United Kingdom,452,2,1220.91,1,At-Risk Customers
17133.0,2010-03-21 12:31:00,2011-11-24 12:27:00,12,10107,14622.33,261.11303571428573,1093.875,5.928571428571429,13,Spring,United Kingdom,16,12,14622.33,0,Regular Customers
17134.0,2010-09-23 18:32:00,2011-08-25 09:53:00,3,144,625.3,17.369444444444444,59.16666666666666,15.166666666666666,11,Spring,United Kingdom,107,3,625.3,0,Regular Customers
17135.0,2010-05-09 16:03:00,2011-11-23 16:48:00,10,1686,1722.18,12.043216783216783,173.66433566433565,25.167832167832167,16,Autumn,United Kingdom,16,10,1722.18,0,Regular Customers
17136.0,2010-02-15 13:13:00,2010-02-15 13:13:00,1,256,231.68,16.548571428571428,256.0,14.0,13,Winter,United Kingdom,662,1,231.68,1,At-Risk Customers
17137.0,2010-01-31 12:27:00,2010-10-19 14:51:00,6,680,1099.81,6.585688622754491,132.31736526946108,36.8562874251497,12,Winter,United Kingdom,416,6,1099.81,1,At-Risk Customers
17138.0,2010-02-04 14:19:00,2011-03-09 11:54:00,7,2024,4417.27,17.2549609375,471.28515625,58.6015625,14,Spring,United Kingdom,276,7,4417.27,1,At-Risk Customers
17139.0,2010-01-11 11:31:00,2011-11-24 10:12:00,25,9853,19566.76,24.21628712871287,632.309405940594,60.90841584158416,13,Autumn,United Kingdom,16,25,19566.76,0,Regular Customers
17140.0,2011-04-06 13:33:00,2011-04-06 13:33:00,1,296,454.12,25.22888888888889,296.0,16.0,13,Spring,United Kingdom,247,1,454.12,0,Regular Customers
17141.0,2010-01-24 14:19:00,2010-10-17 14:54:00,4,423,727.58,4.491234567901235,120.98148148148148,44.98148148148148,14,Autumn,United Kingdom,418,4,727.58,1,At-Risk Customers
17142.0,2010-01-24 15:23:00,2011-04-14 18:22:00,4,322,1275.25,14.32865168539326,81.20224719101124,23.584269662921347,14,Autumn,United Kingdom,239,4,1275.25,0,Regular Customers
17143.0,2010-07-12 13:26:00,2010-10-18 15:27:00,2,314,880.97,7.865803571428572,182.5,57.8125,13,Summer,United Kingdom,417,2,880.97,1,At-Risk Customers
17144.0,2011-09-16 12:50:00,2011-12-08 17:57:00,2,483,984.57,20.511875,236.9375,24.041666666666668,17,Winter,United Kingdom,1,2,984.57,0,Regular Customers
17145.0,2010-02-19 12:07:00,2010-07-15 09:02:00,4,2591,3120.91,17.33838888888889,810.6944444444445,52.477777777777774,9,Summer,United Kingdom,513,4,3120.91,1,At-Risk Customers
17146.0,2010-02-02 09:39:00,2011-08-26 12:44:00,13,2188,5852.64,19.443986710963458,250.43521594684384,33.754152823920265,9,Spring,United Kingdom,106,13,5852.64,0,Regular Customers
17147.0,2010-01-11 09:38:00,2011-11-17 12:32:00,9,1308,3199.95,23.529044117647057,178.85294117647058,18.264705882352946,10,Autumn,United Kingdom,23,9,3199.95,0,Regular Customers
17148.0,2011-10-19 09:59:00,2011-10-19 09:59:00,1,82,124.88,13.875555555555556,82.0,9.0,9,Autumn,United Kingdom,52,1,124.88,0,Regular Customers
17149.0,2010-09-14 14:56:00,2010-09-14 14:56:00,1,18,143.10000000000002,23.850000000000005,18.0,6.0,14,Autumn,United Kingdom,451,1,143.10000000000002,1,At-Risk Customers
17150.0,2009-12-06 10:51:00,2010-11-28 11:27:00,6,397,1357.95,14.760326086956525,71.18478260869566,16.304347826086957,11,Winter,United Kingdom,377,6,1357.95,1,At-Risk Customers
17151.0,2009-12-04 14:56:00,2009-12-04 14:56:00,1,42,231.90000000000003,57.97500000000001,42.0,4.0,14,Winter,United Kingdom,735,1,231.90000000000003,1,At-Risk Customers
17152.0,2010-10-10 12:40:00,2011-05-29 12:19:00,4,577,2016.5,126.03125,183.25,5.5,12,Spring,United Kingdom,195,4,2016.5,0,Regular Customers
17153.0,2011-11-15 13:42:00,2011-11-15 13:42:00,1,104,213.78,15.27,104.0,14.0,13,Autumn,United Kingdom,24,1,213.78,0,Regular Customers
17154.0,2011-09-25 13:42:00,2011-09-25 13:42:00,1,490,329.34,14.319130434782608,490.0,23.0,13,Autumn,United Kingdom,75,1,329.34,0,Regular Customers
17155.0,2009-12-03 11:34:00,2011-11-22 12:38:00,7,987,892.46,12.225479452054795,133.013698630137,10.835616438356164,11,Spring,United Kingdom,18,7,892.46,0,Regular Customers
17156.0,2010-08-05 11:30:00,2010-08-05 11:30:00,1,391,591.87,15.176153846153849,391.0,39.0,11,Summer,United Kingdom,492,1,591.87,1,At-Risk Customers
17157.0,2009-12-04 13:00:00,2011-12-02 09:10:00,19,2092,5151.900000000001,36.53829787234043,118.65248226950357,9.5531914893617,9,Summer,United Kingdom,8,19,5151.9,0,Regular Customers
17158.0,2010-03-07 15:50:00,2011-11-07 15:15:00,5,1147,1980.0,17.52212389380531,235.76106194690263,23.72566371681416,15,Spring,United Kingdom,32,5,1980.0,0,Regular Customers
17159.0,2010-03-04 14:53:00,2011-11-18 10:52:00,5,1348,2099.59,16.15069230769231,345.2692307692308,31.43076923076923,10,Autumn,United Kingdom,22,5,2099.59,0,Regular Customers
17160.0,2009-12-04 10:57:00,2011-11-08 14:05:00,17,8390,10209.16,15.68227342549923,548.7572964669739,43.1505376344086,12,Summer,United Kingdom,31,17,10209.16,0,Regular Customers
17161.0,2010-09-21 16:44:00,2010-09-21 16:44:00,1,537,856.01,16.46173076923077,537.0,52.0,16,Autumn,United Kingdom,444,1,856.01,1,At-Risk Customers
17162.0,2011-02-07 12:27:00,2011-11-11 11:34:00,10,1001,1715.46,16.494807692307692,170.25,17.03846153846154,12,Summer,United Kingdom,29,10,1715.46,0,Regular Customers
17163.0,2010-02-02 10:39:00,2011-11-18 08:57:00,4,531,699.78,23.326,273.26666666666665,14.6,10,Autumn,United Kingdom,22,4,699.78,0,Regular Customers
17164.0,2011-03-11 14:26:00,2011-11-07 09:14:00,7,1501,2467.35,17.134375,331.09027777777777,31.84722222222222,11,Autumn,United Kingdom,33,7,2467.35,0,Regular Customers
17165.0,2009-12-11 09:18:00,2011-02-28 16:39:00,6,788,1794.32,17.9432,135.28,17.9,9,Winter,United Kingdom,284,6,1794.32,1,At-Risk Customers
17166.0,2011-05-20 08:18:00,2011-11-01 09:46:00,2,78,206.34,17.195,51.0,8.666666666666666,8,Spring,United Kingdom,39,2,206.34,0,Regular Customers
17167.0,2010-09-20 14:02:00,2010-11-25 10:05:00,3,429,867.11,10.97607594936709,135.81012658227849,31.088607594936708,14,Autumn,United Kingdom,380,3,867.11,1,At-Risk Customers
17168.0,2010-07-29 12:33:00,2010-07-29 12:33:00,1,220,400.2,19.057142857142857,220.0,21.0,12,Summer,United Kingdom,499,1,400.2,1,At-Risk Customers
17169.0,2010-05-10 13:00:00,2011-10-13 10:25:00,3,671,1156.73,15.423066666666667,268.6,27.48,13,Autumn,United Kingdom,58,3,1156.73,0,Regular Customers
17170.0,2010-11-15 16:23:00,2010-11-30 15:55:00,2,152,178.68,17.868000000000002,76.0,5.0,15,Autumn,United Kingdom,374,2,178.68,1,At-Risk Customers
17171.0,2010-02-16 12:02:00,2011-02-23 16:37:00,2,225,384.59,15.3836,132.8,13.48,16,Winter,United Kingdom,289,2,384.59,1,At-Risk Customers
17172.0,2009-12-13 11:46:00,2011-09-22 09:36:00,3,1215,956.57,24.527435897435897,412.2564102564103,13.35897435897436,9,Autumn,United Kingdom,79,3,956.57,0,Regular Customers
17173.0,2011-07-31 15:26:00,2011-12-04 14:40:00,8,1122,3766.6,43.79767441860465,168.7674418604651,13.16279069767442,14,Autumn,United Kingdom,5,8,3766.6,0,Regular Customers
17174.0,2011-05-06 11:47:00,2011-05-06 11:47:00,1,41,59.9,14.975,41.0,4.0,11,Spring,United Kingdom,218,1,59.9,0,Regular Customers
17175.0,2011-02-16 14:56:00,2011-10-26 15:31:00,4,866,1443.69,22.915714285714287,237.52380952380952,19.09523809523809,14,Summer,United Kingdom,44,4,1443.69,0,Regular Customers
17176.0,2010-01-31 15:49:00,2011-05-22 12:41:00,3,576,902.32,21.483809523809523,188.8571428571429,14.142857142857142,12,Spring,United Kingdom,202,3,902.32,0,Regular Customers
17177.0,2010-07-22 14:53:00,2010-07-22 14:53:00,1,40,119.5,4.120689655172414,40.0,29.0,14,Summer,United Kingdom,505,1,119.5,1,At-Risk Customers
17178.0,2009-12-08 16:20:00,2009-12-08 16:20:00,1,100,432.96,13.966451612903226,100.0,31.0,16,Winter,United Kingdom,731,1,432.96,1,At-Risk Customers
17179.0,2010-05-26 11:22:00,2011-06-14 16:48:00,6,625,1507.26,9.539620253164555,106.81012658227849,27.537974683544306,16,Spring,United Kingdom,178,6,1507.26,0,Regular Customers
17180.0,2010-01-21 17:43:00,2011-10-14 15:46:00,11,1809,2236.77,5.591925,174.6275,41.0625,17,Spring,United Kingdom,56,11,2236.77,0,Regular Customers
17181.0,2010-04-23 11:21:00,2011-10-13 14:48:00,3,268,309.85,11.06607142857143,39.0,16.785714285714285,14,Autumn,United Kingdom,57,3,309.85,0,Regular Customers
17182.0,2009-12-21 15:22:00,2010-10-13 10:09:00,2,54,321.3,53.55,26.0,3.333333333333333,10,Autumn,United Kingdom,423,2,321.3,1,At-Risk Customers
17183.0,2011-08-26 15:25:00,2011-12-02 10:07:00,6,1296,3347.31,45.85356164383562,237.91780821917808,15.493150684931509,15,Autumn,United Kingdom,8,6,3347.31,0,Regular Customers
17184.0,2009-12-09 14:17:00,2010-05-19 14:24:00,2,73,198.41000000000005,14.17214285714286,48.785714285714285,9.285714285714286,14,Spring,United Kingdom,569,2,198.41000000000005,1,At-Risk Customers
17185.0,2010-04-20 13:49:00,2010-04-27 12:15:00,3,119,229.46,5.215,46.34090909090909,17.59090909090909,12,Spring,United Kingdom,592,3,229.46,1,At-Risk Customers
17186.0,2011-10-10 12:52:00,2011-10-24 10:20:00,2,200,144.0,72.0,100.0,1.0,10,Autumn,United Kingdom,47,2,144.0,0,Regular Customers
17187.0,2010-07-01 14:38:00,2011-04-27 12:39:00,2,426,467.71,20.335217391304347,222.0,11.695652173913045,14,Summer,United Kingdom,227,2,467.71,0,Regular Customers
17188.0,2009-12-08 19:16:00,2011-11-28 13:53:00,13,2569,4592.93,26.70308139534884,214.0523255813953,15.33720930232558,12,Winter,United Kingdom,11,13,4592.93,0,Regular Customers
17189.0,2009-12-02 11:45:00,2011-08-25 19:39:00,5,601,953.63,7.946916666666667,115.51666666666668,25.85833333333333,17,Winter,United Kingdom,106,5,953.63,0,Regular Customers
17190.0,2010-03-05 13:21:00,2011-10-12 11:33:00,7,2218,1726.57,9.08721052631579,224.23684210526315,42.26842105263158,12,Summer,United Kingdom,59,7,1726.57,0,Regular Customers
17191.0,2009-12-01 16:34:00,2011-11-11 16:58:00,15,2208,4310.34,8.672716297786721,173.51911468812878,37.23541247484909,14,Autumn,United Kingdom,28,15,4310.34,0,Regular Customers
17192.0,2010-06-21 16:07:00,2010-06-21 16:07:00,1,45,75.28,3.764,45.0,20.0,16,Summer,United Kingdom,536,1,75.28,1,At-Risk Customers
17193.0,2009-12-02 10:02:00,2011-11-04 12:47:00,9,1668,2310.04,52.50090909090909,401.77272727272725,8.181818181818182,12,Autumn,United Kingdom,36,9,2310.04,0,Regular Customers
17194.0,2010-06-27 13:16:00,2011-03-11 12:05:00,3,420,812.5,13.31967213114754,212.08196721311475,28.21311475409836,13,Summer,United Kingdom,274,3,812.5,1,At-Risk Customers
17195.0,2010-02-22 13:05:00,2010-02-22 13:05:00,1,486,562.98,18.16064516129032,486.0,31.0,13,Winter,United Kingdom,655,1,562.98,1,At-Risk Customers
17196.0,2010-10-08 11:31:00,2010-10-08 11:31:00,1,154,327.75,3.524193548387097,154.0,84.0,11,Autumn,United Kingdom,428,1,327.75,1,At-Risk Customers
17197.0,2011-11-10 10:32:00,2011-11-10 10:32:00,1,191,1013.01,34.93137931034483,191.0,29.0,10,Autumn,United Kingdom,30,1,1013.01,0,Regular Customers
17198.0,2010-12-03 14:54:00,2011-11-16 10:39:00,3,357,692.22,7.210625,120.71875,38.07291666666666,14,Winter,United Kingdom,24,3,692.22,0,Regular Customers
17199.0,2010-05-06 13:53:00,2010-05-06 13:53:00,1,232,135.04000000000002,16.880000000000003,232.0,8.0,13,Spring,United Kingdom,582,1,135.04000000000002,1,At-Risk Customers
17200.0,2010-02-25 13:23:00,2010-11-17 13:04:00,4,367,356.71,14.2684,100.8,16.44,13,Winter,United Kingdom,387,4,356.71,1,At-Risk Customers
17201.0,2010-02-10 12:26:00,2011-10-17 11:55:00,4,1004,1143.1,6.684795321637426,248.03508771929825,44.39181286549707,11,Winter,United Kingdom,54,4,1143.1,0,Regular Customers
17202.0,2010-10-15 11:25:00,2010-10-15 11:25:00,1,55,160.65,20.08125,55.0,8.0,11,Autumn,United Kingdom,421,1,160.65,1,At-Risk Customers
17203.0,2010-11-16 12:52:00,2011-11-04 12:27:00,10,4597,5564.09,21.318352490421457,572.639846743295,34.60919540229885,12,Autumn,United Kingdom,36,10,5564.09,0,Regular Customers
17204.0,2010-06-10 11:37:00,2011-06-17 14:46:00,9,2651,5504.6900000000005,31.09994350282486,655.7796610169491,40.03954802259887,12,Autumn,United Kingdom,175,9,5504.6900000000005,0,Regular Customers
17205.0,2010-05-24 15:36:00,2011-10-17 12:46:00,3,2214,999.35,28.552857142857142,740.0,11.8,12,Autumn,United Kingdom,54,3,999.35,0,Regular Customers
17206.0,2011-10-17 13:25:00,2011-10-17 13:25:00,1,76,204.24,29.177142857142854,76.0,7.0,13,Autumn,United Kingdom,53,1,204.24,0,Regular Customers
17207.0,2010-02-25 19:08:00,2010-02-25 19:08:00,1,233,292.62,4.877,233.0,55.0,19,Winter,United Kingdom,652,1,292.62,1,At-Risk Customers
17208.0,2010-11-09 12:50:00,2010-11-09 12:50:00,1,101,111.15,4.832608695652175,101.0,21.0,12,Autumn,United Kingdom,396,1,111.15,1,At-Risk Customers
17209.0,2009-12-03 11:10:00,2010-02-28 16:01:00,3,723,595.7,15.676315789473684,165.31578947368422,26.789473684210527,16,Winter,United Kingdom,649,3,595.7,1,At-Risk Customers
17210.0,2010-11-12 12:15:00,2010-11-12 12:15:00,1,242,251.72,4.749433962264151,242.0,47.0,12,Autumn,United Kingdom,393,1,251.72,1,At-Risk Customers
17211.0,2009-12-13 13:17:00,2011-11-13 12:03:00,13,2141,3773.35,10.969040697674416,183.5668604651163,27.59593023255814,12,Winter,United Kingdom,27,13,3773.35,0,Regular Customers
17212.0,2010-08-10 09:22:00,2011-03-31 19:42:00,3,727,794.41,27.393448275862067,324.9655172413793,14.241379310344827,9,Summer,United Kingdom,253,3,794.41,0,Regular Customers
17213.0,2009-12-15 10:28:00,2011-10-30 14:53:00,13,2087,4869.400000000001,18.306015037593987,179.4248120300752,22.533834586466167,14,Winter,United Kingdom,40,13,4869.400000000001,0,Regular Customers
17214.0,2010-12-15 15:14:00,2011-10-10 13:17:00,6,272,1059.12,10.486336633663369,47.05940594059406,16.92079207920792,13,Winter,United Kingdom,60,6,1059.12,0,Regular Customers
17215.0,2010-09-01 13:39:00,2010-09-01 13:39:00,1,104,186.15,16.922727272727272,104.0,11.0,13,Autumn,United Kingdom,464,1,186.15,1,At-Risk Customers
17216.0,2010-06-03 13:03:00,2010-06-03 13:03:00,1,21,63.6,4.892307692307693,21.0,13.0,13,Summer,United Kingdom,554,1,63.6,1,At-Risk Customers
17217.0,2010-03-30 13:35:00,2011-04-19 17:19:00,2,93,210.1,7.781481481481482,54.0,15.0,13,Spring,United Kingdom,234,2,210.1,0,Regular Customers
17218.0,2010-01-25 16:12:00,2011-12-05 13:52:00,18,2066,3891.39,8.261974522292993,128.83864118895966,30.269639065817408,16,Autumn,United Kingdom,4,18,3891.39,0,Regular Customers
17219.0,2010-10-19 11:29:00,2011-11-08 11:25:00,2,188,259.13,5.1826,94.0,24.0,11,Autumn,United Kingdom,32,2,259.13,0,Regular Customers
17220.0,2010-01-20 11:57:00,2011-11-15 13:47:00,21,2663,4457.31,6.632901785714286,148.5639880952381,39.41517857142857,13,Autumn,United Kingdom,24,21,4457.31,0,Regular Customers
17221.0,2010-04-11 15:34:00,2011-12-02 13:35:00,5,713,976.62,7.875967741935484,174.0483870967742,32.306451612903224,15,Spring,United Kingdom,7,5,976.62,0,Regular Customers
17222.0,2010-01-10 15:24:00,2011-10-05 13:58:00,6,857,1579.51,14.102767857142856,184.08035714285717,21.892857142857142,13,Spring,United Kingdom,65,6,1579.51,0,Regular Customers
17223.0,2010-11-29 17:19:00,2011-02-02 15:57:00,3,155,558.04,8.087536231884057,53.52173913043478,23.695652173913043,14,Winter,United Kingdom,310,3,558.04,1,At-Risk Customers
17224.0,2010-07-26 13:30:00,2010-07-26 13:30:00,1,65,100.86,12.607500000000002,65.0,8.0,13,Summer,United Kingdom,501,1,100.86,1,At-Risk Customers
17225.0,2010-05-07 11:38:00,2010-05-07 11:38:00,1,36,131.15,26.23,36.0,5.0,11,Spring,United Kingdom,582,1,131.15,1,At-Risk Customers
17226.0,2010-02-12 14:31:00,2011-02-04 11:52:00,3,853,895.47,15.177457627118644,354.6610169491525,25.79661016949153,14,Winter,United Kingdom,309,3,895.47,1,At-Risk Customers
17227.0,2010-01-15 15:05:00,2011-11-21 10:51:00,12,1681,1878.93,16.48184210526316,142.359649122807,9.719298245614034,15,Autumn,United Kingdom,19,12,1878.93,0,Regular Customers
17228.0,2010-03-12 11:54:00,2011-11-24 10:24:00,13,2354,2820.03,8.623944954128442,197.4678899082569,29.2782874617737,11,Autumn,United Kingdom,16,13,2820.03,0,Regular Customers
17229.0,2011-07-20 12:38:00,2011-09-04 13:56:00,2,185,318.76,6.782127659574468,98.1063829787234,26.574468085106385,12,Summer,United Kingdom,96,2,318.76,0,Regular Customers
17230.0,2009-12-08 13:41:00,2011-03-20 16:12:00,18,3753,9388.49,43.264930875576034,327.2672811059908,19.442396313364057,11,Winter,United Kingdom,264,18,9388.49,0,Regular Customers
17231.0,2009-12-07 16:38:00,2011-11-27 15:18:00,25,3681,7064.8,5.882431307243963,174.985012489592,55.10324729392173,16,Autumn,United Kingdom,12,25,7064.8,0,Regular Customers
17232.0,2011-11-25 12:24:00,2011-12-07 12:21:00,2,202,417.77,11.936285714285711,100.74285714285716,17.514285714285716,12,Winter,United Kingdom,3,2,417.77,0,Regular Customers
17233.0,2009-12-15 12:03:00,2011-11-04 14:06:00,3,298,560.86,9.67,106.8103448275862,20.58620689655172,14,Autumn,United Kingdom,35,3,560.86,0,Regular Customers
17234.0,2011-06-10 11:20:00,2011-06-10 11:20:00,1,55,149.89,10.706428571428573,55.0,14.0,11,Summer,United Kingdom,183,1,149.89,0,Regular Customers
17235.0,2010-06-04 17:01:00,2011-11-14 15:51:00,8,845,1562.98,17.561573033707866,96.49438202247192,12.460674157303371,13,Summer,United Kingdom,25,8,1562.98,0,Regular Customers
17236.0,2010-03-07 13:00:00,2011-11-27 12:00:00,12,804,1929.26,12.210506329113924,75.39873417721519,18.253164556962027,12,Autumn,United Kingdom,13,12,1929.26,0,Regular Customers
17237.0,2010-11-23 11:45:00,2011-11-28 15:02:00,4,414,994.13,12.58392405063291,168.68354430379748,29.78481012658228,11,Autumn,United Kingdom,11,4,994.13,0,Regular Customers
17238.0,2009-12-01 10:59:00,2011-12-07 11:35:00,32,3555,7331.67,6.436935908691835,135.88323090430202,41.10974539069359,10,Autumn,United Kingdom,3,32,7331.67,0,Regular Customers
17239.0,2010-07-01 10:53:00,2011-01-31 09:41:00,4,515,1189.45,37.1703125,134.0,10.1875,9,Winter,United Kingdom,313,4,1189.45,1,At-Risk Customers
17240.0,2010-04-22 15:44:00,2010-04-22 15:44:00,1,108,130.60000000000002,18.657142857142865,108.0,7.0,15,Spring,United Kingdom,596,1,130.6,1,At-Risk Customers
17241.0,2010-02-15 14:47:00,2010-11-19 13:01:00,12,859,2736.64,16.097882352941177,78.5,15.505882352941176,12,Spring,United Kingdom,385,12,2736.64,1,At-Risk Customers
17242.0,2010-01-24 10:27:00,2011-08-23 14:55:00,5,1459,2889.28,34.39619047619048,323.29761904761904,19.666666666666668,13,Summer,United Kingdom,108,5,2889.28,0,Regular Customers
17243.0,2009-12-01 15:36:00,2011-12-08 13:26:00,69,7932,20203.58,18.8290587138863,131.6924510717614,17.709226467847156,10,Winter,United Kingdom,1,69,20203.58,3,Loyal Customers
17244.0,2009-12-06 11:27:00,2011-10-17 15:19:00,5,1419,1826.04,15.217,282.1083333333333,26.616666666666667,13,Autumn,United Kingdom,53,5,1826.04,0,Regular Customers
17245.0,2010-01-19 15:39:00,2011-05-19 10:43:00,2,307,371.63,14.8652,175.48,12.84,15,Winter,United Kingdom,205,2,371.63,0,Regular Customers
17246.0,2009-12-01 17:45:00,2010-06-11 12:36:00,2,36,38.92,6.486666666666667,23.33333333333333,3.333333333333333,17,Winter,United Kingdom,547,2,38.92,1,At-Risk Customers
17247.0,2011-11-24 15:21:00,2011-11-24 15:21:00,1,105,280.09000000000003,5.186851851851852,105.0,53.0,15,Autumn,United Kingdom,15,1,280.09000000000003,0,Regular Customers
17248.0,2010-08-15 11:55:00,2011-08-11 13:34:00,2,276,500.54,4.812884615384616,162.51923076923077,56.55769230769231,13,Summer,United Kingdom,120,2,500.54,0,Regular Customers
17249.0,2010-10-07 11:33:00,2010-10-07 11:33:00,1,79,68.03,2.51962962962963,79.0,27.0,11,Autumn,United Kingdom,429,1,68.03,1,At-Risk Customers
17250.0,2011-03-23 16:45:00,2011-12-06 12:15:00,2,167,381.97,6.820892857142858,85.91071428571429,28.303571428571427,12,Winter,United Kingdom,4,2,381.97,0,Regular Customers
17251.0,2009-12-15 10:36:00,2010-12-12 11:06:00,3,377,798.98,10.243333333333334,121.62820512820512,28.06410256410257,10,Winter,United Kingdom,363,3,798.98,1,At-Risk Customers
17252.0,2011-06-06 16:41:00,2011-08-15 09:45:00,2,192,348.91,4.057093023255813,187.8139534883721,84.02325581395348,16,Summer,United Kingdom,117,2,348.91,0,Regular Customers
17253.0,2011-11-21 12:59:00,2011-11-21 12:59:00,1,43,178.26,9.903333333333332,43.0,18.0,12,Autumn,United Kingdom,18,1,178.26,0,Regular Customers
17254.0,2010-11-03 14:00:00,2011-12-05 12:46:00,3,397,469.48,3.19374149659864,130.0204081632653,50.755102040816325,14,Autumn,United Kingdom,5,3,469.48,0,Regular Customers
17255.0,2010-09-19 15:53:00,2011-10-30 12:18:00,4,583,781.7,4.295054945054945,178.34615384615384,52.027472527472526,15,Autumn,United Kingdom,41,4,781.7,0,Regular Customers
17256.0,2010-04-18 13:40:00,2011-08-24 13:30:00,5,299,498.93,16.094516129032257,77.09677419354838,8.806451612903226,13,Spring,United Kingdom,107,5,498.93,0,Regular Customers
17257.0,2010-09-29 12:49:00,2010-09-29 12:51:00,2,187,189.78,13.555714285714286,142.78571428571428,12.142857142857142,12,Autumn,United Kingdom,436,2,189.78,1,At-Risk Customers
17258.0,2010-02-12 15:51:00,2010-11-08 12:37:00,2,188,417.3,7.587272727272728,103.54545454545456,28.90909090909091,15,Winter,United Kingdom,397,2,417.3,1,At-Risk Customers
17259.0,2010-02-22 13:38:00,2011-07-14 15:01:00,6,844,1452.39,6.314739130434783,178.73478260869564,49.4,13,Winter,United Kingdom,148,6,1452.39,0,Regular Customers
17260.0,2010-10-24 13:21:00,2010-10-24 13:21:00,1,23,120.95,20.15833333333333,23.0,6.0,13,Autumn,United Kingdom,411,1,120.95,1,At-Risk Customers
17261.0,2010-07-18 11:49:00,2010-07-18 11:49:00,1,95,221.59,5.153255813953488,95.0,43.0,11,Summer,United Kingdom,510,1,221.59,1,At-Risk Customers
17262.0,2009-12-15 11:26:00,2011-10-18 12:56:00,11,635,2488.76,130.98736842105265,53.526315789473685,2.473684210526316,15,Spring,United Kingdom,52,11,2488.76,0,Regular Customers
17263.0,2011-05-15 14:32:00,2011-05-15 14:32:00,1,36,63.440000000000005,2.758260869565217,36.0,23.0,14,Spring,United Kingdom,208,1,63.440000000000005,0,Regular Customers
17264.0,2010-10-11 12:52:00,2010-10-11 12:52:00,1,217,268.28,3.625405405405405,217.0,70.0,12,Autumn,United Kingdom,424,1,268.28,1,At-Risk Customers
17265.0,2011-06-12 12:00:00,2011-07-24 10:49:00,2,389,550.01,4.50827868852459,198.65573770491804,61.77049180327869,12,Summer,United Kingdom,139,2,550.01,0,Regular Customers
17266.0,2010-03-09 10:42:00,2011-12-07 14:12:00,5,243,501.72,4.216134453781513,67.3529411764706,27.33613445378151,14,Winter,United Kingdom,2,5,501.72,0,Regular Customers
17267.0,2011-08-04 17:19:00,2011-08-04 17:22:00,2,158,317.2,8.572972972972973,149.94594594594594,35.054054054054056,17,Summer,United Kingdom,127,2,317.2,0,Regular Customers
17268.0,2009-12-08 11:46:00,2011-08-24 10:06:00,11,1395,1733.89,57.79633333333333,109.63333333333334,4.266666666666667,10,Spring,United Kingdom,108,11,1733.89,0,Regular Customers
17269.0,2010-11-19 11:12:00,2010-11-19 11:12:00,1,314,491.81,3.93448,314.0,110.0,11,Autumn,United Kingdom,386,1,491.81,1,At-Risk Customers
17270.0,2009-12-07 17:18:00,2010-08-27 14:09:00,2,420,601.45,12.530208333333334,189.75,26.0,14,Summer,United Kingdom,469,2,601.4499999999999,1,At-Risk Customers
17271.0,2009-12-03 13:49:00,2009-12-03 13:49:00,1,113,204.3,4.2562500000000005,113.0,46.0,13,Winter,United Kingdom,736,1,204.3,1,At-Risk Customers
17272.0,2011-03-22 12:05:00,2011-10-28 16:37:00,4,1778,2148.63,18.847631578947368,574.5964912280701,37.56140350877193,12,Spring,United Kingdom,42,4,2148.63,0,Regular Customers
17273.0,2010-10-11 15:57:00,2010-10-11 15:57:00,1,133,141.12,11.76,133.0,12.0,15,Autumn,United Kingdom,424,1,141.12,1,At-Risk Customers
17274.0,2010-11-09 12:06:00,2011-11-04 13:16:00,2,271,573.22,7.444415584415585,156.01298701298705,42.90909090909091,12,Autumn,United Kingdom,35,2,573.22,0,Regular Customers
17275.0,2010-11-21 13:26:00,2010-11-21 13:26:00,1,71,114.1,4.960869565217391,71.0,23.0,13,Autumn,United Kingdom,383,1,114.1,1,At-Risk Customers
17276.0,2010-11-02 16:20:00,2010-11-02 16:20:00,1,187,502.49,9.480943396226415,187.0,50.0,16,Autumn,United Kingdom,402,1,502.49,1,At-Risk Customers
17277.0,2011-01-21 12:37:00,2011-04-26 12:47:00,2,430,1065.35,15.43985507246377,289.5652173913044,43.3768115942029,12,Winter,United Kingdom,228,2,1065.35,0,Regular Customers
17278.0,2010-05-23 13:49:00,2011-04-12 13:10:00,2,195,271.24,15.95529411764706,159.8235294117647,13.470588235294118,13,Spring,United Kingdom,241,2,271.24,0,Regular Customers
17279.0,2011-10-13 11:58:00,2011-10-13 11:58:00,1,48,187.83,20.87,48.0,8.0,11,Autumn,United Kingdom,58,1,187.83,0,Regular Customers
17280.0,2010-09-27 16:46:00,2010-09-27 16:46:00,1,74,118.86,19.81,74.0,6.0,16,Autumn,United Kingdom,438,1,118.86,1,At-Risk Customers
17281.0,2010-02-04 13:00:00,2010-11-30 18:05:00,6,295,797.85,132.975,49.16666666666666,1.0,11,Autumn,United Kingdom,374,6,797.8499999999999,1,At-Risk Customers
17282.0,2010-06-09 12:07:00,2011-08-01 14:29:00,5,2332,2308.54,11.316372549019608,398.5980392156863,62.21568627450981,11,Winter,United Kingdom,130,5,2308.54,0,Regular Customers
17283.0,2010-11-26 11:53:00,2010-11-26 11:53:00,1,179,188.46,12.564,179.0,15.0,11,Autumn,United Kingdom,379,1,188.46,1,At-Risk Customers
17284.0,2010-09-20 16:18:00,2011-10-10 14:38:00,8,2069,2788.06,7.474691689008043,429.0884718498659,78.76407506702412,14,Winter,United Kingdom,60,8,2788.06,0,Regular Customers
17285.0,2010-02-14 14:10:00,2010-03-21 13:38:00,2,134,407.94,9.271363636363636,68.27272727272727,21.63636363636364,13,Spring,United Kingdom,628,2,407.94,1,At-Risk Customers
17286.0,2010-11-04 13:43:00,2011-11-18 12:47:00,3,368,389.18,4.324222222222223,108.68888888888888,39.68888888888889,13,Autumn,United Kingdom,22,3,389.18,0,Regular Customers
17287.0,2009-12-03 12:45:00,2011-11-13 13:27:00,21,1955,3826.86,8.265356371490281,114.33261339092871,28.138228941684662,12,Autumn,United Kingdom,26,21,3826.86,0,Regular Customers
17288.0,2010-11-10 14:44:00,2011-11-30 16:09:00,11,1699,2468.43,8.5709375,201.72916666666663,63.395833333333336,13,Autumn,United Kingdom,9,11,2468.43,0,Regular Customers
17289.0,2010-03-08 12:52:00,2011-11-08 12:01:00,9,1237,2041.8,7.67593984962406,160.1954887218045,32.4812030075188,13,Autumn,United Kingdom,32,9,2041.8,0,Regular Customers
17290.0,2009-12-13 13:28:00,2011-12-06 12:38:00,8,1139,1487.96,7.591632653061224,185.8622448979592,35.71938775510204,15,Autumn,United Kingdom,4,8,1487.96,0,Regular Customers
17291.0,2011-02-04 13:04:00,2011-02-04 13:04:00,1,72,550.8000000000001,550.8000000000001,72.0,1.0,13,Winter,United Kingdom,308,1,550.8000000000001,1,At-Risk Customers
17292.0,2010-05-09 14:52:00,2010-08-24 17:14:00,2,131,271.75,18.116666666666667,59.2,7.2,17,Summer,United Kingdom,472,2,271.75,1,At-Risk Customers
17293.0,2009-12-03 15:09:00,2011-12-01 14:37:00,17,2228,3750.63,15.562780082987553,163.94190871369295,19.448132780082982,16,Autumn,United Kingdom,8,17,3750.63,0,Regular Customers
17294.0,2010-02-08 14:21:00,2010-02-08 16:12:00,2,297,467.79,27.51705882352941,188.23529411764707,9.941176470588236,14,Winter,United Kingdom,669,2,467.79,1,At-Risk Customers
17295.0,2011-10-06 12:22:00,2011-11-11 10:49:00,3,293,547.0,8.044117647058824,108.47058823529412,23.735294117647054,10,Autumn,United Kingdom,29,3,547.0,0,Regular Customers
17296.0,2009-12-09 14:01:00,2009-12-09 14:01:00,1,216,338.13,10.246363636363636,216.0,32.0,14,Winter,United Kingdom,730,1,338.13,1,At-Risk Customers
17297.0,2011-11-22 14:43:00,2011-11-22 14:43:00,1,65,128.18,2.615918367346939,65.0,49.0,14,Autumn,United Kingdom,17,1,128.18,0,Regular Customers
17298.0,2010-03-08 08:56:00,2011-08-30 16:43:00,5,852,954.26,13.829855072463769,197.1304347826087,23.72463768115942,12,Summer,United Kingdom,101,5,954.26,0,Regular Customers
17299.0,2010-08-15 16:00:00,2011-11-28 12:01:00,6,919,993.23,8.789646017699114,181.8672566371681,23.300884955752213,16,Summer,United Kingdom,12,6,993.23,0,Regular Customers
17300.0,2010-08-15 11:02:00,2010-11-14 10:56:00,2,467,393.64,8.946363636363635,237.6590909090909,21.84090909090909,10,Autumn,United Kingdom,391,2,393.64,1,At-Risk Customers
17301.0,2010-03-25 13:16:00,2011-11-18 13:43:00,2,216,294.39,2.605221238938053,109.28318584070796,55.65486725663717,13,Autumn,United Kingdom,21,2,294.39,0,Regular Customers
17302.0,2011-02-07 10:14:00,2011-11-25 09:36:00,5,575,1135.63,14.375063291139242,121.65822784810126,17.658227848101266,9,Autumn,United Kingdom,15,5,1135.63,0,Regular Customers
17303.0,2010-12-13 13:32:00,2010-12-13 13:32:00,1,144,250.04,4.717735849056604,144.0,53.0,13,Winter,United Kingdom,361,1,250.04,1,At-Risk Customers
17304.0,2010-06-23 16:23:00,2010-06-23 16:23:00,1,73,111.5,22.3,73.0,5.0,16,Summer,United Kingdom,534,1,111.5,1,At-Risk Customers
17305.0,2010-03-01 12:47:00,2010-03-01 12:47:00,1,1006,2135.46,237.2733333333333,1006.0,9.0,12,Spring,United Kingdom,649,1,2135.46,1,At-Risk Customers
17306.0,2010-11-01 11:38:00,2011-11-29 12:14:00,21,13747,9782.35,135.86597222222224,698.4305555555555,4.472222222222222,9,Autumn,United Kingdom,11,21,9782.35,0,Regular Customers
17307.0,2010-01-19 16:38:00,2010-11-09 13:40:00,11,3667,3999.89,83.33104166666668,571.8958333333334,7.75,13,Autumn,United Kingdom,395,11,3999.89,1,At-Risk Customers
17308.0,2010-09-13 09:35:00,2010-11-11 13:19:00,2,5148,4511.76,644.5371428571428,3450.8571428571427,4.142857142857143,9,Autumn,United Kingdom,393,2,4511.76,1,At-Risk Customers
17309.0,2010-02-04 15:49:00,2011-09-05 15:20:00,3,181,320.39,8.899722222222222,73.83333333333333,15.583333333333334,15,Winter,United Kingdom,95,3,320.39,0,Regular Customers
17310.0,2010-06-23 11:38:00,2010-11-17 16:00:00,2,402,1025.1,512.55,201.0,1.0,11,Autumn,United Kingdom,387,2,1025.1,1,At-Risk Customers
17311.0,2010-02-03 12:38:00,2011-09-22 14:11:00,6,2755,3566.56,28.08314960629921,524.2047244094488,23.866141732283463,14,Autumn,United Kingdom,78,6,3566.56,0,Regular Customers
17312.0,2011-07-03 13:12:00,2011-07-24 11:52:00,3,372,644.3,46.021428571428565,155.0,7.857142857142857,13,Summer,United Kingdom,139,3,644.3,0,Regular Customers
17313.0,2011-11-08 15:45:00,2011-11-08 15:45:00,1,1402,2328.84,97.035,1402.0,24.0,15,Autumn,United Kingdom,31,1,2328.84,0,Regular Customers
17314.0,2009-12-03 11:25:00,2011-11-15 09:41:00,17,3663,4904.43,19.1579296875,356.6640625,24.5078125,10,Summer,United Kingdom,25,17,4904.43,0,Regular Customers
17315.0,2010-09-27 12:45:00,2011-12-08 12:15:00,43,5088,9599.58,12.850843373493976,165.0107095046854,37.87817938420348,12,Autumn,United Kingdom,2,43,9599.58,0,Regular Customers
17316.0,2010-10-15 14:35:00,2010-10-15 14:35:00,1,44,124.45,3.5557142857142856,44.0,35.0,14,Autumn,United Kingdom,420,1,124.45,1,At-Risk Customers
17317.0,2011-09-11 12:45:00,2011-10-24 17:19:00,3,1146,2600.34,288.9266666666667,531.3333333333334,5.666666666666667,12,Autumn,United Kingdom,46,3,2600.34,0,Regular Customers
17318.0,2009-12-14 13:11:00,2009-12-14 13:11:00,1,59,157.32999999999998,9.25470588235294,59.0,17.0,13,Winter,United Kingdom,725,1,157.32999999999998,1,At-Risk Customers
17319.0,2010-02-08 15:47:00,2010-02-08 15:47:00,1,14,29.1,9.7,14.0,3.0,15,Winter,United Kingdom,669,1,29.1,1,At-Risk Customers
17320.0,2010-01-21 16:29:00,2011-08-31 13:31:00,6,1182,2444.85,16.08453947368421,199.96052631578948,26.07894736842105,15,Summer,United Kingdom,100,6,2444.85,0,Regular Customers
17321.0,2010-05-11 12:10:00,2011-12-01 13:41:00,6,790,1665.21,6.144686346863469,257.22878228782287,86.93357933579335,12,Autumn,United Kingdom,8,6,1665.21,0,Regular Customers
17322.0,2009-12-03 11:46:00,2010-11-28 14:41:00,5,631,922.59,5.2123728813559325,134.2316384180791,35.440677966101696,13,Autumn,United Kingdom,376,5,922.59,1,At-Risk Customers
17323.0,2010-01-10 11:58:00,2011-11-24 17:29:00,12,1426,1551.04,4.685921450151057,135.69486404833836,31.706948640483382,12,Autumn,United Kingdom,15,12,1551.04,0,Regular Customers
17324.0,2009-12-18 15:29:00,2011-11-22 10:34:00,12,1485,2171.07,14.97289655172414,161.3793103448276,23.0,11,Autumn,United Kingdom,18,12,2171.07,0,Regular Customers
17325.0,2010-03-08 11:31:00,2011-03-04 13:09:00,3,465,609.5699999999999,15.63,224.3846153846154,18.58974358974359,9,Autumn,United Kingdom,280,3,609.5699999999999,1,At-Risk Customers
17326.0,2010-06-28 14:05:00,2010-10-27 15:38:00,2,136,312.35,3.631976744186047,69.11627906976744,42.83720930232558,14,Summer,United Kingdom,408,2,312.35,1,At-Risk Customers
17327.0,2010-05-26 11:20:00,2010-10-26 09:54:00,2,59,152.35,38.0875,43.75,2.5,9,Autumn,United Kingdom,410,2,152.35,1,At-Risk Customers
17328.0,2010-02-04 17:11:00,2010-02-04 17:11:00,1,86,104.7,17.45,86.0,6.0,17,Winter,United Kingdom,673,1,104.7,1,At-Risk Customers
17329.0,2009-12-03 16:09:00,2011-11-25 14:24:00,5,430,998.53,9.60125,116.875,28.173076923076923,16,Winter,United Kingdom,14,5,998.53,0,Regular Customers
17330.0,2010-03-02 09:20:00,2011-11-17 08:56:00,4,122,423.8,52.975,65.25,3.5,11,Autumn,United Kingdom,23,4,423.8,0,Regular Customers
17331.0,2011-08-08 11:55:00,2011-08-08 11:55:00,1,16,175.2,175.2,16.0,1.0,11,Summer,United Kingdom,124,1,175.2,0,Regular Customers
17332.0,2010-02-21 14:41:00,2010-06-29 16:10:00,5,794,838.27,8.823894736842105,183.10526315789477,22.010526315789477,12,Spring,United Kingdom,528,5,838.27,1,At-Risk Customers
17333.0,2011-09-15 10:11:00,2011-09-15 10:11:00,1,375,494.25,17.651785714285715,375.0,28.0,10,Autumn,United Kingdom,86,1,494.25,0,Regular Customers
17334.0,2010-10-29 12:16:00,2011-02-10 14:59:00,3,566,635.1500000000001,20.48870967741936,256.2903225806452,16.161290322580644,12,Autumn,United Kingdom,302,3,635.15,1,At-Risk Customers
17335.0,2010-01-24 11:15:00,2010-11-21 10:17:00,2,210,497.04,13.806666666666668,103.44444444444444,17.22222222222222,11,Winter,United Kingdom,384,2,497.04,1,At-Risk Customers
17336.0,2010-08-24 15:37:00,2010-08-24 15:37:00,1,48,81.12,81.12,48.0,1.0,15,Summer,United Kingdom,472,1,81.12,1,At-Risk Customers
17337.0,2011-02-02 17:06:00,2011-07-11 14:55:00,4,1247,1981.06,3.802418426103647,462.7927063339731,180.28790786948176,17,Spring,United Kingdom,151,4,1981.06,0,Regular Customers
17338.0,2010-03-10 16:09:00,2011-11-22 14:23:00,17,5780,11889.33,9.110597701149423,401.735632183908,85.31417624521073,14,Autumn,United Kingdom,17,17,11889.33,0,Regular Customers
17339.0,2010-07-18 13:08:00,2011-09-06 13:29:00,3,172,302.36,30.236,76.4,4.2,13,Autumn,United Kingdom,94,3,302.36,0,Regular Customers
17340.0,2010-02-14 14:54:00,2011-11-10 10:45:00,18,9497,19617.95,28.93502949852508,857.8421828908555,59.08849557522124,10,Autumn,United Kingdom,30,18,19617.95,0,Regular Customers
17341.0,2010-06-17 18:17:00,2011-07-06 12:33:00,5,831,1272.21,5.809178082191781,239.42465753424656,93.12785388127854,12,Winter,United Kingdom,157,5,1272.21,0,Regular Customers
17342.0,2010-02-08 09:16:00,2010-11-25 11:07:00,4,521,1227.54,35.07257142857143,158.5142857142857,10.485714285714286,9,Winter,United Kingdom,380,4,1227.54,1,At-Risk Customers
17343.0,2009-12-03 18:30:00,2010-12-19 15:07:00,6,454,1259.94,15.74925,77.725,13.8875,10,Winter,United Kingdom,355,6,1259.94,1,At-Risk Customers
17344.0,2009-12-11 12:31:00,2011-10-24 12:56:00,2,200,457.36,6.826268656716418,102.61194029850746,33.6865671641791,12,Winter,United Kingdom,46,2,457.36,0,Regular Customers
17345.0,2009-12-01 16:17:00,2011-11-24 15:03:00,10,2008,1586.63,7.59153110047847,266.8468899521531,29.3444976076555,15,Autumn,United Kingdom,15,10,1586.63,0,Regular Customers
17346.0,2010-04-18 12:18:00,2011-12-06 12:18:00,26,3439,4998.61,5.415612134344529,190.6554712892741,43.15817984832069,13,Autumn,United Kingdom,4,26,4998.61,0,Regular Customers
17347.0,2011-09-14 13:12:00,2011-09-14 13:12:00,1,216,228.96,228.96,216.0,1.0,13,Autumn,United Kingdom,86,1,228.96,0,Regular Customers
17348.0,2010-03-10 12:13:00,2011-11-25 11:25:00,9,2766,2442.29,5.513069977426636,320.3995485327314,51.25733634311512,11,Autumn,United Kingdom,15,9,2442.29,0,Regular Customers
17349.0,2010-03-18 14:26:00,2011-06-13 14:29:00,5,772,772.41,9.087176470588236,172.58823529411765,26.51764705882353,12,Autumn,United Kingdom,179,5,772.41,0,Regular Customers
17350.0,2010-02-01 15:38:00,2011-12-01 15:47:00,7,1178,1893.701,13.242664335664337,218.86713286713288,25.944055944055943,16,Autumn,United Kingdom,8,7,1893.701,0,Regular Customers
17351.0,2009-12-10 18:43:00,2011-11-03 18:45:00,12,383,1988.23,28.814927536231885,40.68115942028985,8.27536231884058,18,Winter,United Kingdom,36,12,1988.23,0,Regular Customers
17352.0,2010-01-12 16:13:00,2010-01-12 16:13:00,1,15,36.25,7.25,15.0,5.0,16,Winter,United Kingdom,696,1,36.25,1,At-Risk Customers
17353.0,2010-03-25 12:52:00,2011-08-02 17:19:00,4,2168,3242.0,231.57142857142856,595.4285714285714,3.7142857142857135,8,Summer,United Kingdom,129,4,3242.0,0,Regular Customers
17354.0,2010-10-07 13:22:00,2011-10-20 10:34:00,4,2531,3133.96,31.02930693069307,554.9009900990098,37.0,13,Autumn,United Kingdom,51,4,3133.96,0,Regular Customers
17355.0,2010-11-18 13:18:00,2010-11-18 13:18:00,1,249,273.31,8.282121212121211,249.0,28.0,13,Autumn,United Kingdom,386,1,273.31,1,At-Risk Customers
17356.0,2010-01-20 12:14:00,2011-02-01 11:07:00,5,925,946.47,11.00546511627907,188.95348837209303,21.232558139534884,10,Winter,United Kingdom,312,5,946.47,1,At-Risk Customers
17357.0,2011-11-15 16:29:00,2011-11-15 16:30:00,2,152,384.39,8.736136363636364,146.63636363636363,39.11363636363637,16,Autumn,United Kingdom,24,2,384.39,0,Regular Customers
17358.0,2010-02-24 16:42:00,2011-02-09 16:57:00,5,430,861.01,5.897328767123288,98.10958904109587,37.45205479452055,13,Autumn,United Kingdom,303,5,861.01,1,At-Risk Customers
17359.0,2010-03-01 14:48:00,2011-11-28 14:37:00,2,237,284.46,7.48578947368421,109.55263157894736,19.05263157894737,14,Spring,United Kingdom,11,2,284.46,0,Regular Customers
17360.0,2010-10-01 12:07:00,2011-11-22 13:11:00,6,624,1200.51,5.242401746724891,116.86026200873364,40.8296943231441,12,Autumn,United Kingdom,17,6,1200.51,0,Regular Customers
17361.0,2010-02-01 14:30:00,2011-10-21 15:43:00,5,380,871.7900000000001,15.294561403508771,108.91228070175438,16.719298245614034,14,Winter,United Kingdom,49,5,871.79,0,Regular Customers
17362.0,2010-01-06 10:53:00,2011-04-14 14:43:00,7,549,1024.04,7.1113888888888885,83.70833333333333,22.20833333333333,12,Spring,United Kingdom,239,7,1024.04,0,Regular Customers
17363.0,2010-11-02 17:25:00,2010-11-09 17:11:00,3,499,920.46,26.298857142857145,350.0857142857143,22.257142857142856,17,Autumn,United Kingdom,395,3,920.46,1,At-Risk Customers
17364.0,2009-12-07 15:28:00,2011-12-09 09:00:00,28,7464,11972.92,13.244380530973451,334.39933628318585,43.61725663716814,15,Winter,United Kingdom,1,28,11972.92,0,Regular Customers
17365.0,2010-02-01 11:56:00,2011-11-27 12:13:00,15,8015,8184.49,10.30792191435768,787.2758186397984,72.2015113350126,12,Autumn,United Kingdom,13,15,8184.49,0,Regular Customers
17366.0,2010-09-09 19:46:00,2010-10-03 16:04:00,2,504,1077.24,8.22320610687023,255.50381679389312,64.90839694656489,19,Autumn,United Kingdom,432,2,1077.24,1,At-Risk Customers
17367.0,2011-04-15 14:21:00,2011-04-15 14:21:00,1,149,167.55,5.077272727272728,149.0,33.0,14,Spring,United Kingdom,238,1,167.55,0,Regular Customers
17368.0,2009-12-15 17:45:00,2011-11-16 15:26:00,14,2319,2758.29,12.204823008849557,149.26106194690266,26.513274336283185,15,Autumn,United Kingdom,23,14,2758.29,0,Regular Customers
17369.0,2010-09-10 09:49:00,2010-09-10 09:49:00,1,1152,979.2,979.2,1152.0,1.0,9,Autumn,United Kingdom,456,1,979.2,1,At-Risk Customers
17370.0,2011-06-23 11:50:00,2011-09-28 10:14:00,4,540,446.18,13.52060606060606,135.15151515151516,8.272727272727273,14,Autumn,United Kingdom,73,4,446.18,0,Regular Customers
17371.0,2009-12-08 12:25:00,2011-11-22 13:30:00,6,281,655.37,4.551180555555556,65.04166666666667,39.17361111111112,13,Autumn,United Kingdom,17,6,655.37,0,Regular Customers
17372.0,2009-12-03 18:41:00,2011-10-30 11:37:00,28,1863,4347.31,6.708811728395062,77.98456790123457,28.503086419753085,13,Winter,United Kingdom,41,28,4347.31,0,Regular Customers
17373.0,2010-02-28 14:17:00,2011-10-30 15:28:00,7,738,1167.5,12.82967032967033,104.68131868131869,13.68131868131868,14,Autumn,United Kingdom,40,7,1167.5,0,Regular Customers
17374.0,2010-11-09 17:14:00,2011-05-05 09:05:00,3,155,727.11,17.312142857142856,52.95238095238095,14.19047619047619,9,Spring,United Kingdom,219,3,727.11,0,Regular Customers
17375.0,2010-10-04 09:14:00,2011-05-24 15:45:00,4,480,660.55,7.6808139534883715,117.65116279069768,21.976744186046517,15,Winter,United Kingdom,199,4,660.55,0,Regular Customers
17376.0,2010-07-05 11:11:00,2011-09-30 12:36:00,4,244,453.64,8.248,68.2,15.545454545454543,11,Summer,United Kingdom,71,4,453.64,0,Regular Customers
17377.0,2009-12-02 12:39:00,2011-11-16 11:17:00,78,7335,17644.27,10.306232476635516,123.82476635514018,27.65303738317757,11,Autumn,United Kingdom,24,78,17644.27,3,Loyal Customers
17378.0,2010-11-30 18:46:00,2010-11-30 18:46:00,1,1,10.95,10.95,1.0,1.0,18,Autumn,United Kingdom,374,1,10.95,1,At-Risk Customers
17379.0,2011-11-28 13:56:00,2011-11-28 13:56:00,1,623,389.72,4.996410256410256,623.0,71.0,13,Autumn,United Kingdom,11,1,389.72,0,Regular Customers
17380.0,2010-06-23 11:24:00,2010-10-01 16:42:00,3,252,645.0,64.5,99.6,3.8,11,Summer,United Kingdom,434,3,645.0,1,At-Risk Customers
17381.0,2010-06-09 12:55:00,2011-12-01 11:59:00,38,42879,36398.65,223.30460122699387,2039.2576687116564,7.711656441717792,11,Spring,United Kingdom,9,38,36398.65,0,Regular Customers
17382.0,2010-05-19 11:33:00,2011-10-05 13:05:00,8,457,902.28,50.126666666666665,72.11111111111111,2.888888888888889,11,Autumn,United Kingdom,65,8,902.28,0,Regular Customers
17383.0,2010-09-12 14:54:00,2011-12-05 17:36:00,2,160,304.09000000000003,5.9625490196078434,142.66666666666666,47.15686274509804,17,Winter,United Kingdom,4,2,304.09,0,Regular Customers
17384.0,2010-08-29 16:01:00,2011-11-20 15:48:00,3,121,507.55,25.3775,41.7,8.9,15,Autumn,United Kingdom,19,3,507.55,0,Regular Customers
17385.0,2011-11-25 11:02:00,2011-11-25 11:02:00,1,197,256.11,5.691333333333334,197.0,42.0,11,Autumn,United Kingdom,15,1,256.11,0,Regular Customers
17386.0,2010-11-19 13:40:00,2011-12-02 11:28:00,7,1955,2812.77,74.02026315789473,477.4736842105263,11.157894736842104,11,Winter,United Kingdom,8,7,2812.77,0,Regular Customers
17387.0,2011-11-06 11:25:00,2011-11-20 11:00:00,2,522,746.81,9.826447368421052,280.4736842105263,47.76315789473684,11,Autumn,United Kingdom,20,2,746.81,0,Regular Customers
17388.0,2009-12-10 11:45:00,2011-09-23 10:31:00,11,2555,2675.37,48.64309090909091,200.14545454545456,10.4,10,Summer,United Kingdom,78,11,2675.37,0,Regular Customers
17389.0,2009-12-04 12:06:00,2011-12-09 09:38:00,61,17880,57215.33,133.3690675990676,705.7808857808858,14.468531468531468,15,Autumn,United Kingdom,1,61,57215.33,3,Loyal Customers
17390.0,2010-10-15 11:29:00,2010-10-15 11:29:00,1,49,149.3,12.441666666666668,49.0,12.0,11,Autumn,United Kingdom,421,1,149.3,1,At-Risk Customers
17391.0,2011-06-28 12:21:00,2011-06-29 09:58:00,2,480,508.8,169.6,288.0,1.6666666666666667,12,Summer,United Kingdom,164,2,508.8,0,Regular Customers
17392.0,2010-09-15 16:17:00,2011-02-06 12:48:00,3,450,585.92,8.370285714285714,162.32857142857142,30.4,19,Winter,United Kingdom,307,3,585.92,1,At-Risk Customers
17393.0,2010-08-08 15:53:00,2010-10-25 11:10:00,2,238,381.15,7.940625000000001,123.25,22.8125,15,Summer,United Kingdom,411,2,381.15,1,At-Risk Customers
17394.0,2011-05-04 13:22:00,2011-05-04 13:22:00,1,241,203.87,50.9675,241.0,4.0,13,Spring,United Kingdom,219,1,203.87,0,Regular Customers
17395.0,2010-07-19 15:34:00,2010-07-19 15:34:00,1,66,97.5,32.5,66.0,3.0,15,Summer,United Kingdom,508,1,97.5,1,At-Risk Customers
17396.0,2010-09-24 13:04:00,2011-10-31 14:12:00,14,2313,8409.6,178.9276595744681,205.2127659574468,4.404255319148936,10,Autumn,United Kingdom,39,14,8409.6,0,Regular Customers
17397.0,2010-10-19 13:20:00,2011-11-17 14:08:00,3,691,1198.28,8.942388059701493,232.21641791044777,44.514925373134325,13,Autumn,United Kingdom,22,3,1198.28,0,Regular Customers
17398.0,2011-03-29 13:04:00,2011-08-17 09:48:00,3,310,653.38,17.19421052631579,124.71052631578948,14.578947368421051,13,Spring,United Kingdom,115,3,653.38,0,Regular Customers
17400.0,2009-12-17 15:41:00,2011-08-05 15:38:00,8,2185,4623.28,9.85773987206823,361.90191897654586,77.71002132196162,17,Winter,United Kingdom,126,8,4623.28,0,Regular Customers
17401.0,2010-06-16 16:54:00,2010-06-16 16:54:00,1,34,114.85,9.570833333333333,34.0,11.0,16,Summer,United Kingdom,541,1,114.85,1,At-Risk Customers
17402.0,2009-12-16 17:40:00,2011-12-05 10:15:00,23,1450,4635.56,26.04247191011236,79.3932584269663,21.03370786516854,15,Autumn,United Kingdom,5,23,4635.56,0,Regular Customers
17403.0,2010-09-15 12:29:00,2011-11-03 15:18:00,2,188,382.87,8.508222222222223,101.17777777777778,26.511111111111116,15,Autumn,United Kingdom,36,2,382.87,0,Regular Customers
17404.0,2010-01-07 11:31:00,2011-12-05 16:26:00,23,50679,47781.12,163.63397260273973,3420.7842465753424,19.67808219178082,10,Autumn,Sweden,4,23,47781.12,0,Regular Customers
17405.0,2011-07-12 14:17:00,2011-12-08 17:12:00,3,726,1031.41,12.57817073170732,270.0731707317073,31.78048780487805,14,Summer,United Kingdom,1,3,1031.41,0,Regular Customers
17406.0,2009-12-06 13:45:00,2011-01-10 15:07:00,13,1847,4186.95,17.5922268907563,301.1512605042017,48.70168067226891,14,Winter,United Kingdom,333,13,4186.95,1,At-Risk Customers
17407.0,2010-10-24 11:57:00,2010-10-24 11:57:00,1,426,552.9,24.039130434782606,426.0,23.0,11,Autumn,United Kingdom,412,1,552.9,1,At-Risk Customers
17408.0,2010-07-13 14:02:00,2011-06-29 12:53:00,3,163,316.09000000000003,39.51125,100.25,3.75,14,Summer,United Kingdom,163,3,316.09000000000003,0,Regular Customers
17409.0,2009-12-11 12:17:00,2011-06-08 10:36:00,10,4089,7793.51,74.93759615384616,501.33653846153845,11.73076923076923,9,Autumn,United Kingdom,185,10,7793.51,0,Regular Customers
17410.0,2011-05-08 15:21:00,2011-11-23 15:46:00,5,616,1214.72,18.98,141.78125,15.4375,15,Autumn,United Kingdom,16,5,1214.72,0,Regular Customers
17411.0,2009-12-03 12:02:00,2011-11-27 14:25:00,5,608,1425.38,19.005066666666668,127.52,15.72,12,Autumn,United Kingdom,12,5,1425.38,0,Regular Customers
17412.0,2009-12-02 13:51:00,2011-12-07 11:36:00,16,2554,4220.22,18.509736842105266,198.5,18.87280701754386,13,Winter,United Kingdom,3,16,4220.22,0,Regular Customers
17413.0,2010-05-19 11:11:00,2010-10-31 12:33:00,2,302,560.14,56.014,107.2,6.8,12,Autumn,United Kingdom,405,2,560.14,1,At-Risk Customers
17414.0,2009-12-03 16:49:00,2011-10-27 12:13:00,6,6256,2249.52,107.12,1056.3809523809523,4.238095238095238,16,Summer,United Kingdom,44,6,2249.52,0,Regular Customers
17415.0,2011-09-21 12:50:00,2011-09-21 12:50:00,1,114,507.84,36.27428571428571,114.0,14.0,12,Autumn,United Kingdom,80,1,507.84,0,Regular Customers
17416.0,2009-12-14 16:29:00,2011-11-10 12:47:00,22,8769,17298.45,28.97562814070352,736.7956448911223,54.061976549413735,9,Spring,United Kingdom,30,22,17298.45,0,Regular Customers
17417.0,2010-06-09 10:00:00,2010-06-09 10:00:00,1,76,164.18,10.26125,76.0,16.0,10,Summer,United Kingdom,549,1,164.18,1,At-Risk Customers
17418.0,2010-11-17 13:42:00,2011-10-28 13:00:00,3,521,670.0600000000001,15.953809523809523,170.28571428571428,14.571428571428571,13,Autumn,United Kingdom,42,3,670.0600000000001,0,Regular Customers
17419.0,2010-01-25 13:19:00,2011-11-28 13:47:00,18,2884,6126.25,20.48913043478261,184.4682274247492,19.32775919732441,12,Autumn,United Kingdom,11,18,6126.25,0,Regular Customers
17420.0,2010-11-03 13:09:00,2011-10-20 14:52:00,6,446,953.58,19.0716,81.9,9.2,13,Autumn,United Kingdom,50,6,953.58,0,Regular Customers
17421.0,2009-12-04 15:43:00,2010-11-18 16:57:00,3,807,1059.41,18.265689655172416,337.6034482758621,25.41379310344828,11,Autumn,United Kingdom,386,3,1059.41,1,At-Risk Customers
17422.0,2010-06-23 10:19:00,2011-11-23 13:27:00,11,3538,3594.76,17.535414634146342,351.78536585365856,19.946341463414637,10,Autumn,United Kingdom,16,11,3594.76,0,Regular Customers
17423.0,2010-11-11 12:26:00,2011-10-24 13:36:00,3,790,1118.95,26.022093023255817,261.7674418604651,14.767441860465116,12,Autumn,United Kingdom,46,3,1118.95,0,Regular Customers
17425.0,2011-10-10 11:37:00,2011-11-20 15:30:00,2,407,759.1700000000001,17.65511627906977,363.2093023255814,41.04651162790697,11,Autumn,United Kingdom,19,2,759.17,0,Regular Customers
17426.0,2010-02-17 13:39:00,2011-12-01 18:07:00,13,5187,8077.77,18.917494145199065,644.7985948477751,54.84074941451991,12,Autumn,United Kingdom,8,13,8077.77,0,Regular Customers
17427.0,2011-09-29 11:29:00,2011-09-29 11:29:00,1,34,100.8,50.4,34.0,2.0,11,Autumn,United Kingdom,72,1,100.8,0,Regular Customers
17428.0,2009-12-01 17:28:00,2011-12-09 09:45:00,45,17356,31466.76,43.703833333333336,794.5055555555556,35.69444444444444,15,Autumn,United Kingdom,1,45,31466.76,0,Regular Customers
17429.0,2010-10-06 12:30:00,2011-08-03 13:22:00,5,1286,1357.46,14.289052631578947,327.7684210526316,24.64210526315789,12,Autumn,United Kingdom,128,5,1357.46,0,Regular Customers
17430.0,2010-08-17 11:52:00,2011-11-07 09:24:00,4,455,622.57,16.826216216216217,123.67567567567568,10.135135135135137,11,Autumn,United Kingdom,33,4,622.57,0,Regular Customers
17431.0,2011-01-30 14:36:00,2011-01-30 14:36:00,1,292,403.3,9.37906976744186,292.0,41.0,14,Winter,United Kingdom,313,1,403.3,1,At-Risk Customers
17432.0,2009-12-03 19:13:00,2011-11-21 17:33:00,9,1008,1728.99,6.310182481751825,143.52554744525548,41.36496350364963,13,Autumn,United Kingdom,18,9,1728.99,0,Regular Customers
17433.0,2010-11-19 13:37:00,2011-09-12 14:24:00,2,305,569.96,6.128602150537635,157.74193548387098,47.12903225806452,14,Autumn,United Kingdom,88,2,569.96,0,Regular Customers
17434.0,2011-09-15 13:54:00,2011-12-07 13:16:00,7,1693,2373.82,17.715074626865672,237.05223880597012,19.432835820895523,13,Autumn,United Kingdom,2,7,2373.82,0,Regular Customers
17435.0,2010-10-24 13:55:00,2010-10-24 13:55:00,1,195,331.35,22.09,195.0,15.0,13,Autumn,United Kingdom,411,1,331.35,1,At-Risk Customers
17436.0,2009-12-07 12:31:00,2011-12-08 12:30:00,5,178,534.0600000000001,31.41529411764706,39.76470588235294,3.941176470588236,11,Spring,United Kingdom,2,5,534.06,0,Regular Customers
17437.0,2010-06-28 11:11:00,2010-06-28 11:11:00,1,283,369.68,7.109230769230769,283.0,52.0,11,Summer,United Kingdom,530,1,369.68,1,At-Risk Customers
17438.0,2010-03-08 16:53:00,2011-03-31 10:26:00,5,553,1422.77,20.03901408450704,176.61971830985917,19.535211267605632,14,Spring,United Kingdom,254,5,1422.77,0,Regular Customers
17439.0,2010-02-22 12:48:00,2010-02-22 12:48:00,1,370,325.74,40.7175,370.0,8.0,12,Winter,United Kingdom,656,1,325.74,1,At-Risk Customers
17440.0,2010-06-08 14:40:00,2011-07-06 11:54:00,4,282,323.58,53.93,85.0,1.6666666666666667,12,Spring,United Kingdom,157,4,323.58,0,Regular Customers
17441.0,2009-12-07 13:32:00,2009-12-07 13:32:00,1,245,293.35,13.96904761904762,245.0,21.0,13,Winter,United Kingdom,732,1,293.35,1,At-Risk Customers
17442.0,2010-02-15 15:54:00,2011-11-03 09:17:00,15,3134,4620.3,16.326148409893992,254.583038869258,23.24028268551237,13,Summer,United Kingdom,37,15,4620.3,0,Regular Customers
17443.0,2011-05-04 10:47:00,2011-05-04 10:47:00,1,504,534.24,534.24,504.0,1.0,10,Spring,Canada,220,1,534.24,0,Regular Customers
17444.0,2011-06-20 09:04:00,2011-07-15 12:05:00,3,2119,2940.04,21.778074074074077,1046.2740740740742,67.99259259259259,10,Summer,Canada,148,3,2940.04,0,Regular Customers
17446.0,2011-02-02 14:40:00,2011-06-16 10:42:00,2,198,120.9,13.433333333333332,99.33333333333331,4.555555555555555,14,Winter,United Kingdom,177,2,120.9,0,Regular Customers
17447.0,2011-09-29 10:10:00,2011-10-30 14:18:00,2,443,541.53,15.0425,292.8888888888889,23.55555555555556,10,Autumn,United Kingdom,40,2,541.53,0,Regular Customers
17448.0,2010-03-04 17:29:00,2010-07-30 14:07:00,46,11534,14523.67,13.025713004484304,311.8726457399103,30.13004484304933,11,Spring,United Kingdom,497,46,14523.67,1,At-Risk Customers
17449.0,2009-12-09 14:16:00,2011-12-07 16:56:00,13,2483,4868.15,8.335873287671232,212.0154109589041,53.64212328767123,14,Spring,United Kingdom,2,13,4868.15,0,Regular Customers
17450.0,2010-09-27 16:59:00,2011-12-01 13:29:00,51,83914,244784.25,582.8196428571429,2185.019047619048,19.63809523809524,16,Autumn,United Kingdom,8,51,244784.25,3,Loyal Customers
17451.0,2011-08-26 11:54:00,2011-12-08 15:02:00,7,1203,1721.4,17.214000000000002,245.36,20.2,11,Autumn,United Kingdom,1,7,1721.4,0,Regular Customers
17453.0,2011-10-06 17:02:00,2011-11-22 09:42:00,2,219,486.72,25.61684210526316,106.84210526315788,9.526315789473683,9,Autumn,United Kingdom,18,2,486.72,0,Regular Customers
17454.0,2010-01-15 15:40:00,2011-05-31 13:58:00,10,727,1547.94,12.285238095238096,75.11904761904762,15.857142857142858,10,Winter,United Kingdom,192,10,1547.94,0,Regular Customers
17455.0,2011-05-20 12:31:00,2011-05-20 12:31:00,1,66,131.7,16.4625,66.0,8.0,12,Spring,United Kingdom,204,1,131.7,0,Regular Customers
17456.0,2010-09-09 15:28:00,2010-12-09 15:23:00,2,508,975.56,16.259333333333334,267.8666666666667,35.63333333333333,15,Autumn,United Kingdom,365,2,975.56,1,At-Risk Customers
17457.0,2009-12-07 14:52:00,2011-08-05 12:48:00,14,2695,5984.81,93.51265625,215.078125,5.6875,10,Spring,United Kingdom,127,14,5984.81,0,Regular Customers
17458.0,2010-11-23 11:43:00,2011-11-24 13:01:00,2,282,529.58,6.1579069767441865,148.41860465116278,44.55813953488372,13,Autumn,United Kingdom,15,2,529.58,0,Regular Customers
17459.0,2011-10-10 17:00:00,2011-10-27 13:25:00,2,537,657.3,5.921621621621621,253.1711711711712,62.75675675675676,17,Autumn,United Kingdom,43,2,657.3,0,Regular Customers
17460.0,2010-01-22 13:25:00,2011-09-06 15:04:00,16,954,2157.9700000000003,15.75160583941606,65.35036496350365,11.773722627737229,11,Spring,United Kingdom,94,16,2157.9700000000003,0,Regular Customers
17461.0,2011-11-10 12:01:00,2011-11-17 10:21:00,3,770,735.82,6.941698113207548,358.85849056603774,50.50943396226416,10,Autumn,United Kingdom,23,3,735.82,0,Regular Customers
17462.0,2011-02-28 17:01:00,2011-10-10 13:56:00,2,227,675.69,25.02555555555556,115.03703703703704,13.51851851851852,17,Winter,United Kingdom,60,2,675.69,0,Regular Customers
17463.0,2010-04-29 17:57:00,2011-11-23 13:40:00,7,1480,2535.26,8.022974683544305,282.0886075949367,71.53164556962025,15,Spring,United Kingdom,16,7,2535.26,0,Regular Customers
17464.0,2010-03-30 13:15:00,2011-07-04 13:19:00,3,608,907.14,23.26,210.92307692307693,14.076923076923077,13,Summer,United Kingdom,158,3,907.14,0,Regular Customers
17465.0,2009-12-03 13:25:00,2010-10-10 11:56:00,7,1477,2542.79,17.906971830985917,286.19718309859155,27.12676056338028,9,Winter,United Kingdom,426,7,2542.79,1,At-Risk Customers
17466.0,2011-09-22 09:16:00,2011-11-29 13:15:00,2,306,763.28,18.61658536585366,150.5609756097561,20.804878048780488,9,Autumn,United Kingdom,10,2,763.28,0,Regular Customers
17467.0,2010-11-09 12:58:00,2010-11-09 12:58:00,1,20,102.6,25.65,20.0,4.0,12,Autumn,United Kingdom,395,1,102.6,1,At-Risk Customers
17468.0,2010-11-29 17:25:00,2011-11-29 15:33:00,3,184,194.8,24.35,74.5,3.25,12,Autumn,United Kingdom,10,3,194.8,0,Regular Customers
17469.0,2009-12-16 15:06:00,2011-11-23 13:15:00,17,2304,5051.25,18.918539325842698,166.6629213483146,19.56179775280899,10,Summer,United Kingdom,16,17,5051.25,0,Regular Customers
17470.0,2010-07-19 16:16:00,2011-10-26 12:42:00,11,2731,2626.47,16.944967741935482,278.0258064516129,15.838709677419354,12,Autumn,United Kingdom,45,11,2626.47,0,Regular Customers
17471.0,2010-08-22 11:53:00,2010-08-22 11:53:00,1,153,321.65000000000003,16.928947368421053,153.0,19.0,11,Summer,United Kingdom,475,1,321.65000000000003,1,At-Risk Customers
17472.0,2010-03-21 13:27:00,2011-06-01 14:57:00,4,551,922.35,4.13609865470852,139.77578475336324,54.79372197309417,14,Winter,United Kingdom,191,4,922.35,0,Regular Customers
17473.0,2010-09-09 19:03:00,2010-10-27 11:45:00,2,270,607.0,17.852941176470587,136.11764705882354,17.058823529411764,11,Autumn,United Kingdom,409,2,607.0,1,At-Risk Customers
17474.0,2010-04-19 10:43:00,2010-04-19 10:43:00,1,200,1047.0,174.5,200.0,6.0,10,Spring,United Kingdom,600,1,1047.0,1,At-Risk Customers
17475.0,2011-09-21 14:55:00,2011-09-21 14:55:00,1,178,194.37,13.883571428571427,178.0,14.0,14,Autumn,United Kingdom,79,1,194.37,0,Regular Customers
17476.0,2009-12-02 12:09:00,2010-11-09 10:21:00,2,224,489.86,15.801935483870968,112.38709677419357,15.516129032258064,12,Winter,United Kingdom,396,2,489.86,1,At-Risk Customers
17477.0,2010-03-02 11:53:00,2010-04-06 10:06:00,2,225,1144.3,26.00681818181818,112.5909090909091,22.727272727272727,10,Spring,United Kingdom,613,2,1144.3,1,At-Risk Customers
17478.0,2010-03-16 14:19:00,2010-10-27 15:01:00,2,516,1272.8000000000002,31.820000000000004,251.4,21.8,14,Spring,United Kingdom,408,2,1272.8,1,At-Risk Customers
17479.0,2010-03-17 09:26:00,2010-03-17 09:26:00,1,266,389.2600000000001,21.62555555555556,266.0,18.0,9,Spring,United Kingdom,633,1,389.2600000000001,1,At-Risk Customers
17480.0,2010-09-21 12:31:00,2011-09-23 11:39:00,2,581,882.23,16.645849056603772,294.9811320754717,26.73584905660377,11,Autumn,United Kingdom,78,2,882.23,0,Regular Customers
17481.0,2011-09-07 09:57:00,2011-12-06 12:28:00,4,1061,1255.59,15.312073170731706,281.9146341463415,21.48780487804878,9,Autumn,United Kingdom,4,4,1255.59,0,Regular Customers
17482.0,2010-05-10 14:10:00,2010-08-09 15:33:00,2,240,775.64,14.634716981132076,125.811320754717,26.849056603773583,15,Summer,United Kingdom,487,2,775.64,1,At-Risk Customers
17483.0,2010-10-21 12:43:00,2011-10-05 13:10:00,4,265,591.73,21.133214285714285,67.85714285714286,7.071428571428571,13,Autumn,United Kingdom,65,4,591.73,0,Regular Customers
17484.0,2010-03-25 16:17:00,2010-05-12 15:41:00,2,339,209.57,14.969285714285714,169.5,7.0,15,Spring,United Kingdom,576,2,209.57,1,At-Risk Customers
17486.0,2011-03-23 14:00:00,2011-03-23 14:00:00,1,191,396.87,16.53625,191.0,24.0,14,Spring,United Kingdom,261,1,396.87,1,At-Risk Customers
17487.0,2009-12-11 15:06:00,2009-12-11 15:06:00,1,37,160.55,20.06875,37.0,8.0,15,Winter,United Kingdom,728,1,160.55,1,At-Risk Customers
17488.0,2010-03-08 14:07:00,2010-03-08 14:07:00,1,136,336.5,18.694444444444443,136.0,18.0,14,Spring,United Kingdom,641,1,336.5,1,At-Risk Customers
17489.0,2011-05-11 11:34:00,2011-10-12 08:56:00,2,428,376.64,12.987586206896552,215.86206896551724,14.655172413793103,11,Spring,United Kingdom,59,2,376.64,0,Regular Customers
17490.0,2010-05-19 12:40:00,2011-12-09 09:08:00,9,1531,2750.5,23.71120689655172,181.99137931034485,15.741379310344827,9,Autumn,United Kingdom,1,9,2750.5,0,Regular Customers
17491.0,2010-04-28 11:57:00,2011-12-08 16:18:00,17,3362,5653.67,31.941638418079098,226.02824858757063,13.293785310734464,11,Autumn,United Kingdom,1,17,5653.67,0,Regular Customers
17492.0,2010-07-09 13:27:00,2011-04-05 15:21:00,3,450,1122.42,28.78,150.2051282051282,13.051282051282053,15,Summer,United Kingdom,248,3,1122.42,0,Regular Customers
17493.0,2010-11-19 16:57:00,2010-11-19 16:57:00,1,62,100.91,12.61375,62.0,8.0,16,Autumn,United Kingdom,385,1,100.91,1,At-Risk Customers
17494.0,2010-07-26 10:06:00,2010-07-26 10:06:00,1,26,54.7,18.23333333333333,26.0,3.0,10,Summer,United Kingdom,502,1,54.7,1,At-Risk Customers
17495.0,2010-11-14 11:50:00,2011-12-02 12:08:00,3,367,806.72,16.80666666666667,134.39583333333334,18.541666666666668,12,Autumn,United Kingdom,8,3,806.72,0,Regular Customers
17496.0,2010-01-14 13:36:00,2010-12-16 08:39:00,4,675,1412.89,19.623472222222222,187.86111111111111,19.80555555555556,10,Spring,United Kingdom,359,4,1412.89,1,At-Risk Customers
17497.0,2010-04-08 08:01:00,2010-11-14 14:17:00,2,59,287.25,41.035714285714285,27.428571428571427,3.571428571428572,14,Autumn,United Kingdom,390,2,287.25,1,At-Risk Customers
17498.0,2011-09-25 12:25:00,2011-09-25 12:25:00,1,394,272.22,16.012941176470587,394.0,17.0,12,Autumn,United Kingdom,76,1,272.22,0,Regular Customers
17499.0,2010-05-27 09:59:00,2011-02-23 09:14:00,2,1086,1341.39,18.892816901408448,564.2957746478874,36.070422535211264,9,Winter,United Kingdom,290,2,1341.39,1,At-Risk Customers
17500.0,2011-11-10 09:08:00,2011-11-22 14:25:00,3,17,1138.0,227.6,6.2,2.2,9,Autumn,United Kingdom,17,3,1138.0,0,Regular Customers
17501.0,2011-05-03 09:46:00,2011-05-03 09:47:00,2,160,288.6,16.033333333333335,127.33333333333331,13.0,9,Spring,United Kingdom,221,2,288.6,0,Regular Customers
17502.0,2011-11-10 16:39:00,2011-11-30 13:13:00,4,376,689.1,24.610714285714288,132.92857142857142,10.071428571428571,13,Autumn,United Kingdom,9,4,689.1,0,Regular Customers
17503.0,2011-11-01 11:12:00,2011-12-07 09:18:00,2,486,558.96,14.709473684210527,236.68421052631575,19.84210526315789,11,Autumn,United Kingdom,3,2,558.96,0,Regular Customers
17504.0,2010-02-08 09:22:00,2011-05-17 12:59:00,18,5420,9490.17,27.7490350877193,530.0701754385965,34.748538011695906,12,Autumn,United Kingdom,206,18,9490.17,0,Regular Customers
17505.0,2010-04-13 16:33:00,2011-07-01 12:50:00,5,1242,2435.48,23.877254901960782,317.7647058823529,24.90196078431373,12,Spring,United Kingdom,162,5,2435.48,0,Regular Customers
17506.0,2011-09-25 11:39:00,2011-09-25 11:39:00,1,139,302.2,21.585714285714285,139.0,14.0,11,Autumn,United Kingdom,76,1,302.2,0,Regular Customers
17507.0,2011-02-03 18:08:00,2011-03-23 11:48:00,2,359,605.58,6.881590909090909,180.4659090909091,43.51136363636363,18,Winter,United Kingdom,262,2,605.58,1,At-Risk Customers
17508.0,2009-12-07 11:46:00,2011-03-04 08:10:00,8,2891,4579.23,19.823506493506493,404.9134199134199,32.904761904761905,12,Winter,Greece,281,8,4579.23,1,At-Risk Customers
17509.0,2011-10-07 13:14:00,2011-10-13 10:26:00,8,3512,6083.64,16.713296703296706,456.7719780219781,48.082417582417584,14,Autumn,United Kingdom,58,8,6083.64,0,Regular Customers
17510.0,2010-10-15 10:20:00,2011-11-15 10:00:00,2,422,514.56,14.701714285714283,211.42857142857144,17.857142857142858,10,Autumn,United Kingdom,25,2,514.56,0,Regular Customers
17511.0,2009-12-02 10:52:00,2011-12-07 10:12:00,60,117174,172132.87,92.14821734475376,2650.7002141327625,43.33511777301927,10,Autumn,United Kingdom,3,60,172132.87,3,Loyal Customers
17512.0,2009-12-10 19:35:00,2011-11-11 12:11:00,18,5434,5467.820000000001,27.75543147208122,408.65989847715736,19.43654822335025,10,Winter,United Kingdom,29,18,5467.820000000001,0,Regular Customers
17513.0,2010-08-17 15:08:00,2011-09-28 16:42:00,3,440,1158.8,64.37777777777778,147.66666666666666,6.111111111111111,15,Autumn,United Kingdom,72,3,1158.8,0,Regular Customers
17514.0,2010-02-08 14:00:00,2011-08-03 15:45:00,2,284,522.0,6.289156626506024,142.25301204819277,40.51807228915663,14,Winter,United Kingdom,128,2,522.0,0,Regular Customers
17515.0,2010-06-07 13:29:00,2011-11-08 14:04:00,9,527,1602.51,8.952569832402235,68.37430167597765,22.40782122905028,14,Autumn,United Kingdom,31,9,1602.51,0,Regular Customers
17516.0,2010-11-26 12:50:00,2011-11-24 16:51:00,6,522,947.5,4.960732984293194,125.06282722513087,44.66492146596859,12,Autumn,United Kingdom,15,6,947.5,0,Regular Customers
17517.0,2011-02-04 11:48:00,2011-02-04 11:48:00,1,102,153.94,13.994545454545454,102.0,11.0,11,Winter,United Kingdom,309,1,153.94,1,At-Risk Customers
17518.0,2010-03-28 13:31:00,2010-10-10 12:40:00,2,267,329.42,4.278181818181818,133.76623376623377,38.01298701298701,13,Spring,United Kingdom,426,2,329.42,1,At-Risk Customers
17519.0,2009-12-01 09:57:00,2011-11-22 16:43:00,15,3230,4774.17,23.40279411764706,222.9264705882353,14.588235294117649,10,Spring,United Kingdom,17,15,4774.17,0,Regular Customers
17520.0,2011-10-17 12:04:00,2011-10-17 12:04:00,1,365,546.81,18.227,365.0,30.0,12,Autumn,United Kingdom,54,1,546.81,0,Regular Customers
17521.0,2010-10-01 11:49:00,2011-11-10 11:22:00,5,806,1278.06,16.385384615384616,169.8846153846154,17.153846153846153,11,Autumn,United Kingdom,30,5,1278.06,0,Regular Customers
17522.0,2011-05-05 16:31:00,2011-12-08 12:31:00,5,1034,1070.71,14.667260273972603,388.2191780821918,29.95890410958904,14,Summer,United Kingdom,2,5,1070.71,0,Regular Customers
17523.0,2011-11-20 13:40:00,2011-11-28 13:20:00,4,872,652.74,19.78,111.8181818181818,16.09090909090909,13,Autumn,United Kingdom,11,4,652.74,0,Regular Customers
17524.0,2010-09-27 16:20:00,2010-12-13 14:32:00,3,362,539.14,12.53813953488372,132.3720930232558,19.37209302325581,16,Autumn,United Kingdom,361,3,539.14,1,At-Risk Customers
17525.0,2010-10-07 09:12:00,2010-12-15 12:05:00,3,338,1161.9,44.68846153846154,114.76923076923076,8.692307692307692,9,Autumn,United Kingdom,360,3,1161.9,1,At-Risk Customers
17526.0,2009-12-17 16:18:00,2011-12-05 11:05:00,12,1442,3939.24,42.81782608695652,240.1086956521739,16.97826086956522,16,Winter,United Kingdom,5,12,3939.24,0,Regular Customers
17527.0,2011-05-05 13:43:00,2011-10-17 12:32:00,4,488,939.37,19.98659574468085,143.29787234042553,13.46808510638298,10,Autumn,United Kingdom,54,4,939.37,0,Regular Customers
17528.0,2011-09-29 13:04:00,2011-12-08 13:27:00,8,2138,3628.5,14.34189723320158,333.8221343873517,45.00395256916996,13,Autumn,United Kingdom,1,8,3628.5,0,Regular Customers
17529.0,2010-01-11 12:29:00,2010-04-08 17:51:00,2,790,1240.25,15.125,498.1707317073171,48.90243902439025,12,Winter,United Kingdom,610,2,1240.25,1,At-Risk Customers
17530.0,2009-12-06 16:17:00,2011-12-08 18:42:00,12,1741,2791.69,5.852599580712789,183.72117400419287,51.071278825995805,17,Winter,United Kingdom,1,12,2791.69,0,Regular Customers
17531.0,2010-03-31 12:57:00,2011-06-02 19:17:00,3,472,1266.82,21.841724137931035,160.9655172413793,20.20689655172414,12,Summer,United Kingdom,190,3,1266.82,0,Regular Customers
17532.0,2010-11-19 08:13:00,2010-11-19 08:13:00,1,30,65.34,16.335,30.0,4.0,8,Autumn,United Kingdom,386,1,65.34,1,At-Risk Customers
17533.0,2010-10-01 09:14:00,2010-10-01 09:14:00,1,24,34.8,34.8,24.0,1.0,9,Autumn,United Kingdom,435,1,34.8,1,At-Risk Customers
17534.0,2010-02-25 16:55:00,2011-10-17 12:47:00,5,860,1668.83,18.13945652173913,188.7826086956522,20.39130434782609,9,Autumn,United Kingdom,54,5,1668.83,0,Regular Customers
17535.0,2011-03-04 15:20:00,2011-03-04 15:20:00,1,136,164.4,12.646153846153847,136.0,13.0,15,Spring,United Kingdom,280,1,164.4,1,At-Risk Customers
17536.0,2010-01-26 12:00:00,2011-06-15 13:23:00,3,201,364.83,22.801875,115.125,7.375,12,Autumn,United Kingdom,177,3,364.83,0,Regular Customers
17537.0,2011-02-09 13:37:00,2011-11-10 10:56:00,2,699,887.6700000000001,11.995540540540542,361.6216216216216,51.2972972972973,13,Winter,United Kingdom,30,2,887.67,0,Regular Customers
17538.0,2011-11-14 12:12:00,2011-11-14 12:12:00,1,134,98.42,10.935555555555556,134.0,9.0,12,Autumn,United Kingdom,26,1,98.42,0,Regular Customers
17539.0,2009-12-13 12:36:00,2010-04-01 12:07:00,4,708,1176.84,8.1725,317.02777777777777,56.520833333333336,15,Winter,United Kingdom,618,4,1176.84,1,At-Risk Customers
17540.0,2010-04-19 09:47:00,2011-11-15 11:56:00,6,588,1590.6,24.853125,115.703125,12.6875,11,Autumn,United Kingdom,25,6,1590.6,0,Regular Customers
17541.0,2010-07-18 11:36:00,2010-07-18 11:36:00,1,44,119.86,3.8664516129032256,44.0,31.0,11,Summer,United Kingdom,510,1,119.86,1,At-Risk Customers
17542.0,2010-03-08 12:08:00,2011-03-15 11:45:00,3,323,340.85,5.32578125,153.765625,28.21875,12,Spring,United Kingdom,270,3,340.85,1,At-Risk Customers
17543.0,2010-06-08 12:41:00,2010-06-08 12:41:00,1,62,120.05,9.234615384615385,62.0,13.0,12,Summer,United Kingdom,550,1,120.05,1,At-Risk Customers
17544.0,2010-11-14 14:47:00,2010-11-14 15:08:00,3,410,944.82,10.736590909090909,292.3181818181818,57.61363636363637,14,Autumn,United Kingdom,390,3,944.82,1,At-Risk Customers
17545.0,2010-05-11 10:04:00,2011-10-27 14:04:00,6,682,1409.86,5.422538461538462,180.34230769230768,78.01923076923077,15,Autumn,United Kingdom,43,6,1409.86,0,Regular Customers
17547.0,2010-02-12 14:34:00,2010-11-29 09:41:00,2,223,727.85,23.47903225806452,114.3225806451613,15.903225806451612,14,Winter,United Kingdom,376,2,727.85,1,At-Risk Customers
17548.0,2010-11-08 16:19:00,2011-04-20 12:01:00,4,494,731.26,21.50764705882353,137.23529411764707,9.352941176470589,10,Autumn,United Kingdom,234,4,731.26,0,Regular Customers
17549.0,2011-10-19 10:05:00,2011-11-16 09:59:00,2,210,148.86,24.81,120.0,3.333333333333333,9,Autumn,United Kingdom,24,2,148.86,0,Regular Customers
17550.0,2010-02-07 15:07:00,2011-05-26 14:09:00,9,968,2506.64,7.808847352024921,144.1557632398754,45.1183800623053,13,Spring,United Kingdom,197,9,2506.64,0,Regular Customers
17551.0,2010-12-15 14:12:00,2010-12-15 14:12:00,1,142,290.34,7.444615384615384,142.0,39.0,14,Winter,United Kingdom,359,1,290.34,1,At-Risk Customers
17552.0,2010-03-22 09:19:00,2011-10-10 17:00:00,12,1951,2786.77,19.487902097902097,284.6643356643357,20.11888111888112,18,Autumn,United Kingdom,60,12,2786.77,0,Regular Customers
17553.0,2010-04-08 09:44:00,2011-08-02 10:00:00,4,2288,3757.6,626.2666666666667,630.6666666666666,1.6666666666666667,9,Summer,United Kingdom,130,4,3757.6,0,Regular Customers
17554.0,2011-07-14 20:01:00,2011-12-08 14:15:00,5,1763,1952.45,22.18693181818182,557.1363636363636,32.22727272727273,20,Summer,United Kingdom,1,5,1952.45,0,Regular Customers
17555.0,2010-05-02 16:02:00,2011-11-20 12:22:00,5,739,1045.74,3.961136363636364,150.16666666666666,53.76136363636363,12,Autumn,United Kingdom,20,5,1045.74,0,Regular Customers
17556.0,2010-11-25 17:00:00,2011-05-18 10:48:00,2,184,300.67,21.47642857142857,90.71428571428572,7.142857142857143,17,Autumn,United Kingdom,206,2,300.67,0,Regular Customers
17557.0,2009-12-07 10:15:00,2011-11-25 12:57:00,4,310,575.46,16.441714285714287,117.88571428571429,14.314285714285717,14,Autumn,United Kingdom,14,4,575.46,0,Regular Customers
17558.0,2010-11-11 14:36:00,2010-11-11 14:36:00,1,54,259.17,9.25607142857143,54.0,28.0,14,Autumn,United Kingdom,393,1,259.17,1,At-Risk Customers
17559.0,2010-07-15 12:02:00,2010-07-15 12:02:00,1,270,167.62,13.968333333333334,270.0,12.0,12,Summer,United Kingdom,513,1,167.62,1,At-Risk Customers
17560.0,2010-02-17 12:11:00,2011-09-06 09:18:00,8,1588,1895.8,34.46909090909091,201.4181818181818,8.090909090909092,14,Autumn,United Kingdom,95,8,1895.8,0,Regular Customers
17561.0,2009-12-06 13:29:00,2011-11-20 12:53:00,4,381,703.02,3.6807329842931935,94.38743455497382,45.66492146596859,13,Autumn,United Kingdom,19,4,703.02,0,Regular Customers
17562.0,2011-06-19 13:06:00,2011-11-25 14:21:00,7,817,1122.38,17.81555555555556,173.79365079365078,11.88888888888889,13,Summer,United Kingdom,14,7,1122.38,0,Regular Customers
17563.0,2010-04-07 10:02:00,2010-05-10 14:54:00,2,256,392.38,13.530344827586209,230.5862068965517,25.27586206896552,10,Spring,United Kingdom,578,2,392.38,1,At-Risk Customers
17564.0,2011-09-20 14:00:00,2011-11-15 13:27:00,3,146,454.01,9.265510204081632,51.61224489795919,17.163265306122447,13,Autumn,United Kingdom,24,3,454.01,0,Regular Customers
17565.0,2010-05-02 11:54:00,2010-05-02 11:54:00,1,67,131.83,4.394333333333334,67.0,30.0,11,Spring,United Kingdom,587,1,131.83,1,At-Risk Customers
17566.0,2011-11-14 13:42:00,2011-12-01 19:54:00,2,497,869.77,6.125140845070423,244.48591549295776,64.84507042253522,19,Winter,United Kingdom,8,2,869.77,0,Regular Customers
17567.0,2010-09-24 10:48:00,2011-12-02 15:48:00,9,2908,4838.08,24.68408163265306,329.7448979591837,25.520408163265305,10,Autumn,United Kingdom,7,9,4838.08,0,Regular Customers
17568.0,2010-03-16 16:45:00,2010-03-16 16:45:00,1,275,374.45,6.039516129032258,275.0,61.0,16,Spring,United Kingdom,633,1,374.45,1,At-Risk Customers
17569.0,2011-01-11 14:15:00,2011-01-11 14:15:00,1,159,344.14,11.866896551724135,159.0,29.0,14,Winter,United Kingdom,332,1,344.14,1,At-Risk Customers
17570.0,2010-11-23 11:56:00,2010-11-23 11:56:00,1,1,100.0,100.0,1.0,1.0,11,Autumn,United Kingdom,382,1,100.0,1,At-Risk Customers
17571.0,2010-06-15 12:50:00,2011-10-20 15:57:00,5,991,1630.91,5.018184615384616,300.55692307692306,126.11692307692309,15,Autumn,United Kingdom,50,5,1630.91,0,Regular Customers
17572.0,2009-12-15 10:00:00,2011-09-29 17:53:00,10,327,652.21,20.3815625,36.84375,3.875,10,Autumn,United Kingdom,71,10,652.21,0,Regular Customers
17573.0,2011-09-07 10:36:00,2011-11-10 13:01:00,3,308,380.6,15.224,143.12,11.64,13,Autumn,United Kingdom,29,3,380.6,0,Regular Customers
17574.0,2011-04-11 09:47:00,2011-04-11 09:47:00,1,77,185.65,23.20625,77.0,8.0,9,Spring,United Kingdom,243,1,185.65,0,Regular Customers
17575.0,2010-02-10 13:48:00,2010-02-10 13:48:00,1,72,171.7,34.34,72.0,5.0,13,Winter,United Kingdom,667,1,171.7,1,At-Risk Customers
17576.0,2009-12-03 16:54:00,2011-12-01 17:56:00,41,4583,8711.95,9.799718785151857,129.59617547806525,24.947131608548933,17,Autumn,United Kingdom,8,41,8711.95,0,Regular Customers
17577.0,2010-02-09 10:10:00,2010-03-04 13:01:00,2,179,348.75,16.607142857142858,100.8095238095238,11.095238095238097,13,Spring,United Kingdom,645,2,348.75,1,At-Risk Customers
17578.0,2010-06-28 11:55:00,2011-05-05 18:38:00,7,529,1047.33,16.11276923076923,92.64615384615384,12.569230769230767,13,Summer,United Kingdom,218,7,1047.33,0,Regular Customers
17579.0,2010-05-10 14:28:00,2011-12-05 12:28:00,4,375,753.28,8.013617021276595,112.84042553191487,32.680851063829785,14,Spring,United Kingdom,5,4,753.28,0,Regular Customers
17580.0,2010-10-13 14:28:00,2011-04-01 12:41:00,5,223,541.02,5.755531914893617,66.38297872340425,31.02127659574468,14,Autumn,United Kingdom,253,5,541.02,0,Regular Customers
17581.0,2009-12-03 12:34:00,2011-12-09 12:21:00,43,9519,17951.17,22.13461159062885,395.3329223181258,33.2268803945746,12,Spring,United Kingdom,1,43,17951.17,0,Regular Customers
17582.0,2010-03-26 12:23:00,2011-04-17 13:18:00,5,603,1446.95,11.860245901639344,141.27868852459017,29.024590163934427,13,Spring,United Kingdom,236,5,1446.95,0,Regular Customers
17583.0,2010-05-28 14:24:00,2010-05-28 14:24:00,1,55,135.95,19.42142857142857,55.0,7.0,14,Spring,United Kingdom,560,1,135.95,1,At-Risk Customers
17584.0,2010-01-25 08:17:00,2011-12-02 17:12:00,6,2464,5309.42,42.81790322580645,623.1290322580645,25.06451612903226,12,Summer,United Kingdom,7,6,5309.42,0,Regular Customers
17585.0,2010-08-18 16:39:00,2011-08-22 13:30:00,7,2510,2064.71,5.376848958333333,363.6979166666667,58.35416666666666,13,Summer,United Kingdom,109,7,2064.71,0,Regular Customers
17586.0,2010-03-30 13:12:00,2010-03-30 13:12:00,1,68,167.4,20.925,68.0,8.0,13,Spring,United Kingdom,619,1,167.4,1,At-Risk Customers
17587.0,2010-03-21 14:16:00,2010-03-21 14:16:00,1,67,176.71,4.207380952380952,67.0,42.0,14,Spring,United Kingdom,628,1,176.71,1,At-Risk Customers
17588.0,2010-03-12 12:34:00,2011-08-31 13:37:00,7,1379,2939.55,41.40211267605634,210.19718309859155,12.549295774647888,15,Summer,United Kingdom,100,7,2939.55,0,Regular Customers
17589.0,2010-03-07 13:48:00,2011-10-10 16:58:00,18,8704,13837.94,10.628218125960062,622.5291858678955,91.41321044546852,16,Summer,United Kingdom,60,18,13837.94,0,Regular Customers
17590.0,2011-10-30 14:05:00,2011-12-07 12:55:00,3,822,1468.02,7.489897959183673,368.2040816326531,92.31632653061224,16,Autumn,United Kingdom,2,3,1468.02,0,Regular Customers
17591.0,2010-01-17 16:09:00,2011-09-27 13:42:00,8,1028,2339.32,13.29159090909091,128.0568181818182,36.95454545454545,15,Winter,United Kingdom,73,8,2339.32,0,Regular Customers
17592.0,2009-12-01 10:49:00,2009-12-01 10:49:00,1,38,148.3,11.407692307692308,38.0,13.0,10,Winter,United Kingdom,739,1,148.3,1,At-Risk Customers
17593.0,2009-12-04 14:35:00,2011-12-06 10:30:00,11,5595,8092.32,19.83411764705882,514.7965686274509,41.16176470588236,10,Winter,United Kingdom,4,11,8092.32,0,Regular Customers
17594.0,2010-04-14 08:53:00,2011-09-15 16:34:00,4,1368,2497.88,24.01807692307693,357.9230769230769,28.384615384615383,16,Autumn,United Kingdom,85,4,2497.88,0,Regular Customers
17595.0,2011-11-02 16:19:00,2011-11-27 16:08:00,2,228,386.69,4.715731707317073,119.85365853658536,42.5609756097561,16,Autumn,United Kingdom,12,2,386.69,0,Regular Customers
17596.0,2009-12-15 13:21:00,2011-11-16 14:11:00,13,7010,4491.46,9.241687242798356,557.8786008230453,45.34362139917695,13,Winter,United Kingdom,23,13,4491.46,0,Regular Customers
17597.0,2010-05-05 15:33:00,2011-05-10 11:54:00,5,2215,3484.09,27.219453125,693.9765625,36.6875,11,Spring,United Kingdom,214,5,3484.09,0,Regular Customers
17598.0,2010-11-23 17:43:00,2010-11-23 17:43:00,1,126,409.98,40.998000000000005,126.0,10.0,17,Autumn,United Kingdom,381,1,409.98,1,At-Risk Customers
17599.0,2010-08-19 12:50:00,2010-08-19 12:50:00,1,11,52.05,17.349999999999998,11.0,3.0,12,Summer,United Kingdom,478,1,52.05,1,At-Risk Customers
17600.0,2011-11-22 09:43:00,2011-11-22 09:43:00,1,144,161.67000000000002,12.436153846153848,144.0,13.0,9,Autumn,United Kingdom,18,1,161.67000000000002,0,Regular Customers
17601.0,2010-11-24 14:29:00,2011-04-14 18:02:00,2,295,413.08,5.737222222222222,180.875,53.625,14,Autumn,United Kingdom,239,2,413.08,0,Regular Customers
17602.0,2010-03-30 17:25:00,2011-12-07 13:53:00,14,5880,7354.43,8.09068206820682,589.7865786578658,85.4114411441144,17,Autumn,United Kingdom,2,14,7354.43,0,Regular Customers
17603.0,2009-12-10 09:44:00,2011-09-22 14:18:00,4,638,1788.38,16.871509433962267,231.97169811320757,41.490566037735846,17,Winter,United Kingdom,78,4,1788.38,0,Regular Customers
17604.0,2010-01-27 12:19:00,2011-05-06 13:43:00,6,614,942.38,4.530673076923077,103.28846153846152,35.39423076923077,12,Winter,United Kingdom,217,6,942.38,0,Regular Customers
17605.0,2010-04-28 14:45:00,2010-04-28 14:45:00,1,71,160.75,12.365384615384617,71.0,13.0,14,Spring,United Kingdom,590,1,160.75,1,At-Risk Customers
17606.0,2009-12-02 13:32:00,2009-12-02 13:32:00,1,42,87.30000000000001,14.550000000000002,42.0,6.0,13,Winter,United Kingdom,737,1,87.30000000000001,1,At-Risk Customers
17607.0,2010-11-28 13:11:00,2010-11-28 13:11:00,1,269,333.81,15.17318181818182,269.0,22.0,13,Autumn,United Kingdom,376,1,333.81,1,At-Risk Customers
17608.0,2010-04-11 13:37:00,2011-11-06 13:06:00,4,528,488.06,3.069559748427673,174.69182389937106,49.11320754716981,13,Autumn,United Kingdom,33,4,488.06,0,Regular Customers
17609.0,2010-04-09 16:54:00,2011-10-30 12:28:00,11,1321,1887.9,4.903636363636363,231.2467532467533,62.96103896103896,16,Autumn,United Kingdom,41,11,1887.9,0,Regular Customers
17610.0,2009-12-06 16:07:00,2010-06-17 16:34:00,5,893,1511.94,9.817792207792207,218.54545454545453,38.52597402597402,16,Winter,United Kingdom,540,5,1511.94,1,At-Risk Customers
17611.0,2009-12-01 13:29:00,2011-12-02 13:29:00,28,5341,8337.53,7.497778776978418,246.05575539568343,57.57104316546763,13,Spring,United Kingdom,7,28,8337.53,0,Regular Customers
17612.0,2009-12-17 11:59:00,2011-10-17 14:59:00,18,3521,5394.86,15.867235294117648,219.4970588235294,20.77647058823529,10,Autumn,United Kingdom,53,18,5394.86,0,Regular Customers
17613.0,2011-02-07 11:20:00,2011-11-17 10:51:00,14,2490,4544.55,14.851470588235294,244.02287581699343,34.3921568627451,12,Spring,United Kingdom,23,14,4544.55,0,Regular Customers
17614.0,2011-10-13 16:01:00,2011-10-13 16:01:00,1,235,386.32,3.9420408163265295,235.0,97.0,16,Autumn,United Kingdom,57,1,386.32,0,Regular Customers
17615.0,2010-08-11 12:54:00,2011-08-01 14:06:00,6,378,721.8000000000001,12.889285714285716,87.80357142857143,20.321428571428573,12,Autumn,United Kingdom,130,6,721.8,0,Regular Customers
17616.0,2010-09-14 10:43:00,2011-06-19 10:11:00,4,288,734.4,183.6,72.0,1.0,10,Autumn,United Kingdom,174,4,734.4,0,Regular Customers
17617.0,2010-05-30 12:48:00,2010-05-30 12:48:00,1,249,385.19,21.399444444444445,249.0,18.0,12,Spring,United Kingdom,559,1,385.19,1,At-Risk Customers
17618.0,2010-01-24 11:03:00,2011-12-04 11:50:00,11,1798,4001.64,11.2090756302521,181.9467787114846,36.23249299719888,12,Summer,United Kingdom,6,11,4001.64,0,Regular Customers
17619.0,2011-01-31 14:18:00,2011-01-31 14:18:00,1,124,214.37,2.896891891891892,124.0,71.0,14,Winter,United Kingdom,312,1,214.37,1,At-Risk Customers
17620.0,2011-10-11 12:08:00,2011-10-11 12:08:00,1,60,81.44,20.36,60.0,4.0,12,Autumn,United Kingdom,60,1,81.44,0,Regular Customers
17621.0,2010-10-04 09:37:00,2011-11-18 17:11:00,6,1110,3175.12,48.10787878787879,325.969696969697,19.272727272727277,9,Autumn,United Kingdom,21,6,3175.12,0,Regular Customers
17622.0,2010-04-20 13:38:00,2010-04-21 12:36:00,2,379,1130.21,29.742368421052632,189.5,19.0,12,Spring,United Kingdom,598,2,1130.21,1,At-Risk Customers
17623.0,2009-12-14 14:36:00,2011-11-07 11:32:00,7,799,2365.77,12.194690721649485,119.35051546391752,30.2319587628866,14,Summer,United Kingdom,33,7,2365.77,0,Regular Customers
17624.0,2009-12-20 12:35:00,2011-11-25 10:52:00,4,958,1568.63,16.171443298969074,242.79381443298968,24.31958762886598,10,Autumn,United Kingdom,15,4,1568.63,0,Regular Customers
17625.0,2009-12-15 11:49:00,2011-11-21 13:36:00,8,3505,5978.9,8.753879941434846,528.8345534407027,91.92825768667645,11,Autumn,United Kingdom,18,8,5978.9,0,Regular Customers
17626.0,2010-04-16 12:15:00,2010-04-16 12:15:00,1,202,254.0,14.11111111111111,202.0,18.0,12,Spring,United Kingdom,603,1,254.0,1,At-Risk Customers
17627.0,2010-08-18 11:27:00,2010-08-18 11:27:00,1,676,296.36,29.636000000000003,676.0,10.0,11,Summer,United Kingdom,479,1,296.36,1,At-Risk Customers
17628.0,2011-09-19 15:21:00,2011-09-19 15:21:00,1,79,75.75,15.15,79.0,5.0,15,Autumn,United Kingdom,81,1,75.75,0,Regular Customers
17629.0,2010-10-14 13:35:00,2011-12-04 10:56:00,10,1903,2455.52,15.74051282051282,217.30128205128204,20.397435897435894,10,Autumn,United Kingdom,6,10,2455.52,0,Regular Customers
17630.0,2011-04-21 14:03:00,2011-06-23 11:58:00,2,158,503.6,19.36923076923077,94.23076923076924,15.76923076923077,14,Spring,United Kingdom,170,2,503.6,0,Regular Customers
17631.0,2009-12-09 14:15:00,2011-12-08 09:47:00,7,591,998.49,14.470869565217392,93.94202898550724,12.391304347826088,13,Winter,United Kingdom,2,7,998.49,0,Regular Customers
17633.0,2010-11-15 14:55:00,2011-11-08 13:25:00,7,899,2057.39,20.37019801980198,153.75247524752476,17.633663366336634,15,Autumn,United Kingdom,31,7,2057.39,0,Regular Customers
17634.0,2011-01-06 12:45:00,2011-11-03 13:09:00,9,838,2358.59,7.96820945945946,110.70270270270272,43.304054054054056,12,Autumn,United Kingdom,36,9,2358.59,0,Regular Customers
17635.0,2010-04-28 10:51:00,2010-10-11 15:12:00,3,770,1265.58,17.10243243243243,254.97297297297297,24.945945945945947,10,Spring,United Kingdom,424,3,1265.58,1,At-Risk Customers
17636.0,2011-11-20 14:40:00,2011-11-20 14:40:00,1,182,285.56,14.278,182.0,20.0,14,Autumn,United Kingdom,19,1,285.56,0,Regular Customers
17637.0,2011-08-16 13:25:00,2011-11-08 12:51:00,2,280,547.0600000000001,15.630285714285716,167.85714285714286,19.914285714285715,13,Summer,United Kingdom,31,2,547.0600000000001,0,Regular Customers
17638.0,2009-12-18 09:58:00,2010-03-02 14:32:00,2,432,842.4000000000001,280.8,248.0,1.6666666666666667,9,Winter,United Kingdom,647,2,842.4,1,At-Risk Customers
17639.0,2010-08-13 11:59:00,2011-03-08 15:22:00,6,576,615.17,7.786962025316455,153.21518987341773,17.936708860759495,11,Summer,United Kingdom,276,6,615.17,1,At-Risk Customers
17640.0,2010-03-23 09:15:00,2011-09-14 09:13:00,6,1692,3168.94,48.014242424242425,315.27272727272725,13.424242424242424,13,Autumn,United Kingdom,87,6,3168.94,0,Regular Customers
17642.0,2009-12-05 16:01:00,2011-08-12 09:11:00,5,1475,1824.49,16.893425925925925,312.3796296296296,22.75925925925926,9,Summer,United Kingdom,120,5,1824.49,0,Regular Customers
17643.0,2010-07-22 13:07:00,2010-12-01 14:38:00,2,226,439.7,14.183870967741935,133.32258064516128,19.12903225806452,13,Summer,United Kingdom,373,2,439.7,1,At-Risk Customers
17644.0,2010-02-16 08:44:00,2011-12-08 13:43:00,20,3469,6028.6,18.43608562691132,225.40366972477065,21.941896024464832,13,Spring,United Kingdom,1,20,6028.6,0,Regular Customers
17646.0,2009-12-16 09:37:00,2011-05-04 13:17:00,12,1308,3898.79,19.891785714285717,109.98469387755102,17.551020408163264,10,Spring,United Kingdom,219,12,3898.79,0,Regular Customers
17647.0,2010-02-08 14:39:00,2011-10-05 15:38:00,3,82,331.66,27.63833333333333,29.0,5.166666666666667,15,Autumn,United Kingdom,65,3,331.66,0,Regular Customers
17648.0,2010-11-19 16:41:00,2011-10-10 09:41:00,5,954,2216.37,17.73096,240.736,30.504,10,Spring,United Kingdom,61,5,2216.37,0,Regular Customers
17649.0,2010-08-24 13:01:00,2011-07-24 15:53:00,3,723,1578.89,16.111122448979593,359.1428571428572,48.265306122448976,15,Summer,United Kingdom,138,3,1578.89,0,Regular Customers
17650.0,2011-11-18 14:52:00,2011-11-18 14:52:00,1,150,166.07999999999998,20.76,150.0,8.0,14,Autumn,United Kingdom,21,1,166.08,0,Regular Customers
17651.0,2010-07-01 12:17:00,2011-11-28 10:29:00,16,4086,5703.52,17.179277108433737,406.7379518072289,28.198795180722893,12,Summer,United Kingdom,12,16,5703.52,0,Regular Customers
17652.0,2011-03-03 14:05:00,2011-11-14 12:55:00,12,2509,4867.72,18.794285714285717,263.02702702702703,28.18918918918919,14,Summer,United Kingdom,25,12,4867.72,0,Regular Customers
17653.0,2011-08-11 15:24:00,2011-11-03 12:46:00,4,1409,1207.56,27.44454545454545,339.45454545454544,25.772727272727277,15,Autumn,United Kingdom,37,4,1207.56,0,Regular Customers
17654.0,2011-03-07 13:17:00,2011-03-07 13:17:00,1,41,117.55,5.343181818181818,41.0,22.0,13,Spring,United Kingdom,277,1,117.55,1,At-Risk Customers
17655.0,2010-10-19 10:20:00,2011-11-29 11:34:00,9,1268,2976.38,26.814234234234235,147.78378378378378,13.864864864864863,11,Autumn,United Kingdom,11,9,2976.38,0,Regular Customers
17656.0,2011-08-03 10:45:00,2011-09-27 13:04:00,5,1399,1674.69,20.423048780487804,477.4390243902439,23.341463414634145,13,Summer,United Kingdom,73,5,1674.69,0,Regular Customers
17657.0,2010-10-05 14:52:00,2010-10-05 14:52:00,1,60,126.0,18.0,60.0,7.0,14,Autumn,United Kingdom,430,1,126.0,1,At-Risk Customers
17658.0,2011-05-12 15:23:00,2011-11-14 12:07:00,2,616,595.42,31.337894736842102,312.8421052631579,9.526315789473683,12,Autumn,United Kingdom,26,2,595.42,0,Regular Customers
17659.0,2010-11-18 14:20:00,2011-11-22 13:29:00,14,1752,3586.99,18.68223958333333,220.35416666666663,23.479166666666668,14,Autumn,United Kingdom,17,14,3586.99,0,Regular Customers
17660.0,2009-12-02 16:02:00,2011-07-21 13:37:00,2,259,342.22,4.173414634146342,130.1219512195122,39.68292682926829,16,Winter,United Kingdom,141,2,342.22,0,Regular Customers
17662.0,2009-12-17 09:54:00,2010-02-16 09:38:00,2,184,412.92,27.528,131.2,9.133333333333333,9,Winter,United Kingdom,662,2,412.92,1,At-Risk Customers
17663.0,2010-03-04 11:42:00,2011-11-14 08:56:00,17,2297,5175.83,21.74718487394958,158.03361344537817,18.49579831932773,10,Autumn,United Kingdom,26,17,5175.83,0,Regular Customers
17664.0,2010-03-29 17:17:00,2011-11-21 11:29:00,4,1058,1166.23,14.577875,270.3875,20.325,14,Spring,United Kingdom,19,4,1166.23,0,Regular Customers
17665.0,2010-08-03 13:12:00,2010-08-03 13:12:00,1,690,563.1,29.63684210526316,690.0,19.0,13,Summer,United Kingdom,493,1,563.1,1,At-Risk Customers
17666.0,2010-06-30 12:03:00,2011-12-06 09:06:00,5,1552,2047.8,46.54090909090909,338.6363636363636,9.863636363636363,12,Summer,United Kingdom,4,5,2047.8,0,Regular Customers
17667.0,2010-02-23 09:57:00,2011-10-04 14:32:00,9,2192,3950.7,17.17695652173913,320.6478260869565,33.99130434782609,9,Summer,United Kingdom,66,9,3950.7,0,Regular Customers
17668.0,2011-11-01 14:45:00,2011-12-08 13:25:00,2,93,347.75,23.183333333333334,45.46666666666667,7.533333333333333,14,Autumn,United Kingdom,1,2,347.75,0,Regular Customers
17669.0,2010-04-01 18:48:00,2011-10-28 08:53:00,10,3505,6142.35,42.65520833333333,480.19444444444446,23.68055555555556,13,Spring,United Kingdom,43,10,6142.35,0,Regular Customers
17670.0,2011-04-26 09:12:00,2011-04-26 09:12:00,1,110,205.7,18.7,110.0,11.0,9,Spring,United Kingdom,228,1,205.7,0,Regular Customers
17671.0,2010-11-29 11:53:00,2011-11-24 12:21:00,5,987,2009.16,26.7888,199.08,16.413333333333334,12,Autumn,United Kingdom,16,5,2009.16,0,Regular Customers
17672.0,2010-01-26 17:20:00,2011-10-20 14:18:00,7,2758,5778.63,28.05160194174757,667.8106796116505,48.41747572815534,13,Autumn,United Kingdom,50,7,5778.63,0,Regular Customers
17673.0,2010-03-19 14:02:00,2011-12-08 12:50:00,13,3284,4173.88,8.232504930966469,295.2209072978304,44.13214990138067,14,Summer,United Kingdom,2,13,4173.88,0,Regular Customers
17674.0,2010-12-06 10:20:00,2011-09-26 13:35:00,2,672,551.04,20.40888888888889,333.5925925925926,13.962962962962964,13,Autumn,United Kingdom,74,2,551.04,0,Regular Customers
17675.0,2009-12-10 16:10:00,2011-12-08 18:03:00,70,16180,37642.48,33.72982078853047,367.7249103942653,27.6415770609319,13,Summer,United Kingdom,1,70,37642.48,3,Loyal Customers
17676.0,2010-03-30 10:49:00,2011-12-05 15:16:00,10,1764,2448.64,16.544864864864863,207.6081081081081,17.5,11,Summer,United Kingdom,4,10,2448.64,0,Regular Customers
17677.0,2009-12-16 11:23:00,2011-12-08 09:56:00,54,20921,35058.46,51.18023357664234,698.4277372262774,24.675912408759125,11,Summer,United Kingdom,2,54,35058.46,0,Regular Customers
17678.0,2010-04-15 13:54:00,2011-03-21 11:52:00,2,368,599.76,21.42,187.28571428571428,14.285714285714286,11,Spring,United Kingdom,264,2,599.76,1,At-Risk Customers
17679.0,2009-12-03 17:32:00,2011-10-18 07:43:00,7,1755,3577.61,44.16802469135803,383.9259259259259,17.17283950617284,10,Autumn,United Kingdom,53,7,3577.61,0,Regular Customers
17680.0,2010-07-16 16:07:00,2011-11-16 12:42:00,3,155,497.4500000000001,24.8725,65.75,8.1,12,Autumn,United Kingdom,24,3,497.45,0,Regular Customers
17681.0,2010-01-15 11:53:00,2010-04-21 17:22:00,5,450,731.2,52.22857142857144,112.71428571428572,4.571428571428571,10,Winter,United Kingdom,597,5,731.2,1,At-Risk Customers
17682.0,2010-03-08 09:49:00,2011-11-29 15:59:00,11,2281,4065.28,18.47854545454545,219.6681818181818,21.2,15,Summer,United Kingdom,10,11,4065.28,0,Regular Customers
17683.0,2010-06-03 17:15:00,2010-11-19 10:11:00,3,781,819.01,17.804565217391303,350.0,23.43478260869565,17,Summer,United Kingdom,386,3,819.01,1,At-Risk Customers
17684.0,2011-10-27 11:10:00,2011-10-27 11:10:00,1,145,239.41,15.960666666666668,145.0,15.0,11,Autumn,United Kingdom,44,1,239.41,0,Regular Customers
17685.0,2010-02-11 13:44:00,2011-11-23 11:36:00,12,3474,5454.95,27.550252525252525,421.3333333333333,26.1010101010101,12,Autumn,United Kingdom,17,12,5454.95,0,Regular Customers
17686.0,2010-06-24 09:49:00,2011-12-02 15:39:00,9,3583,8296.81,19.339883449883448,529.7575757575758,63.00932400932401,11,Summer,United Kingdom,7,9,8296.81,0,Regular Customers
17687.0,2010-10-15 12:30:00,2010-10-15 12:30:00,1,210,432.68,16.641538461538463,210.0,26.0,12,Autumn,United Kingdom,421,1,432.68,1,At-Risk Customers
17688.0,2010-11-11 10:41:00,2010-11-11 10:41:00,1,114,304.2,16.010526315789473,114.0,19.0,10,Autumn,United Kingdom,394,1,304.2,1,At-Risk Customers
17689.0,2010-08-22 13:54:00,2010-11-16 13:22:00,2,300,317.08,14.412727272727272,155.45454545454547,11.363636363636363,13,Autumn,United Kingdom,388,2,317.08,1,At-Risk Customers
17690.0,2010-02-03 14:26:00,2011-11-09 15:17:00,20,2939,6963.8,19.34388888888889,209.51944444444445,27.377777777777776,12,Autumn,United Kingdom,30,20,6963.8,0,Regular Customers
17691.0,2010-06-11 11:50:00,2010-12-16 17:20:00,4,315,637.55,14.826744186046511,81.93023255813954,10.953488372093023,11,Winter,United Kingdom,358,4,637.5500000000001,1,At-Risk Customers
17692.0,2010-06-17 11:14:00,2011-08-04 14:01:00,12,2338,2975.8,18.36913580246914,245.1358024691358,16.97530864197531,13,Summer,United Kingdom,127,12,2975.8,0,Regular Customers
17693.0,2011-07-25 15:48:00,2011-07-25 15:48:00,1,231,200.47,12.529375,231.0,16.0,15,Summer,United Kingdom,137,1,200.47,0,Regular Customers
17694.0,2010-05-26 08:27:00,2011-07-21 12:00:00,3,1493,1695.97,20.937901234567903,561.4814814814815,29.88888888888889,8,Summer,United Kingdom,142,3,1695.97,0,Regular Customers
17695.0,2010-01-28 09:27:00,2011-07-31 10:40:00,5,1809,1746.04,28.623606557377048,387.9836065573771,14.40983606557377,12,Summer,United Kingdom,132,5,1746.04,0,Regular Customers
17696.0,2009-12-10 17:09:00,2011-11-01 13:43:00,27,5891,7679.59,21.039972602739727,299.6109589041096,19.887671232876716,15,Summer,United Kingdom,38,27,7679.59,0,Regular Customers
17697.0,2011-04-17 15:40:00,2011-04-17 15:40:00,1,93,338.95,17.839473684210525,93.0,19.0,15,Spring,United Kingdom,236,1,338.95,0,Regular Customers
17698.0,2011-03-24 11:34:00,2011-03-24 11:34:00,1,93,154.95,19.36875,93.0,8.0,11,Spring,United Kingdom,261,1,154.95,1,At-Risk Customers
17699.0,2010-05-27 11:53:00,2010-08-20 09:39:00,2,208,442.0,23.26315789473684,104.0,9.736842105263158,9,Summer,United Kingdom,477,2,442.0,1,At-Risk Customers
17700.0,2009-12-01 11:37:00,2011-11-23 11:51:00,14,3469,6679.97,18.555472222222225,281.98055555555555,30.11111111111111,11,Spring,United Kingdom,17,14,6679.97,0,Regular Customers
17701.0,2011-04-01 12:25:00,2011-04-01 12:25:00,1,109,417.95,17.414583333333333,109.0,24.0,12,Spring,United Kingdom,253,1,417.95,1,At-Risk Customers
17702.0,2010-11-04 12:09:00,2011-11-09 16:03:00,6,2153,3144.04,20.549281045751638,411.3921568627451,34.76470588235294,12,Autumn,United Kingdom,30,6,3144.04,0,Regular Customers
17703.0,2010-10-17 16:16:00,2011-11-04 15:51:00,4,897,1094.84,14.036410256410257,229.6794871794872,19.743589743589745,15,Autumn,United Kingdom,35,4,1094.84,0,Regular Customers
17704.0,2011-04-14 09:28:00,2011-06-24 09:40:00,2,343,885.19,28.554516129032255,171.61290322580646,15.516129032258064,9,Spring,United Kingdom,169,2,885.19,0,Regular Customers
17705.0,2010-05-12 09:47:00,2011-12-06 13:45:00,11,1301,2083.9,17.365833333333335,130.55,12.35,15,Autumn,United Kingdom,3,11,2083.9,0,Regular Customers
17706.0,2010-01-19 12:13:00,2011-12-05 13:34:00,31,7824,20272.15,27.506309362279517,537.3799185888738,50.56716417910448,12,Summer,United Kingdom,4,31,20272.15,0,Regular Customers
17707.0,2009-12-07 12:19:00,2011-06-07 15:03:00,8,546,609.3,25.3875,71.5,3.5,15,Autumn,United Kingdom,185,8,609.3000000000001,0,Regular Customers
17708.0,2010-10-12 12:13:00,2011-06-05 10:12:00,4,387,884.1800000000001,12.11205479452055,97.6986301369863,20.095890410958905,10,Autumn,United Kingdom,188,4,884.1800000000001,0,Regular Customers
17709.0,2010-04-15 14:48:00,2011-06-23 11:55:00,5,295,671.01,16.77525,73.85,9.9,14,Spring,United Kingdom,170,5,671.01,0,Regular Customers
17710.0,2010-10-12 07:49:00,2010-10-12 07:49:00,1,158,293.5,14.675,158.0,20.0,7,Autumn,United Kingdom,424,1,293.5,1,At-Risk Customers
17711.0,2011-02-23 11:32:00,2011-11-29 11:40:00,2,246,385.1,16.743478260869566,120.91304347826087,11.695652173913045,11,Winter,United Kingdom,11,2,385.1,0,Regular Customers
17712.0,2011-10-26 12:28:00,2011-10-26 12:28:00,1,215,522.91,18.031379310344825,215.0,29.0,12,Autumn,United Kingdom,45,1,522.91,0,Regular Customers
17713.0,2010-06-09 09:33:00,2010-11-22 16:50:00,4,989,1198.09,15.764342105263156,254.9078947368421,19.55263157894737,9,Summer,United Kingdom,382,4,1198.09,1,At-Risk Customers
17714.0,2010-07-14 10:41:00,2011-01-23 10:32:00,5,608,1410.18,17.40962962962963,140.23456790123456,18.012345679012345,10,Summer,United Kingdom,321,5,1410.18,1,At-Risk Customers
17715.0,2010-04-26 12:17:00,2011-05-23 12:32:00,2,576,489.6,244.8,288.0,1.0,12,Spring,United Kingdom,201,2,489.6,0,Regular Customers
17716.0,2009-12-02 17:18:00,2011-11-17 12:00:00,24,8819,15956.97,26.550698835274545,614.3460898502495,41.79866888519135,11,Spring,United Kingdom,23,24,15956.97,0,Regular Customers
17717.0,2010-10-14 12:54:00,2010-10-14 12:54:00,1,344,376.92,14.496923076923078,344.0,26.0,12,Autumn,United Kingdom,421,1,376.92,1,At-Risk Customers
17718.0,2010-03-05 08:01:00,2011-04-21 13:39:00,2,274,439.18,19.09478260869565,162.82608695652175,14.130434782608695,8,Spring,United Kingdom,232,2,439.18,0,Regular Customers
17719.0,2011-03-29 11:29:00,2011-11-02 10:36:00,15,2466,5396.04,19.693576642335767,199.6386861313869,20.868613138686133,12,Summer,United Kingdom,38,15,5396.04,0,Regular Customers
17720.0,2010-05-10 09:58:00,2011-11-13 15:04:00,10,1589,2666.91,20.20386363636364,195.92424242424244,15.909090909090908,9,Summer,United Kingdom,26,10,2666.91,0,Regular Customers
17721.0,2010-02-18 15:18:00,2010-02-18 15:18:00,1,107,307.21000000000004,27.928181818181823,107.0,11.0,15,Winter,United Kingdom,659,1,307.21000000000004,1,At-Risk Customers
17722.0,2010-11-29 09:44:00,2011-09-04 15:22:00,5,2412,3520.2200000000003,20.23114942528736,582.7011494252873,41.42528735632184,12,Autumn,United Kingdom,96,5,3520.2200000000003,0,Regular Customers
17723.0,2010-11-29 10:35:00,2011-08-04 18:37:00,7,912,3378.4000000000005,281.53333333333336,120.16666666666669,2.333333333333333,10,Spring,United Kingdom,127,7,3378.4000000000005,0,Regular Customers
17724.0,2011-07-24 13:26:00,2011-09-29 15:26:00,3,300,1033.0,25.825,101.7,14.55,15,Autumn,United Kingdom,71,3,1033.0,0,Regular Customers
17725.0,2011-03-17 19:47:00,2011-11-23 16:34:00,11,2162,3439.08,17.911875,198.91145833333331,17.645833333333332,12,Summer,United Kingdom,16,11,3439.08,0,Regular Customers
17726.0,2010-01-26 14:58:00,2010-11-09 13:37:00,7,444,1092.06,17.0634375,71.78125,10.25,12,Autumn,United Kingdom,395,7,1092.06,1,At-Risk Customers
17727.0,2011-11-24 17:06:00,2011-11-24 17:06:00,1,645,1060.25,16.064393939393938,645.0,66.0,17,Autumn,United Kingdom,15,1,1060.25,0,Regular Customers
17728.0,2010-09-12 14:58:00,2011-12-06 08:52:00,5,2146,4238.76,17.371967213114754,665.344262295082,73.76229508196721,8,Autumn,United Kingdom,4,5,4238.76,0,Regular Customers
17729.0,2010-04-22 15:03:00,2010-04-22 15:03:00,1,247,438.65,19.071739130434786,247.0,23.0,15,Spring,United Kingdom,596,1,438.65,1,At-Risk Customers
17730.0,2010-04-29 11:48:00,2011-12-06 15:43:00,20,5300,7773.8,24.757324840764333,328.2261146496815,19.356687898089174,9,Autumn,United Kingdom,3,20,7773.8,0,Regular Customers
17731.0,2010-02-09 12:37:00,2011-09-21 15:02:00,6,707,1708.99,17.262525252525254,127.53535353535354,18.19191919191919,12,Summer,United Kingdom,79,6,1708.99,0,Regular Customers
17732.0,2010-08-09 08:41:00,2010-12-02 09:29:00,8,1058,2166.42,17.757540983606557,157.4344262295082,18.737704918032787,9,Autumn,United Kingdom,373,8,2166.42,1,At-Risk Customers
17733.0,2011-03-23 09:54:00,2011-11-01 08:16:00,2,463,692.19,19.776857142857143,276.9142857142857,19.228571428571428,8,Autumn,United Kingdom,39,2,692.19,0,Regular Customers
17734.0,2010-03-07 13:55:00,2011-10-17 12:33:00,6,741,1442.32,16.771162790697673,152.13953488372093,16.813953488372093,10,Summer,United Kingdom,54,6,1442.32,0,Regular Customers
17735.0,2010-07-30 13:25:00,2011-12-07 16:47:00,26,10683,16790.33,19.210903890160186,467.4645308924485,37.91533180778032,10,Summer,United Kingdom,2,26,16790.33,0,Regular Customers
17736.0,2011-08-18 14:33:00,2011-11-30 15:36:00,3,238,377.44,15.0976,196.96,21.24,14,Summer,United Kingdom,9,3,377.44,0,Regular Customers
17737.0,2011-10-12 14:42:00,2011-11-30 15:16:00,2,108,168.24,16.824,54.6,5.2,14,Autumn,United Kingdom,9,2,168.24,0,Regular Customers
17738.0,2010-03-19 10:07:00,2011-11-20 15:05:00,13,2776,4183.56,18.18939130434783,272.0304347826087,23.817391304347822,16,Spring,United Kingdom,19,13,4183.56,0,Regular Customers
17739.0,2009-12-07 10:48:00,2011-11-28 09:12:00,18,2335,7730.59,51.88315436241611,127.56375838926176,9.093959731543624,8,Autumn,United Kingdom,12,18,7730.59,0,Regular Customers
17740.0,2010-01-11 13:11:00,2010-11-15 16:33:00,6,222,426.9,47.43333333333334,32.666666666666664,1.8888888888888888,13,Spring,United Kingdom,389,6,426.9,1,At-Risk Customers
17741.0,2010-05-28 12:11:00,2010-10-29 11:59:00,2,114,101.1,16.849999999999998,56.0,3.333333333333333,11,Autumn,United Kingdom,407,2,101.1,1,At-Risk Customers
17742.0,2009-12-01 13:16:00,2011-08-18 15:28:00,11,653,2098.48,24.688,66.49411764705883,9.635294117647058,10,Winter,United Kingdom,113,11,2098.48,0,Regular Customers
17743.0,2010-09-17 14:54:00,2010-09-17 14:54:00,1,96,229.2,76.39999999999999,96.0,3.0,14,Autumn,United Kingdom,448,1,229.2,1,At-Risk Customers
17744.0,2010-11-24 09:34:00,2011-12-06 12:11:00,7,3826,2649.14,17.543973509933775,687.8543046357615,28.05960264900662,12,Winter,United Kingdom,4,7,2649.14,0,Regular Customers
17745.0,2010-06-02 09:03:00,2010-08-19 12:30:00,2,164,600.34,21.44071428571429,100.85714285714286,18.571428571428573,9,Summer,United Kingdom,478,2,600.34,1,At-Risk Customers
17746.0,2010-04-08 12:54:00,2011-04-13 14:31:00,4,688,904.18,25.116111111111117,212.77777777777777,10.38888888888889,13,Spring,United Kingdom,240,4,904.18,0,Regular Customers
17747.0,2011-08-19 08:13:00,2011-08-19 08:13:00,1,12,71.4,71.4,12.0,1.0,8,Summer,United Kingdom,113,1,71.4,0,Regular Customers
17748.0,2010-06-30 13:49:00,2010-06-30 13:49:00,1,111,358.15,21.06764705882353,111.0,17.0,13,Summer,United Kingdom,527,1,358.15,1,At-Risk Customers
17749.0,2010-06-11 14:56:00,2011-06-14 15:45:00,3,446,1026.18,18.003157894736844,162.19298245614036,19.94736842105263,13,Summer,United Kingdom,178,3,1026.18,0,Regular Customers
17750.0,2011-06-28 15:44:00,2011-12-04 14:09:00,9,3747,1710.45,9.29592391304348,462.2608695652174,24.45108695652174,15,Summer,United Kingdom,5,9,1710.45,0,Regular Customers
17751.0,2010-10-14 13:57:00,2010-10-14 13:57:00,1,147,157.86,4.933125,147.0,31.0,13,Autumn,United Kingdom,421,1,157.86,1,At-Risk Customers
17752.0,2010-12-15 16:19:00,2010-12-15 16:19:00,1,192,80.64,80.64,192.0,1.0,16,Winter,United Kingdom,359,1,80.64,1,At-Risk Customers
17753.0,2010-01-06 14:20:00,2010-09-01 15:49:00,4,124,382.06,5.5371014492753625,69.6376811594203,50.072463768115945,13,Summer,United Kingdom,464,4,382.06,1,At-Risk Customers
17754.0,2009-12-11 15:52:00,2011-12-09 11:20:00,13,4366,4451.22,19.960627802690585,380.8340807174888,25.37219730941704,16,Spring,United Kingdom,1,13,4451.22,0,Regular Customers
17756.0,2010-11-10 12:54:00,2010-11-29 12:20:00,3,399,728.75,8.675595238095237,133.33333333333334,27.761904761904763,12,Autumn,United Kingdom,376,3,728.75,1,At-Risk Customers
17757.0,2010-01-13 15:56:00,2011-12-08 15:31:00,56,5011,9074.05,7.218814638027048,102.00636435958631,27.482895783611774,16,Autumn,United Kingdom,1,56,9074.05,0,Regular Customers
17758.0,2010-05-20 13:18:00,2011-11-20 14:45:00,12,3199,4964.03,9.401571969696969,338.81439393939394,61.01136363636363,15,Autumn,United Kingdom,19,12,4964.03,0,Regular Customers
17759.0,2010-05-05 11:40:00,2011-11-22 16:02:00,5,965,1261.88,9.48781954887218,407.5112781954887,48.203007518796994,16,Autumn,United Kingdom,17,5,1261.88,0,Regular Customers
17760.0,2010-02-28 12:15:00,2011-11-18 10:56:00,6,531,746.39,11.140149253731344,110.7910447761194,14.522388059701491,11,Autumn,United Kingdom,22,6,746.39,0,Regular Customers
17761.0,2011-11-07 10:23:00,2011-11-07 10:23:00,1,398,712.78,37.51473684210527,398.0,19.0,10,Autumn,United Kingdom,33,1,712.78,0,Regular Customers
17762.0,2010-09-09 17:40:00,2010-09-09 17:40:00,1,129,129.75,7.632352941176471,129.0,16.0,17,Autumn,United Kingdom,456,1,129.75,1,At-Risk Customers
17763.0,2010-02-18 14:32:00,2011-03-21 14:25:00,4,41,86.15,6.153571428571429,10.642857142857142,4.428571428571429,13,Winter,United Kingdom,263,4,86.15,1,At-Risk Customers
17764.0,2009-12-03 14:28:00,2011-10-20 11:03:00,5,674,1513.57,10.158187919463089,155.751677852349,35.986577181208055,11,Autumn,United Kingdom,51,5,1513.57,0,Regular Customers
17765.0,2010-09-17 12:45:00,2011-07-04 12:41:00,4,195,524.0,6.469135802469136,50.27160493827161,19.395061728395063,12,Spring,United Kingdom,159,4,524.0,0,Regular Customers
17766.0,2010-11-23 14:17:00,2010-11-23 14:29:00,2,155,299.61,13.618636363636364,126.1818181818182,17.454545454545453,14,Autumn,United Kingdom,381,2,299.61,1,At-Risk Customers
17767.0,2010-10-25 16:22:00,2011-11-24 14:42:00,2,198,413.05,10.591025641025642,101.23076923076924,19.615384615384617,14,Autumn,United Kingdom,15,2,413.05,0,Regular Customers
17768.0,2009-12-02 12:26:00,2011-12-01 13:22:00,7,2339,3292.73,18.09192307692308,458.6648351648352,33.93956043956044,13,Autumn,United Kingdom,8,7,3292.73,0,Regular Customers
17769.0,2010-01-19 11:33:00,2011-11-27 11:18:00,17,3157,7053.38,12.098421955403088,250.4939965694683,47.658662092624354,12,Autumn,United Kingdom,13,17,7053.38,0,Regular Customers
17770.0,2011-03-02 13:35:00,2011-05-25 12:34:00,5,365,1143.27,30.086052631578948,141.6578947368421,13.894736842105264,13,Spring,United Kingdom,199,5,1143.27,0,Regular Customers
17771.0,2010-04-29 13:21:00,2011-10-14 11:43:00,4,373,387.41,5.6146376811594205,130.46376811594203,23.217391304347824,11,Autumn,United Kingdom,57,4,387.41,0,Regular Customers
17772.0,2010-11-12 11:31:00,2011-11-29 11:05:00,3,113,360.75,3.7578125,51.489583333333336,42.91666666666666,11,Autumn,United Kingdom,11,3,360.75,0,Regular Customers
17773.0,2010-01-18 14:32:00,2010-07-13 14:07:00,2,254,575.37,10.461272727272728,126.54545454545456,24.072727272727278,14,Summer,United Kingdom,514,2,575.37,1,At-Risk Customers
17774.0,2010-02-08 16:06:00,2011-09-04 12:49:00,9,1585,3273.83,8.246423173803526,202.5390428211587,47.12846347607053,12,Summer,United Kingdom,97,9,3273.83,0,Regular Customers
17775.0,2011-03-30 10:50:00,2011-03-30 10:50:00,1,72,56.4,18.8,72.0,3.0,10,Spring,United Kingdom,255,1,56.4,1,At-Risk Customers
17776.0,2009-12-16 14:59:00,2010-11-18 12:14:00,2,273,330.56,4.132,149.0,40.6,14,Winter,United Kingdom,387,2,330.56,1,At-Risk Customers
17777.0,2011-08-31 14:35:00,2011-11-15 12:02:00,3,501,647.56,3.408210526315789,166.8684210526316,61.34736842105263,14,Autumn,United Kingdom,25,3,647.56,0,Regular Customers
17778.0,2010-02-16 12:44:00,2010-02-16 12:44:00,1,214,197.7,19.770000000000003,214.0,10.0,12,Winter,United Kingdom,662,1,197.7,1,At-Risk Customers
17779.0,2011-07-19 12:19:00,2011-11-18 14:15:00,3,396,650.32,8.028641975308643,152.03703703703704,28.530864197530864,12,Autumn,United Kingdom,21,3,650.32,0,Regular Customers
17780.0,2010-01-24 11:21:00,2010-02-10 13:43:00,3,156,346.56,4.386835443037975,63.21518987341772,30.962025316455694,13,Winter,United Kingdom,667,3,346.56,1,At-Risk Customers
17781.0,2011-03-31 19:54:00,2011-07-03 16:00:00,2,34,188.02,15.668333333333337,23.0,8.666666666666666,16,Summer,United Kingdom,159,2,188.02,0,Regular Customers
17782.0,2010-11-22 10:03:00,2010-11-22 11:15:00,2,538,679.02,23.41448275862069,485.3793103448276,25.27586206896552,10,Autumn,United Kingdom,383,2,679.02,1,At-Risk Customers
17783.0,2010-07-15 12:50:00,2011-09-28 16:07:00,3,438,376.96,4.142417582417583,162.01098901098902,31.263736263736263,16,Autumn,United Kingdom,72,3,376.96,0,Regular Customers
17784.0,2010-06-07 16:08:00,2010-06-07 16:08:00,1,72,112.86,4.90695652173913,72.0,19.0,16,Summer,United Kingdom,550,1,112.86,1,At-Risk Customers
17785.0,2010-05-23 13:01:00,2011-10-17 13:43:00,3,227,403.38,7.909411764705882,78.09803921568627,17.823529411764707,13,Autumn,United Kingdom,53,3,403.38,0,Regular Customers
17786.0,2011-01-26 14:35:00,2011-09-15 12:51:00,2,195,266.85,3.9242647058823534,109.54411764705884,32.85294117647059,12,Autumn,United Kingdom,85,2,266.85,0,Regular Customers
17787.0,2010-12-03 13:43:00,2011-07-10 11:24:00,4,896,1817.54,14.19953125,245.7734375,35.3046875,11,Winter,United Kingdom,153,4,1817.54,0,Regular Customers
17788.0,2011-08-02 10:38:00,2011-09-27 10:09:00,2,211,1117.9,223.58,85.0,2.6,10,Summer,United Kingdom,74,2,1117.9,0,Regular Customers
17789.0,2010-02-16 13:16:00,2011-03-03 13:14:00,2,199,397.15,13.694827586206896,100.3793103448276,13.482758620689657,13,Winter,United Kingdom,281,2,397.15,1,At-Risk Customers
17790.0,2010-06-13 13:30:00,2011-11-13 11:30:00,20,1387,2779.41,9.203344370860927,100.08940397350992,25.443708609271525,11,Summer,United Kingdom,27,20,2779.41,0,Regular Customers
17791.0,2011-11-10 12:09:00,2011-11-10 12:09:00,1,46,106.1,10.61,46.0,10.0,12,Autumn,United Kingdom,30,1,106.1,0,Regular Customers
17792.0,2010-08-18 13:08:00,2010-08-29 14:30:00,2,149,368.35,7.083653846153847,71.92307692307692,25.07692307692308,14,Summer,United Kingdom,467,2,368.35,1,At-Risk Customers
17793.0,2011-11-14 14:24:00,2011-11-14 14:24:00,1,226,300.34,5.77576923076923,226.0,49.0,14,Autumn,United Kingdom,25,1,300.34,0,Regular Customers
17794.0,2010-01-20 12:17:00,2010-01-22 10:18:00,2,46,147.3,21.042857142857144,38.0,5.285714285714286,12,Winter,United Kingdom,687,2,147.3,1,At-Risk Customers
17795.0,2011-03-20 12:02:00,2011-06-13 12:36:00,2,305,342.83,7.618444444444444,151.77777777777777,24.022222222222226,12,Summer,United Kingdom,180,2,342.83,0,Regular Customers
17796.0,2010-10-14 13:37:00,2011-10-30 15:38:00,7,347,1236.39,6.090591133004927,57.10344827586207,35.1576354679803,12,Autumn,United Kingdom,40,7,1236.39,0,Regular Customers
17797.0,2009-12-15 14:30:00,2011-11-17 13:21:00,8,1086,1971.87,7.276273062730628,171.56826568265683,41.25092250922509,14,Autumn,United Kingdom,22,8,1971.87,0,Regular Customers
17798.0,2010-05-07 11:42:00,2010-05-07 11:42:00,1,138,178.07,3.957111111111111,138.0,43.0,11,Spring,United Kingdom,582,1,178.07,1,At-Risk Customers
17799.0,2009-12-13 16:03:00,2011-11-17 15:16:00,20,3674,6246.93,6.910320796460177,253.8196902654867,59.02101769911504,14,Summer,United Kingdom,22,20,6246.93,0,Regular Customers
17800.0,2011-01-09 13:50:00,2011-11-02 12:57:00,9,732,1187.21,11.526310679611653,84.7864077669903,12.669902912621358,13,Summer,United Kingdom,37,9,1187.21,0,Regular Customers
17801.0,2010-01-17 11:31:00,2010-09-14 14:32:00,3,820,770.03,9.506543209876543,326.95061728395063,31.22222222222222,11,Winter,United Kingdom,451,3,770.03,1,At-Risk Customers
17802.0,2009-12-13 13:39:00,2011-09-18 14:56:00,10,2705,4946.22,9.439351145038168,352.08015267175574,67.31870229007633,14,Summer,United Kingdom,82,10,4946.22,0,Regular Customers
17803.0,2010-11-12 13:53:00,2010-11-12 13:53:00,1,98,184.66,6.839259259259259,98.0,27.0,13,Autumn,United Kingdom,392,1,184.66,1,At-Risk Customers
17804.0,2009-12-01 12:22:00,2010-11-28 14:01:00,3,194,383.78,4.217362637362638,65.45054945054945,30.087912087912088,12,Winter,United Kingdom,376,3,383.78,1,At-Risk Customers
17805.0,2010-04-08 14:36:00,2011-09-27 11:49:00,2,1126,927.03,84.27545454545454,493.45454545454544,9.181818181818182,11,Autumn,United Kingdom,74,2,927.03,0,Regular Customers
17806.0,2011-11-28 14:12:00,2011-11-28 14:12:00,1,727,546.04,12.698604651162787,727.0,43.0,14,Autumn,United Kingdom,11,1,546.04,0,Regular Customers
17807.0,2010-01-04 14:00:00,2010-11-09 16:21:00,3,262,437.87,4.919887640449439,95.1011235955056,34.752808988764045,14,Winter,United Kingdom,395,3,437.87,1,At-Risk Customers
17808.0,2010-05-07 16:26:00,2010-06-09 10:44:00,4,143,262.64,7.958787878787878,64.24242424242425,20.09090909090909,16,Spring,United Kingdom,549,4,262.64,1,At-Risk Customers
17809.0,2009-12-02 14:52:00,2011-11-23 12:59:00,20,2995,10085.89,103.9782474226804,312.319587628866,10.34020618556701,15,Autumn,United Kingdom,16,20,10085.89,0,Regular Customers
17810.0,2010-01-25 10:26:00,2010-02-09 10:47:00,2,118,373.16,6.784727272727273,86.65454545454546,39.61818181818182,10,Winter,United Kingdom,669,2,373.16,1,At-Risk Customers
17811.0,2010-09-20 11:24:00,2011-12-05 13:46:00,47,5278,9519.8,8.263715277777777,163.16059027777777,38.73697916666666,11,Autumn,United Kingdom,4,47,9519.8,0,Regular Customers
17812.0,2010-06-27 13:34:00,2011-11-27 11:47:00,7,444,911.99,4.825343915343916,77.32804232804233,32.02116402116402,13,Autumn,United Kingdom,13,7,911.99,0,Regular Customers
17813.0,2011-09-29 15:57:00,2011-11-25 16:13:00,5,752,1698.07,4.879511494252873,374.1810344827586,148.05459770114942,16,Autumn,United Kingdom,14,5,1698.07,0,Regular Customers
17814.0,2010-10-13 14:03:00,2010-11-29 14:21:00,2,1435,1609.37,11.254335664335663,681.8251748251748,64.53146853146853,14,Autumn,United Kingdom,375,2,1609.37,1,At-Risk Customers
17815.0,2010-11-11 14:39:00,2010-11-11 14:39:00,1,612,591.96,45.535384615384615,612.0,13.0,14,Autumn,United Kingdom,393,1,591.96,1,At-Risk Customers
17816.0,2009-12-15 15:27:00,2011-11-03 11:34:00,6,80,96.11,2.1357777777777778,20.75555555555556,13.577777777777778,13,Winter,United Kingdom,37,6,96.11,0,Regular Customers
17817.0,2010-10-13 15:07:00,2011-12-05 14:39:00,6,353,788.15,5.881716417910448,78.69402985074628,28.388059701492537,17,Autumn,United Kingdom,4,6,788.15,0,Regular Customers
17818.0,2009-12-02 11:34:00,2009-12-02 11:34:00,1,86,124.78,2.970952380952381,86.0,42.0,11,Winter,United Kingdom,738,1,124.78,1,At-Risk Customers
17819.0,2009-12-13 15:24:00,2011-09-29 10:52:00,12,1610,6021.05,67.65224719101124,207.6741573033708,12.910112359550562,11,Winter,United Kingdom,72,12,6021.05,0,Regular Customers
17820.0,2010-11-30 17:43:00,2010-11-30 17:43:00,1,111,180.61,4.405121951219512,111.0,39.0,17,Autumn,United Kingdom,374,1,180.61,1,At-Risk Customers
17821.0,2010-10-29 13:20:00,2010-10-29 13:20:00,1,162,334.62,55.77,162.0,6.0,13,Autumn,United Kingdom,406,1,334.62,1,At-Risk Customers
17822.0,2010-05-28 12:15:00,2010-10-15 13:47:00,5,1375,2162.93,12.798402366863904,507.6272189349112,58.85207100591716,13,Spring,United Kingdom,420,5,2162.93,1,At-Risk Customers
17823.0,2010-10-14 16:14:00,2010-10-14 16:24:00,2,252,449.25,4.4925,136.08,57.53,16,Autumn,United Kingdom,421,2,449.25,1,At-Risk Customers
17824.0,2011-10-19 14:14:00,2011-10-19 14:14:00,1,408,298.4,22.95384615384615,408.0,13.0,14,Autumn,United Kingdom,51,1,298.4,0,Regular Customers
17825.0,2009-12-14 12:09:00,2010-04-20 12:01:00,4,516,701.96,25.99851851851852,118.37037037037037,8.185185185185185,12,Winter,United Kingdom,599,4,701.96,1,At-Risk Customers
17826.0,2010-11-30 13:23:00,2010-11-30 13:23:00,1,84,133.34,4.040606060606061,84.0,33.0,13,Autumn,United Kingdom,374,1,133.34,1,At-Risk Customers
17827.0,2010-03-28 12:20:00,2011-12-04 15:00:00,6,1582,2376.17,8.456120996441282,382.4128113879004,62.462633451957295,11,Winter,United Kingdom,5,6,2376.17,0,Regular Customers
17828.0,2011-06-08 08:31:00,2011-11-17 08:41:00,4,667,1820.09,27.1655223880597,293.7014925373134,32.55223880597015,8,Summer,Malta,23,4,1820.09,0,Regular Customers
17829.0,2010-02-22 15:39:00,2011-02-14 12:46:00,5,3009,4756.74,27.817192982456135,955.6315789473684,55.92397660818713,15,Winter,United Arab Emirates,299,5,4756.74,1,At-Risk Customers
17830.0,2011-02-24 10:15:00,2011-12-08 12:28:00,3,92,398.7,17.33478260869565,34.869565217391305,8.478260869565217,10,Winter,United Kingdom,2,3,398.7,0,Regular Customers
17831.0,2011-11-06 15:09:00,2011-11-06 15:09:00,1,12,35.400000000000006,17.700000000000003,12.0,2.0,15,Autumn,United Kingdom,33,1,35.400000000000006,0,Regular Customers
17832.0,2011-10-21 11:43:00,2011-10-21 11:43:00,1,208,155.37,2.547049180327869,208.0,61.0,11,Autumn,United Kingdom,50,1,155.37,0,Regular Customers
17833.0,2009-12-16 13:40:00,2009-12-16 13:40:00,1,143,338.46000000000004,10.918064516129034,143.0,28.0,13,Winter,United Kingdom,723,1,338.46000000000004,1,At-Risk Customers
17834.0,2010-09-20 15:32:00,2010-10-21 12:09:00,2,639,689.6700000000001,11.890862068965518,327.1551724137931,33.672413793103445,15,Autumn,United Kingdom,415,2,689.6700000000001,1,At-Risk Customers
17835.0,2011-11-16 16:30:00,2011-12-07 11:48:00,3,344,342.24,5.800677966101695,114.77966101694916,19.71186440677966,11,Autumn,United Kingdom,3,3,342.24,0,Regular Customers
17836.0,2011-10-23 16:13:00,2011-10-23 16:13:00,1,88,110.21,4.592083333333334,88.0,23.0,16,Autumn,United Kingdom,47,1,110.21,0,Regular Customers
17837.0,2011-06-29 16:44:00,2011-10-28 16:13:00,8,510,1541.23,9.513765432098763,83.21604938271605,25.074074074074076,16,Autumn,United Kingdom,42,8,1541.23,0,Regular Customers
17838.0,2010-03-19 09:53:00,2011-11-13 11:20:00,13,3491,5604.64,22.065511811023622,313.33858267716533,25.728346456692915,15,Spring,United Kingdom,27,13,5604.64,0,Regular Customers
17839.0,2011-10-28 17:27:00,2011-10-28 17:27:00,1,257,318.15,6.11826923076923,257.0,50.0,17,Autumn,United Kingdom,42,1,318.15,0,Regular Customers
17840.0,2010-09-22 12:24:00,2010-09-22 12:24:00,1,128,175.9,3.518,128.0,44.0,12,Autumn,United Kingdom,444,1,175.9,1,At-Risk Customers
17841.0,2009-12-02 15:41:00,2011-12-08 12:07:00,211,36584,68545.25,5.512283876156011,231.95585042219545,77.01785283474065,12,Autumn,United Kingdom,2,211,68545.25,3,Loyal Customers
17842.0,2010-04-16 14:23:00,2010-04-16 14:23:00,1,89,430.69,23.927222222222223,89.0,18.0,14,Spring,United Kingdom,602,1,430.69,1,At-Risk Customers
17843.0,2010-10-24 10:56:00,2011-02-09 15:33:00,2,251,320.4,5.16774193548387,123.08064516129032,30.35483870967742,15,Winter,United Kingdom,303,2,320.4,1,At-Risk Customers
17844.0,2011-08-25 11:27:00,2011-08-25 11:27:00,1,52,51.56,10.312,52.0,5.0,11,Summer,Canada,107,1,51.56,0,Regular Customers
17845.0,2010-05-12 13:04:00,2010-06-02 15:20:00,4,195,596.09,12.68276595744681,64.19148936170212,15.936170212765957,13,Spring,United Kingdom,555,4,596.09,1,At-Risk Customers
17846.0,2011-09-15 15:20:00,2011-09-15 15:20:00,1,1,2033.1,2033.1,1.0,1.0,15,Autumn,United Kingdom,85,1,2033.1,0,Regular Customers
17847.0,2010-03-04 12:57:00,2010-07-12 10:00:00,2,29,129.69,14.41,12.555555555555555,5.888888888888889,12,Spring,United Kingdom,516,2,129.69,1,At-Risk Customers
17848.0,2009-12-06 13:19:00,2011-09-19 16:49:00,30,1404,3559.11,21.57036363636364,66.64848484848486,9.254545454545454,17,Spring,United Kingdom,81,30,3559.11,0,Regular Customers
17849.0,2010-03-14 15:17:00,2011-05-05 13:46:00,8,224,1063.76,21.2752,32.18,7.52,11,Spring,United Kingdom,218,8,1063.76,0,Regular Customers
17850.0,2009-12-05 12:28:00,2010-12-02 15:27:00,155,21052,51208.87,20.491744697879152,181.93997599039616,21.160864345738297,11,Winter,United Kingdom,372,155,51208.87,3,Loyal Customers
17851.0,2009-12-03 17:46:00,2010-10-13 15:13:00,6,933,1552.35,6.691163793103448,170.625,41.94827586206897,15,Winter,United Kingdom,422,6,1552.35,1,At-Risk Customers
17852.0,2009-12-08 12:51:00,2011-11-28 12:36:00,5,372,657.8100000000001,6.090833333333334,98.69444444444444,26.84259259259259,12,Autumn,United Kingdom,12,5,657.8100000000001,0,Regular Customers
17853.0,2009-12-03 15:09:00,2010-10-28 15:29:00,3,625,1596.29,15.202761904761903,219.7047619047619,39.523809523809526,11,Summer,United Kingdom,407,3,1596.29,1,At-Risk Customers
17854.0,2009-12-08 11:13:00,2011-06-07 16:21:00,6,607,1068.5,9.055084745762713,257.728813559322,53.47457627118644,12,Autumn,United Kingdom,185,6,1068.5,0,Regular Customers
17855.0,2010-12-02 09:44:00,2010-12-02 09:44:00,1,197,208.97,12.292352941176471,197.0,17.0,9,Winter,United Kingdom,373,1,208.97,1,At-Risk Customers
17856.0,2011-03-03 11:40:00,2011-12-08 09:40:00,4,842,1418.03,94.53533333333333,252.33333333333331,4.6,11,Spring,United Kingdom,2,4,1418.03,0,Regular Customers
17857.0,2010-03-08 12:09:00,2011-12-05 13:13:00,24,19906,27347.04,488.34,1166.517857142857,3.2142857142857144,13,Autumn,United Kingdom,4,24,27347.04,0,Regular Customers
17858.0,2009-12-06 15:41:00,2011-12-04 11:56:00,30,5383,12518.65,33.562064343163534,165.80428954423593,20.07774798927614,14,Winter,United Kingdom,6,30,12518.65,0,Regular Customers
17859.0,2011-02-08 10:32:00,2011-02-08 10:32:00,1,102,141.92,6.170434782608695,102.0,23.0,10,Winter,United Kingdom,305,1,141.92000000000002,1,At-Risk Customers
17860.0,2009-12-11 16:48:00,2010-12-06 12:41:00,4,696,717.39,4.428333333333334,218.19753086419752,44.96913580246913,13,Winter,United Kingdom,369,4,717.39,1,At-Risk Customers
17861.0,2009-12-10 11:27:00,2011-12-06 16:21:00,18,4541,5088.29,9.118799283154122,362.0573476702509,48.68996415770609,13,Winter,United Kingdom,3,18,5088.29,0,Regular Customers
17862.0,2010-05-25 17:22:00,2011-01-20 12:23:00,4,440,1254.89,12.675656565656569,109.95959595959596,28.484848484848484,12,Autumn,United Kingdom,324,4,1254.89,1,At-Risk Customers
17863.0,2010-02-25 12:01:00,2011-10-11 13:45:00,12,4676,5360.4800000000005,21.02149019607843,426.8509803921569,23.352941176470587,13,Autumn,United Kingdom,59,12,5360.48,0,Regular Customers
17864.0,2010-10-08 11:49:00,2011-11-27 11:15:00,5,1015,876.57,6.640681818181818,254.42424242424244,29.303030303030305,11,Autumn,United Kingdom,13,5,876.57,0,Regular Customers
17865.0,2009-12-01 10:49:00,2011-11-09 12:08:00,46,12950,26312.19,26.05167326732673,392.4980198019802,31.533663366336636,14,Autumn,United Kingdom,31,46,26312.19,0,Regular Customers
17866.0,2009-12-14 16:01:00,2011-07-20 11:07:00,3,535,1134.95,43.65192307692308,226.8846153846154,10.23076923076923,12,Summer,United Kingdom,143,3,1134.95,0,Regular Customers
17867.0,2009-12-02 13:39:00,2011-11-09 14:15:00,15,638,1582.0500000000002,12.169615384615383,82.33846153846154,32.49230769230769,14,Autumn,United Kingdom,30,15,1582.0500000000002,0,Regular Customers
17868.0,2010-11-18 18:55:00,2010-11-18 18:55:00,1,85,227.15,12.619444444444444,85.0,18.0,18,Autumn,United Kingdom,386,1,227.15,1,At-Risk Customers
17869.0,2010-06-10 13:47:00,2011-08-24 16:16:00,7,491,813.64,10.1705,131.05,16.4625,12,Summer,United Kingdom,107,7,813.64,0,Regular Customers
17870.0,2010-11-23 11:39:00,2011-12-07 15:07:00,13,1699,2753.29,10.122389705882354,165.68382352941177,36.77941176470589,10,Autumn,United Kingdom,2,13,2753.29,0,Regular Customers
17871.0,2010-01-15 14:48:00,2011-05-19 11:32:00,5,665,1068.95,12.878915662650604,148.2289156626506,22.397590361445783,12,Autumn,United Kingdom,205,5,1068.95,0,Regular Customers
17872.0,2010-11-23 12:02:00,2010-11-23 12:02:00,1,176,235.87,15.724666666666668,176.0,15.0,12,Autumn,United Kingdom,382,1,235.87,1,At-Risk Customers
17873.0,2009-12-16 15:11:00,2011-09-20 16:41:00,18,4159,6265.33,37.29363095238095,257.8452380952381,11.011904761904765,14,Winter,United Kingdom,80,18,6265.33,0,Regular Customers
17874.0,2011-03-29 11:25:00,2011-06-07 12:54:00,6,221,683.46,14.857826086956525,88.82608695652173,21.0,13,Spring,United Kingdom,185,6,683.46,0,Regular Customers
17875.0,2010-01-20 15:30:00,2010-01-20 15:30:00,1,98,167.1,6.426923076923076,98.0,25.0,15,Winter,United Kingdom,688,1,167.1,1,At-Risk Customers
17876.0,2010-02-02 13:00:00,2010-11-05 10:52:00,3,1958,3424.02,856.005,739.5,1.5,10,Autumn,United Kingdom,400,3,3424.02,1,At-Risk Customers
17877.0,2011-06-22 13:00:00,2011-06-22 13:00:00,1,98,237.61,19.800833333333333,98.0,12.0,13,Summer,United Kingdom,170,1,237.61,0,Regular Customers
17878.0,2010-11-09 13:50:00,2011-10-27 11:24:00,3,1014,1378.93,16.816219512195122,522.5,45.14634146341464,13,Autumn,United Kingdom,44,3,1378.93,0,Regular Customers
17879.0,2011-06-19 12:36:00,2011-06-19 12:36:00,1,45,178.52,29.75333333333333,45.0,6.0,12,Summer,United Kingdom,174,1,178.51999999999998,0,Regular Customers
17880.0,2009-12-09 16:13:00,2010-12-10 10:21:00,3,466,824.9200000000001,18.33155555555556,213.95555555555555,19.31111111111111,10,Winter,United Kingdom,365,3,824.9200000000001,1,At-Risk Customers
17881.0,2011-02-08 17:16:00,2011-02-08 17:16:00,1,32,133.35,16.66875,32.0,8.0,17,Winter,United Kingdom,304,1,133.35000000000002,1,At-Risk Customers
17882.0,2010-11-25 14:35:00,2010-11-25 14:40:00,2,130,291.56,5.501132075471698,64.83018867924528,26.67924528301887,14,Autumn,United Kingdom,379,2,291.56,1,At-Risk Customers
17883.0,2010-02-25 20:07:00,2011-12-06 17:49:00,7,476,988.42,5.713410404624277,103.42774566473987,36.87861271676301,14,Autumn,United Kingdom,3,7,988.42,0,Regular Customers
17884.0,2009-12-04 16:23:00,2011-12-06 11:33:00,20,2749,2698.47,6.646477832512315,170.19950738916256,28.79064039408867,12,Winter,United Kingdom,4,20,2698.47,0,Regular Customers
17885.0,2011-11-27 14:40:00,2011-11-27 14:40:00,1,110,156.34,2.949811320754717,110.0,50.0,14,Autumn,United Kingdom,12,1,156.34,0,Regular Customers
17886.0,2010-04-29 11:10:00,2011-11-08 10:09:00,6,711,1572.55,9.473192771084337,150.37951807228916,34.03012048192771,10,Autumn,United Kingdom,32,6,1572.55,0,Regular Customers
17887.0,2011-08-02 17:29:00,2011-08-02 17:29:00,1,30,111.35,11.135,30.0,10.0,17,Summer,United Kingdom,129,1,111.35,0,Regular Customers
17888.0,2009-12-21 16:34:00,2011-11-18 13:45:00,25,1536,1807.44,11.2965,97.24375,12.8375,14,Winter,United Kingdom,21,25,1807.44,0,Regular Customers
17889.0,2010-03-31 10:54:00,2011-05-11 16:26:00,7,403,746.42,6.434655172413793,136.55172413793105,35.98275862068966,12,Autumn,United Kingdom,212,7,746.42,0,Regular Customers
17890.0,2010-12-13 15:12:00,2011-01-21 11:19:00,2,402,586.89,6.449340659340659,247.78021978021977,50.8021978021978,15,Winter,United Kingdom,323,2,586.89,1,At-Risk Customers
17891.0,2011-06-30 20:08:00,2011-06-30 20:08:00,1,393,203.86,5.995882352941176,393.0,34.0,20,Summer,United Kingdom,162,1,203.86,0,Regular Customers
17892.0,2011-07-07 12:56:00,2011-10-14 16:49:00,3,109,244.1,8.717857142857143,65.5,24.214285714285715,12,Summer,United Kingdom,56,3,244.1,0,Regular Customers
17893.0,2011-04-28 13:50:00,2011-04-28 13:50:00,1,149,107.21,7.147333333333333,149.0,15.0,13,Spring,United Kingdom,225,1,107.21,0,Regular Customers
17894.0,2010-08-27 14:13:00,2011-09-29 09:23:00,18,938,2304.58,5.732786069651741,59.22139303482587,26.855721393034827,10,Autumn,United Kingdom,72,18,2304.58,0,Regular Customers
17895.0,2011-10-26 17:00:00,2011-10-26 17:00:00,1,127,95.45,6.363333333333333,127.0,15.0,17,Autumn,United Kingdom,44,1,95.45,0,Regular Customers
17896.0,2011-11-16 13:59:00,2011-11-16 13:59:00,1,288,256.32,128.16,288.0,2.0,13,Autumn,United Kingdom,23,1,256.32,0,Regular Customers
17897.0,2010-05-12 16:03:00,2011-06-20 11:23:00,9,864,2099.89,8.014847328244274,98.5114503816794,31.396946564885496,11,Summer,United Kingdom,173,9,2099.89,0,Regular Customers
17898.0,2010-05-21 17:22:00,2011-09-15 14:56:00,4,251,299.18,5.9836,74.42,14.28,17,Spring,United Kingdom,85,4,299.18,0,Regular Customers
17899.0,2011-07-03 14:58:00,2011-07-03 14:58:00,1,170,154.55,4.985483870967743,170.0,29.0,14,Summer,United Kingdom,159,1,154.55,0,Regular Customers
17900.0,2011-06-02 14:28:00,2011-06-02 14:38:00,2,73,112.2,18.7,40.66666666666666,3.333333333333333,14,Summer,United Kingdom,190,2,112.2,0,Regular Customers
17901.0,2010-07-06 10:54:00,2011-11-10 17:29:00,3,38,260.08,11.82181818181818,21.63636363636364,16.636363636363637,17,Autumn,United Kingdom,29,3,260.08,0,Regular Customers
17902.0,2010-06-11 12:25:00,2010-06-11 12:25:00,1,526,216.4,9.016666666666667,526.0,24.0,12,Summer,United Kingdom,547,1,216.4,1,At-Risk Customers
17903.0,2010-11-10 15:39:00,2010-11-10 15:39:00,1,142,381.09,8.468666666666667,142.0,44.0,15,Autumn,United Kingdom,394,1,381.09,1,At-Risk Customers
17904.0,2011-11-18 12:57:00,2011-11-18 12:57:00,1,59,181.07,5.325588235294117,59.0,33.0,12,Autumn,United Kingdom,21,1,181.07,0,Regular Customers
17905.0,2010-01-28 17:54:00,2011-09-29 17:33:00,13,1299,2178.87,14.92376712328767,103.92465753424658,15.945205479452056,13,Winter,United Kingdom,71,13,2178.87,0,Regular Customers
17906.0,2011-04-06 17:25:00,2011-04-06 17:25:00,1,26,72.9,6.075,26.0,12.0,17,Spring,United Kingdom,247,1,72.9,0,Regular Customers
17907.0,2010-03-09 12:33:00,2010-03-09 12:33:00,1,1046,291.76,22.443076923076923,1046.0,13.0,12,Spring,United Kingdom,641,1,291.76,1,At-Risk Customers
17908.0,2009-12-14 12:24:00,2010-12-01 11:45:00,5,670,1142.47,5.492644230769231,156.4278846153846,45.56730769230769,12,Winter,United Kingdom,374,5,1142.47,1,At-Risk Customers
17909.0,2009-12-02 13:10:00,2009-12-02 13:10:00,1,35,110.05,13.75625,35.0,8.0,13,Winter,United Kingdom,737,1,110.05,1,At-Risk Customers
17910.0,2009-12-13 16:04:00,2009-12-13 16:04:00,1,121,261.7,10.065384615384614,121.0,25.0,16,Winter,United Kingdom,726,1,261.7,1,At-Risk Customers
17911.0,2011-11-30 14:52:00,2011-11-30 14:52:00,1,223,366.23,9.39051282051282,223.0,39.0,14,Autumn,United Kingdom,9,1,366.23,0,Regular Customers
17912.0,2010-11-29 13:53:00,2011-02-02 14:25:00,6,215,374.55,7.344117647058824,56.31372549019608,12.058823529411764,16,Winter,United Kingdom,310,6,374.55,1,At-Risk Customers
17913.0,2009-12-03 13:02:00,2011-10-12 10:45:00,14,1725,3429.29,7.358991416309013,157.13304721030042,39.012875536480685,13,Autumn,United Kingdom,59,14,3429.29,0,Regular Customers
17914.0,2011-12-06 11:58:00,2011-12-06 11:58:00,1,457,329.36,4.391466666666667,457.0,72.0,11,Winter,United Kingdom,4,1,329.36,0,Regular Customers
17915.0,2010-06-06 13:22:00,2010-06-06 13:22:00,1,184,225.78,7.785517241379311,184.0,27.0,13,Summer,United Kingdom,551,1,225.78,1,At-Risk Customers
17916.0,2009-12-06 14:10:00,2010-03-21 12:26:00,2,90,43.87,2.3089473684210526,45.31578947368421,9.736842105263158,14,Winter,United Kingdom,629,2,43.87,1,At-Risk Customers
17917.0,2010-12-12 12:08:00,2011-10-25 13:20:00,3,184,335.03,3.641630434782608,62.52173913043478,29.565217391304348,16,Spring,United Kingdom,45,3,335.03,0,Regular Customers
17918.0,2010-07-22 14:20:00,2010-07-27 11:51:00,3,352,396.39,9.90975,130.5,24.2,14,Summer,United Kingdom,501,3,396.39,1,At-Risk Customers
17919.0,2010-09-27 10:40:00,2011-09-12 13:41:00,2,1452,1840.32,46.008,730.5,20.45,13,Autumn,United Kingdom,88,2,1840.32,0,Regular Customers
17920.0,2009-12-06 10:37:00,2011-12-05 14:29:00,54,12265,23581.78,14.379134146341462,235.0780487804878,42.204268292682926,11,Winter,United Kingdom,4,54,23581.78,0,Regular Customers
17921.0,2010-07-15 20:05:00,2011-10-06 18:56:00,10,991,2394.36,6.651000000000001,111.6361111111111,39.86944444444445,18,Summer,United Kingdom,64,10,2394.36,0,Regular Customers
17922.0,2010-06-14 16:32:00,2010-06-14 16:32:00,1,49,170.4,21.3,49.0,8.0,16,Summer,United Kingdom,543,1,170.4,1,At-Risk Customers
17923.0,2010-06-13 13:58:00,2011-03-02 15:15:00,3,140,497.0,165.66666666666666,46.66666666666666,1.0,13,Summer,United Kingdom,282,3,497.0,1,At-Risk Customers
17924.0,2010-10-21 12:17:00,2011-11-28 09:11:00,8,1208,3257.7000000000003,98.71818181818183,349.09090909090907,10.393939393939394,10,Autumn,United Kingdom,12,8,3257.7000000000003,0,Regular Customers
17925.0,2010-12-02 10:10:00,2010-12-02 10:10:00,1,72,244.08,244.08,72.0,1.0,10,Winter,United Kingdom,373,1,244.08,1,At-Risk Customers
17926.0,2010-05-09 14:07:00,2011-07-29 14:39:00,5,572,1035.49,23.53386363636364,117.45454545454544,9.136363636363637,14,Spring,United Kingdom,133,5,1035.49,0,Regular Customers
17927.0,2009-12-18 11:03:00,2009-12-18 11:03:00,1,108,294.0,29.4,108.0,10.0,11,Winter,United Kingdom,722,1,294.0,1,At-Risk Customers
17928.0,2010-05-17 15:30:00,2011-10-25 13:52:00,3,222,341.24,12.638518518518518,62.0,12.62962962962963,18,Spring,United Kingdom,45,3,341.24,0,Regular Customers
17929.0,2009-12-09 11:40:00,2011-11-28 16:01:00,12,434,3082.1,205.47333333333333,41.333333333333336,1.4,11,Autumn,United Kingdom,11,12,3082.1,0,Regular Customers
17930.0,2010-03-04 10:41:00,2011-11-04 10:23:00,13,3795,4275.22,49.140459770114944,300.7816091954023,8.379310344827585,10,Summer,United Kingdom,36,13,4275.22,0,Regular Customers
17931.0,2010-02-16 15:47:00,2011-07-28 18:33:00,14,1919,3402.24,9.692991452991452,156.58689458689457,36.287749287749286,12,Spring,United Kingdom,134,14,3402.24,0,Regular Customers
17932.0,2011-05-12 13:58:00,2011-11-10 19:49:00,3,789,1331.57,14.795222222222222,288.46666666666664,32.48888888888889,13,Spring,United Kingdom,29,3,1331.57,0,Regular Customers
17933.0,2010-03-17 15:11:00,2010-03-17 15:11:00,1,63,114.69,8.192142857142857,63.0,12.0,15,Spring,United Kingdom,632,1,114.69,1,At-Risk Customers
17934.0,2010-10-29 12:23:00,2011-10-19 11:16:00,3,628,1049.15,25.589024390243903,266.4878048780488,18.65853658536585,12,Autumn,United Kingdom,52,3,1049.15,0,Regular Customers
17935.0,2009-12-04 14:33:00,2011-07-24 13:18:00,7,244,686.14,10.7209375,53.28125,17.140625,11,Summer,United Kingdom,138,7,686.14,0,Regular Customers
17936.0,2011-12-04 13:32:00,2011-12-04 13:32:00,1,257,380.13,5.279583333333333,257.0,68.0,13,Winter,United Kingdom,5,1,380.13,0,Regular Customers
17937.0,2010-12-12 14:43:00,2011-12-01 11:45:00,7,1754,4301.22,100.02837209302326,316.1860465116279,7.604651162790698,14,Winter,United Kingdom,9,7,4301.22,0,Regular Customers
17938.0,2010-10-15 14:27:00,2010-10-15 14:27:00,1,53,144.29,4.97551724137931,53.0,29.0,14,Autumn,United Kingdom,420,1,144.29,1,At-Risk Customers
17939.0,2011-07-03 12:27:00,2011-07-03 12:27:00,1,40,99.14,8.261666666666667,40.0,12.0,12,Summer,United Kingdom,160,1,99.14,0,Regular Customers
17940.0,2009-12-03 12:31:00,2011-10-21 13:27:00,16,85148,30306.79,865.9082857142857,9032.57142857143,3.057142857142857,15,Spring,United Kingdom,49,16,30306.79,0,Regular Customers
17941.0,2010-01-06 15:37:00,2011-08-01 08:30:00,4,1108,1433.28,204.7542857142857,234.28571428571428,1.8571428571428568,8,Winter,United Kingdom,131,4,1433.28,0,Regular Customers
17942.0,2011-12-02 10:45:00,2011-12-02 10:45:00,1,38,77.50000000000001,38.75000000000001,38.0,2.0,10,Winter,United Kingdom,8,1,77.50000000000001,0,Regular Customers
17944.0,2010-10-12 16:25:00,2010-10-12 16:25:00,1,84,74.99,2.9996,84.0,24.0,16,Autumn,United Kingdom,423,1,74.99,1,At-Risk Customers
17945.0,2010-01-12 11:33:00,2010-01-12 11:40:00,3,244,360.35,5.004861111111111,82.61111111111111,29.80555555555556,11,Winter,United Kingdom,697,3,360.35,1,At-Risk Customers
17946.0,2011-03-25 14:34:00,2011-04-20 17:00:00,2,75,149.57999999999998,7.478999999999999,57.45,13.2,17,Spring,United Kingdom,233,2,149.57999999999998,0,Regular Customers
17947.0,2011-11-02 13:05:00,2011-11-02 13:05:00,1,168,176.68,19.63111111111111,168.0,9.0,13,Autumn,United Kingdom,37,1,176.68,0,Regular Customers
17948.0,2011-07-15 12:58:00,2011-07-15 12:58:00,1,144,358.56000000000006,358.56000000000006,144.0,1.0,12,Summer,United Kingdom,147,1,358.56000000000006,0,Regular Customers
17949.0,2009-12-02 11:07:00,2011-12-08 18:46:00,118,60538,117314.08,752.0133333333333,864.6346153846154,2.1794871794871797,11,Summer,United Kingdom,1,118,117314.08,3,Loyal Customers
17950.0,2010-01-04 17:39:00,2011-09-28 15:18:00,7,659,1166.29,7.068424242424242,108.48484848484848,27.036363636363635,15,Autumn,United Kingdom,72,7,1166.29,0,Regular Customers
17951.0,2010-10-31 15:15:00,2011-10-31 12:30:00,4,780,1340.5800000000002,47.877857142857145,238.07142857142856,8.071428571428571,12,Autumn,United Kingdom,40,4,1340.5800000000002,0,Regular Customers
17952.0,2010-06-16 11:54:00,2010-11-26 13:54:00,4,477,788.46,8.045510204081634,109.26530612244898,30.56122448979592,11,Summer,United Kingdom,378,4,788.46,1,At-Risk Customers
17953.0,2010-06-17 15:08:00,2010-06-17 15:08:00,1,98,159.17000000000002,7.958500000000001,98.0,20.0,15,Summer,United Kingdom,540,1,159.17000000000002,1,At-Risk Customers
17954.0,2009-12-09 13:22:00,2011-12-04 14:15:00,19,3180,3804.38,5.1202960969044415,221.464333781965,51.25168236877524,12,Winter,United Kingdom,5,19,3804.38,0,Regular Customers
17955.0,2010-02-12 16:27:00,2011-05-25 12:00:00,6,681,949.9,43.17727272727273,73.13636363636364,7.090909090909091,12,Spring,United Kingdom,199,6,949.9,0,Regular Customers
17956.0,2011-04-04 13:47:00,2011-04-04 13:47:00,1,1,12.75,12.75,1.0,1.0,13,Spring,United Kingdom,249,1,12.75,0,Regular Customers
17957.0,2011-10-04 14:58:00,2011-10-04 14:58:00,1,287,111.68,3.6025806451612907,287.0,31.0,14,Autumn,United Kingdom,66,1,111.68,0,Regular Customers
17958.0,2009-12-11 15:37:00,2011-08-15 12:19:00,2,284,973.88,27.052222222222223,177.44444444444446,24.72222222222222,15,Winter,United Kingdom,117,2,973.88,0,Regular Customers
17959.0,2010-04-26 14:12:00,2010-04-26 14:12:00,1,49,140.75,70.375,49.0,2.0,14,Spring,United Kingdom,592,1,140.75,1,At-Risk Customers
17960.0,2010-03-08 12:22:00,2011-06-21 14:15:00,3,60,135.08,3.6508108108108113,33.054054054054056,20.56756756756757,14,Summer,United Kingdom,171,3,135.08,0,Regular Customers
17961.0,2009-12-01 14:48:00,2011-11-18 16:55:00,100,1491,2866.74,4.550380952380952,61.24761904761905,19.65079365079365,14,Winter,United Kingdom,21,100,2866.74,3,Loyal Customers
17962.0,2010-01-13 15:24:00,2011-07-20 14:16:00,4,633,666.96,3.6445901639344265,189.07103825136613,55.15300546448088,15,Summer,United Kingdom,142,4,666.96,0,Regular Customers
17963.0,2010-01-19 17:25:00,2010-08-25 15:58:00,4,341,643.16,5.900550458715596,92.85321100917432,28.10091743119266,15,Summer,United Kingdom,471,4,643.16,1,At-Risk Customers
17964.0,2010-12-02 13:32:00,2011-11-08 10:44:00,2,294,463.21,4.726632653061224,133.28571428571428,46.57142857142857,10,Autumn,United Kingdom,32,2,463.21,0,Regular Customers
17965.0,2009-12-14 13:19:00,2011-11-02 09:31:00,29,4383,7006.65,8.576070991432069,243.96940024479804,46.18115055079559,13,Winter,United Kingdom,38,29,7006.65,0,Regular Customers
17966.0,2010-01-18 13:24:00,2011-11-02 10:26:00,10,3918,1963.92,17.37982300884956,366.9911504424779,21.10619469026549,15,Summer,United Kingdom,38,10,1963.92,0,Regular Customers
17967.0,2010-10-19 13:19:00,2010-12-03 11:19:00,2,111,223.42,3.662622950819672,62.09836065573771,34.14754098360656,11,Winter,United Kingdom,372,2,223.42,1,At-Risk Customers
17968.0,2010-07-15 15:01:00,2010-12-01 12:23:00,4,352,590.44,4.6128125,130.15625,55.1796875,12,Winter,United Kingdom,374,4,590.4399999999999,1,At-Risk Customers
17969.0,2009-12-06 13:53:00,2011-06-26 13:00:00,20,1014,2354.29,11.54063725490196,45.91176470588236,11.098039215686274,13,Winter,United Kingdom,166,20,2354.29,0,Regular Customers
17970.0,2011-05-12 20:03:00,2011-05-12 20:03:00,1,513,562.79,19.40655172413793,513.0,27.0,20,Spring,United Kingdom,211,1,562.79,0,Regular Customers
17971.0,2010-06-09 14:04:00,2010-06-09 14:04:00,1,62,161.94,7.711428571428572,62.0,21.0,14,Summer,United Kingdom,548,1,161.94,1,At-Risk Customers
17972.0,2011-04-12 12:16:00,2011-04-12 12:16:00,1,36,135.19,4.506333333333333,36.0,30.0,12,Spring,United Kingdom,242,1,135.19,0,Regular Customers
17973.0,2011-10-19 10:34:00,2011-10-19 10:34:00,1,176,337.04,22.46933333333333,176.0,15.0,10,Autumn,United Kingdom,52,1,337.04,0,Regular Customers
17974.0,2010-10-28 20:03:00,2011-11-15 11:37:00,6,1189,1739.09,4.817423822714681,309.34626038781164,92.83379501385042,12,Autumn,United Kingdom,25,6,1739.09,0,Regular Customers
17975.0,2010-08-06 11:24:00,2011-11-24 13:27:00,24,2179,6696.33,14.36980686695279,103.30257510729614,22.688841201716738,11,Autumn,United Kingdom,15,24,6696.33,0,Regular Customers
17976.0,2010-12-02 13:49:00,2010-12-02 13:49:00,1,93,321.79,5.645438596491228,93.0,56.0,13,Winter,United Kingdom,372,1,321.79,1,At-Risk Customers
17977.0,2010-11-04 14:26:00,2011-11-10 13:28:00,2,1948,1511.45,14.533173076923076,1350.7692307692307,70.07692307692308,14,Autumn,United Kingdom,29,2,1511.45,0,Regular Customers
17978.0,2009-12-08 13:27:00,2010-12-09 14:05:00,4,1297,1159.99,17.313283582089554,263.43283582089555,18.19402985074627,13,Winter,United Kingdom,365,4,1159.99,1,At-Risk Customers
17979.0,2011-03-25 11:34:00,2011-11-04 12:05:00,4,383,732.41,5.30731884057971,119.2391304347826,42.80434782608695,11,Spring,United Kingdom,36,4,732.41,0,Regular Customers
17980.0,2010-11-11 14:42:00,2011-06-27 12:01:00,4,771,1012.72,16.601967213114754,157.68852459016392,19.65573770491803,14,Autumn,United Kingdom,166,4,1012.72,0,Regular Customers
17981.0,2010-10-25 10:40:00,2010-10-25 10:40:00,1,260,239.12,14.065882352941175,260.0,17.0,10,Autumn,United Kingdom,411,1,239.12,1,At-Risk Customers
17982.0,2010-01-28 09:38:00,2010-01-28 09:38:00,1,117,138.18,10.62923076923077,117.0,13.0,9,Winter,United Kingdom,681,1,138.18,1,At-Risk Customers
17983.0,2010-11-09 13:23:00,2010-11-09 13:24:00,1,108,171.71,7.154583333333334,108.0,23.0,13,Autumn,United Kingdom,395,1,171.71,1,At-Risk Customers
17984.0,2009-12-01 11:51:00,2011-07-17 15:59:00,5,939,1152.19,4.761115702479339,208.0537190082645,49.417355371900825,15,Summer,United Kingdom,145,5,1152.19,0,Regular Customers
17985.0,2011-11-17 14:24:00,2011-11-17 14:24:00,1,171,631.35,30.06428571428572,171.0,20.0,14,Autumn,United Kingdom,22,1,631.35,0,Regular Customers
17986.0,2011-10-14 14:22:00,2011-10-14 14:22:00,1,10,20.8,20.8,10.0,1.0,14,Autumn,United Kingdom,56,1,20.8,0,Regular Customers
17987.0,2010-06-07 11:23:00,2011-06-07 14:22:00,5,981,965.44,5.886829268292683,205.39634146341464,37.03658536585366,11,Autumn,United Kingdom,185,5,965.44,0,Regular Customers
17988.0,2009-12-07 13:35:00,2011-11-28 11:00:00,14,186,489.54,3.98,34.80487804878049,22.821138211382117,13,Winter,United Kingdom,12,14,489.54,0,Regular Customers
17989.0,2010-11-25 13:49:00,2010-11-25 13:49:00,1,300,207.33,7.149310344827587,300.0,26.0,13,Autumn,United Kingdom,379,1,207.33,1,At-Risk Customers
17990.0,2009-12-07 15:19:00,2011-04-17 11:44:00,6,777,1527.61,26.800175438596494,164.73684210526315,12.157894736842104,11,Spring,United Kingdom,237,6,1527.61,0,Regular Customers
17991.0,2010-04-27 12:46:00,2011-04-28 15:58:00,3,93,300.3,7.902631578947369,60.97368421052632,29.0,12,Spring,United Kingdom,225,3,300.3,0,Regular Customers
17992.0,2010-11-15 13:04:00,2010-11-15 13:04:00,1,130,252.88,4.863076923076923,130.0,49.0,13,Autumn,United Kingdom,389,1,252.88,1,At-Risk Customers
17993.0,2010-04-01 14:23:00,2010-04-01 14:23:00,1,108,225.99,3.7665,108.0,60.0,14,Spring,United Kingdom,617,1,225.99,1,At-Risk Customers
17994.0,2010-03-29 10:37:00,2011-08-10 11:41:00,11,2181,2270.03,7.418398692810457,372.9934640522876,42.15686274509804,10,Summer,United Kingdom,122,11,2270.03,0,Regular Customers
17995.0,2010-11-17 17:01:00,2011-03-03 12:30:00,3,263,495.48,17.08551724137931,109.34482758620688,21.82758620689655,17,Autumn,United Kingdom,282,3,495.48,1,At-Risk Customers
17996.0,2010-06-11 11:48:00,2010-11-25 11:00:00,3,587,482.33,7.1989552238805965,233.955223880597,22.94029850746269,11,Summer,United Kingdom,380,3,482.33,1,At-Risk Customers
17997.0,2011-06-28 17:28:00,2011-09-26 16:13:00,8,2273,1962.46,11.966219512195122,322.4634146341463,24.914634146341463,15,Autumn,United Kingdom,74,8,1962.46,0,Regular Customers
17998.0,2009-12-01 13:07:00,2010-11-24 15:31:00,3,561,639.24,11.021379310344829,144.0344827586207,29.41379310344828,13,Winter,United Kingdom,380,3,639.24,1,At-Risk Customers
17999.0,2010-11-26 13:16:00,2011-11-02 15:56:00,3,286,528.46,3.943731343283583,97.59701492537312,44.14179104477612,15,Autumn,United Kingdom,37,3,528.46,0,Regular Customers
18000.0,2010-05-24 17:34:00,2010-05-24 17:34:00,1,109,124.25,20.70833333333333,109.0,6.0,17,Spring,United Kingdom,564,1,124.25,1,At-Risk Customers
18001.0,2009-12-02 15:38:00,2011-11-27 16:02:00,6,874,924.14,7.001060606060606,185.7121212121212,30.818181818181817,11,Autumn,United Kingdom,12,6,924.14,0,Regular Customers
18002.0,2009-12-08 11:07:00,2010-11-29 10:57:00,4,71,244.37,4.610754716981132,20.433962264150946,15.528301886792454,14,Summer,United Kingdom,376,4,244.37,1,At-Risk Customers
18003.0,2010-11-28 15:09:00,2010-11-28 15:09:00,1,297,353.51,15.37,297.0,23.0,15,Autumn,United Kingdom,376,1,353.51,1,At-Risk Customers
18004.0,2010-12-12 13:47:00,2010-12-12 13:47:00,1,75,157.92,4.268108108108108,75.0,32.0,13,Winter,United Kingdom,362,1,157.92,1,At-Risk Customers
18005.0,2011-10-23 14:40:00,2011-12-06 11:51:00,2,86,226.47,4.273018867924528,42.16981132075472,27.0377358490566,11,Winter,United Kingdom,4,2,226.47,0,Regular Customers
18006.0,2009-12-17 12:27:00,2011-11-16 16:52:00,4,395,969.51,15.389047619047618,126.03174603174604,18.77777777777778,10,Autumn,United Kingdom,23,4,969.51,0,Regular Customers
18007.0,2010-11-12 11:08:00,2010-11-12 11:08:00,1,246,215.22,4.3044,246.0,46.0,11,Autumn,United Kingdom,393,1,215.22,1,At-Risk Customers
18008.0,2010-01-06 12:35:00,2011-09-30 15:17:00,23,7825,19759.08,203.70185567010307,201.72164948453607,11.072164948453608,16,Spring,United Kingdom,70,23,19759.08,0,Regular Customers
18009.0,2010-02-25 11:49:00,2011-04-18 13:36:00,8,651,2144.23,11.978938547486033,96.72067039106145,27.089385474860336,13,Spring,United Kingdom,235,8,2144.23,0,Regular Customers
18010.0,2011-03-28 12:27:00,2011-03-28 12:27:00,1,60,174.8,12.485714285714286,60.0,14.0,12,Spring,United Kingdom,257,1,174.8,1,At-Risk Customers
18011.0,2010-05-21 13:28:00,2010-12-01 17:35:00,2,125,410.79,6.520476190476191,61.55555555555556,31.88888888888889,13,Spring,United Kingdom,373,2,410.79,1,At-Risk Customers
18012.0,2009-12-16 13:16:00,2009-12-16 13:16:00,1,63,115.3,8.86923076923077,63.0,13.0,13,Winter,United Kingdom,723,1,115.3,1,At-Risk Customers
18013.0,2011-07-07 14:08:00,2011-07-07 14:11:00,2,285,187.29,6.041612903225806,253.3548387096774,29.06451612903226,14,Summer,United Kingdom,155,2,187.29,0,Regular Customers
18014.0,2011-11-11 15:28:00,2011-11-11 15:28:00,1,66,162.22,5.407333333333333,66.0,29.0,15,Autumn,United Kingdom,28,1,162.22,0,Regular Customers
18015.0,2011-12-05 14:49:00,2011-12-05 14:49:00,1,157,120.03,2.6093478260869567,157.0,46.0,14,Winter,United Kingdom,4,1,120.03,0,Regular Customers
18016.0,2010-01-27 16:00:00,2011-11-07 13:25:00,7,1207,1954.56,11.565443786982248,219.11242603550292,28.53846153846154,14,Autumn,United Kingdom,32,7,1954.56,0,Regular Customers
18017.0,2010-10-04 15:11:00,2011-09-19 16:15:00,4,400,688.0,172.0,100.0,1.0,15,Autumn,United Kingdom,81,4,688.0,0,Regular Customers
18018.0,2010-10-15 11:05:00,2011-08-23 17:37:00,4,186,297.99,6.7725,45.70454545454545,19.681818181818183,17,Summer,United Kingdom,108,4,297.99,0,Regular Customers
18019.0,2011-10-19 12:10:00,2011-10-19 12:10:00,1,7,38.45,7.69,7.0,5.0,12,Autumn,United Kingdom,52,1,38.45,0,Regular Customers
18020.0,2010-06-14 12:31:00,2010-06-14 12:31:00,1,67,190.48,15.873333333333337,67.0,12.0,12,Summer,United Kingdom,544,1,190.48,1,At-Risk Customers
18021.0,2010-07-15 18:47:00,2010-07-18 10:52:00,2,168,216.41,6.7628125,86.8125,16.0625,10,Summer,United Kingdom,510,2,216.41,1,At-Risk Customers
18022.0,2010-06-11 13:59:00,2011-11-04 12:45:00,5,1311,1507.25,3.546470588235294,375.2541176470588,90.39764705882352,12,Autumn,United Kingdom,36,5,1507.25,0,Regular Customers
18024.0,2011-07-10 12:28:00,2011-07-10 12:40:00,2,184,389.78,18.56095238095238,142.66666666666666,19.09523809523809,12,Summer,United Kingdom,153,2,389.78,0,Regular Customers
18025.0,2010-03-30 17:33:00,2010-11-25 12:37:00,6,1053,1177.72,10.515357142857145,207.01785714285717,23.964285714285715,17,Autumn,United Kingdom,380,6,1177.72,1,At-Risk Customers
18026.0,2010-07-22 16:21:00,2010-07-27 10:37:00,2,530,2074.07,122.00411764705883,273.2352941176471,9.235294117647058,16,Summer,United Kingdom,501,2,2074.07,1,At-Risk Customers
18027.0,2011-09-02 10:38:00,2011-09-02 10:38:00,1,78,115.31,5.490952380952381,78.0,21.0,10,Autumn,United Kingdom,99,1,115.31,0,Regular Customers
18028.0,2010-05-05 13:28:00,2010-05-05 13:28:00,1,133,192.05,48.0125,133.0,4.0,13,Spring,United Kingdom,583,1,192.05,1,At-Risk Customers
18029.0,2010-03-07 15:30:00,2010-03-07 15:30:00,1,253,433.77,24.098333333333333,253.0,18.0,15,Spring,United Kingdom,642,1,433.77,1,At-Risk Customers
18030.0,2011-10-28 13:55:00,2011-12-05 16:37:00,2,67,230.65,25.627777777777776,32.111111111111114,4.555555555555555,16,Winter,United Kingdom,4,2,230.65,0,Regular Customers
18031.0,2010-11-26 11:00:00,2010-11-26 11:00:00,1,298,451.3,7.163492063492064,298.0,49.0,11,Autumn,United Kingdom,379,1,451.3,1,At-Risk Customers
18032.0,2011-01-09 15:32:00,2011-01-09 15:32:00,1,42,73.5,14.7,42.0,5.0,15,Winter,United Kingdom,334,1,73.5,1,At-Risk Customers
18033.0,2011-10-05 17:28:00,2011-10-05 17:28:00,1,252,93.82,2.8430303030303032,252.0,32.0,17,Autumn,United Kingdom,65,1,93.82,0,Regular Customers
18034.0,2010-11-29 12:36:00,2011-11-18 12:22:00,3,951,754.2,3.524299065420561,344.7102803738318,75.61682242990655,12,Autumn,United Kingdom,22,3,754.2,0,Regular Customers
18035.0,2010-11-19 13:42:00,2011-11-04 12:39:00,5,1134,1260.23,22.109298245614035,226.73684210526315,15.192982456140353,17,Autumn,United Kingdom,36,5,1260.23,0,Regular Customers
18036.0,2009-12-18 12:04:00,2011-11-07 14:40:00,11,741,1545.49,4.740766871165644,75.12269938650307,33.46319018404908,14,Summer,United Kingdom,32,11,1545.49,0,Regular Customers
18037.0,2009-12-01 13:48:00,2011-07-08 13:39:00,15,37,167.42,5.073333333333333,3.636363636363636,3.4242424242424243,16,Winter,United Kingdom,154,15,167.42,0,Regular Customers
18038.0,2010-06-01 15:59:00,2010-06-01 15:59:00,1,80,141.48,5.239999999999999,80.0,25.0,15,Summer,United Kingdom,556,1,141.48,1,At-Risk Customers
18039.0,2010-03-09 11:19:00,2010-11-30 13:07:00,4,555,548.22,3.469746835443038,134.2594936708861,39.09493670886076,13,Spring,United Kingdom,374,4,548.22,1,At-Risk Customers
18040.0,2011-04-08 08:27:00,2011-11-20 14:20:00,2,148,357.20000000000005,18.8,79.78947368421052,10.157894736842104,8,Spring,United Kingdom,19,2,357.20000000000005,0,Regular Customers
18041.0,2010-01-14 10:04:00,2011-11-28 11:39:00,38,7316,8018.769999999999,9.63794471153846,205.62379807692307,32.64663461538461,12,Winter,United Kingdom,12,38,8018.769999999999,0,Regular Customers
18042.0,2010-06-16 10:53:00,2011-10-17 11:49:00,2,69,281.15,17.571875,34.6875,8.125,10,Summer,United Kingdom,54,2,281.15,0,Regular Customers
18043.0,2010-12-08 12:35:00,2011-11-15 12:48:00,3,265,529.29,4.6025217391304345,110.9391304347826,43.83478260869565,12,Winter,United Kingdom,25,3,529.29,0,Regular Customers
18044.0,2010-05-28 15:31:00,2011-12-05 14:26:00,18,1598,3505.61,17.52805,104.745,13.33,11,Autumn,United Kingdom,4,18,3505.61,0,Regular Customers
18045.0,2011-10-25 13:07:00,2011-10-25 13:07:00,1,138,178.34,4.147441860465117,138.0,43.0,13,Autumn,United Kingdom,45,1,178.34,0,Regular Customers
18046.0,2010-02-28 11:36:00,2010-02-28 11:36:00,1,44,189.63,7.293461538461538,44.0,26.0,11,Winter,United Kingdom,650,1,189.63,1,At-Risk Customers
18047.0,2010-11-23 12:57:00,2010-11-23 13:11:00,2,130,326.09,3.9287951807228914,124.53012048192772,73.12048192771084,12,Autumn,United Kingdom,381,2,326.09,1,At-Risk Customers
18048.0,2010-08-03 13:03:00,2011-05-20 14:58:00,3,256,394.93,6.693728813559322,126.27118644067797,45.57627118644068,13,Summer,United Kingdom,203,3,394.93,0,Regular Customers
18049.0,2010-04-28 13:24:00,2010-09-28 14:26:00,2,402,500.92,5.757701149425287,183.0,45.66666666666666,13,Spring,United Kingdom,437,2,500.92,1,At-Risk Customers
18050.0,2010-11-11 15:51:00,2010-12-15 14:25:00,2,250,412.06,17.915652173913042,173.04347826086956,15.173913043478262,15,Autumn,United Kingdom,359,2,412.06,1,At-Risk Customers
18051.0,2009-12-09 12:17:00,2010-03-15 13:58:00,7,1661,2282.28,41.496,227.8181818181818,8.527272727272727,13,Winter,United Kingdom,634,7,2282.28,1,At-Risk Customers
18052.0,2010-05-24 11:11:00,2010-05-24 11:11:00,1,17766,10877.18,679.82375,17766.0,16.0,11,Spring,United Kingdom,565,1,10877.18,1,At-Risk Customers
18053.0,2010-06-30 12:36:00,2011-09-30 09:05:00,3,409,571.07,17.8459375,224.59375,16.3125,9,Autumn,United Kingdom,71,3,571.07,0,Regular Customers
18054.0,2010-11-12 08:18:00,2010-11-12 08:18:00,1,96,176.5,16.045454545454547,96.0,11.0,8,Autumn,United Kingdom,393,1,176.5,1,At-Risk Customers
18055.0,2010-10-22 13:27:00,2011-12-02 14:25:00,14,3534,10142.64,19.029343339587243,377.1257035647279,58.11069418386492,12,Autumn,United Kingdom,7,14,10142.64,0,Regular Customers
18056.0,2010-03-31 12:29:00,2011-02-24 14:27:00,2,334,554.6,18.486666666666668,178.73333333333332,16.066666666666666,14,Winter,United Kingdom,288,2,554.6,1,At-Risk Customers
18057.0,2010-01-18 12:42:00,2010-11-11 16:55:00,3,970,1188.46,8.869104477611941,381.2089552238806,73.1044776119403,14,Spring,United Kingdom,393,3,1188.46,1,At-Risk Customers
18058.0,2010-02-10 09:38:00,2011-11-30 08:38:00,3,394,774.06,48.37875,145.125,6.125,9,Winter,United Kingdom,10,3,774.06,0,Regular Customers
18059.0,2011-10-03 09:30:00,2011-11-16 16:49:00,3,258,306.46,17.025555555555556,88.77777777777777,6.111111111111111,14,Autumn,United Kingdom,23,3,306.46,0,Regular Customers
18060.0,2010-05-24 08:34:00,2010-10-27 16:41:00,2,902,1185.46,15.806133333333332,441.76,38.04,16,Autumn,United Kingdom,408,2,1185.46,1,At-Risk Customers
18061.0,2009-12-04 11:36:00,2011-11-18 11:20:00,28,3359,6083.81,49.867295081967214,138.31967213114754,5.245901639344262,12,Spring,United Kingdom,22,28,6083.81,0,Regular Customers
18062.0,2010-04-21 08:55:00,2011-06-19 14:47:00,6,831,1632.67,30.23462962962963,157.5,11.037037037037036,8,Spring,United Kingdom,173,6,1632.67,0,Regular Customers
18063.0,2010-03-16 13:05:00,2010-11-14 10:46:00,2,48,186.6,62.20000000000001,24.0,1.6666666666666667,10,Autumn,United Kingdom,391,2,186.6,1,At-Risk Customers
18064.0,2010-02-01 15:01:00,2011-07-29 16:39:00,11,2685,4481.83,70.02859375,329.84375,9.421875,13,Spring,United Kingdom,133,11,4481.83,0,Regular Customers
18065.0,2009-12-09 16:00:00,2011-12-04 10:30:00,29,2265,5866.63,18.924612903225807,124.06451612903226,16.387096774193548,12,Winter,United Kingdom,6,29,5866.63,0,Regular Customers
18066.0,2010-10-20 11:42:00,2011-09-25 15:30:00,3,535,1440.4,27.17735849056604,236.7735849056604,24.32075471698113,11,Autumn,United Kingdom,75,3,1440.4,0,Regular Customers
18067.0,2011-10-30 15:58:00,2011-10-30 15:58:00,1,189,396.33,10.71162162162162,189.0,36.0,15,Autumn,United Kingdom,40,1,396.33,0,Regular Customers
18068.0,2011-02-23 14:50:00,2011-02-23 14:50:00,1,6,101.7,101.7,6.0,1.0,14,Winter,United Kingdom,289,1,101.7,1,At-Risk Customers
18069.0,2010-02-28 16:14:00,2011-11-13 16:03:00,11,3168,4464.92,4.603010309278351,336.760824742268,103.18762886597938,16,Autumn,United Kingdom,26,11,4464.92,0,Regular Customers
18070.0,2010-02-08 13:28:00,2010-02-08 13:28:00,1,86,314.1,34.900000000000006,86.0,9.0,13,Winter,United Kingdom,669,1,314.1,1,At-Risk Customers
18071.0,2009-12-05 10:31:00,2011-03-27 11:59:00,6,678,1169.68,16.474366197183098,136.33802816901408,14.070422535211268,10,Winter,United Kingdom,258,6,1169.68,0,Regular Customers
18072.0,2011-06-07 10:44:00,2011-06-07 10:44:00,1,288,247.44,13.746666666666666,288.0,18.0,10,Summer,United Kingdom,186,1,247.44,0,Regular Customers
18073.0,2011-05-26 19:38:00,2011-08-17 14:02:00,12,3102,3859.82,53.60861111111112,385.56944444444446,9.25,14,Summer,United Kingdom,114,12,3859.82,0,Regular Customers
18074.0,2010-07-22 10:31:00,2010-12-01 09:53:00,2,361,1019.44,23.707906976744187,176.74418604651163,24.86046511627907,10,Summer,United Kingdom,374,2,1019.44,1,At-Risk Customers
18075.0,2010-07-29 11:47:00,2011-11-16 15:21:00,20,3281,5783.29,17.904922600619194,205.95046439628484,20.93808049535604,10,Autumn,United Kingdom,23,20,5783.29,0,Regular Customers
18076.0,2010-11-24 14:02:00,2010-11-24 14:02:00,1,164,151.49,18.93625,164.0,8.0,14,Autumn,United Kingdom,380,1,151.49,1,At-Risk Customers
18077.0,2009-12-07 11:40:00,2011-12-01 13:32:00,18,3020,4078.79,11.554645892351274,185.04815864022663,21.42209631728045,11,Winter,United Kingdom,8,18,4078.79,0,Regular Customers
18078.0,2010-03-21 15:50:00,2011-05-06 14:32:00,4,370,725.53,9.93876712328767,100.5068493150685,19.89041095890411,15,Spring,United Kingdom,217,4,725.53,0,Regular Customers
18079.0,2010-08-05 12:19:00,2011-10-25 15:27:00,5,8730,4203.93,30.911250000000003,2022.6029411764705,36.09558823529412,15,Autumn,United Kingdom,45,5,4203.93,0,Regular Customers
18080.0,2011-04-11 10:10:00,2011-11-21 08:02:00,2,642,1231.5,615.75,321.0,1.0,8,Autumn,United Kingdom,19,2,1231.5,0,Regular Customers
18081.0,2011-07-29 11:56:00,2011-11-03 16:30:00,3,195,343.45,20.20294117647059,74.6470588235294,6.294117647058823,11,Summer,United Kingdom,36,3,343.45,0,Regular Customers
18082.0,2011-11-14 12:45:00,2011-11-14 12:45:00,1,608,680.84,9.726285714285714,608.0,62.0,12,Autumn,United Kingdom,26,1,680.84,0,Regular Customers
18083.0,2010-11-07 11:44:00,2010-11-07 11:44:00,1,268,463.53,11.58825,268.0,36.0,11,Autumn,United Kingdom,398,1,463.53,1,At-Risk Customers
18084.0,2010-11-16 08:09:00,2011-11-23 13:57:00,3,755,795.23,113.60428571428572,176.28571428571428,3.0,15,Autumn,United Kingdom,16,3,795.2299999999999,0,Regular Customers
18085.0,2010-03-21 11:57:00,2011-01-13 15:17:00,4,507,1341.85,21.642741935483876,136.2741935483871,16.93548387096774,15,Winter,United Kingdom,330,4,1341.85,1,At-Risk Customers
18086.0,2011-03-10 13:34:00,2011-03-10 13:34:00,1,106,101.34,14.477142857142857,106.0,7.0,13,Spring,United Kingdom,274,1,101.34,1,At-Risk Customers
18087.0,2009-12-01 09:43:00,2011-09-02 15:12:00,17,7775,14761.52,167.74454545454546,547.8522727272727,8.022727272727273,9,Winter,United Kingdom,98,17,14761.52,0,Regular Customers
18088.0,2011-10-09 13:41:00,2011-10-09 13:41:00,1,107,166.03,4.487297297297298,107.0,35.0,13,Autumn,United Kingdom,61,1,166.03,0,Regular Customers
18089.0,2010-09-19 11:57:00,2010-09-19 11:57:00,1,95,428.45,42.845,95.0,9.0,11,Autumn,United Kingdom,447,1,428.45,1,At-Risk Customers
18090.0,2010-10-14 12:32:00,2010-10-14 12:32:00,1,307,321.9,5.96111111111111,307.0,47.0,12,Autumn,United Kingdom,422,1,321.9,1,At-Risk Customers
18091.0,2010-04-25 13:18:00,2010-04-25 13:18:00,1,539,360.85,14.434,539.0,25.0,13,Spring,United Kingdom,593,1,360.85,1,At-Risk Customers
18092.0,2009-12-04 12:37:00,2011-12-07 13:14:00,18,8298,14693.72,104.95514285714286,521.2428571428571,9.628571428571428,12,Winter,United Kingdom,2,18,14693.72,0,Regular Customers
18093.0,2010-03-31 10:27:00,2011-09-07 15:43:00,8,3429,4452.71,72.99524590163935,533.8524590163935,11.295081967213116,12,Winter,United Kingdom,93,8,4452.71,0,Regular Customers
18094.0,2010-01-07 11:16:00,2011-09-19 09:28:00,13,4164,6391.52,50.72634920634921,339.031746031746,13.444444444444445,14,Spring,United Kingdom,82,13,6391.52,0,Regular Customers
18095.0,2010-04-19 14:09:00,2011-01-31 12:50:00,5,1623,2303.09,47.98104166666667,357.7916666666667,12.541666666666666,12,Winter,United Kingdom,313,5,2303.09,1,At-Risk Customers
18096.0,2010-07-14 14:30:00,2011-11-28 12:44:00,6,1409,1657.87,4.240076726342711,308.8593350383632,68.16879795396419,13,Autumn,United Kingdom,12,6,1657.87,0,Regular Customers
18097.0,2009-12-17 11:06:00,2011-12-02 11:16:00,11,2716,4627.92,29.666153846153847,305.06410256410254,20.32051282051282,13,Summer,United Kingdom,8,11,4627.92,0,Regular Customers
18098.0,2010-11-08 16:31:00,2010-11-08 16:31:00,1,215,527.94,6.138837209302326,215.0,85.0,16,Autumn,United Kingdom,396,1,527.94,1,At-Risk Customers
18099.0,2011-08-04 15:52:00,2011-08-04 15:52:00,1,149,168.31,8.858421052631579,149.0,19.0,15,Summer,United Kingdom,127,1,168.31,0,Regular Customers
18100.0,2010-06-07 14:19:00,2010-06-07 14:19:00,1,440,451.56,15.052,440.0,30.0,14,Summer,United Kingdom,550,1,451.56,1,At-Risk Customers
18101.0,2010-02-03 13:52:00,2011-11-28 13:37:00,5,247,622.01,5.70651376146789,52.44954128440367,22.12844036697248,13,Autumn,United Kingdom,11,5,622.01,0,Regular Customers
18102.0,2009-12-01 09:24:00,2011-12-09 11:50:00,145,181645,580987.04,558.6413846153846,1948.2932692307693,11.96346153846154,11,Autumn,United Kingdom,1,145,580987.04,2,VIP Customers
18103.0,2010-06-08 13:36:00,2010-06-08 13:36:00,1,23,105.8,10.58,23.0,10.0,13,Summer,United Kingdom,549,1,105.8,1,At-Risk Customers
18104.0,2011-11-02 14:07:00,2011-11-02 14:07:00,1,362,754.64,19.85894736842105,362.0,38.0,14,Autumn,United Kingdom,37,1,754.64,0,Regular Customers
18105.0,2011-11-02 12:04:00,2011-11-02 12:04:00,1,46,113.48000000000002,6.304444444444446,46.0,18.0,12,Autumn,United Kingdom,38,1,113.48000000000002,0,Regular Customers
18106.0,2010-01-15 11:36:00,2011-01-14 12:23:00,6,506,1441.06,7.544816753926701,91.01570680628272,34.57068062827225,11,Winter,United Kingdom,330,6,1441.06,1,At-Risk Customers
18107.0,2010-09-23 13:03:00,2010-09-23 13:03:00,1,65,165.88,4.365263157894737,65.0,38.0,13,Autumn,United Kingdom,442,1,165.88,1,At-Risk Customers
18108.0,2009-12-02 12:47:00,2011-03-30 13:56:00,3,261,848.8100000000001,18.05978723404256,122.6808510638298,20.872340425531917,12,Winter,United Kingdom,254,3,848.8100000000001,0,Regular Customers
18109.0,2010-07-01 12:13:00,2011-12-08 11:36:00,38,4822,9555.71,14.61117737003058,140.8012232415902,21.31651376146789,12,Autumn,United Kingdom,2,38,9555.71,0,Regular Customers
18110.0,2010-10-24 14:21:00,2011-11-20 12:34:00,2,169,392.28,5.448333333333334,84.15277777777777,31.05555555555556,12,Autumn,United Kingdom,20,2,392.28,0,Regular Customers
18111.0,2010-04-29 12:58:00,2010-04-29 12:58:00,1,232,405.85,15.031481481481482,232.0,27.0,12,Spring,United Kingdom,589,1,405.85,1,At-Risk Customers
18112.0,2010-06-06 12:40:00,2011-11-27 14:43:00,4,443,773.36,12.473548387096775,120.61290322580643,16.903225806451612,13,Autumn,United Kingdom,12,4,773.36,0,Regular Customers
18113.0,2010-12-06 12:31:00,2010-12-06 12:31:00,1,72,76.32000000000001,76.32000000000001,72.0,1.0,12,Winter,United Kingdom,369,1,76.32000000000001,1,At-Risk Customers
18114.0,2011-02-22 13:20:00,2011-02-22 13:20:00,1,55,220.1,7.860714285714286,55.0,28.0,13,Winter,United Kingdom,290,1,220.1,1,At-Risk Customers
18115.0,2010-01-11 11:57:00,2010-01-11 11:57:00,1,3,9.7,3.233333333333334,3.0,3.0,11,Winter,United Kingdom,698,1,9.7,1,At-Risk Customers
18116.0,2010-10-24 15:29:00,2011-10-03 11:00:00,13,1267,2134.49,3.784556737588653,108.15780141843972,55.1258865248227,13,Autumn,United Kingdom,68,13,2134.49,0,Regular Customers
18117.0,2011-11-14 12:47:00,2011-11-14 12:47:00,1,605,315.65,4.384027777777778,605.0,68.0,12,Autumn,United Kingdom,26,1,315.65,0,Regular Customers
18118.0,2010-11-23 13:36:00,2011-11-29 11:32:00,29,3184,6221.02,4.350363636363637,129.66433566433565,60.3965034965035,12,Autumn,United Kingdom,11,29,6221.02,0,Regular Customers
18119.0,2010-12-07 11:59:00,2010-12-07 11:59:00,1,124,180.7,6.23103448275862,124.0,29.0,11,Winter,United Kingdom,368,1,180.7,1,At-Risk Customers
18120.0,2011-05-09 13:45:00,2011-05-09 13:45:00,1,31,111.15,6.538235294117648,31.0,17.0,13,Spring,United Kingdom,214,1,111.15,0,Regular Customers
18121.0,2011-07-08 12:14:00,2011-07-13 12:53:00,2,438,653.3000000000001,21.0741935483871,394.9354838709677,26.32258064516129,12,Summer,United Kingdom,149,2,653.3,0,Regular Customers
18122.0,2011-07-12 11:37:00,2011-12-01 13:08:00,6,1225,1793.06,5.022577030812325,254.31932773109244,69.0952380952381,13,Autumn,United Kingdom,8,6,1793.06,0,Regular Customers
18123.0,2010-07-14 12:47:00,2011-11-15 14:23:00,3,616,666.64,11.904285714285717,177.32142857142858,19.535714285714285,12,Autumn,United Kingdom,24,3,666.64,0,Regular Customers
18124.0,2010-08-24 17:21:00,2010-08-24 17:21:00,1,47,102.65,5.1325,47.0,20.0,17,Summer,United Kingdom,472,1,102.65,1,At-Risk Customers
18125.0,2011-01-27 15:02:00,2011-11-10 12:29:00,4,800,1131.75,5.89453125,244.5,54.30729166666666,15,Winter,United Kingdom,30,4,1131.75,0,Regular Customers
18126.0,2011-10-10 12:19:00,2011-10-10 12:19:00,1,135,200.92,3.8638461538461537,135.0,52.0,12,Autumn,United Kingdom,61,1,200.92,0,Regular Customers
18127.0,2010-11-01 13:56:00,2011-11-20 14:05:00,4,250,556.13,8.30044776119403,80.08955223880596,22.686567164179102,12,Autumn,United Kingdom,19,4,556.13,0,Regular Customers
18128.0,2010-06-20 13:19:00,2010-06-20 13:19:00,1,216,399.29,9.506904761904762,216.0,42.0,13,Summer,United Kingdom,537,1,399.29,1,At-Risk Customers
18129.0,2011-04-10 14:16:00,2011-04-10 14:16:00,1,48,112.55,8.039285714285715,48.0,13.0,14,Spring,United Kingdom,243,1,112.55,0,Regular Customers
18130.0,2011-10-13 15:58:00,2011-11-24 14:40:00,3,824,1059.39,15.13414285714286,294.62857142857143,24.65714285714286,9,Autumn,United Kingdom,15,3,1059.39,0,Regular Customers
18131.0,2010-03-18 08:48:00,2010-03-18 08:48:00,1,552,222.96,55.74,552.0,4.0,8,Spring,United Kingdom,632,1,222.96,1,At-Risk Customers
18132.0,2010-07-23 16:54:00,2010-07-23 16:54:00,1,212,220.13,3.5504838709677418,212.0,60.0,16,Summer,United Kingdom,504,1,220.13,1,At-Risk Customers
18133.0,2011-05-11 14:14:00,2011-05-11 14:14:00,1,1350,931.5,931.5,1350.0,1.0,14,Spring,United Kingdom,212,1,931.5,0,Regular Customers
18134.0,2010-01-14 11:59:00,2010-04-20 14:02:00,2,128,445.0,15.892857142857142,69.42857142857143,15.142857142857142,11,Winter,United Kingdom,598,2,445.0,1,At-Risk Customers
18135.0,2010-03-15 13:55:00,2011-11-10 19:32:00,10,753,1249.62,33.773513513513514,76.70270270270271,5.216216216216216,14,Autumn,United Kingdom,29,10,1249.62,0,Regular Customers
18136.0,2010-09-14 15:50:00,2011-10-07 15:40:00,5,860,1631.36,18.53818181818182,261.89772727272725,26.34090909090909,15,Autumn,United Kingdom,63,5,1631.36,0,Regular Customers
18137.0,2010-06-06 13:45:00,2010-06-06 14:18:00,2,59,145.99,5.034137931034483,49.51724137931034,25.13793103448276,13,Summer,United Kingdom,551,2,145.99,1,At-Risk Customers
18138.0,2011-02-17 14:51:00,2011-02-17 14:51:00,1,38,152.65,19.08125,38.0,8.0,14,Winter,United Kingdom,295,1,152.65,1,At-Risk Customers
18139.0,2011-11-21 14:06:00,2011-11-22 10:44:00,6,5557,8438.34,53.07132075471698,1040.7672955974842,28.031446540880506,14,Autumn,United Kingdom,18,6,8438.34,0,Regular Customers
18140.0,2010-08-23 11:58:00,2010-08-23 11:58:00,1,395,536.41,9.933518518518518,395.0,49.0,11,Summer,West Indies,474,1,536.41,1,At-Risk Customers
18141.0,2010-04-29 15:32:00,2010-11-03 11:44:00,2,433,882.47,21.01119047619048,217.47619047619048,21.047619047619047,15,Spring,United Kingdom,402,2,882.47,1,At-Risk Customers
18142.0,2011-05-08 12:31:00,2011-07-05 13:19:00,2,1276,1019.52,67.968,568.8,7.8,12,Spring,United Kingdom,157,2,1019.52,0,Regular Customers
18143.0,2011-07-21 10:44:00,2011-08-15 12:07:00,2,570,1000.16,16.396065573770493,283.8688524590164,30.57377049180328,12,Summer,United Kingdom,117,2,1000.16,0,Regular Customers
18144.0,2009-12-16 15:57:00,2011-12-02 12:46:00,19,2144,4892.95,58.24940476190476,128.96428571428572,6.595238095238095,14,Winter,United Kingdom,8,19,4892.95,0,Regular Customers
18145.0,2009-12-08 12:30:00,2011-11-27 11:22:00,11,5104,5609.74,13.95457711442786,581.9328358208955,48.85572139303483,12,Autumn,United Kingdom,13,11,5609.74,0,Regular Customers
18146.0,2011-05-03 16:35:00,2011-07-22 12:08:00,2,153,160.35,16.035,86.4,5.2,12,Summer,United Kingdom,141,2,160.35000000000002,0,Regular Customers
18147.0,2011-08-23 12:22:00,2011-10-25 11:46:00,2,203,179.34,25.62,98.42857142857144,3.571428571428572,12,Summer,United Kingdom,46,2,179.33999999999995,0,Regular Customers
18148.0,2010-03-03 11:40:00,2010-03-03 11:40:00,1,63,112.85,11.285,63.0,9.0,11,Spring,United Kingdom,647,1,112.85,1,At-Risk Customers
18149.0,2010-03-14 12:41:00,2011-10-20 12:04:00,7,869,1553.96,17.076483516483517,140.32967032967034,21.76923076923077,12,Spring,United Kingdom,51,7,1553.96,0,Regular Customers
18150.0,2011-05-22 10:47:00,2011-11-07 16:49:00,3,332,566.58,15.312972972972974,112.64864864864865,12.45945945945946,10,Spring,United Kingdom,32,3,566.58,0,Regular Customers
18151.0,2010-03-04 10:47:00,2011-07-28 11:35:00,6,986,1879.44,17.730566037735848,212.03773584905665,22.849056603773583,10,Spring,United Kingdom,135,6,1879.44,0,Regular Customers
18152.0,2010-03-03 15:26:00,2010-03-03 15:26:00,1,75,426.69,42.669,75.0,10.0,15,Spring,United Kingdom,646,1,426.69,1,At-Risk Customers
18153.0,2010-02-18 15:50:00,2010-02-18 15:50:00,1,200,246.22,14.483529411764708,200.0,17.0,15,Winter,United Kingdom,659,1,246.22,1,At-Risk Customers
18154.0,2010-08-06 09:18:00,2011-12-06 16:41:00,5,626,932.6,19.84255319148936,139.5744680851064,11.212765957446807,9,Autumn,United Kingdom,3,5,932.6,0,Regular Customers
18155.0,2011-02-21 10:36:00,2011-09-25 13:32:00,3,266,371.62,14.8648,92.12,8.84,11,Summer,United Kingdom,75,3,371.62,0,Regular Customers
18156.0,2010-12-05 12:29:00,2011-11-27 12:24:00,2,283,675.64,5.538032786885246,154.75409836065575,60.62295081967213,12,Autumn,United Kingdom,13,2,675.64,0,Regular Customers
18157.0,2010-05-17 14:09:00,2010-05-17 14:09:00,1,145,213.9,8.556000000000001,145.0,25.0,14,Spring,United Kingdom,571,1,213.9,1,At-Risk Customers
18158.0,2011-09-12 09:03:00,2011-11-30 16:19:00,2,354,453.4,13.335294117647058,208.7058823529412,19.88235294117647,9,Autumn,United Kingdom,9,2,453.4,0,Regular Customers
18159.0,2011-02-11 14:26:00,2011-02-11 14:26:00,1,139,530.15,23.05,139.0,23.0,14,Winter,United Kingdom,301,1,530.15,1,At-Risk Customers
18160.0,2010-11-18 16:33:00,2011-10-13 15:50:00,3,519,1003.88,15.444307692307692,178.2,22.107692307692307,16,Autumn,United Kingdom,57,3,1003.88,0,Regular Customers
18161.0,2010-11-25 15:55:00,2011-11-24 16:40:00,6,965,1803.1,19.388172043010755,177.83870967741936,17.150537634408604,16,Autumn,United Kingdom,15,6,1803.1,0,Regular Customers
18162.0,2009-12-07 13:24:00,2009-12-07 13:24:00,1,332,371.51,8.076304347826087,332.0,45.0,13,Winter,United Kingdom,732,1,371.51,1,At-Risk Customers
18163.0,2010-05-04 14:51:00,2010-05-04 14:51:00,1,452,728.84,22.08606060606061,452.0,33.0,14,Spring,United Kingdom,584,1,728.84,1,At-Risk Customers
18164.0,2011-11-02 12:56:00,2011-11-02 12:56:00,1,184,399.65,16.652083333333334,184.0,24.0,12,Autumn,United Kingdom,37,1,399.65,0,Regular Customers
18165.0,2011-06-15 13:23:00,2011-06-15 13:23:00,1,254,302.46,30.246,254.0,10.0,13,Summer,United Kingdom,177,1,302.46000000000004,0,Regular Customers
18166.0,2010-03-26 12:26:00,2010-03-26 12:26:00,1,90,175.5,17.55,90.0,10.0,12,Spring,United Kingdom,624,1,175.5,1,At-Risk Customers
18167.0,2011-08-26 11:40:00,2011-11-16 15:56:00,3,382,1384.86,37.428648648648654,130.75675675675674,12.83783783783784,15,Autumn,United Kingdom,23,3,1384.86,0,Regular Customers
18168.0,2009-12-03 17:29:00,2011-06-16 19:21:00,16,1995,3435.5,9.46418732782369,129.53168044077134,24.068870523415978,18,Winter,United Kingdom,176,16,3435.5,0,Regular Customers
18169.0,2011-10-10 12:18:00,2011-10-10 12:18:00,1,61,202.65,22.516666666666666,61.0,9.0,12,Autumn,United Kingdom,61,1,202.65,0,Regular Customers
18170.0,2010-01-08 14:10:00,2011-11-06 14:35:00,9,1184,2878.0,22.84126984126984,138.64285714285714,15.682539682539682,14,Autumn,United Kingdom,33,9,2878.0,0,Regular Customers
18171.0,2010-01-05 10:46:00,2011-10-12 09:13:00,9,991,2437.31,26.4925,107.72826086956522,10.608695652173912,9,Summer,United Kingdom,59,9,2437.31,0,Regular Customers
18172.0,2009-12-11 09:58:00,2011-11-25 11:12:00,52,7407,17467.24,36.77313684210527,214.18315789473684,15.362105263157895,12,Autumn,United Kingdom,15,52,17467.24,0,Regular Customers
18173.0,2010-04-06 10:43:00,2011-09-14 11:26:00,5,1730,2696.36,59.91911111111112,434.75555555555553,10.866666666666667,11,Spring,United Kingdom,87,5,2696.36,0,Regular Customers
18174.0,2010-04-15 12:17:00,2011-12-02 16:56:00,2,80,162.5,81.25,40.0,1.0,12,Spring,United Kingdom,7,2,162.5,0,Regular Customers
18175.0,2010-02-02 10:25:00,2010-02-02 10:25:00,1,70,176.10000000000002,25.157142857142865,70.0,7.0,10,Winter,United Kingdom,676,1,176.1,1,At-Risk Customers
18176.0,2010-12-16 15:45:00,2010-12-16 15:45:00,1,283,476.35,15.878333333333334,283.0,30.0,15,Winter,United Kingdom,358,1,476.35,1,At-Risk Customers
18177.0,2009-12-15 18:57:00,2011-11-08 14:44:00,9,1238,2216.32,22.38707070707071,149.74747474747474,13.464646464646464,15,Spring,United Kingdom,31,9,2216.32,0,Regular Customers
18178.0,2010-02-18 14:25:00,2011-08-03 09:30:00,11,3850,6103.74,17.43925714285714,413.4371428571429,37.12571428571429,11,Spring,United Kingdom,129,11,6103.74,0,Regular Customers
18179.0,2010-02-14 15:51:00,2011-11-30 16:23:00,8,1811,2547.55,23.37201834862385,222.25688073394497,18.706422018348626,14,Winter,United Kingdom,9,8,2547.55,0,Regular Customers
18180.0,2011-07-20 08:59:00,2011-12-05 08:39:00,6,1721,1843.75,15.493697478991596,309.26050420168065,20.529411764705884,8,Autumn,United Kingdom,5,6,1843.75,0,Regular Customers
18181.0,2009-12-04 15:30:00,2011-11-15 15:08:00,5,510,1188.34,6.676067415730337,133.18539325842696,47.79775280898876,15,Autumn,United Kingdom,24,5,1188.34,0,Regular Customers
18182.0,2010-09-02 14:25:00,2010-09-02 14:25:00,1,167,291.13,29.113,167.0,10.0,14,Autumn,United Kingdom,463,1,291.13,1,At-Risk Customers
18183.0,2011-03-10 10:08:00,2011-04-26 15:26:00,2,371,632.07,17.082972972972975,183.7297297297297,18.513513513513512,10,Spring,United Kingdom,227,2,632.07,0,Regular Customers
18184.0,2011-11-24 15:28:00,2011-11-24 15:28:00,1,60,49.8,49.8,60.0,1.0,15,Autumn,United Kingdom,15,1,49.8,0,Regular Customers
18185.0,2011-04-04 13:42:00,2011-04-04 13:42:00,1,183,304.25,17.897058823529413,183.0,17.0,13,Spring,United Kingdom,249,1,304.25,0,Regular Customers
18186.0,2009-12-17 10:22:00,2009-12-17 10:22:00,1,338,329.58000000000004,29.961818181818185,338.0,11.0,10,Winter,United Kingdom,723,1,329.58,1,At-Risk Customers
18187.0,2010-03-18 09:49:00,2010-03-18 09:49:00,1,310,724.89,15.101875,310.0,48.0,9,Spring,United Kingdom,632,1,724.89,1,At-Risk Customers
18188.0,2010-03-26 11:37:00,2011-11-24 16:46:00,6,1888,3280.59,24.66609022556391,472.4661654135338,31.84210526315789,12,Autumn,United Kingdom,15,6,3280.59,0,Regular Customers
18189.0,2010-03-24 09:57:00,2011-09-23 12:40:00,3,836,1403.73,16.322441860465116,289.90697674418607,31.48837209302325,9,Spring,United Kingdom,78,3,1403.73,0,Regular Customers
18190.0,2009-12-22 12:05:00,2011-05-31 14:48:00,5,490,745.62,17.752857142857142,134.61904761904762,10.428571428571429,12,Winter,United Kingdom,192,5,745.62,0,Regular Customers
18191.0,2010-08-19 17:42:00,2011-03-23 12:08:00,2,332,529.4,35.29333333333333,167.73333333333332,7.533333333333333,17,Summer,United Kingdom,262,2,529.4,1,At-Risk Customers
18192.0,2011-09-29 09:53:00,2011-09-29 09:53:00,1,339,957.97,21.288222222222224,339.0,45.0,9,Autumn,United Kingdom,72,1,957.97,0,Regular Customers
18193.0,2010-09-23 13:33:00,2011-06-27 13:58:00,3,926,1207.35,17.247857142857146,489.1142857142857,35.91428571428571,13,Autumn,United Kingdom,165,3,1207.35,0,Regular Customers
18194.0,2010-01-28 15:30:00,2011-09-18 13:29:00,6,1774,4162.04,148.6442857142857,387.3571428571428,6.214285714285714,13,Autumn,United Kingdom,82,6,4162.04,0,Regular Customers
18195.0,2010-11-17 15:03:00,2010-11-17 15:03:00,1,60,101.16,20.232,60.0,5.0,15,Autumn,United Kingdom,387,1,101.16,1,At-Risk Customers
18196.0,2010-03-17 14:55:00,2011-09-05 16:22:00,4,1038,1457.19,5.260613718411553,263.7906137184116,69.68592057761732,16,Summer,United Kingdom,95,4,1457.19,0,Regular Customers
18197.0,2010-05-13 10:46:00,2010-05-13 10:46:00,1,166,230.1,25.566666666666663,166.0,9.0,10,Spring,United Kingdom,576,1,230.1,1,At-Risk Customers
18198.0,2011-01-07 13:39:00,2011-12-05 14:49:00,17,4074,5425.56,34.12301886792453,222.36477987421384,11.937106918238994,14,Spring,United Kingdom,4,17,5425.56,0,Regular Customers
18199.0,2010-01-25 11:32:00,2010-01-25 11:32:00,1,99,344.75,17.2375,99.0,20.0,11,Winter,United Kingdom,684,1,344.75,1,At-Risk Customers
18200.0,2011-08-25 18:45:00,2011-08-25 18:45:00,1,104,150.35,5.011666666666667,104.0,29.0,18,Summer,United Kingdom,106,1,150.35,0,Regular Customers
18201.0,2009-12-17 08:55:00,2009-12-17 08:55:00,1,191,447.53,16.575185185185187,191.0,27.0,8,Winter,United Kingdom,723,1,447.53,1,At-Risk Customers
18202.0,2011-02-01 13:36:00,2011-05-24 12:12:00,3,581,1396.99,20.543970588235293,235.77941176470588,28.029411764705884,12,Spring,United Kingdom,200,3,1396.99,0,Regular Customers
18203.0,2009-12-08 13:19:00,2011-07-05 13:07:00,4,111,492.52,8.34779661016949,29.135593220338983,15.203389830508474,13,Summer,United Kingdom,157,4,492.52,0,Regular Customers
18204.0,2011-05-31 15:26:00,2011-09-29 16:44:00,3,1190,1975.35,10.28828125,386.2135416666667,66.5625,15,Spring,United Kingdom,71,3,1975.35,0,Regular Customers
18205.0,2011-09-26 12:02:00,2011-11-03 13:22:00,2,192,517.36,16.1675,97.25,16.0625,13,Autumn,United Kingdom,36,2,517.36,0,Regular Customers
18206.0,2010-06-04 13:47:00,2010-06-04 13:47:00,1,246,314.66,16.561052631578946,246.0,19.0,13,Summer,United Kingdom,553,1,314.66,1,At-Risk Customers
18207.0,2010-07-28 14:26:00,2010-07-28 14:26:00,1,325,544.47,17.563548387096777,325.0,31.0,14,Summer,United Kingdom,499,1,544.47,1,At-Risk Customers
18208.0,2010-05-23 11:54:00,2010-05-23 11:54:00,1,82,360.08,21.181176470588237,82.0,17.0,11,Spring,United Kingdom,566,1,360.08,1,At-Risk Customers
18209.0,2011-11-11 12:07:00,2011-11-11 12:07:00,1,58,139.10000000000002,17.387500000000003,58.0,8.0,12,Autumn,United Kingdom,29,1,139.10000000000002,0,Regular Customers
18210.0,2010-11-22 09:39:00,2011-12-08 11:02:00,7,1499,2768.83,19.22798611111111,390.46527777777777,41.11111111111112,15,Autumn,United Kingdom,2,7,2768.83,0,Regular Customers
18211.0,2011-03-06 12:09:00,2011-11-14 08:10:00,5,359,600.07,14.287380952380952,82.92857142857143,10.952380952380953,13,Autumn,United Kingdom,26,5,600.07,0,Regular Customers
18212.0,2010-01-31 14:42:00,2011-01-17 16:14:00,2,158,514.37,11.18195652173913,85.21739130434783,25.30434782608696,16,Winter,United Kingdom,326,2,514.37,1,At-Risk Customers
18213.0,2011-04-17 10:21:00,2011-04-17 10:21:00,1,232,232.48,15.498666666666669,232.0,15.0,10,Spring,United Kingdom,237,1,232.48,0,Regular Customers
18214.0,2010-06-03 19:47:00,2010-06-27 11:21:00,4,989,1780.34,30.69551724137931,280.3103448275862,16.275862068965516,17,Summer,United Kingdom,531,4,1780.34,1,At-Risk Customers
18215.0,2010-03-26 13:03:00,2011-09-11 16:05:00,5,1131,2232.49,25.084157303370787,258.97752808988764,21.247191011235955,16,Autumn,United Kingdom,89,5,2232.49,0,Regular Customers
18216.0,2011-11-08 16:55:00,2011-11-08 16:55:00,1,200,481.75,18.528846153846157,200.0,26.0,16,Autumn,United Kingdom,31,1,481.75,0,Regular Customers
18217.0,2010-07-01 15:39:00,2011-11-10 13:18:00,4,740,945.04,23.626,235.9,13.95,10,Autumn,United Kingdom,29,4,945.04,0,Regular Customers
18218.0,2010-02-17 15:11:00,2011-05-12 12:53:00,4,1028,1121.84,29.522105263157894,315.05263157894734,13.421052631578949,12,Spring,United Kingdom,211,4,1121.84,0,Regular Customers
18219.0,2009-12-07 13:17:00,2011-12-07 11:43:00,17,1586,3352.7000000000003,17.64578947368421,108.71052631578948,13.473684210526317,12,Autumn,United Kingdom,3,17,3352.7000000000003,0,Regular Customers
18220.0,2009-12-15 11:42:00,2011-04-27 09:03:00,6,1352,1921.76,76.8704,231.36,4.92,11,Spring,United Kingdom,227,6,1921.76,0,Regular Customers
18221.0,2010-11-14 15:46:00,2011-11-17 14:40:00,6,1000,1424.94,16.96357142857143,169.4047619047619,14.714285714285714,14,Autumn,United Kingdom,22,6,1424.94,0,Regular Customers
18222.0,2011-09-08 10:45:00,2011-09-08 10:45:00,1,335,443.0,23.31578947368421,335.0,19.0,10,Autumn,United Kingdom,93,1,443.0,0,Regular Customers
18223.0,2009-12-04 12:20:00,2011-12-05 09:11:00,26,6644,14000.85,24.30703125,332.58159722222223,28.12152777777778,11,Winter,United Kingdom,5,26,14000.85,0,Regular Customers
18224.0,2011-03-21 10:30:00,2011-03-21 10:30:00,1,69,158.95000000000002,15.895,69.0,10.0,10,Spring,United Kingdom,264,1,158.95000000000002,1,At-Risk Customers
18225.0,2009-12-04 16:52:00,2011-12-06 13:27:00,26,7282,13014.8,22.75314685314685,373.30594405594405,28.52097902097902,15,Autumn,United Kingdom,3,26,13014.8,0,Regular Customers
18226.0,2010-03-05 10:05:00,2011-10-26 13:36:00,26,7883,11878.88,22.497878787878783,316.3390151515151,22.51515151515152,15,Summer,United Kingdom,44,26,11878.88,0,Regular Customers
18227.0,2010-08-12 16:45:00,2011-05-06 12:23:00,2,22,388.75,64.79166666666667,17.666666666666668,4.333333333333333,12,Spring,United Kingdom,218,2,388.75,0,Regular Customers
18228.0,2011-09-21 10:48:00,2011-10-14 09:21:00,2,238,779.9,25.996666666666663,126.33333333333331,16.666666666666668,10,Autumn,United Kingdom,57,2,779.9,0,Regular Customers
18229.0,2009-12-03 14:42:00,2011-11-28 09:48:00,28,3071,10150.51,50.50004975124378,128.45771144278606,8.960199004975124,10,Autumn,United Kingdom,12,28,10150.51,0,Regular Customers
18230.0,2010-07-02 10:01:00,2011-11-30 13:22:00,9,1996,4291.06,30.650428571428574,275.5857142857143,20.685714285714287,15,Autumn,United Kingdom,9,9,4291.06,0,Regular Customers
18231.0,2010-01-10 12:13:00,2011-05-31 14:18:00,28,2915,6854.17,17.896005221932114,112.48302872062663,19.49869451697128,14,Spring,United Kingdom,192,28,6854.17,0,Regular Customers
18232.0,2011-05-26 16:30:00,2011-09-19 11:49:00,4,302,592.97,16.026216216216216,87.70270270270271,11.054054054054054,8,Spring,United Kingdom,82,4,592.97,0,Regular Customers
18233.0,2011-01-18 08:44:00,2011-01-18 08:44:00,1,4,440.0,440.0,4.0,1.0,8,Winter,United Kingdom,326,1,440.0,1,At-Risk Customers
18234.0,2010-06-06 11:22:00,2010-06-06 11:22:00,1,80,179.6,5.986666666666666,80.0,30.0,11,Summer,United Kingdom,552,1,179.6,1,At-Risk Customers
18235.0,2011-05-06 13:35:00,2011-09-29 08:27:00,3,1578,1796.48,17.273846153846154,606.5,38.63461538461539,8,Autumn,United Kingdom,72,3,1796.48,0,Regular Customers
18236.0,2010-04-15 13:39:00,2011-11-10 08:06:00,12,696,1795.35,18.319897959183677,68.62244897959184,9.653061224489797,11,Autumn,United Kingdom,30,12,1795.35,0,Regular Customers
18237.0,2011-07-28 13:05:00,2011-12-07 12:49:00,5,622,987.1,16.181967213114753,136.45901639344262,13.459016393442624,12,Summer,United Kingdom,3,5,987.1,0,Regular Customers
18238.0,2010-07-12 12:51:00,2010-07-12 12:51:00,1,114,270.92,19.35142857142857,114.0,14.0,12,Summer,United Kingdom,515,1,270.92,1,At-Risk Customers
18239.0,2010-10-13 10:11:00,2011-05-05 12:38:00,6,844,1712.26,17.836041666666667,183.29166666666663,22.14583333333333,15,Winter,United Kingdom,219,6,1712.26,0,Regular Customers
18240.0,2011-10-24 13:06:00,2011-10-24 13:06:00,1,126,422.58,70.42999999999999,126.0,6.0,13,Autumn,United Kingdom,46,1,422.58,0,Regular Customers
18241.0,2010-04-01 11:55:00,2011-11-30 12:10:00,21,1471,2986.99,18.786100628930814,106.188679245283,11.679245283018869,9,Autumn,United Kingdom,10,21,2986.99,0,Regular Customers
18242.0,2010-01-11 08:49:00,2011-09-28 13:43:00,8,2021,3605.21,25.7515,316.51428571428573,24.02857142857143,13,Autumn,United Kingdom,72,8,3605.21,0,Regular Customers
18243.0,2010-10-21 14:29:00,2010-10-21 14:29:00,1,221,515.78,19.837692307692308,221.0,26.0,14,Autumn,United Kingdom,414,1,515.78,1,At-Risk Customers
18244.0,2010-07-25 10:30:00,2010-10-05 11:15:00,2,856,568.64,29.928421052631577,263.7894736842105,13.947368421052632,11,Autumn,United Kingdom,431,2,568.64,1,At-Risk Customers
18245.0,2010-03-08 15:26:00,2011-12-02 14:48:00,20,5098,6324.9800000000005,13.81,339.5524017467249,31.148471615720524,14,Spring,United Kingdom,7,20,6324.9800000000005,0,Regular Customers
18246.0,2010-04-09 10:19:00,2011-11-16 11:49:00,3,214,758.8199999999999,151.76399999999998,76.0,1.8,11,Spring,United Kingdom,24,3,758.8199999999999,0,Regular Customers
18247.0,2010-03-18 15:52:00,2010-10-21 09:49:00,3,335,839.73,22.69540540540541,115.37837837837836,12.62162162162162,9,Autumn,United Kingdom,415,3,839.73,1,At-Risk Customers
18248.0,2011-06-06 13:18:00,2011-08-09 10:19:00,2,511,804.02,17.1068085106383,252.91489361702128,24.361702127659573,13,Summer,United Kingdom,123,2,804.02,0,Regular Customers
18249.0,2011-11-22 15:07:00,2011-11-22 15:07:00,1,128,95.34,11.9175,128.0,8.0,15,Autumn,United Kingdom,17,1,95.34,0,Regular Customers
18250.0,2011-02-02 13:16:00,2011-02-02 13:16:00,1,199,349.27,16.63190476190476,199.0,21.0,13,Winter,United Kingdom,310,1,349.27,1,At-Risk Customers
18251.0,2009-12-22 12:01:00,2011-09-13 15:03:00,9,39639,26278.86,243.3227777777778,5581.231481481482,15.87037037037037,12,Spring,United Kingdom,87,9,26278.86,0,Regular Customers
18252.0,2009-12-18 16:13:00,2011-10-20 12:43:00,7,932,1533.69,11.44544776119403,196.1865671641791,61.940298507462686,12,Autumn,United Kingdom,51,7,1533.69,0,Regular Customers
18253.0,2010-03-07 12:38:00,2010-03-07 12:38:00,1,128,317.88,45.41142857142857,128.0,7.0,12,Spring,United Kingdom,643,1,317.88,1,At-Risk Customers
18254.0,2010-05-07 14:37:00,2010-05-07 14:37:00,1,188,267.9,16.74375,188.0,16.0,14,Spring,United Kingdom,581,1,267.9,1,At-Risk Customers
18255.0,2010-09-09 16:31:00,2011-09-11 13:16:00,2,201,303.15,15.955263157894736,110.26315789473684,10.789473684210526,16,Autumn,United Kingdom,89,2,303.15,0,Regular Customers
18256.0,2010-11-17 08:53:00,2010-11-17 08:53:00,1,180,110.7,11.07,180.0,10.0,8,Autumn,United Kingdom,388,1,110.7,1,At-Risk Customers
18257.0,2010-02-18 16:20:00,2011-10-31 14:48:00,12,2369,4600.15,16.667210144927534,310.0760869565217,38.60144927536232,14,Autumn,United Kingdom,39,12,4600.15,0,Regular Customers
18258.0,2010-05-16 11:35:00,2010-09-01 14:20:00,6,1981,2059.67,41.1934,406.22,11.64,11,Spring,United Kingdom,464,6,2059.67,1,At-Risk Customers
18259.0,2009-12-08 08:38:00,2011-11-15 12:34:00,7,1274,3941.9,46.37529411764706,219.1058823529412,15.305882352941175,16,Autumn,United Kingdom,25,7,3941.9,0,Regular Customers
18260.0,2009-12-15 13:50:00,2011-06-20 12:37:00,23,5244,9947.26,24.261609756097563,283.03414634146344,23.13658536585366,10,Autumn,United Kingdom,173,23,9947.26,0,Regular Customers
18261.0,2011-09-05 09:34:00,2011-10-27 15:36:00,2,146,324.24,15.44,85.42857142857143,12.428571428571429,9,Autumn,United Kingdom,43,2,324.24,0,Regular Customers
18262.0,2010-04-16 09:05:00,2011-07-22 16:04:00,3,552,577.54,13.75095238095238,182.42857142857144,14.047619047619047,13,Autumn,United Kingdom,140,3,577.54,0,Regular Customers
18263.0,2011-04-01 11:48:00,2011-11-14 09:00:00,3,1468,1213.16,19.887868852459015,544.9180327868852,22.639344262295083,10,Summer,United Kingdom,26,3,1213.16,0,Regular Customers
18264.0,2010-07-29 10:02:00,2010-07-29 10:02:00,1,241,603.25,16.756944444444443,241.0,36.0,10,Summer,United Kingdom,499,1,603.25,1,At-Risk Customers
18265.0,2011-07-04 15:26:00,2011-09-28 14:10:00,2,311,801.51,17.424130434782608,173.3695652173913,24.565217391304348,15,Summer,United Kingdom,72,2,801.51,0,Regular Customers
18266.0,2010-10-01 15:33:00,2010-10-01 15:33:00,1,138,251.1,17.935714285714287,138.0,14.0,15,Autumn,United Kingdom,434,1,251.1,1,At-Risk Customers
18267.0,2010-02-05 08:43:00,2010-02-05 08:43:00,1,135,269.37,15.84529411764706,135.0,17.0,8,Winter,United Kingdom,673,1,269.37,1,At-Risk Customers
18268.0,2009-12-11 10:27:00,2011-07-28 19:13:00,6,711,1490.23,22.24223880597015,176.7910447761194,15.835820895522389,9,Winter,United Kingdom,134,6,1490.23,0,Regular Customers
18269.0,2010-12-08 13:53:00,2010-12-08 13:53:00,1,76,168.60000000000002,24.08571428571429,76.0,7.0,13,Winter,United Kingdom,366,1,168.6,1,At-Risk Customers
18270.0,2010-10-03 10:49:00,2011-11-01 13:57:00,3,209,444.55,26.15,71.3529411764706,5.705882352941177,10,Autumn,United Kingdom,38,3,444.55,0,Regular Customers
18271.0,2009-12-08 11:27:00,2010-04-09 09:26:00,2,319,680.85,32.42142857142857,169.57142857142858,10.714285714285714,9,Spring,United Kingdom,610,2,680.85,1,At-Risk Customers
18272.0,2010-03-04 12:53:00,2011-12-07 12:43:00,9,2880,4385.9800000000005,19.40699115044248,335.0575221238938,26.778761061946906,12,Spring,United Kingdom,3,9,4385.9800000000005,0,Regular Customers
18273.0,2010-04-28 12:24:00,2011-12-07 13:16:00,4,140,357.0,89.25,35.0,1.0,11,Spring,United Kingdom,2,4,357.0,0,Regular Customers
18274.0,2011-11-09 17:03:00,2011-11-09 17:03:00,1,88,175.92,15.992727272727272,88.0,11.0,17,Autumn,United Kingdom,30,1,175.92,0,Regular Customers
18275.0,2009-12-08 16:23:00,2010-05-10 15:46:00,2,417,741.85,39.04473684210527,207.68421052631575,9.526315789473683,15,Spring,United Kingdom,578,2,741.85,1,At-Risk Customers
18276.0,2009-12-10 17:14:00,2011-10-27 10:54:00,6,1246,1656.52,17.622553191489363,211.39361702127655,16.48936170212766,10,Autumn,United Kingdom,44,6,1656.52,0,Regular Customers
18277.0,2010-08-02 10:26:00,2011-10-12 15:22:00,5,449,1180.05,18.43828125,106.296875,15.09375,15,Autumn,United Kingdom,58,5,1180.05,0,Regular Customers
18278.0,2010-10-31 12:13:00,2011-09-27 11:58:00,2,140,414.2000000000001,17.258333333333336,71.0,12.75,12,Autumn,United Kingdom,74,2,414.2000000000001,0,Regular Customers
18279.0,2010-07-08 14:48:00,2010-07-08 14:48:00,1,630,231.34,17.795384615384616,630.0,13.0,14,Summer,United Kingdom,519,1,231.34,1,At-Risk Customers
18280.0,2010-11-10 15:51:00,2011-03-07 09:52:00,2,194,488.15,16.27166666666667,114.33333333333331,16.666666666666668,15,Autumn,United Kingdom,278,2,488.15,1,At-Risk Customers
18281.0,2010-05-11 10:49:00,2011-06-12 10:53:00,2,146,201.14,11.831764705882351,76.3529411764706,8.764705882352942,10,Spring,United Kingdom,181,2,201.14,0,Regular Customers
18282.0,2011-08-05 13:35:00,2011-12-02 11:43:00,2,103,178.05,14.8375,55.41666666666666,6.166666666666667,13,Summer,United Kingdom,8,2,178.05,0,Regular Customers
18283.0,2010-02-19 17:16:00,2011-12-06 12:02:00,22,1679,2664.9,2.841044776119403,101.83262260127933,52.69936034115138,13,Autumn,United Kingdom,4,22,2664.9,0,Regular Customers
18284.0,2010-10-04 11:33:00,2010-10-04 11:33:00,1,494,461.68,16.48857142857143,494.0,28.0,11,Autumn,United Kingdom,432,1,461.68,1,At-Risk Customers
18285.0,2010-02-17 10:24:00,2010-02-17 10:24:00,1,145,427.0,35.583333333333336,145.0,12.0,10,Winter,United Kingdom,661,1,427.0,1,At-Risk Customers
18286.0,2009-12-16 10:45:00,2010-08-20 11:57:00,2,608,1296.43,19.349701492537317,397.5820895522388,41.62686567164179,11,Summer,United Kingdom,477,2,1296.43,1,At-Risk Customers
18287.0,2010-05-17 11:55:00,2011-10-28 09:29:00,7,3013,4182.99,26.987032258064517,664.141935483871,36.23870967741936,10,Spring,United Kingdom,43,7,4182.99,0,Regular Customers
