StockCode,Description,TotalQuantity,TotalRevenue,TotalOrders,AveragePrice
22423,REGENCY CAKESTAND 3 TIER,24124,277656.25,3317,12.461649175412294
85123A,WHITE HANGING HEART T-LIGHT HOLDER,91757,247048.01,4888,2.870665869218501
23843,"PAPER CRAFT , LITTLE BIRDIE",80995,168469.6,1,2.08
M,Manual,9384,151777.67,620,214.78588839941264
85099B,JUMBO BAG RED RETROSPOT,74224,134307.44,2612,1.9738697463082164
POST,POSTAGE,5235,124648.04,1803,29.938874098724348
84879,ASSORTED COLOUR BIRD ORNAMENT,78234,124351.86,2652,1.676151560178306
47566,PARTY BUNTING,23460,103283.38,2077,4.77291229742612
23166,MEDIUM CERAMIC TOP STORAGE JAR,77916,81416.73000000001,195,1.2203030303030302
22086,PAPER CHAIN KIT 50'S CHRISTMAS ,28380,76598.18000000001,1691,2.9196085204375364
79321,CHILLI LIGHTS,14843,69084.3,922,5.146038961038961
85099F,JUMBO BAG STRAWBERRY,35842,64127.77,1514,1.9569180327868851
21137,BLACK RECORD COVER FRAME,18417,63092.12,539,3.6303696857670977
84347,ROTATING SILVER ANGELS T-LIGHT HLDR,28606,55880.17,525,2.5669636363636363
82484,WOOD BLACK BOARD ANT WHITE FINISH,9678,54525.36,1048,6.962461832061068
21621,VINTAGE UNION JACK BUNTING,6497,54432.62,1121,8.499444933920705
15056N,EDWARDIAN PARASOL NATURAL,10948,54332.61,863,5.787598152424943
85099C,JUMBO  BAG BAROQUE BLACK WHITE,28899,52188.18,1449,1.95754781420765
23084,RABBIT NIGHT LIGHT,27153,51251.24,801,2.0127703523693805
22470,HEART OF WICKER LARGE,17104,49859.5,1743,2.944598990465508
21733,RED HANGING HEART T-LIGHT HOLDER,17228,48850.6,1631,2.915765060240964
21931,JUMBO STORAGE BAG SUKI,25970,47760.99,1714,1.9728645833333331
22189,CREAM HEART CARD HOLDER,15946,47414.2,1129,3.878165784832452
15056BL,EDWARDIAN PARASOL BLACK,9351,45885.07,788,5.794080100125157
22178,VICTORIAN GLASS HANGING T-LIGHT,37285,45746.75,1442,1.3451874573960465
22112,CHOCOLATE HOT WATER BOTTLE,9904,45601.34,1447,4.878344733242134
22411,JUMBO SHOPPER VINTAGE RED PAISLEY,24295,45059.13,1680,1.980715552927262
22910,PAPER CHAIN KIT VINTAGE CHRISTMAS,16469,44998.27,1233,2.9220930232558144
21623,VINTAGE UNION JACK MEMOBOARD,6125,44785.83,499,9.774549098196394
21181,PLEASE ONE PERSON METAL SIGN,22379,44310.600000000006,1399,2.073053003533569
22386,JUMBO BAG PINK POLKADOT,23572,43319.16,1055,2.0029119850187267
22469,HEART OF WICKER SMALL,26193,43316.54,1779,1.6381823174080177
21929,JUMBO BAG PINK VINTAGE PAISLEY,24108,43313.9,1228,1.9750485436893204
22138,BAKING SET 9 PIECE RETROSPOT ,9035,43070.91,1742,4.9517741015402175
21843,RED RETROSPOT CAKE STAND,4298,42862.74,984,10.869421319796954
22111,SCOTTIE DOG HOT WATER BOTTLE,9092,42463.2,1457,4.893550577053632
21754,HOME BUILDING BLOCK WORD,7231,42453.11,1831,5.963963282937365
21731,RED TOADSTOOL LED NIGHT LIGHT,27102,41824.26,1043,1.6490377358490569
21175,GIN + TONIC DIET METAL SIGN,19755,40940.78,1385,2.259413027916965
22457,NATURAL SLATE HEART CHALKBOARD ,14187,40276.170000000006,1637,2.9584354154032746
22326,ROUND SNACK BOXES SET OF4 WOODLAND ,14630,40219.82,1144,2.9324567474048444
48138,DOORMAT UNION FLAG,6146,40053.72,874,7.668266818700114
82494L,WOODEN FRAME ANTIQUE WHITE ,14368,39909.170000000006,1773,2.8997430167597766
20727,LUNCH BAG  BLACK SKULL.,25392,39904.0,1997,1.63999511002445
21915,RED  HARMONICA IN BOX ,35229,39870.65,884,1.2519775280898875
71477,COLOUR GLASS. STAR T-LIGHT HOLDER,13874,39822.34,644,3.192735562310031
21232,STRAWBERRY CERAMIC TRINKET BOX,33899,39682.67,1818,1.2356750941366326
22502,PICNIC BASKET WICKER 60 PIECES,61,39619.5,2,649.5
21166,COOK WITH WINE METAL SIGN ,19652,37029.34,1225,1.977408906882591
82482,WOODEN PICTURE FRAME WHITE FINISH,15643,37011.1,1658,2.564078947368421
20728,LUNCH BAG CARS BLUE,23304,36644.28,1797,1.6495274725274724
84078A,SET/4 WHITE RETRO STORAGE CUBES ,1007,36259.65,234,38.49700854700856
22629,SPACEBOY LUNCH BOX ,20271,36150.99,1108,1.930375335120644
23284,DOORMAT KEEP CALM AND COME IN,5338,35880.85,648,7.91196319018405
23298,SPOTTY BUNTING,7633,35509.55,1003,4.917840236686391
85066,CREAM SWEETHEART MINI CHEST,2948,35264.73,809,12.656833740831296
20713,JUMBO BAG OWLS,19463,35162.42,920,1.967599569429494
48194,DOORMAT HEARTS,5788,35069.4,857,7.629965075669383
22114,HOT WATER BOTTLE TEA AND SYMPATHY,8848,34479.62,1298,4.023521772345302
22960,JAM MAKING SET WITH JARS,8454,33833.72,903,4.181095132743363
22328,ROUND SNACK BOXES SET OF 4 FRUITS ,12356,33670.240000000005,985,2.9206344410876133
22720,SET OF 3 CAKE TINS PANTRY DESIGN ,7010,33298.3,1146,4.953637152777778
20726,LUNCH BAG WOODLAND,20916,33004.76,1585,1.6512445550715618
22197,SMALL POPCORN HOLDER,42955,32505.93,1039,0.8353918791312559
22699,ROSES REGENCY TEACUP AND SAUCER ,11939,32470.65,1056,2.915397567820393
20725,LUNCH BAG RED RETROSPOT,20294,32137.5,1520,1.656367771280052
84029E,RED WOOLLY HOTTIE WHITE HEART.,9259,31876.47,956,3.784886128364389
20685,DOORMAT RED RETROSPOT,4806,31864.2,758,7.739288537549407
21755,LOVE BUILDING BLOCK WORD,5367,31590.41,1485,5.965843293492696
48187,DOORMAT NEW ENGLAND,5146,31461.34,728,7.720205479452055
22630,DOLLY GIRL LUNCH BOX,17340,30921.64,998,1.9443280632411064
22727,ALARM CLOCK BAKELIKE RED ,8512,30703.09,1144,3.7613965517241374
85152,HAND OVER THE CHOCOLATE   SIGN ,16146,30615.930000000004,1300,2.081425304878049
82486,WOOD S/3 CABINET ANT WHITE FINISH,3913,30363.75,1002,8.026528599605522
22382,LUNCH BAG SPACEBOY DESIGN ,18834,30131.7,1874,1.6465396825396823
22385,JUMBO BAG SPACEBOY DESIGN,16383,29810.15,971,1.979439918533605
21523,DOORMAT FANCY FONT HOME SWEET HOME,4825,29691.95,572,7.738181818181817
48185,DOORMAT FAIRY CAKE,4760,29116.96,420,7.754893111638955
20712,JUMBO BAG WOODLAND ANIMALS,15709,29105.5,915,1.9862594594594596
15036,ASSORTED COLOURS SILK FAN,40994,28766.32,634,0.7659527559055118
47590B,PINK HAPPY BIRTHDAY BUNTING,5652,28581.4,810,5.4121349693251535
20679,EDWARDIAN PARASOL RED,6029,28557.92,622,5.819614767255216
20914,SET/5 RED SPOTTY LID GLASS BOWLS,10526,28513.300000000003,787,2.9024405506883606
82483,WOOD 2 DRAWER CABINET WHITE FINISH,4774,27952.22,1053,6.194406779661017
22379,RECYCLING BAG RETROSPOT ,14259,27893.78,1013,2.09366927592955
22139,RETROSPOT TEA SET CERAMIC 11 PC ,5745,27595.33,1145,4.975026086956522
22865,HAND WARMER OWL DESIGN,13675,27514.63,1058,2.1029791099000907
22188,BLACK HEART CARD HOLDER,10255,27324.45,487,3.838258196721312
22622,BOX OF VINTAGE ALPHABET BLOCKS,2833,27251.26,511,10.414902723735407
20725,LUNCH BAG RED SPOTTY,17456,27237.6,1059,1.6314392523364485
22666,RECIPE BOX PANTRY YELLOW DESIGN,9600,27222.52,1277,2.953152594887684
22077,6 RIBBONS RUSTIC CHARM,16026,27031.04,1361,1.7178992805755398
21928,JUMBO BAG SCANDINAVIAN PAISLEY,15358,26847.1,721,1.914484181568088
22659,LUNCH BOX I LOVE LONDON,15156,26596.72,763,1.925752551020408
23245,SET OF 3 REGENCY CAKE TINS,5844,26566.28,718,4.932690707350902
23199,JUMBO BAG APPLES,13875,26426.3,718,2.0620027624309394
21977,PACK OF 60 PINK PAISLEY CAKE CASES,54592,26407.35,1578,0.5449906425452278
22467,GUMBALL COAT RACK,11460,26149.13,928,2.497053191489362
22492,MINI PAINT SET VINTAGE ,41507,25900.19,618,0.6521359223300971
72741,GRAND CHOCOLATECANDLE,19284,25895.4,823,1.421912832929782
84991,60 TEATIME FAIRY CAKE CASES,52828,25785.92,1765,0.5432928847214562
22752,SET 7 BABUSHKA NESTING BOXES,3273,25620.99,577,8.411470085470086
22726,ALARM CLOCK BAKELIKE GREEN,6713,24898.96,1041,3.781159695817491
22386,JUMBO BAG PINK WITH WHITE SPOTS,13766,24450.6,712,1.9206675938803892
85099B,JUMBO BAG RED WHITE SPOTTY ,13879,24323.85,465,1.9092356687898089
23355,HOT WATER BOTTLE KEEP CALM,5313,24302.55,719,4.866142270861833
47566B,TEA TIME PARTY BUNTING,5612,24255.3,655,4.725340393343419
22149,FELTCRAFT 6 FLOWER FRIENDS,12174,24248.29,1189,2.0936026380873867
48138,DOOR MAT UNION FLAG,3733,24216.23,637,7.056379310344828
23201,JUMBO BAG ALPHABET,12533,24160.44,752,2.0582430647291945
22624,IVORY KITCHEN SCALES,2916,24137.48,1065,8.530816135084429
84077,WORLD WAR 2 GLIDERS ASSTD DESIGNS,105185,24098.03,920,0.2619978284473398
20972,PINK CREAM FELT CRAFT TRINKET BOX ,20064,23812.52,1224,1.256736672051696
37503,TEA TIME CAKE STAND IN GIFT BOX,2384,23784.8,465,10.618497854077251
84755,COLOUR GLASS T-LIGHT HOLDER HANGING,39259,23598.51,1100,0.6429443447037702
20971,PINK BLUE FELT CRAFT TRINKET BOX,20500,23554.3,1003,1.253929273084479
47590A,BLUE HAPPY BIRTHDAY BUNTING,4681,23531.47,633,5.431876971608832
22697,GREEN REGENCY TEACUP AND SAUCER,8500,23507.24,933,2.928878306878307
22866,HAND WARMER SCOTTY DOG DESIGN,11667,23436.660000000003,939,2.089715447154472
22197,POPCORN HOLDER,30919,23417.51,632,0.8432312404287902
84836,ZINC METAL HEART DECORATION,19328,23331.43,1244,1.2495665878644602
21108,FAIRY CAKE FLANNEL ASSORTED COLOUR,12532,23322.62,408,1.9980487804878049
22551,PLASTERS IN TIN SPACEBOY,14623,23194.95,1156,1.6505128205128203
21485,RETROSPOT HEART HOT WATER BOTTLE,4895,23085.53,815,4.938075060532688
22507,MEMO BOARD RETROSPOT  DESIGN,5208,23083.44,737,4.923924221921516
22084,PAPER CHAIN KIT EMPIRE,8437,23049.95,704,2.906381486676017
23173,REGENCY TEAPOT ROSES ,2662,23033.52,354,9.70313725490196
82583,HOT BATHS METAL SIGN,11797,23010.120000000003,820,2.074575866188769
71459,HANGING JAM JAR T-LIGHT HOLDER,29255,22805.99,815,0.8305875152998776
21930,JUMBO STORAGE BAG SKULLS,12305,22795.28,997,1.9759742828882292
22158,3 HEARTS HANGING DECORATION RUSTIC,7982,22471.86,646,2.9539024390243904
22961,JAM MAKING SET PRINTED,15867,22328.95,903,1.4706291390728476
22867,HAND WARMER BIRD DESIGN,11000,22168.33,907,2.100426439232409
23243,SET OF TEA COFFEE SUGAR TINS PANTRY,4658,22109.08,385,4.887694300518135
82600,NO SINGING METAL SIGN,11194,22097.04,970,2.0697643442622957
84978,HANGING HEART JAR T-LIGHT HOLDER,19012,22079.74,1087,1.2278837420526794
22383,LUNCH BAG SUKI  DESIGN ,13896,22026.4,1073,1.6415750915750915
21212,PACK OF 72 RETRO SPOT CAKE CASES,45129,21838.23,1160,0.5364412510566356
21231,SWEETHEART CERAMIC TRINKET BOX,18488,21793.25,1171,1.2468948247078464
21481,FAWN BLUE HOT WATER BOTTLE,7526,21779.5,834,3.1203333333333334
20914,SET/5 RED RETROSPOT LID GLASS BOWLS,7709,21682.03,1003,2.9468297455968693
21212,PACK OF 72 RETROSPOT CAKE CASES,44721,21551.8,1348,0.5452838427947598
84946,ANTIQUE SILVER TEA GLASS ETCHED,18604,21540.44,789,1.227171464330413
22734,SET OF 6 RIBBONS VINTAGE CHRISTMAS,8849,21490.17,599,2.7292532467532467
22171,3 HOOK PHOTO SHELF ANTIQUE WHITE,2999,21458.42,544,8.376727941176469
22835,HOT WATER BOTTLE I AM SO POORLY,4638,21398.28,815,4.77002444987775
22728,ALARM CLOCK BAKELIKE PINK,5833,21369.98,772,3.777695262483995
22087,PAPER BUNTING WHITE LACE,7752,21336.35,663,2.891445427728614
84406B,CREAM CUPID HEARTS COAT HANGER,6682,21256.0,724,3.38114010989011
20749,ASSORTED COLOUR MINI CASES,2972,21169.64,726,7.783772290809328
22607,WOODEN ROUNDERS GARDEN SET ,2406,20978.47,643,9.09470588235294
22113,GREY HEART HOT WATER BOTTLE,5623,20977.78,913,3.870615711252654
22556,PLASTERS IN TIN CIRCUS PARADE ,13112,20950.16,1100,1.6515714285714285
22090,PAPER BUNTING RETROSPOT,7632,20933.24,658,2.9078280542986428
23202,JUMBO BAG VINTAGE LEAF,10695,20921.55,772,2.078562259306804
84029G,KNITTED UNION FLAG HOT WATER BOTTLE,5724,20838.9,758,3.8243483870967743
22605,WOODEN CROQUET GARDEN SET,1710,20813.81,548,13.36233151183971
22090,PAPER BUNTING RETRO SPOTS,7595,20723.25,607,2.9139837398373984
23203,JUMBO BAG VINTAGE DOILY ,10620,20641.4,621,2.061926751592357
21314,SMALL GLASS HEART TRINKET POT,10447,20588.26,711,2.086136680613668
22722,SET OF 6 SPICE TINS PANTRY DESIGN,5366,20506.300000000003,654,3.917018072289157
22554,PLASTERS IN TIN WOODLAND ANIMALS,12824,20471.68,1097,1.648271827182718
22698,PINK REGENCY TEACUP AND SAUCER,7408,20329.640000000003,746,2.925139813581891
48184,DOORMAT ENGLISH ROSE ,3158,20298.8,464,7.711163793103449
20711,JUMBO BAG TOYS ,11326,20283.78,671,1.9533382789317504
22969,HOMEMADE JAM SCENTED CANDLES,14012,20204.8,577,1.4492720970537265
37449,CERAMIC CAKE STAND + HANGING CAKES,2277,20204.58,410,9.582457420924571
21790,VINTAGE SNAP CARDS,25120,19957.34,1480,0.8475531914893617
22585,PACK OF 6 BIRDY GIFT TAGS,16784,19950.85,950,1.2484327603640042
22139,RETRO SPOT TEA SET CERAMIC 11 PC ,4304,19921.27,692,4.89958393113343
84970S,HANGING HEART ZINC T-LIGHT HOLDER,25389,19821.96,1141,0.8483304347826086
22083,PAPER CHAIN KIT RETRO SPOT,7351,19804.550000000003,490,2.897267206477733
22617,BAKING SET SPACEBOY DESIGN,4165,19719.21,883,4.983217097862768
22294,HEART FILIGREE DOVE  SMALL,16260,19686.6,707,1.245629228687415
22941,CHRISTMAS LIGHTS 10 REINDEER,2487,19590.9,406,8.442137592137591
22273,FELTCRAFT DOLL MOLLY,7203,19332.93,701,2.947116736990155
22570,FELTCRAFT CUSHION RABBIT,5420,19282.55,677,3.732161764705882
21524,DOORMAT SPOTTY HOME SWEET HOME,2671,19215.5,636,7.825094339622642
48188,DOORMAT WELCOME PUPPIES,3345,19178.67,368,7.803179347826087
22625,RED KITCHEN SCALES,2360,19149.63,781,8.440307298335467
21791,VINTAGE HEADS AND TAILS CARD GAME ,16199,19147.65,1050,1.2553514526710403
22568,FELTCRAFT CUSHION OWL,5312,19128.13,771,3.759832041343669
22569,FELTCRAFT CUSHION BUTTERFLY,5357,18865.21,679,3.730334302325581
22413,METAL SIGN TAKE IT OR LEAVE IT ,6814,18863.02,766,2.942393272962484
85150,LADIES & GENTLEMEN METAL SIGN,8078,18847.98,889,2.5220805369127515
22693,GROW A FLYTRAP OR SUNFLOWER IN TIN,17242,18798.98,281,1.2356028368794325
22501,PICNIC BASKET WICKER LARGE,2055,18794.25,497,9.797122736418512
85048,15CM CHRISTMAS GLASS BALL 20 LIGHTS,2525,18618.75,432,7.75091533180778
21622,VINTAGE UNION JACK CUSHION COVER,3517,18495.47,550,4.949712230215828
22558,CLOTHES PEGS RETROSPOT PACK 24 ,13410,18411.74,1017,1.4597565725413828
21213,PACK OF 72 SKULL CAKE CASES,38530,18319.18,1156,0.5392444821731749
22499,WOODEN UNION JACK BUNTING,3165,18251.28,632,5.9413679245283015
23206,LUNCH BAG APPLE DESIGN,11530,18220.5,866,1.6413439635535307
22384,LUNCH BAG PINK POLKADOT,11392,18207.2,1101,1.651290322580645
21908,CHOCOLATE THIS WAY METAL SIGN,9396,18041.24,801,2.107663782447466
84949,SILVER HANGING T-LIGHT HOLDER,11635,18001.35,612,1.632958199356913
21340,CLASSIC METAL BIRDCAGE PLANT HOLDER,1702,17888.71,383,12.110182291666666
22561,WOODEN SCHOOL COLOURING SET,11158,17861.22,838,1.6494392523364485
21174,POTTERING IN THE SHED METAL SIGN,9247,17814.51,855,1.9918013856812933
22555,PLASTERS IN TIN STRONGMAN,11048,17664.44,856,1.6477445339470655
22456,NATURAL SLATE CHALKBOARD LARGE ,4016,17637.16,595,4.880536912751678
23344,JUMBO BAG 50'S CHRISTMAS ,8933,17636.04,586,2.070135135135135
22427,ENAMEL FLOWER JUG CREAM,3039,17471.23,702,5.912011331444759
21936,RED RETROSPOT PICNIC BAG,6292,17462.96,701,2.938879432624114
22061,LARGE CAKE STAND  HANGING STRAWBERY,2086,17354.85,443,9.548828828828828
22147,FELTCRAFT BUTTERFLY HEARTS,12605,17238.05,1026,1.4482816901408448
84947,ANTIQUE SILVER TEA GLASS ENGRAVED,15028,17162.93,559,1.2380069324090122
21479,WHITE SKULL HOT WATER BOTTLE ,4538,16917.32,738,3.8781432360742714
21136,PAINTED METAL PEARS ASSORTED,10255,16907.51,714,1.6879916897506926
22633,HAND WARMER UNION JACK,8364,16857.36,790,2.0868471720818293
22560,TRADITIONAL MODELLING CLAY,14393,16851.64,655,1.251544227886057
84945,MULTI COLOUR SILVER T-LIGHT HOLDER,21125,16833.35,585,0.8471959459459459
23203,JUMBO BAG DOILEY PATTERNS,8735,16737.1,454,2.0462800875273524
22169,FAMILY ALBUM WHITE PICTURE FRAME,2094,16676.94,570,8.373842105263158
22505,MEMO BOARD COTTAGE DESIGN,3605,16599.89,655,4.918519637462236
21218,RED SPOTTY BISCUIT TIN,4715,16431.45,588,3.713952702702703
22847,BREAD BIN DINER STYLE IVORY,1049,16335.79,435,16.50880459770115
84992,72 SWEETHEART FAIRY CAKE CASES,33936,16178.47,1176,0.5467901234567901
21527,RED RETROSPOT TRADITIONAL TEAPOT ,2266,15892.74,508,7.849863813229572
21164,HOME SWEET HOME METAL SIGN ,5839,15888.490000000002,630,2.9307278481012657
22297,HEART IVORY TRELLIS SMALL,12939,15836.59,646,1.2510660660660662
22424,ENAMEL BREAD BIN CREAM,1300,15621.65,559,12.654785714285715
48173C,DOORMAT BLACK FLOCK ,2813,15618.36,290,7.661408934707905
22557,PLASTERS IN TIN VINTAGE PAISLEY ,9827,15614.59,991,1.6611874386653582
22083,PAPER CHAIN KIT RETROSPOT,5514,15411.86,585,2.945646258503402
21877,HOME SWEET HOME MUG,13856,15399.56,650,1.314616564417178
22383,LUNCH BAG SUKI DESIGN ,9570,15332.9,899,1.6533224043715846
22690,DOORMAT HOME SWEET HOME BLUE ,2493,15329.57,401,7.726791044776119
71053,WHITE METAL LANTERN,4306,15309.64,583,3.6891666666666665
22662,LUNCH BAG DOLLY GIRL DESIGN,9715,15305.19,872,1.6511098527746315
22632,HAND WARMER RED RETROSPOT,7578,15272.52,675,2.091244635193133
84970L,SINGLE HEART ZINC T-LIGHT HOLDER,16445,15241.51,821,0.9765096618357488
21559,STRAWBERRY LUNCH BOX WITH CUTLERY,6418,15232.34,798,2.5467447595561032
22296,HEART IVORY TRELLIS LARGE,9416,15218.08,739,1.650894736842105
84946,ANTIQUE SILVER T-LIGHT GLASS,12949,15176.42,534,1.2427746741154562
72760B,VINTAGE CREAM 3 BASKET CAKE STAND,1632,15172.6,444,9.841973094170402
20685,DOOR MAT RED SPOT,2426,15093.48,369,7.176531165311653
22041,"RECORD FRAME 7"" SINGLE SIZE ",6845,15088.77,319,2.454953560371517
21843,RETRO SPOT CAKE STAND,1431,15083.45,295,10.86864406779661
84997D,PINK 3 PIECE MINI DOTS CUTLERY SET,4198,15067.14,416,3.73127358490566
20719,WOODLAND CHARLOTTE BAG,19027,15030.64,1062,0.8416168224299065
22634,CHILDS BREAKFAST SET SPACEBOY ,1627,15021.4,464,9.744635193133048
22502,PICNIC BASKET WICKER SMALL,2985,14945.6,566,5.235726795096322
22652,TRAVEL SEWING KIT,9353,14859.81,716,1.6529080932784637
21975,PACK OF 60 DINOSAUR CAKE CASES,30881,14818.01,1133,0.548360655737705
85014B,RED/WHITE DOTS RUFFLED UMBRELLA,3405,14796.15,373,5.878016085790884
22635,CHILDS BREAKFAST SET DOLLY GIRL ,1598,14787.95,450,9.789601769911505
21430,SET/3 RED GINGHAM ROSE STORAGE BOX,4169,14719.35,578,3.705662650602409
21914,BLUE HARMONICA IN BOX ,11830,14667.47,815,1.2688526570048309
22170,PICTURE FRAME WOOD TRIPLE PORTRAIT,2309,14658.65,510,6.686
17003,BROCADE RING PURSE ,70082,14640.96,387,0.2653689567430025
21928,JUMBO BAG SCANDINAVIAN BLUE PAISLEY,7754,14626.73,451,2.0591832229580573
84997B,RED 3 PIECE MINI DOTS CUTLERY SET,4051,14609.91,460,3.732167381974249
21891,TRADITIONAL WOODEN SKIPPING ROPE,11721,14603.13,664,1.3205822416302766
82582,AREA PATROLLED METAL SIGN,7346,14563.1,696,2.096695156695157
84375,SET OF 20 KIDS COOKIE CUTTERS,7275,14558.97,626,2.0890506329113925
20750,RED RETROSPOT MINI CASES,2021,14548.55,479,7.777027027027027
22193,RED DINER WALL CLOCK,1775,14527.09,554,8.479584837545126
85014B,RED RETROSPOT UMBRELLA,2613,14439.12,421,6.046413301662708
21889,WOODEN BOX OF DOMINOES,11803,14430.66,869,1.2633558558558555
21258,VICTORIAN SEWING BOX LARGE,1229,14406.63,344,12.59304347826087
22487,WHITE WOOD GARDEN PLANT LADDER,1519,14256.96,808,9.747543209876545
22993,SET OF 4 PANTRY JELLY MOULDS,11769,14151.42,866,1.2570034052213397
22759,SET OF 3 NOTEBOOKS IN PARCEL,8860,14138.4,634,1.6666153846153846
21484,CHICK GREY HOT WATER BOTTLE,4085,14071.27,676,3.621854014598541
21165,BEWARE OF THE CAT METAL SIGN ,9080,14070.08,779,1.6638770388958593
22619,SET OF 6 SOLDIER SKITTLES,3762,13950.85,574,3.817216494845361
21770,OPEN CLOSED METAL SIGN,2896,13926.81,580,4.944509466437178
22384,LUNCH BAG PINK RETROSPOT,8738,13893.7,730,1.6429301075268816
84378,SET OF 3 HEART COOKIE CUTTERS,11007,13862.84,944,1.2920062695924766
22837,HOT WATER BOTTLE BABUSHKA ,3093,13807.25,354,4.617688022284123
84997C,BLUE 3 PIECE MINI DOTS CUTLERY SET,3820,13805.16,445,3.737155555555556
84997D,CHILDRENS CUTLERY POLKADOT PINK,3528,13788.3,323,4.172576687116565
21380,WOODEN HAPPY BIRTHDAY GARLAND,4877,13770.15,540,2.9560917431192664
22606,WOODEN SKITTLES GARDEN SET,1022,13722.74,337,15.166911764705882
35004C,SET OF 3 COLOURED  FLYING DUCKS,2851,13577.15,229,5.1460698689956335
48111,DOORMAT 3 SMILEY CATS,2290,13552.78,326,7.597125382262997
22940,FELTCRAFT CHRISTMAS FAIRY,3286,13462.18,547,4.30169946332737
21217,RED SPOTTY ROUND CAKE TINS,1415,13458.25,418,9.837559808612438
21169,YOU'RE CONFUSING ME METAL SIGN ,8642,13438.58,621,1.661563981042654
47556B,TEA TIME TEA TOWELS ,5141,13363.35,408,2.942092457420925
84050,PINK HEART SHAPE EGG FRYING PAN,9547,13316.63,557,1.6119148936170211
22191,IVORY DINER WALL CLOCK,1629,13271.9,475,8.46265690376569
22271,FELTCRAFT DOLL ROSIE,4744,13244.46,691,2.945558739255014
79323P,PINK CHERRY LIGHTS,2234,13198.1,229,6.426086956521739
22295,HEART FILIGREE DOVE LARGE,8159,13184.07,620,1.653956043956044
22692,DOORMAT WELCOME TO OUR HOME,1935,13103.81,460,7.822369565217391
21094,SET/6 RED SPOTTY PAPER PLATES,17752,13068.56,692,0.8274137931034483
23200,JUMBO BAG PEARS,6729,13034.92,470,2.0720718816067656
23108,SET OF 10 LED DOLLY LIGHTS,2192,12972.73,351,6.147840909090909
23313,VINTAGE CHRISTMAS BUNTING,2748,12960.12,359,4.951311475409836
23356,LOVE HOT WATER BOTTLE,2325,12954.75,449,5.891176470588236
22236,CAKE STAND 3 TIER MAGIC GARDEN,1074,12951.9,391,12.607289002557543
22730,ALARM CLOCK BAKELIKE IVORY,3451,12951.5,616,3.7518901453958
21390,FILIGRIS HEART WITH BUTTERFLY,10622,12849.14,482,1.251943887775551
22173,METAL 4 HOOK HANGER FRENCH CHATEAU,4538,12846.14,714,2.988861111111111
35970,ZINC FOLKART SLEIGH BELLS,7851,12806.27,545,1.7138709677419353
15044A,PINK PAPER PARASOL ,4894,12803.78,194,2.95659793814433
22621,TRADITIONAL KNITTING NANCY,8365,12780.57,719,1.5821739130434782
21704,BAG 250g SWIRLY MARBLES,16824,12750.54,464,0.8466808510638297
22636,CHILDS BREAKFAST SET CIRCUS PARADE,1565,12716.38,460,8.418963282937366
22352,LUNCH BOX WITH CUTLERY RETROSPOT ,5331,12669.04,645,2.54403400309119
22946,WOODEN ADVENT CALENDAR CREAM,869,12588.45,208,16.29665071770335
22952,60 CAKE CASES VINTAGE CHRISTMAS,25179,12556.77,801,0.5424455205811138
22655,VINTAGE RED KITCHEN CABINET,75,12550.0,52,184.23076923076923
C2,CARRIAGE,249,12546.0,248,50.516129032258064
48116,DOORMAT MULTICOLOUR STRIPE,2273,12541.22,193,7.578549222797928
48187,DOOR MAT NEW ENGLAND,1953,12520.95,423,7.125791962174941
22150,3 STRIPEY MICE FELTCRAFT,6971,12515.65,717,1.9480354706684853
21871,SAVE THE PLANET MUG,11099,12515.44,600,1.2988962108731466
23301,GARDENERS KNEELING PAD KEEP CALM ,7722,12463.78,756,1.6639238845144355
62018,SOMBRERO ,9548,12413.8,123,1.7906504065040652
21259,VICTORIAN SEWING BOX SMALL ,2171,12409.96,553,5.924025270758123
22749,FELTCRAFT PRINCESS CHARLOTTE DOLL,3407,12407.83,621,3.749778481012658
21672,WHITE SPOT RED CERAMIC DRAWER KNOB,10290,12354.22,625,1.2650866141732284
48129,DOORMAT TOPIARY,2048,12345.7,300,7.785249169435216
22766,PHOTO FRAME CORNICE,4246,12280.18,580,2.951934931506849
22355,CHARLOTTE BAG SUKI DESIGN,15411,12268.65,957,0.84649377593361
22627,MINT KITCHEN SCALES,1476,12219.99,558,8.458121645796064
22303,COFFEE MUG APPLES DESIGN,5310,12179.95,480,2.5136798336798334
75049L,LARGE CIRCULAR MIRROR MOBILE,13566,12173.5,230,1.11890756302521
21912,VINTAGE SNAKES & LADDERS,3387,12157.97,615,3.785024311183145
22485,SET OF 2 WOODEN MARKET CRATES,995,12146.25,341,12.634210526315789
22776,SWEETHEART CAKESTAND 3 TIER,1292,12130.4,466,9.83175965665236
22909,SET OF 20 VINTAGE CHRISTMAS NAPKINS,15376,12124.12,889,0.8435448577680525
21669,BLUE STRIPE CERAMIC DRAWER KNOB,9897,12115.21,639,1.2873159509202454
85014A,BLACK/BLUE DOTS RUFFLED UMBRELLA,2944,12089.2,283,5.8522807017543865
85042,ANTIQUE LILY FAIRY LIGHTS,2668,12081.0,281,4.827192982456141
20724,RED RETROSPOT CHARLOTTE BAG,15168,12034.8,908,0.8483025027203482
23207,LUNCH BAG ALPHABET DESIGN,7533,11994.41,647,1.652969696969697
21217,RED RETROSPOT ROUND CAKE TINS,1268,11983.6,350,9.867613636363636
22366,DOORMAT AIRMAIL ,1943,11946.53,320,7.55490625
22553,PLASTERS IN TIN SKULLS,7363,11913.75,905,1.6473941368078175
21535,RED RETROSPOT SMALL MILK JUG,4943,11908.05,713,2.5351239669421486
DOT,DOTCOM POSTAGE,16,11906.36,16,744.1475
22846,BREAD BIN DINER STYLE RED ,771,11879.06,309,16.35275080906149
21888,BINGO SET,3219,11877.45,626,3.7844745222929936
15056P,EDWARDIAN PARASOL PINK,2436,11872.81,321,5.843975155279503
84380,SET OF 3 BUTTERFLY COOKIE CUTTERS,9592,11818.65,814,1.2947439024390244
84212,"ASSORTED FLOWER COLOUR ""LEIS""",24665,11759.77,258,0.6215830115830117
22584,PACK OF 6 PANNETONE GIFT BOXES,4793,11725.48,498,2.546170634920635
21955,DOORMAT UNION JACK GUNS AND ROSES,2078,11722.24,275,7.6985559566787005
79323W, WHITE CHERRY LIGHTS,1986,11697.3,215,6.38287037037037
20723,STRAWBERRY CHARLOTTE BAG,14542,11654.8,988,0.8501305220883534
23077,DOUGHNUT LIP GLOSS ,9642,11615.7,308,1.241818181818182
22654,DELUXE SEWING KIT ,2045,11611.27,440,5.995225225225226
23174,REGENCY SUGAR BOWL GREEN,2954,11567.24,268,4.126641791044777
21156,RETROSPOT CHILDRENS APRON,6437,11562.37,526,1.9600378787878785
22464,HANGING METAL HEART LANTERN,7388,11530.56,645,1.6208231707317071
22838,3 TIER CAKE TIN RED AND CREAM,844,11467.38,220,14.759272727272728
21668,RED STRIPE CERAMIC DRAWER KNOB,9391,11446.75,614,1.2771014492753625
22804,CANDLEHOLDER PINK HANGING HEART,4069,11400.75,521,2.9303207547169814
22192,BLUE DINER WALL CLOCK,1373,11358.78,511,8.46060546875
47567B,TEA TIME KITCHEN APRON,2128,11321.320000000002,320,5.889845679012346
21080,SET/20 RED SPOTTY PAPER NAPKINS ,15165,11310.21,781,0.8353797468354429
22207,FRYING PAN UNION FLAG,2858,11283.86,324,4.2833950617283945
22365,DOORMAT RESPECTABLE HOUSE,1863,11282.69,244,7.567049180327869
21080,SET/20 RED RETROSPOT PAPER NAPKINS ,14329,11229.27,890,0.839326710816777
22646,CERAMIC STRAWBERRY CAKE MONEY BANK,8514,11187.26,697,1.4202824858757062
22082,RIBBON REEL STRIPES DESIGN ,6878,11166.78,819,1.6613126491646777
20969,RED FLORAL FELTCRAFT SHOULDER BAG,3090,11155.41,518,3.7783044315992296
22623,BOX OF VINTAGE JIGSAW BLOCKS ,2195,11129.42,500,5.319840637450199
22750,FELTCRAFT PRINCESS LOLA DOLL,3039,11094.51,597,3.7577242524916943
21906,PHARMACIE FIRST AID TIN,1642,11093.9,311,6.721629392971246
22088,PAPER BUNTING COLOURED LACE,4038,11086.9,478,2.904020618556701
21485,RED SPOT HEART HOT WATER BOTTLE,2362,11031.1,410,4.884375
21673,WHITE SPOT BLUE CERAMIC DRAWER KNOB,9171,11022.43,563,1.2676014109347442
84987,SET OF 36 TEATIME PAPER DOILIES,7832,11012.88,642,1.4528018575851394
22444,GROW YOUR OWN PLANT IN A CAN ,8960,10976.56,328,1.244224924012158
22151,PLACE SETTING WHITE HEART,27085,10910.31,645,0.4238345864661653
47599A,PINK PARTY BAGS,5878,10841.48,325,2.0658358662613985
22301,COFFEE MUG CAT + BIRD DESIGN,4733,10831.29,466,2.5180982905982905
22631,CIRCUS PARADE LUNCH BOX ,5871,10791.83,468,1.940675105485232
72351B,SET/6 PINK  BUTTERFLY T-LIGHTS,5681,10779.64,426,2.0678060046189377
21671,RED SPOT CERAMIC DRAWER KNOB,8931,10762.47,568,1.2632224168126094
84988,SET OF 72 PINK HEART PAPER DOILIES,7595,10729.4,618,1.457540192926045
35400,WOODEN BOX ADVENT CALENDAR ,1239,10710.1,331,8.884477611940298
47591D,PINK FAIRY CAKE CHILDRENS APRON,5839,10704.21,682,1.9555732946298985
22667,RECIPE BOX RETROSPOT ,3841,10702.15,645,2.9243119266055047
21260,FIRST AID TIN,3370,10675.6,442,3.239438202247191
21428,SET3 BOOK BOX GREEN GINGHAM FLOWER ,2749,10667.05,363,4.186565934065935
22950,36 DOILIES VINTAGE CHRISTMAS,7744,10590.4,299,1.44009900990099
22649,STRAWBERRY FAIRY CAKE TEAPOT,2203,10577.95,410,4.91810551558753
21937,STRAWBERRY   PICNIC BAG,3801,10572.95,499,2.929324055666004
22616,PACK OF 12 LONDON TISSUES ,37084,10519.36,633,0.3112962962962963
22417,PACK OF 60 SPACEBOY CAKE CASES,20867,10465.49,911,0.5471995708154507
22943,CHRISTMAS LIGHTS 10 VINTAGE BAUBLES,2258,10432.08,286,4.924930555555556
21210,SET OF 72 RETRO SPOT PAPER  DOILIES,7488,10423.2,449,1.4415555555555557
21844,RED RETROSPOT MUG,3787,10415.65,297,2.9018394648829435
22988,SOLDIERS EGG CUP ,9033,10415.22,349,1.2571104815864025
21172,PARTY METAL SIGN ,7444,10392.72,804,1.459853658536585
22637,PIGGY BANK RETROSPOT ,4278,10377.02,496,2.5312072434607646
21868,POTTING SHED TEA MUG,8770,10353.86,719,1.2691862068965516
48185,DOOR MAT FAIRY CAKE,1640,10347.72,316,7.063793103448275
23209,LUNCH BAG VINTAGE DOILY ,6438,10347.66,538,1.6497814207650272
21326,AGED GLASS SILVER T-LIGHT HOLDER,17004,10338.6,532,0.6413443830570903
22580,ADVENT CALENDAR GINGHAM SACK,1785,10338.23,388,6.002442159383034
23209,LUNCH BAG DOILEY PATTERN ,6477,10323.05,464,1.642291220556745
22109,FULL ENGLISH BREAKFAST PLATE,2872,10321.92,389,3.754683544303797
22768,FAMILY PHOTO FRAME CORNICE,1114,10310.19,320,9.90233644859813
21907,I'M ON HOLIDAY METAL SIGN,4990,10306.15,694,2.102271428571429
22729,ALARM CLOCK BAKELIKE ORANGE,2797,10300.44,500,3.761106719367589
22488,NATURAL SLATE RECTANGLE CHALKBOARD,6453,10285.61,653,1.6465243902439022
22508,DOORSTOP RETROSPOT HEART,2695,10283.5,577,3.77820205479452
21121,SET/10 RED POLKADOT PARTY CANDLES,8541,10238.49,438,1.246568848758465
22468,BABUSHKA LIGHTS STRING OF 10,1630,10229.64,335,6.662716417910448
22274,FELTCRAFT DOLL EMILY,3675,10227.31,578,2.949862778730703
22663,JUMBO BAG DOLLY GIRL DESIGN,5367,10206.78,526,2.007666034155598
21210,SET OF 72 RETROSPOT PAPER  DOILIES,7259,10177.12,482,1.4581611570247934
23170,REGENCY TEA PLATE ROSES ,6563,10170.99,328,1.657560975609756
21524,DOOR MAT SPOTTY HOME SWEET HOME,1733,10121.69,256,7.219571984435798
22367,CHILDRENS APRON SPACEBOY DESIGN,5455,10120.29,714,1.96115760111576
22302,COFFEE MUG PEARS  DESIGN,4808,10043.41,352,2.508022598870056
21624,VINTAGE UNION JACK DOORSTOP,1710,9987.98,350,5.927301136363636
22791,T-LIGHT GLASS FLUTED ANTIQUE,8698,9985.63,332,1.2331531531531532
20828,GLITTER BUTTERFLY CLIPS,4220,9951.0,499,2.530813953488372
23208,LUNCH BAG VINTAGE LEAF DESIGN,6191,9950.35,597,1.6450331125827813
23300,GARDENERS KNEELING PAD CUP OF TEA ,6285,9933.69,635,1.665467289719626
21429,RED GINGHAM ROSE JEWELLERY BOX,5930,9907.5,764,1.713380281690141
21670,BLUE SPOT CERAMIC DRAWER KNOB,8061,9894.93,580,1.2715897435897436
22418,10 COLOUR SPACEBOY PEN,11892,9878.1,472,0.8598319327731092
48111,DOOR MAT 3 SMILEY CATS,1773,9861.69,246,6.942073170731708
84997C,CHILDRENS CUTLERY POLKADOT BLUE,2523,9827.25,211,4.119668246445499
21833,CAMOUFLAGE LED TORCH,5931,9797.31,337,1.6845562130177514
21982,PACK OF 12 SUKI TISSUES ,31340,9774.28,521,0.3159252336448598
22620,4 TRADITIONAL SPINNING TOPS,7559,9763.68,654,1.34949177877429
22834,HAND WARMER BABUSHKA DESIGN,6378,9747.83,479,1.9692525252525253
23343,JUMBO BAG VINTAGE CHRISTMAS ,4905,9742.1,385,2.0784223918575067
22900, SET 2 TEA TOWELS I LOVE LONDON ,3511,9726.85,331,2.9922318840579707
48194,DOOR MAT HEARTS,1654,9715.06,281,7.282553191489361
23076,ICE CREAM SUNDAE LIP GLOSS,7896,9638.16,248,1.2449193548387096
21922,UNION STRIPE WITH FRINGE  HAMMOCK,1280,9624.04,330,7.90178247734139
84997B,CHILDRENS CUTLERY RETROSPOT RED ,2492,9603.68,229,4.149827586206897
22970,LONDON BUS COFFEE MUG,4213,9582.15,276,2.4917266187050355
21257,VICTORIAN SEWING BOX MEDIUM,1267,9550.49,360,7.93016620498615
21086,SET/6 RED SPOTTY PAPER CUPS,15834,9513.3,621,0.6506973058637084
16014,SMALL CHINESE STYLE SCISSOR,29354,9512.68,92,0.3949999999999999
22966,GINGERBREAD MAN COOKIE CUTTER,7946,9497.91,610,1.2597431781701445
22795,SWEETHEART RECIPE BOOK STAND,1465,9465.55,402,6.690886699507389
22968,ROSE COTTAGE KEEPSAKE BOX ,1036,9409.2,243,9.735185185185184
21216,"SET 3 RETROSPOT TEA,COFFEE,SUGAR",2061,9376.67,283,4.898194444444445
21974,SET OF 36 PAISLEY FLOWER DOILIES,6652,9374.96,557,1.465035842293907
20829,GLITTER HANGING BUTTERFLY STRING,4700,9350.39,404,2.1146135265700483
21890,S/6 WOODEN SKITTLES IN COTTON BAG,3296,9347.16,411,3.0644019138755985
48184,DOOR MAT ENGLISH ROSE ,1445,9343.43,291,7.1418556701030935
84792,ENCHANTED BIRD COATHANGER 5 HOOK,2201,9326.33,437,4.621936218678816
22064,PINK DOUGHNUT TRINKET POT ,6214,9302.1,479,1.6310975609756098
22656,VINTAGE BLUE KITCHEN CABINET,45,9290.0,37,214.86486486486487
85099B,RED RETROSPOT JUMBO BAG ,5333,9289.35,183,1.902717391304348
22120,WELCOME  WOODEN BLOCK LETTERS,967,9289.2,316,9.864525316455694
22740,POLKADOT PEN,11303,9276.83,180,0.8442222222222223
23240,SET OF 4 KNICK KNACK TINS DOILY ,2286,9237.3,312,4.137421383647799
22668,PINK BABY BUNTING,3290,9236.86,381,2.9567191601049867
84880,WHITE WIRE EGG HOLDER,1668,9227.8,327,6.042553191489362
84997D,PINK 3 PIECE POLKADOT CUTLERY SET,2558,9227.38,253,3.7668992248062017
22840,ROUND CAKE TIN VINTAGE RED,1233,9211.63,367,7.911198910081743
23171,REGENCY TEA PLATE GREEN ,5966,9184.9,270,1.6725830258302583
22978,PANTRY ROLLING PIN,2406,9180.53,197,3.752284263959391
21756,BATH BUILDING BLOCK WORD,1543,9164.78,519,5.987509578544062
22694,WICKER STAR ,4428,9115.8,720,2.095890410958904
22904,CALENDAR PAPER CUT DESIGN,3195,9110.29,398,2.9624875621890547
85014A,BLACK/BLUE POLKADOT UMBRELLA,1622,9085.49,357,6.046834733893558
82552,WASHROOM METAL SIGN,6746,9080.01,654,1.3575151515151516
22380,TOY TIDY SPACEBOY  ,4654,9044.0,549,2.089255898366606
22767,TRIPLE PHOTO FRAME CORNICE ,977,9035.63,279,9.864785714285714
22300,COFFEE MUG DOG + BALL DESIGN,3923,9021.39,411,2.5226987951807227
22198,LARGE POPCORN HOLDER ,5700,9006.2,411,1.6365384615384615
23175,REGENCY MILK JUG PINK ,3062,8995.0,272,3.1948529411764706
22179,SET 10 LIGHTS NIGHT OWL,1400,8990.8,300,6.696843853820598
21745,GAOLERS KEYS DECORATIVE GARDEN ,2670,8980.54,460,3.744227467811159
21735,TWO DOOR CURIO CABINET,765,8960.1,202,12.555940594059408
22992,REVOLVER WOODEN RULER ,4914,8944.439999999999,285,1.9620819112627983
22942,CHRISTMAS LIGHTS 10 SANTAS ,1181,8912.95,217,7.815668202764977
22429,ENAMEL MEASURING JUG CREAM,2149,8867.29,526,4.252911153119093
85232B,SET/3 RUSSIAN DOLL STACKING TINS,1866,8864.300000000001,301,4.90625
47570B,TEA TIME TABLE CLOTH,928,8852.880000000001,188,10.535714285714286
22131,FOOD CONTAINER SET 3 LOVE HEART ,4965,8846.17,496,1.973579766536965
22089,PAPER BUNTING VINTAGE PAISLEY,3196,8842.150000000001,421,2.928325581395349
82001S,VINYL RECORD FRAME SILVER,2550,8831.2,177,3.6587150837988816
21892,TRADITIONAL WOODEN CATCH CUP GAME ,7273,8814.42,601,1.269983922829582
22549,PICTURE DOMINOES,6222,8813.74,540,1.4769090909090907
20970,PINK FLORAL FELTCRAFT SHOULDER BAG,2403,8796.77,504,3.757731755424064
22144,CHRISTMAS CRAFT LITTLE FRIENDS,4289,8790.7,535,2.135970695970696
22741,FUNKY DIVA PEN,10297,8672.109999999999,196,0.8526530612244898
21035,SET/2 RED RETROSPOT TEA TOWELS ,3001,8670.71,292,3.202677966101694
21558,SKULL LUNCH BOX WITH CUTLERY ,3630,8643.6,490,2.530040322580645
21781,MA CAMPAGNE CUTLERY BOX,595,8609.25,314,14.866981132075471
22381,TOY TIDY PINK POLKADOT,4378,8587.48,381,2.114639175257732
84997B,RED 3 PIECE RETROSPOT CUTLERY SET,2362,8574.54,243,3.764634146341464
23582,VINTAGE DOILY JUMBO BAG RED ,4434,8508.220000000001,234,2.066371308016877
23581,JUMBO BAG PAISLEY PARK,4358,8498.04,302,2.059223300970874
22333,RETROSPOT PARTY BAG + STICKER SET,5526,8497.18,348,1.6343181818181818
20724,RED SPOTTY CHARLOTTE BAG,10648,8468.4,587,0.8389455782312926
22947,WOODEN ADVENT CALENDAR RED,773,8459.95,162,12.489877300613497
21985,PACK OF 12 HEARTS DESIGN TISSUES ,24766,8441.64,734,0.3116064257028112
79000,MOROCCAN TEA GLASS,11309,8407.609999999999,333,0.8265465465465466
22381,TOY TIDY PINK RETROSPOT  ,4279,8393.1,410,2.0798305084745765
22725,ALARM CLOCK BAKELIKE CHOCOLATE,2266,8367.84,419,3.786193853427896
23318,BOX OF 6 MINI VINTAGE CRACKERS,3645,8345.43,329,2.456955223880597
22121,NOEL WOODEN BLOCK LETTERS ,1411,8343.19,386,5.965637755102041
21385,IVORY HANGING DECORATION  HEART,10146,8324.58,505,0.8522413793103448
79323LP,LIGHT PINK CHERRY LIGHTS,1420,8311.0,159,6.44748427672956
22989,SET 2 PANTRY DESIGN TEA TOWELS,2693,8310.17,311,3.2294637223974765
21539,RED RETROSPOT BUTTER DISH,1745,8297.550000000001,438,4.912076749435666
51008,AFGHAN SLIPPER SOCK PAIR,2567,8251.15,72,3.3944444444444444
35961,FOLKART ZINC HEART CHRISTMAS DEC,10651,8229.67,397,0.8445566502463054
84839,SWEETHEART KEY CABINET,1478,8201.7,351,6.602727272727273
84030E,ENGLISH ROSE HOT WATER BOTTLE,2018,8191.91,408,4.252208737864078
23319,BOX OF 6 MINI 50'S CRACKERS,3520,8169.48,365,2.463619302949062
21135,VICTORIAN  METAL POSTCARD SPRING,5773,8155.09,380,1.6795907928388747
23322,LARGE WHITE HEART OF WICKER,2892,8137.500000000001,511,2.947562862669246
22844,VINTAGE CREAM DOG FOOD CONTAINER,990,8122.35,357,8.51905027932961
23082,SET 6 PAPER TABLE LANTERN HEARTS ,2260,8110.68,263,3.722639405204461
21787,RAIN PONCHO RETROSPOT,10256,8096.48,232,0.8578991596638655
22895,SET OF 2 TEA TOWELS APPLE AND PEARS,2752,8091.740000000001,354,3.107653631284916
23078,ICE CREAM PEN LIP GLOSS ,6607,8077.31,213,1.2450704225352112
22812,PACK 3 BOXES CHRISTMAS PANNETONE,4286,8066.599999999999,339,1.9967621776504296
20974,12 PENCILS SMALL TUBE SKULL,12699,8049.150000000001,684,0.648314606741573
21777,RECIPE BOX WITH METAL HEART,1057,8046.150000000001,312,7.908466453674121
22357,KINGS CHOICE BISCUIT TIN,1873,8044.09,316,4.216677215189874
21933,PINK VINTAGE PAISLEY PICNIC BAG,3782,8034.86,469,2.252731092436975
22215,CAKE STAND WHITE TWO TIER LACE,1029,8007.3,319,8.148275862068965
23256,CHILDRENS CUTLERY SPACEBOY ,1980,7966.08,316,4.1516875
22751,FELTCRAFT PRINCESS OLIVIA DOLL,2195,7965.29,414,3.775167464114833
21769,VINTAGE POST OFFICE CABINET,123,7954.87,48,77.62666666666667
23080,RED METAL BOX TOP SECRET,998,7920.78,221,8.358977777777778
22771,CLEAR DRAWER KNOB ACRYLIC EDWARDIAN,6547,7917.11,382,1.246205128205128
21488,RED WHITE SCARF  HOT WATER BOTTLE,2157,7914.150000000001,301,3.897712418300654
21935,SUKI  SHOULDER BAG,5021,7898.07,452,1.6318543046357616
37370,RETRO COFFEE MUGS ASSORTED,6948,7897.5,344,1.2206267806267803
84997C,BLUE 3 PIECE POLKADOT CUTLERY SET,2188,7889.360000000001,227,3.765172413793104
20750,RED/WHITE DOT MINI CASES,1109,7859.75,250,7.74601593625498
21381,MINI WOODEN HAPPY BIRTHDAY GARLAND,4893,7845.81,376,1.6850387596899226
48188,DOOR MAT WELCOME PUPPIES,1414,7835.1,229,7.0560262008733625
21121,SET/10 RED SPOTTY PARTY CANDLES,6495,7826.91,350,1.2457062146892657
21122,SET/10 PINK POLKADOT PARTY CANDLES,6464,7807.610000000001,376,1.2506788511749347
21716,BOYS VINTAGE TIN SEASIDE BUCKET,3336,7744.58,306,2.521132686084142
22078,RIBBON REEL LACE DESIGN ,3801,7739.6,385,2.0942602040816327
21186,WHITE DOVE HONEYCOMB PAPER GARLAND,5017,7729.05,274,1.622142857142857
20718,RED SPOTTY SHOPPER BAG,6659,7711.95,397,1.2361904761904765
22079,RIBBON REEL HEARTS DESIGN ,4736,7670.64,542,1.6680291970802918
21533,RETROSPOT LARGE MILK JUG,1595,7592.85,393,4.887974683544304
21658,GLASS  BEURRE DISH,2007,7590.450000000001,345,3.9128409090909098
23439,HAND WARMER RED LOVE HEART,3721,7574.1,371,2.0941709844559586
21715,GIRLS VINTAGE TIN SEASIDE BUCKET,3229,7566.87,317,2.5183177570093456
21533,RETRO SPOT LARGE MILK JUG,1600,7561.6,452,4.8888646288209605
21098,CHRISTMAS TOILET ROLL,6431,7534.29,412,1.2651981351981352
21874,GIN AND TONIC MUG,6122,7509.76,455,1.2770549450549449
23328,SET 6 SCHOOL MILK BOTTLES IN CRATE,2063,7495.29,281,3.7212280701754383
22796,PHOTO FRAME 3 CLASSIC HANGING,771,7484.4,293,9.90084745762712
21875,KINGS CHOICE MUG,6681,7450.17,326,1.2792987804878049
22327,ROUND SNACK BOXES SET OF 4 SKULLS,2628,7440.6,464,2.938284518828452
85049E,SCANDINAVIAN REDS RIBBONS,5933,7427.48,681,1.2699570815450645
85067,CREAM SWEETHEART WALL CABINET,472,7417.259999999999,154,18.510129032258064
21523,DOOR MAT FANCY FONT HOME SWEET HOME,1117,7415.39,193,7.22419689119171
22212,FOUR HOOK  WHITE LOVEBIRDS,3709,7412.31,608,2.1001777059773827
22329,ROUND CONTAINER SET OF 5 RETROSPOT,4755,7408.75,418,1.6357482185273158
82551,LAUNDRY 15C METAL SIGN,5350,7401.59,550,1.378086642599278
22466,FAIRY TALE COTTAGE NIGHTLIGHT,4208,7389.599999999999,227,1.92719298245614
21155,RED RETROSPOT PEG BAG,3244,7382.05,431,2.4446788990825685
72807C,SET/3 VANILLA SCENTED CANDLE IN BOX,1835,7364.91,238,4.211659751037344
22195,LARGE HEART MEASURING SPOONS,4519,7357.47,515,1.682851711026616
21737,SET 3 WICKER LOG BASKETS,397,7320.15,163,19.72914110429448
22275,WEEKEND BAG VINTAGE ROSE PAISLEY,902,7315.950000000001,280,8.365789473684211
21932,SCANDINAVIAN PAISLEY PICNIC BAG,3517,7260.76,494,2.2228915662650603
21035,SET/2 RED SPOTTY TEA TOWELS ,2533,7225.150000000001,327,2.943939393939394
22748,POPPY'S PLAYHOUSE KITCHEN,3498,7192.01,616,2.1130191693290734
21531,RED RETROSPOT SUGAR JAM BOWL,3026,7179.0,471,2.516981132075472
22665,RECIPE BOX BLUE SKETCHBOOK DESIGN,2535,7172.81,507,2.9550097847358123
85049A,TRADITIONAL CHRISTMAS RIBBONS,5802,7171.83,562,1.269391304347826
22689,DOORMAT MERRY CHRISTMAS RED ,1004,7171.64,211,8.246132075471698
22890,NOVELTY BISCUITS CAKE STAND 3 TIER,767,7164.469999999999,230,9.904848484848484
21527,RETRO SPOT TRADITIONAL TEAPOT ,960,7149.0,221,7.8154708520179375
21411,GINGHAM HEART  DOORSTOP RED,1943,7146.39,507,4.09412109375
23240,SET OF 4 KNICK KNACK TINS DOILEY ,1802,7132.7,172,4.124857142857143
21870,I CAN ONLY PLEASE ONE PERSON MUG,5925,7124.67,539,1.237753222836096
23238,SET OF 4 KNICK KNACK TINS LONDON ,1775,7116.65,233,4.133122362869199
21976,PACK OF 60 MUSHROOM CAKE CASES,14053,7073.63,713,0.5469834710743802
22809,SET OF 6 T-LIGHTS SANTA,2452,7053.760000000001,327,3.035090909090909
22628,PICNIC BOXES SET OF 3 RETROSPOT ,1515,7051.25,250,4.927689243027889
21463,MIRRORED DISCO BALL ,1320,7051.150000000001,280,5.789642857142858
20685,DOORMAT RED SPOT,1035,7050.21,187,7.329893048128342
23007, SPACEBOY BABY GIFT SET,449,7048.549999999999,142,16.513380281690143
72351A,SET/6 TURQUOISE BUTTERFLY T-LIGHTS,3646,7035.59,352,2.072865168539326
22219,LOVEBIRD HANGING DECORATION WHITE ,8375,7009.55,726,0.8538286479250334
84692,BOX OF 24 COCKTAIL PARASOLS,17299,6964.39,721,0.4236043360433604
22371,AIRLINE BAG VINTAGE TOKYO 78,1522,6962.48,505,4.801597633136095
21497,FANCY FONTS BIRTHDAY WRAP,17450,6957.0,483,0.4176811594202898
23215,JINGLE BELL HEART ANTIQUE SILVER,3544,6955.8,197,2.14015
22784,LANTERN CREAM GAZEBO ,1474,6932.82,323,4.955810397553517
48173C,DOOR MAT BLACK FLOCK ,1220,6922.9,170,6.999588235294118
21114,LAVENDER SCENTED FABRIC HEART,5591,6920.43,460,1.267430997876858
23320,GIANT 50'S CHRISTMAS CRACKER,2628,6907.52,310,2.658634920634921
85064,CREAM SWEETHEART LETTER RACK,1538,6897.62,239,5.396820083682009
22489,PACK OF 12 TRADITIONAL CRAYONS,17090,6889.77,609,0.4249434571890145
22283,6 EGG HOUSE PAINTED WOOD,923,6881.6900000000005,297,7.942390572390572
21984,PACK OF 12 PINK PAISLEY TISSUES ,25150,6880.0,350,0.3185434173669468
85220,SMALL FAIRY CAKE FRIDGE MAGNETS,12236,6875.0,5,1.3
22550,HOLIDAY FUN LUDO,1921,6869.0,346,3.789538904899136
21981,PACK OF 12 WOODLAND TISSUES ,25859,6855.19,386,0.3123425692695214
22745,POPPY'S PLAYHOUSE BEDROOM ,3330,6820.150000000001,556,2.106820603907638
22991,GIRAFFE WOODEN RULER,3708,6816.84,234,2.0506694560669456
22356,CHARLOTTE BAG PINK POLKADOT,8455,6812.09,600,0.8589655172413794
21122,SET/10 PINK SPOTTY PARTY CANDLES,5636,6807.88,363,1.2458695652173917
23321,SMALL WHITE HEART OF WICKER,4262,6798.1,582,1.6436241610738254
84997A,GREEN 3 PIECE MINI DOTS CUTLERY SET,1886,6762.54,226,3.730964912280702
22243,5 HOOK HANGER RED MAGIC TOADSTOOL,4471,6757.95,181,1.6327956989247312
22563,HAPPY STENCIL CRAFT,5857,6756.4,481,1.2477235772357724
21115,ROSE CARAVAN DOORSTOP,1161,6753.91,356,6.418603351955308
23493,VINTAGE DOILY TRAVEL SEWING KIT,3516,6736.2,349,1.9483240223463687
22813,PACK 3 BOXES BIRD PANNETONE ,3613,6735.95,276,1.9781138790035588
23083,SET 6 PAPER TABLE LANTERN STARS ,1859,6735.88,209,3.761132075471698
85065,CREAM SWEETHEART TRAYS,582,6734.5,232,12.508620689655173
22055,MINI CAKE STAND  HANGING STRAWBERY,4491,6731.23,476,1.5796192384769536
22592,CARDHOLDER HOLLY WREATH METAL,1814,6730.6,251,3.8062450592885377
22938,CUPCAKE LACE PAPER SET 6,3631,6722.629999999999,251,1.9313438735177864
82580,BATHROOM METAL SIGN,12594,6683.860000000001,927,0.5543829787234043
23297,SET 40 HEART SHAPE PETIT FOUR CASES,4260,6677.0,140,1.6359154929577464
22465,HANGING METAL STAR LANTERN,4325,6656.83,386,1.5987719298245613
22085,PAPER CHAIN KIT SKULLS ,2482,6651.900000000001,192,2.923834196891192
20718,RED RETROSPOT SHOPPER BAG,5596,6647.31,469,1.2611016949152545
10002,INFLATABLE POLITICAL GLOBE ,8479,6638.27,297,0.8409602649006622
22626,BLACK KITCHEN SCALES,802,6619.43,305,8.484852459016393
22779,WOODEN OWLS LIGHT GARLAND ,1730,6610.1,191,4.198247422680413
22618,COOKING SET RETROSPOT,696,6609.839999999999,224,9.865644444444444
11001,ASSTD DESIGN RACING CAR PEN,4273,6608.81,178,1.7286338797814207
85014D,PINK/BROWN DOTS RUFFLED UMBRELLA,1912,6607.6,86,5.823837209302326
21216,"SET 3 RED SPOT TIN TEA,COFFEE,SUGAR",1426,6605.1,239,4.891908713692946
84997A,CHILDRENS CUTLERY POLKADOT GREEN ,1688,6599.06,166,4.1891566265060245
21903,MAN FLU METAL SIGN,3342,6574.380000000001,346,2.154132947976879
22567,20 DOLLY PEGS RETROSPOT,5385,6568.75,431,1.2773563218390804
22839,3 TIER CAKE TIN GREEN AND CREAM,476,6558.56,184,14.906864864864865
22588,CARD HOLDER GINGHAM HEART,2541,6539.27,398,2.680222772277228
20685,RED SPOTTY COIR DOORMAT,1097,6538.75,164,6.542987804878049
23008,DOLLY GIRL BABY GIFT SET,419,6534.049999999999,120,16.416666666666668
16156S,WRAP PINK FAIRY CAKES ,16586,6527.12,417,0.4152997601918465
23254,CHILDRENS CUTLERY DOLLY GIRL ,1621,6525.55,268,4.142592592592592
22349,DOG BOWL CHASING BALL DESIGN,1688,6515.62,200,3.750049504950495
22907,PACK OF 20 NAPKINS PANTRY DESIGN,8141,6497.87,675,0.84810888252149
47599B,BLUE PARTY BAGS ,3441,6476.54,262,2.077698113207547
22358,KINGS CHOICE TEA CADDY ,2286,6468.580000000001,384,2.940951156812339
21033,JUMBO BAG CHARLIE AND LOLA TOYS,3411,6463.67,293,2.590341296928328
23293,SET OF 12 FAIRY CAKE BAKING CASES,8228,6457.0,465,0.8238758029978587
22029,SPACEBOY BIRTHDAY CARD,16198,6440.06,808,0.4181381011097411
22738,RIBBON REEL SNOWY VILLAGE,4012,6431.68,352,1.6727762039660057
21361,LOVE LARGE WOOD LETTERS ,519,6422.85,250,12.707142857142856
23134,LARGE ZINC HEART WALL ORGANISER,1064,6414.48,37,7.67108108108108
21563,RED HEART SHAPE LOVE BUCKET ,2701,6408.870000000001,302,2.8496721311475413
48129,DOOR MAT TOPIARY,1020,6407.06,188,7.069526315789473
84568,GIRLS ALPHABET IRON ON PATCHES ,33217,6399.57,72,0.205
37450,CERAMIC CAKE BOWL + HANGING CAKES,2337,6398.55,313,2.87625
22493,PAINT YOUR OWN CANVAS SET,4025,6382.53,335,1.6708045977011492
22661,CHARLOTTE BAG DOLLY GIRL DESIGN,8034,6365.84,536,0.8435359116022099
20717,STRAWBERRY SHOPPER BAG,5335,6353.53,500,1.257948717948718
22221,CAKE STAND LOVEBIRD 2 TIER PINK,884,6339.0,138,9.549280575539568
22528,GARDENERS KNEELING PAD,5363,6329.83,449,1.2369977924944813
37448,CERAMIC CAKE DESIGN SPOTTED MUG,4394,6308.02,433,1.4787750556792874
47502,POLKADOT CUTLERY 24 PCS IN TRAY,617,6307.15,58,11.591379310344829
22783,SET 3 WICKER OVAL BASKETS W LIDS,481,6277.17,44,15.383181818181818
48116,DOOR MAT MULTICOLOUR STRIPE,1037,6270.6900000000005,192,7.0346875
22669,RED BABY BUNTING ,2165,6266.75,334,2.9428783382789323
22332,SKULLS PARTY BAG + STICKER SET,4065,6264.049999999999,334,1.641715976331361
22141,CHRISTMAS CRAFT TREE TOP ANGEL,3060,6249.280000000001,434,2.135022522522523
22360,GLASS JAR ENGLISH CONFECTIONERY,2284,6248.8,302,2.950657894736842
23553,LANDMARK FRAME CAMDEN TOWN ,557,6244.85,62,12.375
22645,CERAMIC HEART FAIRY CAKE MONEY BANK,4563,6241.69,551,1.4297833935018052
22220,CAKE STAND LOVEBIRD 2 TIER WHITE,711,6230.049999999999,244,9.41967213114754
22798,ANTIQUE GLASS DRESSING TABLE POT,2172,6228.360000000001,258,2.967519379844961
21876,POTTERING MUG,5303,6222.47,403,1.314579207920792
22826,LOVE SEAT ANTIQUE WHITE METAL,58,6210.0,41,114.02439024390245
23382,BOX OF 6 CHRISTMAS CAKE DECORATIONS,1712,6155.04,163,3.710731707317073
23229,VINTAGE DONKEY TAIL GAME ,1750,6146.89,215,3.786511627906977
22780,LIGHT GARLAND BUTTERFILES PINK,1617,6142.09,177,4.1960335195530725
22526,WHEELBARROW FOR CHILDREN ,518,6133.62,187,12.628882978723404
21124,SET/10 BLUE POLKADOT PARTY CANDLES,5080,6131.12,293,1.2474324324324324
85175,CACTI T-LIGHT CANDLES,15302,6128.12,409,0.4162530413625304
37500,TEA TIME TEAPOT IN GIFT BOX,823,6126.77,216,8.516866359447004
22577,WOODEN HEART CHRISTMAS SCANDINAVIAN,12969,6124.849999999999,726,0.5788594164456233
82486,3 DRAWER ANTIQUE WHITE WOOD CABINET,707,6124.13,186,8.914064171122995
23480,MINI LIGHTS WOODLAND MUSHROOMS,1717,6118.59,173,3.726477272727273
20975,12 PENCILS SMALL TUBE RED RETROSPOT,9493,6111.650000000001,459,0.6493617021276595
22432,WATERING CAN PINK BUNNY,3340,6110.9,424,1.9404694835680751
85068,CREAM SWEETHEART SHELF + HOOKS,922,6097.56,173,7.726228571428571
23541,WALL ART CLASSIC PUDDINGS ,821,6093.49,118,8.114915254237287
22810,SET OF 6 T-LIGHTS SNOWMEN,2079,6088.130000000001,280,3.043098591549296
23103,JINGLE BELL HEART DECORATION,3679,6055.95,307,1.6481132075471698
85047,WHITE BEADED GARLAND STRING 20LIGHT,994,6043.099999999999,201,6.299268292682926
47591D,PINK FAIRY CAKE CHILD'S APRON,3325,6032.31,352,1.924900849858357
22582,PACK OF 6 SWEETIE GIFT BOXES,2459,6025.360000000001,252,2.5454054054054054
22945,CHRISTMAS METAL TAGS ASSORTED ,7369,6025.21,278,0.8664912280701754
22224,WHITE LOVEBIRD LANTERN,2105,6016.950000000001,304,2.920032573289902
22644,CERAMIC CHERRY CAKE MONEY BANK,4583,6016.429999999999,465,1.436460554371002
22174,PHOTO CUBE,3928,6011.24,303,1.6889354838709676
22431,WATERING CAN BLUE ELEPHANT,3179,6004.75,498,1.9602195608782436
21201,TROPICAL  HONEYCOMB PAPER GARLAND ,2629,5980.35,183,2.488095238095238
21586,KINGS CHOICE GIANT TUBE MATCHES,2567,5977.950000000001,236,2.514669421487603
47559B,TEA TIME OVEN GLOVE,4970,5977.87,609,1.257043618739903
22504,CABIN BAG VINTAGE RETROSPOT,269,5976.95,76,25.80263157894737
23307,SET OF 60 PANTRY DESIGN CAKE CASES ,11661,5974.389999999999,504,0.5563178294573643
21989,PACK OF 20 SKULL PAPER NAPKINS,8073,5973.09,468,0.8409473684210526
21980,PACK OF 12 RED SPOTTY TISSUES ,22641,5922.509999999999,224,0.2890265486725663
21124,SET/10 BLUE SPOTTY PARTY CANDLES,4883,5921.35,306,1.2457643312101911
22430,ENAMEL WATERING CAN CREAM,1288,5916.4400000000005,303,4.923453947368421
22827,RUSTIC  SEVENTEEN DRAWER SIDEBOARD,38,5910.0,29,158.79310344827587
21107,CREAM SLICE FLANNEL PINK SPOT ,2157,5873.55,228,2.901304347826087
22596,CHRISTMAS STAR WISH LIST CHALKBOARD,6080,5853.92,402,1.0312713936430318
22900,SET 2 TEA TOWELS I LOVE LONDON ,1947,5839.75,176,3.2240331491712704
22187,GREEN CHRISTMAS TREE CARD HOLDER,1982,5838.02,290,3.384109589041096
22491,PACK OF 12 COLOURED PENCILS,7322,5831.36,360,0.8496438356164384
20676,RED RETROSPOT BOWL,5020,5827.1900000000005,375,1.243501326259947
21746,SMALL RED RETROSPOT WINDMILL,4896,5819.32,329,1.2506268656716415
84884A,ANT WHITE WIRE HEART SPIRAL,1654,5817.66,269,3.937546468401487
22354,RETROSPOT PADDED SEAT CUSHION,1613,5807.77,185,3.751182795698925
23172,REGENCY TEA PLATE PINK,3688,5793.28,224,1.6405357142857142
85062,PEARL CRYSTAL PUMPKIN T-LIGHT HLDR,3648,5792.07,278,1.6487234042553192
22979,PANTRY WASHING UP BRUSH,3913,5785.71,304,1.4965686274509804
22435,SET OF 9 HEART SHAPED BALLOONS,4716,5783.04,445,1.2524008810572689
85178,VICTORIAN SEWING KIT,5294,5777.54,254,1.248576923076923
20973,12 PENCIL SMALL TUBE WOODLAND,9091,5776.55,514,0.6578504672897196
23247,BISCUIT TIN 50'S CHRISTMAS,2048,5760.52,271,2.9715498154981552
20754,RETRO RED SPOTTY WASHING UP GLOVES,3011,5747.46,338,2.077020648967552
22142,CHRISTMAS CRAFT WHITE FAIRY ,4090,5741.94,429,1.4831065759637188
84032B,CHARLIE + LOLA RED HOT WATER BOTTLE,2788,5741.6,405,2.7595343137254904
22377,BOTTLE BAG RETROSPOT ,3212,5741.29,288,2.033702422145329
72802C,VANILLA SCENT CANDLE JEWELLED BOX,2140,5725.34,234,4.157457627118644
21498,RED RETROSPOT WRAP ,14022,5724.24,438,0.4177625570776255
22185,SLATE TILE NATURAL HANGING,3738,5723.6,375,1.6200263852242744
23485,BOTANICAL GARDENS WALL CLOCK ,259,5719.0,80,24.16
22414,DOORMAT NEIGHBOURHOOD WITCH ,1043,5709.31,127,7.789291338582677
22498,WOODEN REGATTA BUNTING,991,5704.45,294,5.943243243243243
22130,PARTY CONE CHRISTMAS DECORATION ,6896,5704.04,358,0.8468032786885246
23113,PANTRY CHOPPING BOARD,1138,5695.860000000001,43,4.92
79323W,WHITE CHERRY LIGHTS,962,5687.5,98,6.431632653061224
23296,SET OF 6 TEA TIME BAKING CASES,4877,5684.650000000001,319,1.2395975232198142
21918,SET 12 KIDS COLOUR  CHALK STICKS,14126,5681.2,585,0.4226351351351351
22849,BREAD BIN DINER STYLE MINT,369,5676.31,147,16.28795918367347
20751,FUNKY WASHING UP GLOVES ASSORTED,2736,5652.120000000001,408,2.096177156177156
22781,GUMBALL MAGAZINE RACK,768,5633.54,225,7.659424778761061
23204,CHARLOTTE BAG APPLES DESIGN,7039,5632.15,425,0.8429976580796252
21625,VINTAGE UNION JACK APRON,838,5630.64,245,6.962874493927126
85174,S/4 CACTI CANDLES,1282,5606.82,229,4.920632911392405
22045,SPACEBOY GIFT WRAP,13642,5603.64,442,0.4188235294117647
22971,QUEENS GUARD COFFEE MUG,2365,5603.570000000001,233,2.52195744680851
22311,OFFICE MUG WARMER BLACK+SILVER ,1937,5576.95,190,3.386041666666667
23311,VINTAGE CHRISTMAS STOCKING ,2199,5564.25,281,2.545246478873239
22364,GLASS JAR DIGESTIVE BISCUITS,1893,5556.55,224,2.955044247787611
21988,PACK OF 6 SKULL PAPER PLATES,7649,5544.05,350,0.8382681564245809
22855,FINE WICKER HEART ,4612,5541.56,345,1.2380571428571427
22063,CERAMIC BOWL WITH STRAWBERRY DESIGN,2161,5532.55,258,2.8487265917602995
23312,VINTAGE CHRISTMAS GIFT SACK,1364,5523.0,193,4.139847715736041
22841,ROUND CAKE TIN VINTAGE GREEN,724,5501.08,282,7.945602836879432
22348,TEA BAG PLATE RED SPOTTY ,6866,5496.02,337,0.8450584795321637
21561,DINOSAUR LUNCH BOX WITH CUTLERY,2320,5493.93,342,2.548782608695652
84997A,GREEN 3 PIECE POLKADOT CUTLERY SET,1519,5473.05,152,3.772337662337663
22331,WOODLAND PARTY BAG + STICKER SET,3460,5456.36,345,1.6479369627507163
22065,CHRISTMAS PUDDING TRINKET POT ,8257,5453.99,333,1.0287896253602309
20979,36 PENCILS TUBE RED RETROSPOT,4516,5450.4400000000005,316,1.2451898734177216
16161P,WRAP ENGLISH ROSE ,13198,5435.4,440,0.4189545454545454
22148,EASTER CRAFT 4 CHICKS ,2994,5430.3,243,1.9234939759036145
21110,LARGE CAKE TOWEL PINK SPOTS,1251,5426.45,229,6.289055793991416
21703,BAG 125g SWIRLY MARBLES,14289,5416.09,452,0.4216523605150214
23118,PARISIENNE JEWELLERY DRAWER ,765,5399.02,225,7.460088888888888
21749,LARGE RED SPOT WINDMILL,2894,5390.4,34,2.048529411764706
23135,SMALL ZINC HEART WALL ORGANISER,1538,5378.8,42,5.191190476190476
23169,CLASSIC GLASS COOKIE JAR,1332,5350.2,248,4.114658634538153
22848,BREAD BIN DINER STYLE PINK,350,5339.95,130,16.194076923076924
21768,WALL MOUNTED VINTAGE ORGANISER,447,5339.79,123,14.721129032258064
21207,SKULL AND CROSSBONES  GARLAND ,3480,5337.2,212,1.6312206572769952
37495,FAIRY CAKE BIRTHDAY CANDLE SET,1500,5337.0,288,3.722318339100346
22578,WOODEN STAR CHRISTMAS SCANDINAVIAN,12180,5333.28,662,0.5445114942528735
22168,ORGANISER WOOD ANTIQUE WHITE ,642,5323.8,302,8.479801324503311
22575,METAL MERRY CHRISTMAS WREATH,2807,5321.849999999999,299,1.9442122186495177
23531,WALL ART BIG LOVE ,960,5319.36,97,6.744897959183674
21242,RED RETROSPOT PLATE ,3340,5310.52,272,1.6768131868131868
21432,SET OF 3 CASES WOODLAND DESIGN,927,5298.650000000001,227,5.895414847161572
22072,RED RETROSPOT TEA CUP AND SAUCER ,1561,5295.57,299,3.609807073954984
22746,POPPY'S PLAYHOUSE LIVINGROOM ,2589,5292.02,460,2.113669527896996
22964,3 PIECE SPACEBOY COOKIE CUTTER SET,2635,5288.740000000001,321,2.13141975308642
22060,LARGE CAKE STAND HANGING HEARTS,714,5285.22,143,8.687260273972603
21667,GLASS CAKE COVER AND PLATE,329,5272.549999999999,141,16.595390070921983
22341,LOVE GARLAND PAINTED ZINC ,3332,5252.599999999999,139,1.689432624113475
23583,LUNCH BAG PAISLEY PARK  ,3305,5251.25,298,1.6447540983606557
72756,FAIRY CAKE CANDLES,3841,5230.61,125,1.4708
22441,GROW YOUR OWN BASIL IN ENAMEL MUG,2515,5215.5,390,2.0968274111675127
22437,SET OF 9 BLACK SKULL BALLOONS,6332,5197.6,358,0.8482191780821917
23192,BUNDLE OF 3 ALPHABET EXERCISE BOOKS,3269,5197.17,312,1.6541509433962265
22854,CREAM SWEETHEART EGG HOLDER,1093,5177.95,216,4.917889908256881
22282,12 EGG HOUSE PAINTED WOOD,475,5176.67,143,12.68888111888112
21491,SET OF THREE VINTAGE GIFT WRAPS,2827,5167.049999999999,222,1.925892857142857
22460,EMBOSSED GLASS TEALIGHT HOLDER,4259,5162.34,289,1.2678275862068966
21934,SKULL SHOULDER BAG,3258,5155.7,345,1.6303468208092486
22899,CHILDREN'S APRON DOLLY GIRL ,2566,5150.78,339,2.117251461988304
20676,RED SPOTTY BOWL,4383,5145.87,345,1.2373699421965318
79067,CORONA MEXICAN TRAY,1454,5143.7,275,3.724007220216606
23133,LARGE IVORY HEART WALL ORGANISER,759,5142.91,134,7.992164179104478
22564,ALPHABET STENCIL CRAFT,4526,5137.01,312,1.251884984025559
22660,DOORMAT I LOVE LONDON,831,5136.67,148,7.5822972972972975
22670,FRENCH WC SIGN BLUE METAL,4283,5136.36,315,1.258913043478261
84832,ZINC WILLIE WINKIE  CANDLE STICK,6166,5127.219999999999,442,0.8577483443708609
21587,COSY HOUR GIANT TUBE MATCHES,2053,5127.15,255,2.5415413533834585
22333,RETRO SPORT PARTY BAG + STICKER SET,3339,5122.15,218,1.639041095890411
23158,SET OF 5 LUCKY CAT MAGNETS ,2536,5117.32,187,2.167593582887701
21498,RED SPOTS  WRAP ,12650,5105.0,361,0.4171191135734071
21078,SET/20 STRAWBERRY PAPER NAPKINS ,6539,5097.77,537,0.844029304029304
84520B,PACK 20 ENGLISH ROSE PAPER NAPKINS,6598,5096.74,528,0.8418029739776951
21900,"KEY FOB , SHED",8033,5094.29,654,0.6635928143712575
22763,KEY CABINET MA CAMPAGNE,645,5089.59,119,9.886806722689077
85232B,SET OF 3 BABUSHKA STACKING TINS,1050,5085.5,140,4.930141843971631
21154,RED RETROSPOT OVEN GLOVE ,4344,5083.88,344,1.2824147727272728
21452,TOADSTOOL MONEY BOX,1763,5083.250000000001,328,2.942899408284024
22483,RED GINGHAM TEDDY BEAR ,1812,5080.68,302,2.9489403973509933
79029,GLASS HONEYPOT WASP CATCHER,2849,5073.15,292,1.9288590604026845
84971S,SMALL HEART FLOWERS HOOK ,6206,5053.259999999999,325,0.8506927710843374
22117,METAL SIGN HER DINNER IS SERVED ,1724,5051.6,196,2.881377551020408
23157,SET OF 6 NATIVITY MAGNETS ,2530,5031.55,145,2.150794701986755
23177,TREASURE ISLAND BOOK BOX,2428,5029.8,214,2.241705069124424
22165,"DIAMANTE HEART SHAPED WALL MIRROR, ",783,5020.41,127,11.117265625
21242,RED SPOTTY PLATE ,3135,5015.91,247,1.67834008097166
46000S,POLYESTER FILLER PAD 40x40cm,3451,5003.95,369,1.45
22595,CHRISTMAS GINGHAM HEART,6125,5000.33,309,0.8458333333333332
20975,12 PENCILS SMALL TUBE RED SPOTTY,7997,4998.05,304,0.6487499999999999
35832,WOOLLY HAT SOCK GLOVE ADVENT STRING,1687,4995.85,162,3.002439024390244
21872,GLAMOROUS  MUG,5032,4993.0,285,1.2818118466898956
23132,SMALL IVORY HEART WALL ORGANISER,1008,4989.08,141,5.735531914893618
22951,60 CAKE CASES DOLLY GIRL DESIGN,9707,4983.61,492,0.5584231536926149
22845,VINTAGE CREAM CAT FOOD CONTAINER,831,4976.139999999999,287,6.363875432525951
22687,DOORMAT CHRISTMAS VILLAGE,837,4966.929999999999,113,8.035929203539823
40016,CHINESE DRAGON PAPER LANTERNS,15301,4961.12,196,0.4435532994923857
21730,GLASS STAR FROSTED T-LIGHT HOLDER,1047,4952.09,259,4.919198473282443
22030,SWALLOWS GREETING CARD,12340,4948.05,601,0.4184072249589491
22443,GROW YOUR OWN HERBS SET OF 3,648,4945.4400000000005,238,7.914058577405858
21749,LARGE RED RETROSPOT WINDMILL,2560,4941.0,181,2.076519337016575
35004B,SET OF 3 BLACK FLYING DUCKS,1228,4937.8,120,4.660743801652893
21528,DAIRY MAID TRADITIONAL TEAPOT ,831,4937.650000000001,215,6.866511627906976
85038,6 CHOCOLATE LOVE HEART T-LIGHTS,2502,4935.76,282,2.104557823129252
22898,CHILDRENS APRON APPLES DESIGN,2626,4934.6,349,1.9465811965811963
22737,RIBBON REEL CHRISTMAS PRESENT ,2998,4925.54,381,1.6909326424870466
23154,SET OF 4 JAM JAR MAGNETS,2441,4922.01,214,2.0809589041095893
23556,LANDMARK FRAME COVENT GARDEN ,435,4912.05,52,12.38076923076923
21069,VINTAGE BILLBOARD TEA MUG,4901,4909.400000000001,178,1.232707182320442
22335,HEART DECORATION PAINTED ZINC ,8034,4895.1,336,0.6508571428571429
23310,BUBBLEGUM RING ASSORTED,11891,4894.83,213,0.4292523364485981
22739,RIBBON REEL CHRISTMAS SOCK BAUBLE,2944,4893.84,380,1.6994300518134715
22632,HAND WARMER RED POLKA DOT,2592,4876.2,46,1.9858695652173917
22957,SET 3 PAPER VINTAGE CHICK PAPER EGG,1746,4872.3,196,2.92979797979798
22894,TABLECLOTH RED APPLES DESIGN ,541,4861.95,173,9.242285714285714
21155,RED SPOTTY PEG BAG,2561,4858.62,293,2.0435714285714286
23543,WALL ART KEEP CALM ,958,4853.5,74,7.835921052631579
22378,WALL TIDY RETROSPOT ,3046,4850.66,288,1.9972664359861596
22196,SMALL HEART MEASURING SPOONS,5773,4850.5,564,0.8579863481228669
85132C,CHARLIE AND LOLA FIGURES TINS,1919,4843.53,191,3.81453125
22186,RED STAR CARD HOLDER,1904,4840.84,284,2.6754736842105262
22842,BISCUIT TIN VINTAGE RED,761,4837.55,212,6.659859154929578
22534,MAGIC DRAWING SLATE SPACEBOY ,11981,4833.3,461,0.4177358490566037
21832,CHOCOLATE CALCULATOR,2995,4833.23,281,1.6823076923076925
84937,KASHMIR FOLKART TUMBLERS,2486,4827.82,83,2.0901204819277117
22595,GINGHAM HEART DECORATION,5951,4817.33,331,0.86
22156,HEART DECORATION WITH PEARLS ,5717,4816.42,414,0.8554800936768149
23109,PACK OF SIX LED TEA LIGHTS,1715,4808.55,174,2.913728813559322
23126,FELTCRAFT GIRL AMELIE KIT,982,4799.38,255,5.022217898832685
23263,SET OF 3 WOODEN HEART DECORATIONS,3717,4791.58,389,1.3180143540669855
23162,REGENCY TEA STRAINER,1362,4789.24,142,3.747183098591549
21700,BIG DOUGHNUT FRIDGE MAGNETS,5727,4786.83,325,0.8460365853658537
22610,PENS ASSORTED FUNNY FACE,12170,4764.98,223,0.3729017857142857
84032A,CHARLIE+LOLA PINK HOT WATER BOTTLE,2280,4745.26,346,2.785457142857143
23554,LANDMARK FRAME OXFORD STREET,419,4730.65,54,12.385185185185184
23555,LANDMARK FRAME NOTTING HILL ,419,4730.65,48,12.405102040816328
22433,WATERING CAN GREEN DINOSAUR,2622,4728.62,347,1.9389714285714288
22180,RETRO SPOT LAMP,490,4718.9,177,9.876271186440675
22243,"HOOK, 5 HANGER ,MAGIC TOADSTOOL RED",3081,4718.849999999999,140,1.634507042253521
22906,12 MESSAGE CARDS WITH ENVELOPES,2960,4716.0,346,1.642876712328767
84508A,CAMOUFLAGE DESIGN TEDDY,2221,4714.950000000001,62,2.4483870967741934
85061W,WHITE JEWELLED HEART DECORATION,5858,4714.52,330,0.8508720930232557
21588,RETROSPOT GIANT TUBE MATCHES,2056,4713.6,182,2.523243243243243
22956,36 FOIL HEART CAKE CASES,2438,4699.370000000001,225,2.059442060085837
82599,FANNY'S REST STOPMETAL SIGN,2312,4695.3,354,2.0840111420612817
23052,RECYCLED ACAPULCO MAT TURQUOISE,571,4694.75,221,8.246380090497738
21056,DOCTOR'S BAG SOFT TOY,525,4681.63,179,9.227988826815642
37446,MINI CAKE STAND WITH HANGING CAKES,3496,4677.4,311,1.4208860759493671
22244,3 HOOK HANGER MAGIC GARDEN,2623,4672.049999999999,140,1.9202127659574468
23295,SET OF 12 MINI LOAF BAKING CASES,5957,4670.63,359,0.8245753424657534
20682,RED RETROSPOT CHILDRENS UMBRELLA,1462,4670.16,265,3.2912734082397
22412,METAL SIGN NEIGHBOURHOOD WITCH ,2286,4661.1,308,2.091185897435897
22399,MAGNETS PACK OF 4 CHILDHOOD MEMORY,3996,4659.84,255,1.238125
20978,36 PENCILS TUBE SKULLS,3789,4654.17,396,1.2471782178217825
22434,BALLOON PUMP WITH 10 BALLOONS,2521,4654.13,262,1.9469402985074624
22442,GROW YOUR OWN FLOWERS SET OF 3,858,4653.66,164,7.153151515151516
21577,SAVE THE PLANET COTTON TOTE BAG,2210,4648.5,330,2.2349397590361444
22998,TRAVEL CARD WALLET KEEP CALM,11645,4641.32,437,0.4278181818181817
22509,SEWING BOX RETROSPOT DESIGN ,372,4640.4,172,14.400867052023122
22115,METAL SIGN EMPIRE TEA,2709,4639.530000000001,350,2.1777903682719546
23314,VINTAGE CHRISTMAS TABLECLOTH,391,4638.52,104,12.439714285714286
22175,PINK OWL SOFT TOY,1654,4622.68,295,2.936734006734006
84270,ASSTD DESIGN BUBBLE GUM RING,22410,4622.099999999999,385,0.2093506493506493
22688,DOORMAT PEACE ON EARTH BLUE,856,4621.360000000001,85,7.836705882352941
21896,POTTING SHED TWINE,2297,4618.08,226,2.0918340611353714
23165,LARGE CERAMIC TOP STORAGE JAR,2950,4617.9,220,1.631981981981982
22472,TV DINNER TRAY DOLLY GIRL,1043,4614.57,202,4.844108910891089
21407,BROWN CHECK CAT DOORSTOP ,1128,4606.25,329,4.216012084592145
23558,LANDMARK FRAME LONDON BRIDGE ,410,4604.2,47,12.401063829787237
22691,DOORMAT WELCOME SUNRISE,718,4602.26,182,7.752857142857143
22562,MONSTERS STENCIL CRAFT,3938,4600.54,362,1.252657534246575
21544,SKULLS  WATER TRANSFER TATTOOS ,5750,4599.5,366,0.8446091644204851
22128,PARTY CONES CANDY ASSORTED,3867,4588.65,186,1.240904255319149
85049G,CHOCOLATE BOX RIBBONS ,3761,4570.5,459,1.2607822410147993
21116,OWL DOORSTOP,954,4569.54,246,4.94085020242915
23234,BISCUIT TIN VINTAGE CHRISTMAS,1632,4567.38,232,2.926051502145923
22073,RED RETROSPOT STORAGE JAR,1254,4566.42,240,3.7212
23159,SET OF 5 PANCAKE DAY MAGNETS,2255,4562.7300000000005,195,2.082244897959184
22242,"HOOK, 5 HANGER , MAGIC TOADSTOOL",2902,4560.3,209,1.635781990521327
22305,COFFEE MUG PINK PAISLEY DESIGN,2230,4559.8,126,2.536666666666666
21955,DOOR MAT UNION JACK GUNS AND ROSES,725,4547.29,163,7.285818181818183
22350,ILLUSTRATED CAT BOWL ,1730,4540.86,154,2.552692307692308
23286,BLUE VINTAGE SPOT BEAKER,4901,4528.29,164,0.8464634146341463
22222,CAKE PLATE LOVEBIRD WHITE,1219,4512.45,297,4.618013468013468
21363,HOME SMALL WOOD LETTERS,911,4509.45,331,4.95
23569,TRADTIONAL ALPHABET STAMP SET,926,4497.3,174,4.9455056179775285
22119,PEACE WOODEN BLOCK LETTERS,749,4492.31,283,6.65744827586207
21156,RED SPOTTY CHILDS APRON,2434,4482.6,271,1.9307692307692308
47568,ENGLISH ROSE DESIGN PEG BAG,2262,4478.78,320,2.08595015576324
21713,CITRONELLA CANDLE FLOWERPOT,2565,4472.25,325,2.050757575757576
22772,PINK DRAWER KNOB ACRYLIC EDWARDIAN,3776,4466.91,213,1.2488317757009346
22604,SET OF 4 NAPKIN CHARMS CUTLERY,1906,4466.71,218,2.536531531531532
20682,RED SPOTTY CHILDS UMBRELLA,1430,4464.5,213,3.233644859813084
22583,PACK OF 6 HANDBAG GIFT BOXES,1764,4455.6,284,2.547466216216216
85063,CREAM SWEETHEART MAGAZINE RACK,275,4455.25,150,16.723333333333333
22304,COFFEE MUG BLUE PAISLEY DESIGN,2330,4455.110000000001,142,2.507957746478873
21614,SET OF 12 ROSE BOTANICAL T-LIGHTS,1607,4452.650000000001,178,2.927900552486188
22199,FRYING PAN RED POLKADOT ,1153,4447.21,142,4.212517482517482
85184D,S/4 BLUE ROUND DECOUPAGE BOXES,8294,4445.139999999999,52,2.829615384615385
23010,CIRCUS PARADE BABY GIFT SET,285,4444.75,89,16.47808988764045
21718,RED METAL BEACH SPADE ,3691,4412.57,308,1.2533118971061092
22218,CAKE STAND LACE WHITE,1113,4406.75,183,4.192622950819672
22027,TEA PARTY BIRTHDAY CARD,10808,4395.65,636,0.4201255886970172
84467,ENGLISH ROSE DESIGN QUILTED THROW,306,4391.1,45,21.212222222222223
22203,MILK PAN RED RETROSPOT,1227,4386.64,270,3.677158671586716
23285,PINK VINTAGE SPOT BEAKER,4679,4384.83,132,0.8465909090909091
22672,FRENCH BATHROOM SIGN BLUE METAL,2723,4382.67,298,1.6521052631578943
15044B,BLUE PAPER PARASOL ,1624,4376.400000000001,148,2.9202702702702705
23176,ABC TREASURE BOOK BOX ,2088,4373.26,186,2.2636898395721925
22276,WASH BAG VINTAGE ROSE PAISLEY,1780,4372.5,303,2.517434210526316
20977,36 PENCILS TUBE WOODLAND,3508,4357.64,357,1.2489473684210526
22241,GARLAND WOODEN HAPPY EASTER,3703,4354.31,326,1.2466060606060605
23198,PANTRY MAGNETIC  SHOPPING LIST,3063,4341.19,374,1.4806544502617802
21313,GLASS HEART T-LIGHT HOLDER ,5823,4338.75,258,0.8301538461538461
82581,TOILET METAL SIGN,8125,4337.97,728,0.551616847826087
22571,ROCKING HORSE RED CHRISTMAS ,5293,4336.81,379,0.8459897172236504
21471,STRAWBERRY RAFFIA FOOD COVER,1225,4324.95,229,3.729039301310044
21071,VINTAGE BILLBOARD DRINK ME MUG,3981,4299.7,314,1.215830721003135
21042,RED SPOTTY APRON ,764,4292.3,177,5.913276836158192
21243,PINK  SPOTTY PLATE ,2703,4291.59,205,1.677121951219512
23275,SET OF 3 HANGING OWLS OLLIE BEAK,3613,4291.17,270,1.2882374100719425
22318,FIVE HEART HANGING DECORATION,1461,4281.150000000001,286,2.94448275862069
21578,WOODLAND DESIGN  COTTON TOTE BAG,1908,4275.0,276,2.242857142857143
22374,AIRLINE BAG VINTAGE JET SET RED,894,4273.34,341,4.924752186588921
21878,PACK OF 6 SANDCASTLE FLAGS ASSORTED,5383,4273.17,290,0.8482372881355932
23288,GREEN VINTAGE SPOT BEAKER,4505,4261.889999999999,134,0.8485925925925926
15044D,RED PAPER PARASOL,1544,4252.84,188,2.933368421052632
22908,PACK OF 20 NAPKINS RED APPLES,5430,4246.44,410,0.8457894736842104
21967,PACK OF 12 SKULL TISSUES,15449,4246.29,371,0.305531914893617
22593,CHRISTMAS GINGHAM STAR,5067,4246.11,311,0.875335463258786
23503,PLAYING CARDS KEEP CALM & CARRY ON,3432,4242.96,327,1.24811377245509
22361,GLASS JAR DAISY FRESH COTTON WOOL,1535,4242.650000000001,264,2.9243396226415097
21564,PINK  HEART SHAPE LOVE BUCKET ,1897,4237.47,254,2.863254901960784
22110,BIRD HOUSE HOT WATER BOTTLE,1866,4233.11,323,2.69748502994012
22611,VINTAGE UNION JACK SHOPPING BAG,896,4227.6,185,4.908157894736842
21249,WOODLAND  HEIGHT CHART STICKERS ,1553,4215.35,188,2.9090957446808514
20747,PICCADILLY TEA SET,309,4212.55,70,14.73
21916,SET 12 RETRO WHITE CHALK STICKS,10417,4211.9800000000005,537,0.4247723132969034
23530,WALL ART ONLY ONE PERSON ,1031,4211.55,73,4.749178082191781
23494,VINTAGE DOILY DELUXE SEWING KIT ,722,4194.900000000001,176,5.933050847457627
21506,"FANCY FONT BIRTHDAY CARD, ",10430,4186.92,544,0.4175824175824176
23167,SMALL CERAMIC TOP STORAGE JAR ,5666,4184.18,177,0.8270652173913042
22801,ANTIQUE GLASS PEDESTAL BOWL,1144,4175.85,226,3.760214592274678
22367,CHILDS APRON SPACEBOY DESIGN,2247,4174.35,289,1.9340206185567008
22348,TEA BAG PLATE RED RETROSPOT,5033,4171.19,353,0.8608938547486034
22653,BUTTON BOX ,2198,4158.36,231,1.9430769230769231
22180,RETROSPOT LAMP,424,4149.2,181,9.917955801104972
22299,PIG KEYRING WITH LIGHT & SOUND ,3795,4147.69,128,1.176875
20677,PINK POLKADOT BOWL,3563,4147.58,279,1.2566548042704626
15060B,FAIRY CAKE DESIGN UMBRELLA,1137,4138.17,274,3.765620437956205
23389,SPACEBOY MINI BACKPACK,1030,4134.5,201,4.142118226600985
21590,KINGS CHOICE CIGAR BOX MATCHES ,3438,4128.78,280,1.2460553633217994
21609,SET 12 LAVENDER  BOTANICAL T-LIGHTS,1487,4127.450000000001,207,2.925
21591,COSY HOUR CIGAR BOX MATCHES ,3325,4124.33,356,1.248970189701897
79341,WILLOW BRANCH LIGHTS.,703,4121.25,63,6.628125
23404,HOME SWEET HOME BLACKBOARD,969,4108.58,136,4.863676470588236
48189,DOORMAT FRIENDSHIP ,795,4099.43,58,7.27448275862069
22476,EMPIRE UNION JACK TV DINNER TRAY,1221,4079.47,188,4.943121693121693
22070,SMALL RED RETROSPOT MUG IN BOX ,1426,4078.51,197,3.808693467336683
22426,ENAMEL WASH BOWL CREAM,1182,4073.3,273,3.677007299270073
21534,DAIRY MAID LARGE MILK JUG,851,4071.75,295,4.914765100671142
23397,FOOT STOOL HOME SWEET HOME ,434,4069.9,176,9.84772727272727
23241,TREASURE TIN GYMKHANA DESIGN,2005,4060.0,284,2.0751916376306623
21474,SWEETHEART CREAM STEEL FOLDIN BENCH,203,4049.85,92,19.95
10135,COLOURING PENCILS BROWN TUBE,3887,4048.14,249,1.2218650793650794
22760,"TRAY, BREAKFAST IN BED",337,4041.15,103,12.522815533980582
22075,6 RIBBONS ELEGANT CHRISTMAS ,2801,4031.27,256,1.5908429118773946
22601,CHRISTMAS RETROSPOT ANGEL WOOD,4923,4016.07,330,0.8705671641791044
22833,HALL CABINET WITH 3 DRAWERS,118,4013.59,11,43.27090909090909
22127,PARTY CONES CARNIVAL ASSORTED,3445,3998.45,146,1.239866666666667
21355,TOAST ITS - I LOVE YOU ,3339,3982.15,278,1.2429078014184398
22574,HEART WOODEN CHRISTMAS DECORATION,4684,3980.62,309,0.8735987261146497
21535,RETRO SPOT SMALL MILK JUG,1637,3969.15,243,2.5357142857142856
22959,WRAP CHRISTMAS VILLAGE,9663,3950.46,280,0.4180782918149466
23163,REGENCY SUGAR TONGS,1714,3949.7,134,2.434925373134329
22053,EMPIRE DESIGN ROSETTE,4518,3948.92,66,1.2406060606060605
22721,SET OF 3 CAKE TINS SKETCHBOOK,908,3942.82,246,4.831295546558704
23129,HEART SHAPED HOLLY WREATH,942,3933.18,165,4.418727272727273
22851,SET 20 NAPKINS FAIRY CAKES DESIGN ,4992,3931.86,451,0.853
20982,12 PENCILS TALL TUBE SKULLS,4601,3899.93,487,0.8489516129032257
22278,OVERNIGHT BAG VINTAGE ROSE PAISLEY,799,3899.05,239,4.9471311475409845
22474,SPACEBOY TV DINNER TRAY,888,3898.44,188,4.767526315789474
85132A,CHARLIE + LOLA BISCUITS TINS,1183,3896.65,147,5.674013605442177
22612,TEA COSY VINTAGE UNION JACK,988,3885.93,96,3.746938775510204
72807B,SET/3 OCEAN SCENT CANDLE JEWEL BOX,955,3884.51,162,4.218192771084338
22790,"MIRROR, ARCHED GEORGIAN",200,3884.000000000001,1,19.42
20677,PINK SPOTTY BOWL,3325,3882.65,266,1.238037037037037
20979,36 PENCILS TUBE RED SPOTTY,3225,3882.29,202,1.243480392156863
23144,ZINC T-LIGHT HOLDER STARS SMALL,4894,3879.98,237,0.8369747899159663
23340,VINTAGE CHRISTMAS CAKE FRILL,2453,3879.45,122,1.645121951219512
23486,ANTIQUE HEART SHELF UNIT,267,3879.15,68,16.44705882352941
21844,RETRO SPOT MUG,1396,3878.2,125,2.902
37447,CERAMIC CAKE DESIGN SPOTTED PLATE,2693,3876.97,264,1.477781954887218
22548,HEADS AND TAILS SPORTING FUN,3315,3873.1,375,1.2533419689119172
23557,LANDMARK FRAME BAKER STREET ,347,3867.85,29,12.39310344827586
72802B,OCEAN SCENT CANDLE IN JEWELLED BOX,1478,3862.88,189,4.146631578947368
23255,CHILDRENS CUTLERY CIRCUS PARADE,962,3852.44,143,4.164965034965035
46000M,POLYESTER FILLER PAD 45x45cm,2485,3851.75,342,1.55
20961,STRAWBERRY BATH SPONGE ,3138,3850.66,314,1.274245283018868
21987,PACK OF 6 SKULL PAPER CUPS,6320,3848.8,347,0.6476338028169014
84509A,SET OF 4 ENGLISH ROSE PLACEMATS,1072,3842.84,245,3.76930612244898
21901,"KEY FOB , BACK DOOR ",6014,3833.42,575,0.6605387205387205
21153,RED SPOTTY TABLECLOTH ,370,3832.5,123,10.632439024390244
21523,FANCY FONT HOME SWEET HOME DOORMAT,622,3822.5,128,6.4125
21143,ANTIQUE GLASS HEART DECORATION ,2003,3819.45,152,1.944267515923567
21068,VINTAGE BILLBOARD LOVE/HATE MUG,3901,3817.23,257,1.1899615384615383
22896,PEG BAG APPLES DESIGN,1586,3813.67,263,2.5858867924528304
21244,BLUE POLKADOT PLATE ,2395,3805.63,184,1.6758064516129032
21539,RETRO SPOTS BUTTER DISH,830,3793.5,147,4.88
22600,CHRISTMAS RETROSPOT STAR WOOD,4594,3793.36,345,0.8652285714285713
71038,WHITE HANGING BEADS CANDLE HOLDER,717,3789.25,144,5.411379310344827
22747,POPPY'S PLAYHOUSE BATHROOM,1870,3789.0,327,2.0954682779456197
51014A,"FEATHER PEN,HOT PINK",6048,3787.76,247,0.6347368421052632
21524,SPOTTY  HOME SWEET HOME DOORMAT,650,3785.5,108,6.6
23205,CHARLOTTE BAG VINTAGE ALPHABET ,4750,3784.52,323,0.8527999999999999
22530,MAGIC DRAWING SLATE DOLLY GIRL ,9438,3781.8,371,0.416498673740053
22639,SET OF 4 NAPKIN CHARMS HEARTS,1598,3776.22,248,2.5017716535433068
20967,GREY FLORAL FELTCRAFT SHOULDER BAG,1023,3771.09,272,3.7434420289855073
23283,DOORMAT VINTAGE LEAF,541,3766.57,121,8.092231404958678
23012,GLASS APOTHECARY BOTTLE PERFUME,1014,3763.64,198,3.8817
23050,RECYCLED ACAPULCO MAT GREEN,459,3763.55,176,8.240909090909092
23306,SET OF 36 DOILIES PANTRY DESIGN,2653,3761.92,195,1.454438775510204
22892,SET OF SALT AND PEPPER TOADSTOOLS,3084,3759.24,248,1.2446370967741935
21679,SKULLS  STICKERS,4691,3756.47,268,0.8471003717472119
22926,IVORY GIANT GARDEN THERMOMETER,649,3753.55,201,5.935148514851486
23193,BUFFALO BILL TREASURE BOOK BOX,1847,3750.57,137,2.265912408759124
23184,BULL DOG BOTTLE OPENER,778,3749.5,197,5.097939698492462
23534,WALL ART STOP FOR TEA ,688,3748.18,153,5.909285714285714
22573,STAR WOODEN CHRISTMAS DECORATION,4502,3739.34,290,0.8800680272108844
21955,UNION JACK GUNS & ROSES  DOORMAT,747,3737.45,87,6.29655172413793
22736,RIBBON REEL MAKING SNOWMEN ,2274,3735.26,293,1.6875593220338982
72349B,SET/6 PURPLE BUTTERFLY T-LIGHTS,1914,3734.04,237,2.076182572614108
20963,APPLE BATH SPONGE,3038,3729.29,293,1.2799328859060404
22782,SET 3 WICKER STORAGE BASKETS ,254,3712.3,84,19.985714285714284
22797,CHEST OF DRAWERS GINGHAM HEART ,222,3711.24,125,16.984719999999996
22800,ANTIQUE TALL SWIRLGLASS TRINKET POT,1003,3709.63,189,3.7835449735449735
21714,CITRONELLA CANDLE GARDEN POT,3357,3707.37,322,1.2383024691358024
85040B,SET/4 BLUE FLOWER CANDLES IN BOWL,2415,3703.95,232,1.6381856540084387
21810,CHRISTMAS HANGING STAR WITH BELL,6281,3698.65,241,0.7628015564202334
23309,SET OF 60 I LOVE LONDON CAKE CASES ,7670,3697.7,294,0.5688925081433225
21495,SKULLS AND CROSSBONES WRAP,9065,3695.3,267,0.4179775280898876
23351,ROLL WRAP 50'S CHRISTMAS,3054,3694.02,271,1.2438909090909092
20981,12 PENCILS TALL TUBE WOODLAND,4431,3691.47,427,0.8490909090909091
21034,REX CASH+CARRY JUMBO SHOPPER,3884,3689.8,1857,0.95
72802A,ROSE SCENT CANDLE IN JEWELLED BOX,900,3689.28,169,4.2798823529411765
21470,FLOWER VINE RAFFIA FOOD COVER,1011,3687.18,266,3.782453531598513
22723,SET OF 6 HERB TINS SKETCHBOOK,1054,3686.14,235,3.7472268907563024
22272,FELTCRAFT DOLL MARIA,1343,3684.91,276,2.932
84950,ASSORTED COLOUR T-LIGHT HOLDER,5610,3677.14,221,0.7336486486486486
85184C,S/4 VALENTINE DECOUPAGE HEART BOX,1947,3675.55,211,2.657511737089202
23110,PARISIENNE KEY CABINET ,662,3673.7,219,5.713636363636364
21472,LADYBIRD + BEE RAFFIA FOOD COVER,999,3669.45,235,3.743248945147679
85053,FRENCH ENAMEL CANDLEHOLDER,1845,3667.29,277,2.12565371024735
22284,HEN HOUSE DECORATION,2341,3665.25,233,1.6464285714285714
22594,CHRISTMAS GINGHAM TREE,4354,3661.12,290,0.8803780068728523
22980,PANTRY SCRUBBING BRUSH,2286,3656.94,242,1.674590163934426
21494,ROTATING LEAVES T-LIGHT HOLDER,2813,3655.28,241,1.4743724696356275
22823,CHEST NATURAL WOOD 20 DRAWERS,32,3655.0,18,117.5
47580,TEA TIME DES TEA COSY,1533,3651.91,263,2.542142857142857
20675,BLUE POLKADOT BOWL,3116,3649.97,275,1.2427338129496404
21238,RED SPOTTY CUP,4473,3649.17,360,0.8453698630136987
21592,RETRO SPOT  CIGAR BOX MATCHES ,3101,3648.25,187,1.2429629629629628
21795,SET OF 3 BLUE STRIPE BASKET,436,3632.97,76,12.6725
22359,GLASS JAR KINGS CHOICE,1185,3631.87,147,2.96265306122449
85049C,ROMANTIC PINKS RIBBONS ,2927,3630.32,459,1.2517735042735043
22830,UTILTY CABINET WITH HOOKS,178,3623.2,16,24.37625
21064,BOOM BOX SPEAKER BOYS,721,3620.65,103,5.382075471698113
23064,CINDERELLA CHANDELIER ,220,3617.6,22,43.01136363636363
21243,PINK  POLKADOT PLATE ,2282,3614.66,172,1.6747398843930636
22544,MINI JIGSAW SPACEBOY,9209,3613.4,261,0.4150381679389313
22788,BROCANTE COAT RACK,459,3609.95,68,9.79279411764706
21911,GARDEN METAL SIGN ,2374,3609.9,256,1.6453307392996108
21244,BLUE  SPOTTY PLATE ,2272,3609.28,179,1.6780662983425416
21899,"KEY FOB , GARAGE DESIGN",5785,3601.73,408,0.6482692307692308
22458,CAST IRON HOOK GARDEN FORK,1487,3599.61,151,2.5394039735099336
22843,BISCUIT TIN VINTAGE GREEN,573,3591.73,161,6.695889570552148
22775,PURPLE DRAWERKNOB ACRYLIC EDWARDIAN,2949,3590.06,182,1.2572340425531916
21913,VINTAGE SEASIDE JIGSAW PUZZLES,988,3590.02,204,3.7739024390243903
20754,RETROSPOT RED WASHING UP GLOVES,1804,3581.76,341,2.0916811594202898
22398,MAGNETS PACK OF 4 SWALLOWS,4186,3573.95,394,0.8960598503740648
23049,RECYCLED ACAPULCO MAT RED,435,3572.75,169,8.24526627218935
23092,LARGE ANTIQUE WHITE PHOTO FRAME,507,3568.26,125,7.80144
22245,"HOOK, 1 HANGER ,MAGIC GARDEN",4371,3563.55,273,0.8435611510791367
21042,RED RETROSPOT APRON ,637,3556.15,159,5.934049079754601
35924,HANGING FAIRY CAKE DECORATION,2003,3554.4,100,2.0211538461538465
22704,WRAP RED APPLES ,8650,3553.0,293,0.4189078498293515
23299,FOOD COVER WITH BEADS SET 2 ,977,3545.17,121,3.793471074380165
84598,BOYS ALPHABET IRON ON PATCHES,18241,3542.61,41,0.2060975609756097
22244,"HOOK, 3 HANGER ,MAGIC GARDEN",1919,3533.2499999999995,141,1.9308510638297876
20750, RED/WHITE DOT MINI CASES,478,3528.18,138,7.811
21181,PLEASE ONE PERSON  METAL SIGN,1787,3524.7000000000003,150,2.0768211920529804
22125,UNION JACK HOT WATER BOTTLE ,608,3514.6000000000004,157,5.925460122699387
22497,SET OF 2 TINS VINTAGE BATHROOM ,838,3511.5,205,4.245145631067961
22080,RIBBON REEL SPOTS DESIGN ,2157,3509.05,244,1.647560975609756
23236,STORAGE TIN VINTAGE DOILY ,1235,3502.15,158,2.9887500000000005
22353,LUNCH BOX WITH CUTLERY FAIRY CAKES ,1429,3498.15,217,2.537671232876712
70006,LOVE HEART POCKET WARMER,4184,3495.5,171,1.4014772727272726
23089,GLASS BON BON JAR,2135,3495.27,134,1.775839416058394
21499,BLUE POLKADOT WRAP,8675,3493.5,262,0.4162595419847328
22744,MAKE YOUR OWN MONSOON CARD KIT,1391,3489.49,254,2.7963320463320462
22057,CERAMIC PLATE STRAWBERRY DESIGN,2903,3484.35,173,1.3855491329479768
71477,COLOURED GLASS STAR T-LIGHT HOLDER,996,3474.88,42,3.98139534883721
23081,GREEN METAL BOX ARMY SUPPLIES,437,3474.39,111,8.34018018018018
22591,CARDHOLDER GINGHAM CHRISTMAS TREE,1284,3474.14,174,2.960285714285714
22118,JOY WOODEN BLOCK LETTERS,765,3466.03,243,4.730564516129032
23111,PARISIENNE SEWING BOX,296,3464.8,124,12.2816
22334,DINOSAUR PARTY BAG + STICKER SET,2196,3460.24,246,1.64856
23349,ROLL WRAP VINTAGE CHRISTMAS,2847,3450.39,246,1.245
84558A,3D DOG PICTURE PLAYING CARDS,1207,3445.4500000000003,169,2.947701149425287
23085,ANTIQUE SILVER BAUBLE LAMP  ,369,3437.7000000000003,72,10.069230769230767
23112,PARISIENNE CURIO CABINET,471,3437.3,183,7.453551912568306
85206A,CREAM FELT EASTER EGG BASKET,2148,3436.2,283,1.642334494773519
21992,VINTAGE PAISLEY STATIONERY SET,2064,3436.04,308,1.9305414012738853
23130,MISTLETOE HEART WREATH GREEN,838,3435.62,162,4.239876543209877
20692,FLORAL ELEPHANT SOFT TOY,879,3434.25,116,4.177966101694915
21743,STAR PORTABLE TABLE LIGHT ,1229,3433.55,139,2.924647887323944
23497,CLASSIC CHROME BICYCLE BELL ,2451,3431.35,170,1.4393142857142858
84968B,S/16 VINTAGE IVORY CUTLERY,276,3420.0,76,12.702631578947368
23194,GYMKHANA TREASURE BOOK BOX,1630,3417.83,156,2.2552201257861637
23535,WALL ART BICYCLE SAFETY,644,3412.52,120,5.89611570247934
21041,RED SPOTTY OVEN GLOVE DOUBLE,1232,3408.4,130,2.9349624060150377
21509,COWBOYS AND INDIANS BIRTHDAY CARD ,8455,3396.07,498,0.4177955911823647
23191,BUNDLE OF 3 RETRO NOTE BOOKS,2099,3393.35,240,1.6760162601626014
22320,BIRDS MOBILE VINTAGE DESIGN,578,3390.46,169,6.0083431952662725
22602,CHRISTMAS RETROSPOT HEART WOOD,4217,3384.77,241,0.8442570281124498
20748,KENSINGTON COFFEE SET,359,3371.25,114,12.162280701754383
22764,"RUSTIC WOODEN CABINET, GLASS DOORS",181,3362.57,24,23.5275
22356,"CHARLOTTE BAG , PINK/WHITE SPOTS",4216,3360.0,262,0.8425572519083969
84508A,CAMOFLAGE DESIGN TEDDY,1584,3358.8,42,2.4244186046511627
21717,EASTER TIN BUCKET,1405,3355.95,143,2.505944055944056
21238,RED RETROSPOT CUP,4175,3355.05,340,0.8473546511627907
22425,ENAMEL COLANDER CREAM,692,3352.01,240,4.953360995850622
23032,DRAWER KNOB CRACKLE GLAZE IVORY,2076,3348.6,177,1.6455801104972374
22047,EMPIRE GIFT WRAP,8225,3340.5,260,0.4179230769230769
48197,DOOR MAT BIRD ON THE WIRE,562,3337.8,121,7.03404958677686
23294,SET OF 6 SNACK LOAF BAKING CASES,4264,3336.94,291,0.8247796610169491
22478,BIRDHOUSE GARDEN MARKER ,2537,3336.85,216,1.2521296296296296
23552,BICYCLE PUNCTURE REPAIR KIT ,1730,3336.7200000000003,103,2.062181818181818
22743,MAKE YOUR OWN FLOWERPOWER CARD KIT,1309,3334.51,263,2.8716296296296298
47505,MINATURE COLOURED GARDENING SET,716,3331.7000000000003,160,4.848456790123457
22777,GLASS CLOCHE LARGE,420,3324.3500000000004,75,8.386666666666667
72807A,SET/3 ROSE CANDLE IN JEWELLED BOX,815,3320.31,137,4.215179856115108
23189,SET OF 12 FORK CANDLES,1215,3319.35,113,2.858421052631579
22314,OFFICE MUG WARMER CHOC+BLUE,1020,3315.5400000000004,180,3.553567567567568
23210,WHITE ROCKING HORSE HAND PAINTED,2750,3311.5,154,1.2435975609756096
22445,PENCIL CASE LIFE IS BEAUTIFUL,1138,3311.3,208,2.9947706422018348
84596B,SMALL DOLLY MIX DESIGN ORANGE BOWL,5484,3304.59,509,0.701937984496124
21067,VINTAGE RED TEATIME MUG,4517,3302.7200000000003,180,1.093756906077348
23571,TRADITIONAL NAUGHTS & CROSSES,2018,3300.9,216,1.6490950226244343
21500,PINK POLKADOT WRAP ,8125,3298.5,260,0.4165384615384615
23156,SET OF 5 MINI GROCERY MAGNETS,1631,3297.2200000000003,184,2.0946236559139786
18097C,WHITE TALL PORCELAIN T-LIGHT HOLDER,1534,3293.7,159,2.5075
22962,JAM JAR WITH PINK LID,4141,3293.65,257,0.8439534883720929
21787,RAIN PONCHO WITH RED SPOTS,4462,3288.7,118,0.8281512605042016
21556,CERAMIC STRAWBERRY MONEY BOX,1370,3281.1,174,2.5381355932203387
23091,ZINC HERB GARDEN CONTAINER,535,3279.82,187,6.293191489361702
22536,MAGIC DRAWING SLATE PURDEY,8378,3265.56,313,0.4161801242236024
23009,I LOVE LONDON BABY GIFT SET,209,3262.55,61,16.425409836065572
22807,SET OF 6 T-LIGHTS TOADSTOOLS,1192,3257.0400000000004,183,2.850744680851064
23332,IVORY WICKER HEART LARGE,1979,3255.75,267,1.6485507246376812
22778,GLASS CLOCHE SMALL,890,3255.66,143,3.886107382550336
21902,"KEY FOB , FRONT  DOOR ",5225,3244.59,408,0.6598584905660378
22603,CHRISTMAS RETROSPOT TREE WOOD,3949,3239.65,301,0.8647249190938511
21559,STRAWBERRY LUNCHBOX WITH CUTLERY,1402,3236.7,153,2.521153846153846
22355,"CHARLOTTE BAG , SUKI DESIGN",4072,3233.7,234,0.8366666666666667
84352,SILVER CHRISTMAS TREE BAUBLE STAND ,198,3232.1,118,16.72966101694915
20983,12 PENCILS TALL TUBE RED RETROSPOT,3807,3229.71,336,0.8496275071633237
84580,MOUSE TOY WITH PINK T-SHIRT,860,3228.8,312,3.755956112852665
21794,CLASSIC FRENCH STYLE BASKET NATURAL,677,3226.87,152,5.299144736842106
21917,SET 12 KIDS  WHITE CHALK STICKS,7892,3226.38,381,0.4230129870129869
22967,SET 3 SONG BIRD PAPER EGGS ASSORTED,1159,3224.65,131,2.9286259541984734
22440,BALLOON WATER BOMB PACK OF 35,8296,3224.52,258,0.41796992481203
22353,LUNCHBOX WITH CUTLERY FAIRY CAKES ,1371,3215.25,154,2.526923076923077
22352,LUNCHBOX WITH CUTLERY RETROSPOT ,1359,3214.35,191,2.468814432989691
22461,SAVOY ART DECO CLOCK,394,3214.3,130,10.863846153846154
23013,GLASS APOTHECARY BOTTLE TONIC,865,3211.09,180,3.885580110497238
22765,NEWSPAPER STAND,300,3210.3,42,14.471666666666666
21732,RED HANGING METAL STAR TLIGHT HLDR,923,3199.17,56,3.681724137931034
22769,CHALKBOARD KITCHEN ORGANISER,164,3198.8,35,24.290285714285712
22589,CARDHOLDER GINGHAM STAR,1225,3197.39,197,2.724321608040201
20675,BLUE SPOTTY BOWL,2700,3197.16,258,1.2411969111969112
23230,WRAP ALPHABET DESIGN,7925,3196.5,232,0.4173275862068965
21349,IVY HEART WREATH,492,3193.0,127,6.7
21211,SET OF 72 SKULL PAPER  DOILIES,2321,3192.65,184,1.4456756756756757
21112,"SWISS ROLL TOWEL, PINK  SPOTS",1411,3190.4500000000003,101,2.7137254901960786
22312,OFFICE MUG WARMER POLKADOT,995,3186.7900000000004,188,3.4635449735449737
23426,METAL SIGN DROP YOUR PANTS,1230,3186.78,171,2.854450867052023
20966,SANDWICH BATH SPONGE,2576,3182.0,232,1.2491949152542372
20702,PINK PADDED MOBILE,758,3178.0,237,4.235416666666667
21584,RETRO SPOT SMALL TUBE MATCHES,2001,3176.85,128,1.6469696969696968
21845,DAIRY MAID STRIPE MUG,2419,3176.05,144,1.8861111111111115
21993,FLORAL FOLK STATIONERY SET,2051,3171.4,282,1.8304210526315787
23127,FELTCRAFT GIRL NICOLE KIT,645,3169.79,170,4.97
22822,CREAM WALL PLANTER HEART SHAPED,562,3169.41,168,5.93526627218935
22459,CAST IRON HOOK GARDEN TROWEL,1336,3164.96,148,2.5354
20886,BOX OF 9 PEBBLE CANDLES,1686,3161.4,244,1.937951807228916
22579,WOODEN TREE CHRISTMAS SCANDINAVIAN,6566,3161.14,457,0.5830543933054393
84356,POMPOM CURTAIN,660,3155.0,94,6.056382978723405
23350,ROLL WRAP VINTAGE SPOT ,2584,3154.4,246,1.2466666666666668
22356,CHARLOTTE BAG PINK WITH WHITE SPOTS,3952,3151.2,246,0.8410162601626016
21469,POLKA DOT RAFFIA FOOD COVER,1091,3148.16,176,3.681306818181818
23239,SET OF 4 KNICK KNACK TINS POPPIES,812,3142.4,155,3.90506329113924
21648,ASSORTED TUTTI FRUTTI SMALL PURSE,2612,3141.88,120,1.2390983606557375
23388,WOODLAND MINI BACKPACK,784,3133.6000000000004,133,4.137969924812031
85040A,S/4 PINK FLOWER CANDLES IN BOWL,1905,3131.09,314,1.6724924012158056
22059,CERAMIC STRWBERRY DESIGN MUG,2269,3130.25,166,1.4749142857142858
22700,BLACK AND WHITE DOG BOWL,1377,3114.27,92,2.640217391304348
21054,NURSE'S BAG SOFT TOY,350,3112.5,163,8.94390243902439
21500,PINK SPOTS  WRAP ,7725,3102.5,229,0.4161572052401746
79323GR,GREEN CHERRY LIGHTS,524,3100.2000000000003,76,6.493421052631579
22494,EMERGENCY FIRST AID TIN ,2502,3099.4,294,1.2888215488215486
22702,BLACK AND WHITE CAT BOWL,1573,3097.8,82,1.9385542168674696
21154,RED SPOTTY OVEN GLOVE ,2556,3095.44,249,1.2470196078431373
23308,SET OF 60 VINTAGE LEAF CAKE CASES ,5955,3091.61,305,0.5637820512820513
22902,TOTE BAG I LOVE LONDON,1610,3091.54,140,2.059577464788733
20992,JAZZ HEARTS PURSE NOTEBOOK,6030,3069.62,377,0.5896455696202532
23353,6 GIFT TAGS VINTAGE CHRISTMAS ,3726,3068.82,253,0.8295719844357976
22059,CERAMIC STRAWBERRY DESIGN MUG,2534,3064.38,199,1.3533492822966509
21830,ASSORTED CREEPY CRAWLIES,7387,3059.95,225,0.4261674008810572
21986,PACK OF 12 PINK SPOT TISSUES ,8151,3058.93,155,0.2922929936305732
21466,RED FLOWER CROCHET FOOD COVER,823,3057.89,240,3.798298755186722
22531,MAGIC DRAWING SLATE CIRCUS PARADE  ,7504,3053.76,332,0.4196439169139465
22475,SKULL DESIGN TV DINNER TRAY,690,3052.9,200,4.7642364532019705
22122,SET OF 2 FANCY FONT TEA TOWELS,1053,3042.3500000000004,156,2.9475155279503107
84975,HEART SHAPED MIRROR,1923,3041.07,167,1.6757988165680473
21179,NO JUNK MAIL METAL SIGN,4039,3040.07,359,0.982907608695652
23168,CLASSIC CAFE SUGAR DISPENSER,2633,3037.1,208,1.2297619047619048
21588,RETRO SPOT GIANT  TUBE MATCHES,1295,3034.9500000000003,102,2.5240384615384617
23342,MINT DINER WALL CLOCK,363,3034.5,154,8.483441558441559
21364,PEACE SMALL WOOD LETTERS,439,3031.65,144,6.752638888888889
22076,6 RIBBONS EMPIRE  ,2100,3030.42,240,1.5456378600823044
37410,BLACK AND WHITE PAISLEY FLOWER MUG,25685,3019.57,18,1.045
21351,CINAMMON & ORANGE WREATH,986,3018.7,135,5.231751824817518
23253,16 PIECE CUTLERY SET PANTRY DESIGN,210,3018.3,46,15.65
21707,"FOLDING UMBRELLA , BLACK/BLUE  SPOT",768,3015.6,62,4.648387096774194
37501,TEA TIME TEA SET IN GIFT BOX,436,3006.2000000000003,146,6.943150684931507
22863,SOAP DISH BROCANTE,1070,3002.9,148,2.928523489932886
85232D,SET/3 DECOUPAGE STACKING TINS,633,2998.95,175,4.926
22732,3D VINTAGE CHRISTMAS STICKERS ,2407,2995.59,205,1.3051674641148323
22862,LOVE HEART NAPKIN BOX ,708,2993.0,184,4.247326203208556
20681,PINK SPOTTY CHILDS UMBRELLA,949,2991.25,175,3.238636363636364
22136,LOVE HEART SOCK HANGER,1882,2990.1,191,1.643877551020408
22366,DOOR MAT AIRMAIL ,427,2988.53,114,7.327017543859648
23065,LARGE DECO JEWELLERY STAND,246,2977.8,88,12.46931818181818
21936,RED/WHITE SPOT PICNIC BAG,1091,2974.45,82,2.911904761904762
21473,SWEETHEART CREAM STEEL TABLE RECT,149,2972.55,86,19.95
23237,SET OF 4 KNICK KNACK TINS LEAF,739,2970.85,116,4.136206896551725
23346,SPACEBOY BEAKER,2567,2970.75,138,1.2439285714285715
22176,BLUE OWL SOFT TOY,1027,2968.05,216,2.942660550458716
22477,WATERING CAN GARDEN MARKER,2243,2967.45,183,1.2514754098360656
22402,MAGNETS PACK OF 4 VINTAGE COLLAGE,3398,2962.81,239,0.8713991769547325
21477,STRING OF 20 ROSE LIGHTS,262,2962.5,37,12.458108108108108
22107,PIZZA PLATE IN BOX,841,2957.3,185,3.659206349206349
23323,WHITE WICKER STAR ,1422,2954.7000000000003,270,2.096402877697842
23014,GLASS APOTHECARY BOTTLE ELIXIR,798,2951.78,160,3.907901234567901
21864,UNION JACK FLAG PASSPORT COVER ,1483,2947.02,259,2.084528301886792
22965,3 TRADITIONAl BISCUIT CUTTERS  SET,1423,2946.92,218,2.124383561643836
21333,CLASSIC WHITE FRAME,1007,2946.65,197,2.943908629441625
22406,MONEY BOX KINGS CHOICE DESIGN,2380,2942.78,171,1.2328323699421966
21829,DINOSAUR KEYRINGS ASSORTED,14192,2940.03,300,0.2105960264900662
23236,DOILEY STORAGE TIN,1082,2934.98,112,2.8652212389380534
48189,DOOR MAT FRIENDSHIP ,431,2934.31,149,7.14248322147651
84849B,FAIRY SOAP SOAP HOLDER,1819,2932.99,226,1.6825991189427312
22774,RED DRAWER KNOB ACRYLIC EDWARDIAN,2483,2918.71,135,1.2436029411764706
22194,BLACK DINER WALL CLOCK,353,2918.05,142,8.458098591549296
84837,WHITE SWEETHEARTS CABINET 4 DRAWERS,239,2915.25,133,12.615671641791044
21812,GARLAND WITH HEARTS AND BELLS,597,2913.15,124,4.9332
22428,ENAMEL FIRE BUCKET CREAM,421,2910.9300000000003,158,6.980062893081761
23461,SWEETHEART BIRD HOUSE,829,2908.55,83,4.135955056179776
21467,CHERRY CROCHET FOOD COVER,951,2905.27,212,3.734205607476635
23188,VINTAGE  2 METER FOLDING RULER,1775,2902.4700000000003,155,1.678789808917197
22313,OFFICE MUG WARMER PINK,952,2899.54,106,3.3494444444444444
21240,BLUE POLKADOT CUP,3655,2898.75,270,0.8423529411764706
22733,3D TRADITIONAL CHRISTMAS STICKERS,2296,2893.04,217,1.3036486486486487
22347,PIZZA SLICE DISH,2605,2891.4500000000003,74,1.2294594594594594
21041,RED RETROSPOT OVEN GLOVE DOUBLE,996,2890.2000000000003,200,2.948019801980198
21055,TOOL BOX SOFT TOY ,316,2889.64,176,9.210338983050846
23242,TREASURE TIN BUFFALO BILL ,1430,2886.0800000000004,187,2.0739473684210528
21592,RETROSPOT CIGAR BOX MATCHES ,2760,2885.46,279,1.1584375
21705,BAG 500g SWIRLY MARBLES,2401,2883.21,183,1.5597849462365592
21447,12 IVORY ROSE PEG PLACE SETTINGS,2377,2882.33,228,1.2467381974248928
21584,RETROSPOT SMALL TUBE MATCHES,1761,2881.65,219,1.6482758620689657
82578,KITCHEN METAL SIGN,5391,2879.3500000000004,544,0.553768115942029
21519,GIN & TONIC DIET GREETING CARD ,7017,2868.66,436,0.4139588100686499
21100,CHARLIE AND LOLA CHARLOTTE BAG,2221,2864.05,159,1.5760625
23035,DRAWER KNOB CERAMIC IVORY,2035,2863.39,165,1.453855421686747
21537,RED RETROSPOT PUDDING BOWL,686,2862.5,162,4.237951807228916
23393,HOME SWEET HOME CUSHION COVER ,763,2861.25,201,3.75
22794,SWEETHEART WIRE MAGAZINE RACK,362,2851.5,183,7.93688524590164
22309,TEA COSY RED  STRIPE,1208,2850.93,169,2.5713529411764706
15039,SANDALWOOD FAN,4146,2848.9,180,0.8306593406593407
21192,WHITE BELL HONEYCOMB PAPER ,1845,2842.25,113,1.6298319327731092
22172,METAL SHELF WITH RAIL ,339,2839.0,156,8.472929936305732
23390,DOLLY GIRL MINI BACKPACK,713,2838.9500000000003,144,4.139115646258504
84968D,S/16 VINTAGE RED CUTLERY,253,2836.95,17,12.43235294117647
23283,DOORMAT VINTAGE LEAVES DESIGN ,426,2833.7000000000003,88,7.66625
18098C,PORCELAIN BUTTERFLY OIL BURNER,1123,2832.8500000000004,177,2.891304347826087
85049D,BRIGHT BLUES RIBBONS ,2283,2826.39,372,1.2494986807387862
22071,SMALL WHITE RETROSPOT MUG IN BOX ,1125,2825.37,159,3.689565217391304
84279B,CHERRY BLOSSOM DECORATIVE FLASK,777,2820.15,188,3.7289361702127657
21206,STRAWBERRY HONEYCOMB  GARLAND ,2058,2819.7,190,1.6083333333333334
21990,MODERN FLORAL STATIONERY SET,1786,2818.3,233,1.805169491525424
22154,ANGEL DECORATION 3 BUTTONS ,6808,2816.16,227,0.4194979079497907
22944,CHRISTMAS METAL POSTCARD WITH BELLS,4185,2813.03,102,0.8347663551401869
23182,TOILET SIGN OCCUPIED OR VACANT,3378,2807.69,254,0.8792635658914728
22037,ROBOT BIRTHDAY CARD,6751,2806.0,474,0.4201052631578947
22972,CHILDREN'S SPACEBOY MUG,1722,2802.26,186,1.653422459893048
21706,"FOLDING UMBRELLA , RED/WHITE SPOT",900,2799.0,90,4.516666666666667
21354,TOAST ITS - BEST MUM,2401,2797.25,169,1.2229411764705882
23329,DECORATIVE WICKER HEART LARGE,1701,2794.65,215,1.6482758620689657
22710,WRAP I LOVE LONDON ,7104,2787.68,168,0.4158333333333333
84909A,PINK PAISLEY QUILT ,208,2784.8,29,17.329310344827586
21507,"ELEPHANT, BIRTHDAY CARD, ",6890,2782.92,398,0.4160902255639097
22712,CARD DOLLY GIRL ,7009,2777.73,345,0.4277101449275362
23056,FLOWERS CHANDELIER T-LIGHT HOLDER,863,2770.91,36,6.1529729729729725
47504K,ENGLISH ROSE GARDEN SECATEURS,2580,2769.64,263,1.3644776119402986
21796,SET OF 3 RED STRIPE BASKETS,323,2769.44,66,12.660757575757575
84279P,CHERRY BLOSSOM  DECORATIVE FLASK,749,2762.67,215,3.7316666666666665
21626,VINTAGE UNION JACK PENNANT,1415,2759.25,159,1.95
23290,SPACEBOY CHILDRENS BOWL,2367,2757.15,174,1.2419540229885058
21239,PINK  SPOTTY CUP,3390,2756.7,296,0.8456521739130435
85114B,IVORY ENCHANTED FOREST PLACEMAT,1753,2756.45,157,1.6424050632911391
23345, DOLLY GIRL BEAKER,2394,2754.5,133,1.2437037037037038
23354,6 GIFT TAGS 50'S CHRISTMAS ,3343,2750.9300000000003,261,0.8295910780669145
22925,BLUE GIANT GARDEN THERMOMETER,465,2743.77,171,5.982034883720931
22674,FRENCH TOILET SIGN BLUE METAL,2267,2741.48,243,1.2510569105691056
23051,RECYCLED ACAPULCO MAT BLUE,335,2741.35,133,8.237969924812031
22095,LADS ONLY TISSUE BOX,2820,2741.16,188,0.8948979591836735
22955,36 FOIL STAR CAKE CASES ,1404,2740.04,156,2.0379754601227
22963,JAM JAR WITH GREEN LID,3450,2733.6,220,0.8435294117647059
22480,RED TEA TOWEL CLASSIC DESIGN,2272,2730.56,245,1.245421686746988
21820,GLITTER HEART GARLAND WITH BELLS ,740,2724.71,134,3.763840579710145
84813,SET OF 4 DIAMOND NAPKIN RINGS,379,2722.47,69,10.521159420289855
16161U,WRAP SUKI AND FRIENDS,6676,2721.92,208,0.4185576923076923
22285,"DECORATION HEN ON NEST, HANGING",1837,2718.4500000000003,125,1.640384615384615
22067,CHOC TRUFFLE GOLD TRINKET POT ,1765,2717.13,180,1.6
22242,5 HOOK HANGER MAGIC TOADSTOOL,1757,2707.05,96,1.6355670103092783
22757,LARGE RED BABUSHKA NOTEBOOK ,2532,2703.73,223,1.1777433628318583
21272,SALLE DE BAIN HOOK,2179,2703.11,230,1.2497021276595746
21328,BALLOONS  WRITING SET ,1632,2691.4,374,1.6662105263157894
23190,BUNDLE OF 3 SCHOOL EXERCISE BOOKS  ,1678,2691.14,179,1.651333333333333
21949,SET OF 6 STRAWBERRY CHOPSTICKS,2343,2682.79,135,1.2670370370370372
22949,36 DOILIES DOLLY GIRL,1929,2681.85,131,1.446946564885496
22667,RECIPE BOX RETRO SPOT DESIGN,952,2674.0000000000005,175,2.938636363636364
22162,HEART GARLAND RUSTIC PADDED,925,2671.15,133,2.9471014492753627
21728,METAL MEDINA LANTERN ,294,2670.6,36,12.386111111111113
84510A,SET OF 4 ENGLISH ROSE COASTERS,2166,2670.54,307,1.2598709677419355
22990,COTTON APRON PANTRY DESIGN,602,2670.54,140,4.760140845070423
23147,SINGLE ANTIQUE ROSE HOOK IVORY,1843,2669.95,250,1.449212598425197
21682,LARGE MEDINA STAMPED METAL BOWL ,548,2667.21,141,4.980567375886524
90057,DIAMANTE RING ASSORTED IN BOX.,1800,2660.88,34,1.6276470588235294
22066,LOVE HEART TRINKET POT,3406,2654.64,254,1.014846153846154
84968A,SET OF 16 VINTAGE ROSE CUTLERY,218,2649.9,68,12.671739130434784
22436,12 COLOURED PARTY BALLOONS,4157,2637.85,255,0.6538461538461539
21329,DINOSAURS  WRITING SET ,1615,2635.99,369,1.6639733333333333
23427,STOOL HOME SWEET HOME ,227,2635.9,106,12.30373831775701
22754,SMALL RED BABUSHKA NOTEBOOK ,3671,2635.81,379,0.806151832460733
22277,COSMETIC BAG VINTAGE ROSE PAISLEY,1303,2633.42,189,2.134842105263158
23211,RED ROCKING HORSE HAND PAINTED,2206,2631.5,116,1.2411016949152542
21360,JOY LARGE WOOD LETTERS,433,2631.35,92,9.241847826086955
22482,BLUE TEA TOWEL CLASSIC DESIGN,2233,2627.09,201,1.2416585365853658
22755,SMALL PURPLE BABUSHKA NOTEBOOK ,3543,2624.6,395,0.8190322580645161
84596F,SMALL MARSHMALLOWS PINK BOWL,4174,2623.46,410,0.7151551312649164
21765,HANGING METAL BIRD BATH,338,2613.9,119,7.900413223140497
21508,VINTAGE KID DOLLY CARD ,6472,2611.57,409,0.4152078239608802
21683,MEDIUM MEDINA STAMPED METAL BOWL ,910,2607.7000000000003,132,2.9439849624060157
22046,TEA PARTY  WRAPPING PAPER ,6350,2603.0,207,0.4184541062801932
22675,FRENCH KITCHEN SIGN BLUE METAL,2146,2599.91,226,1.2775545851528385
22671,FRENCH LAUNDRY SIGN BLUE METAL,1618,2599.46,190,1.681204188481675
22167,"WALL MIRROR , DIAMANTE OVAL SHAPE",387,2591.85,99,9.321
23053,RECYCLED ACAPULCO MAT PINK,318,2589.9,129,8.231395348837209
21897,POTTING SHED CANDLE CITRONELLA,857,2588.27,100,2.9407843137254908
85049B,LUSH GREENS RIBBONS,2092,2585.36,317,1.2488087774294672
85183B,CHARLIE & LOLA WASTEPAPER BIN FLORA,1696,2583.5,154,2.0251612903225804
22473,TV DINNER TRAY VINTAGE PAISLEY,732,2580.44,166,4.595722891566265
22177,5 HOOK BLACKBOARD ORGANISER ,300,2579.64,102,9.87529411764706
23164,REGENCY CAKE SLICE,564,2579.21,80,4.922625
21214,SET OF 72 IVORY PAPER DOILIES,1884,2578.2,125,1.4421259842519685
22696,WICKER WREATH LARGE,1360,2577.26,245,1.967619047619048
21439,BASKET OF TOADSTOOLS,2123,2576.23,162,1.2488484848484849
79164,BLACK WINE GLASS,3624,2573.76,67,1.2999999999999998
85132B,CHARLIE AND LOLA TABLE TINS,893,2573.35,100,4.39
21589,SWALLOW GIANT TUBE MATCHES,1115,2573.25,86,2.503448275862069
23534,STOP FOR TEA WALL ART,518,2572.7,41,5.775853658536586
21096,SET/6 FRUIT SALAD  PAPER PLATES,15776,2572.34,101,0.5442574257425743
22080,RIBBON REEL POLKADOTS ,1588,2572.2,194,1.647969543147208
22145,CHRISTMAS CRAFT HEART STOCKING ,1260,2566.0,169,2.091329479768786
85049F,BABY BOOM RIBBONS ,2074,2565.14,295,1.2493666666666667
22828,REGENCY MIRROR WITH SHUTTERS,17,2565.0,11,154.0909090909091
23212,HEART WREATH DECORATION WITH BELL,2163,2562.63,144,1.238724832214765
23100,SILVER BELLS TABLE DECORATION,2090,2562.1,213,1.246164383561644
22773,GREEN DRAWER KNOB ACRYLIC EDWARDIAN,2106,2561.46,170,1.2504597701149427
22572,ROCKING HORSE GREEN CHRISTMAS ,3115,2560.39,264,0.846690909090909
21788,KIDS RAIN MAC BLUE,3213,2559.03,174,0.8476795580110498
23395,BELLE JARDINIERE CUSHION COVER,683,2555.73,175,3.7473863636363633
21499,BLUE SPOTS  WRAP,6350,2555.0,196,0.4167346938775509
22519,CHILDS GARDEN BRUSH PINK,1320,2554.98,203,2.0779024390243905
22372,AIRLINE BAG VINTAGE WORLD CHAMPION ,526,2554.08,228,4.944649122807017
21742,LARGE ROUND WICKER PLATTER ,429,2552.55,189,5.95
21240,BLUE  SPOTTY CUP,3123,2542.23,298,0.846086956521739
22905,CALENDAR IN SEASON DESIGN,935,2541.6400000000003,143,2.852013888888889
37340,MULTICOLOUR SPRING FLOWER MUG,13083,2539.31,95,0.5329166666666666
20956,PORCELAIN T-LIGHT HOLDERS ASSORTED,2120,2538.43,140,1.2639310344827588
22349,"DOG BOWL , CHASING BALL DESIGN",695,2537.13,118,3.722542372881356
21980,PACK OF 12 RED RETROSPOT TISSUES ,8425,2533.77,345,0.3173121387283237
22762,CUPBOARD 3 DRAWER MA CAMPAGNE,177,2531.75,107,14.785514018691588
20985,HEART CALCULATOR,2131,2531.53,216,1.2602678571428572
23266,SET OF 3 WOODEN STOCKING DECORATION,1964,2529.64,274,1.3111301369863015
23146,TRIPLE HOOK ANTIQUE IVORY ROSE,778,2526.02,211,3.2825233644859817
22208,WOOD STAMP SET THANK YOU,2082,2525.87,311,1.2248902821316614
82600,N0 SINGING METAL SIGN,1197,2523.78,35,2.091142857142857
22132,RED LOVE HEART SHAPE CUP,3044,2521.88,238,0.85
22415,WHITE TISSUE REAM,317,2520.15,204,7.95
84012,MAGIC SHEEP WOOL GROWING FROM PAPER,1781,2516.75,155,1.6448717948717946
22518,CHILDS GARDEN BRUSH BLUE,1304,2515.38,201,2.076336633663366
22930,BAKING MOULD HEART MILK CHOCOLATE,1040,2513.12,145,2.5655479452054792
22179,SET 10 NIGHT OWL LIGHTS,388,2510.34,101,6.759126213592234
21688,SILVER PLATE CANDLE BOWL SMALL,850,2507.5000000000005,108,2.95
22974,CHILDRENS DOLLY GIRL MUG,1550,2502.54,163,1.6851219512195124
23333,IVORY WICKER HEART MEDIUM,2009,2498.65,216,1.248141592920354
84944,SET OF 6 KASHMIR FOLKART BAUBLES,911,2493.75,149,3.2513245033112583
21111,"SWISS ROLL TOWEL, CHOCOLATE  SPOTS",1208,2493.3,128,2.621538461538462
22152,PLACE SETTING WHITE STAR,6129,2493.11,219,0.424273127753304
21327,SKULLS WRITING SET ,1512,2492.4,333,1.649406528189911
84519A,TOMATO CHARLIE+LOLA COASTER SET,1139,2488.8900000000003,158,2.340759493670886
84849D,HOT BATHS SOAP HOLDER,1518,2484.78,227,1.6868421052631577
21923,RED/CREAM STRIPE FRINGE HAMMOCK,325,2483.75,108,7.875925925925926
22200,FRYING PAN PINK POLKADOT ,600,2483.0,120,4.229166666666667
84968C,S/16 VINTAGE PISTACHIO CUTLERY,215,2482.05,30,12.63
22365,DOOR MAT RESPECTABLE HOUSE,358,2479.86,104,7.296538461538462
21239,PINK  POLKADOT CUP,3090,2477.52,255,0.8464591439688716
22927,GREEN GIANT GARDEN THERMOMETER,428,2474.6,140,5.935714285714286
22664,TOY TIDY DOLLY GIRL DESIGN,1304,2474.38,178,2.1019662921348314
22028,PENNY FARTHING BIRTHDAY CARD,6083,2474.29,365,0.4231147540983606
85035C,ROSE 3 WICK MORRIS BOX CANDLE,1302,2470.82,168,2.938735632183908
21486,PINK HEART DOTS HOT WATER BOTTLE,841,2466.87,168,3.628235294117647
21188,3D HEARTS  HONEYCOMB PAPER GARLAND,856,2463.6000000000004,94,2.9295918367346943
21171,BATHROOM METAL SIGN ,1810,2461.3,226,1.4244493392070483
22576,SWALLOW WOODEN CHRISTMAS DECORATION,2905,2456.77,243,0.87
21465,PINK FLOWER CROCHET FOOD COVER,695,2456.36,157,3.768535031847133
22479,DAISY GARDEN MARKER,1832,2453.7,154,1.251741935483871
21422,PORCELAIN ROSE SMALL,3056,2448.36,107,0.8716666666666667
47480,HANGING PHOTO CLIP ROPE LADDER,1556,2441.68,99,1.7518181818181815
22073,RETRO SPOT STORAGE JAR,675,2439.09,120,3.714878048780488
22816,CARD MOTORBIKE SANTA,5948,2438.4,299,0.4176079734219268
21224,SET/4 SKULL BADGES,1956,2437.4,207,1.2472985781990522
22449,SILK PURSE BABUSHKA PINK,729,2437.08,157,3.336289308176101
23681,LUNCH BAG RED VINTAGE DOILY,1547,2432.55,118,1.641596638655462
22439,6 ROCKET BALLOONS ,3699,2431.95,307,0.6707006369426751
22914,BLUE COAT RACK PARIS FASHION,529,2429.19,149,4.925466666666667
15044C,PURPLE PAPER PARASOL,862,2428.5,160,2.932608695652174
23407,SET OF 2 TRAYS HOME SWEET HOME,248,2426.72,118,9.925254237288136
22792,FLUTED ANTIQUE CANDLE HOLDER,2951,2421.25,171,0.8606432748538011
22291,"SPRING DEC , HANGING CHICK CREAM",1872,2419.2,118,1.405371900826446
22503,CABIN BAG VINTAGE PAISLEY,105,2417.15,35,26.92142857142857
79320,FLAMINGO LIGHTS,527,2416.85,76,4.8578947368421055
22081,RIBBON REEL FLORA + FAUNA ,1455,2411.87,212,1.6873831775700934
21324,HANGING MEDINA LANTERN SMALL,938,2410.7000000000003,126,2.9269531250000003
21821,GLITTER STAR GARLAND WITH BELLS ,651,2408.85,107,3.740091743119266
22650,CERAMIC PIRATE CHEST MONEY BANK,1689,2403.45,221,1.4455156950672643
23542,WALL ART 70'S ALPHABET ,334,2399.58,55,8.062000000000001
85041,SET/4 PINK ORCHID CANDLES IN BOWL,1818,2397.78,79,1.6186585365853656
21653,GLASS ETCHED T-LIGHT HOLDER LARGE,1203,2397.3,100,2.080769230769231
23264,SET OF 3 WOODEN SLEIGH DECORATIONS,1842,2396.7,249,1.3229924242424242
21693,SMALL HAMMERED SILVER CANDLEPOT ,810,2387.1000000000004,99,2.945959595959596
22202,MILK PAN PINK RETROSPOT,660,2385.7200000000003,116,3.7284615384615383
22500,SET OF 2 TINS JARDIN DE PROVENCE,553,2383.85,177,4.551123595505618
23535,BICYCLE SAFTEY WALL ART,458,2371.94,39,5.782307692307692
21792,CLASSIC FRENCH STYLE BASKET GREEN ,478,2368.1,132,5.598484848484849
22891,TEA FOR ONE POLKADOT,549,2362.01,155,4.497741935483871
22937,BAKING MOULD CHOCOLATE CUPCAKES,915,2358.89,133,2.6142647058823525
22651,GENTLEMAN SHIRT REPAIR KIT ,2923,2356.63,150,0.8756578947368421
22419,LIPSTICK PEN RED,5641,2350.86,287,0.432406779661017
21898,POTTING SHED ROSE CANDLE,760,2349.88,88,2.950652173913044
21813,GARLAND WITH STARS AND BELLS,484,2345.4,87,4.926404494382022
22197,"POPCORN HOLDER , SMALL ",3070,2344.3,81,0.8373170731707317
23292,SPACEBOY CHILDRENS CUP,1951,2343.07,159,1.2651875
22146,EASTER CRAFT IVY WREATH WITH CHICK,1343,2342.85,99,1.9113861386138613
22231,JIGSAW TREE WITH BIRDHOUSE,1948,2340.58,220,1.1977678571428572
84754,S/15 SILVER GLASS BAUBLES IN BAG,1958,2338.06,161,1.2431736526946109
21204,DAISIES  HONEYCOMB GARLAND ,1478,2337.9,144,1.6404109589041096
22540,MINI JIGSAW CIRCUS PARADE ,6063,2337.06,151,0.4154304635761589
22217,T-LIGHT HOLDER HANGING LACE,2176,2336.02,172,1.150632183908046
82597,BOMBS AWAY METAL SIGN,1153,2332.74,163,2.082606060606061
23131,MISTLETOE HEART WREATH CREAM,575,2332.13,103,4.2142307692307694
22939,APRON APPLE DELIGHT,492,2330.4,112,4.93125
22315,200 RED + WHITE BENDY STRAWS,1930,2325.86,296,1.2461744966442954
21191,LARGE WHITE HONEYCOMB PAPER BELL  ,1210,2323.7000000000003,115,2.068189655172414
22495,SET OF 2 ROUND TINS CAMEMBERT ,879,2322.3300000000004,189,2.8193193717277487
51014C,"FEATHER PEN,COAL BLACK",3843,2321.47,175,0.6531250000000001
22818,CARD CHRISTMAS VILLAGE,5574,2319.48,288,0.4189583333333333
23341,PINK DINER WALL CLOCK,281,2317.1,98,8.456632653061224
22270,HAPPY EASTER HANGING DECORATION,631,2314.41,129,3.741940298507463
22811,SET OF 6 T-LIGHTS CACTI ,891,2310.9300000000003,69,2.992142857142857
21924,BLUE/CREAM STRIPE FRINGE HAMMOCK,304,2307.8,112,7.870353982300885
22155,STAR DECORATION RUSTIC,5487,2304.54,221,0.42
85206B,PINK FELT EASTER EGG BASKET,1474,2303.3,162,1.6377300613496932
22613,PACK OF 20 SPACEBOY NAPKINS,2962,2302.48,226,0.8442241379310345
37502,TEA TIME MUG IN GIFT BOX,806,2300.9,148,2.942
22758,LARGE PURPLE BABUSHKA NOTEBOOK  ,2292,2299.64,221,1.168125
21948,SET OF 6 CAKE CHOPSTICKS,1990,2298.31,114,1.318695652173913
84509F,SET OF 4 NEW ENGLAND PLACEMATS,2744,2298.0,33,3.659090909090909
21686,MEDINA STAMPED METAL STOOL,61,2296.9500000000003,29,39.08793103448277
23570,TRADITIONAL PICK UP STICKS GAME ,1836,2295.0,231,1.25
85036A,GARDENIA 1 WICK MORRIS BOXED CANDLE,605,2293.17,155,3.970993788819876
22911,PAPER CHAIN KIT LONDON,817,2292.99,143,2.955874125874126
22789,T-LIGHT HOLDER SWEETHEART HANGING,1201,2292.09,180,1.9741304347826087
20668,DISCO BALL CHRISTMAS DECORATION,20550,2292.04,309,0.1186624203821656
84912A,PINK ROSE WASHBAG,891,2291.25,97,3.732142857142857
21747,SMALL SKULL WINDMILL,1983,2289.03,128,1.2396124031007751
22581,WOOD STOCKING CHRISTMAS SCANDISPOT,2998,2282.28,263,0.8076470588235294
21431,GREEN GINGHAM FLOWER JEWELLERY BOX,1412,2281.8,225,1.6482300884955752
84968E,S/16 VINTAGE BLACK CUTLERY,199,2278.05,27,12.55
21784,SHOE SHINE BOX ,231,2275.25,135,9.93925925925926
23437, 50'S CHRISTMAS GIFT BAG LARGE,1885,2272.25,109,1.2480733944954128
22933,BAKING MOULD EASTER EGG MILK CHOC,876,2272.2000000000003,91,2.922826086956522
21642,ASSORTED TUTTI FRUTTI PEN,4217,2270.85,184,0.6241752577319587
23412,HEART MIRROR ANTIQUE WHITE,351,2269.14,71,7.394583333333333
22805,BLUE DRAWER KNOB ACRYLIC EDWARDIAN,1848,2266.68,148,1.2461486486486486
21464,DISCO BALL ROTATOR BATTERY OPERATED,534,2265.5,214,4.2453271028037385
23526,WALL ART DOG LICENCE ,474,2265.18,62,5.846507936507936
21973,SET OF 36 MUSHROOM PAPER DOILIES,1614,2253.9,161,1.4413043478260867
84795C,OCEAN STRIPE HAMMOCK ,294,2253.3,105,7.893396226415095
85015,SET OF 12  VINTAGE POSTCARD SET,2709,2250.87,144,1.3216666666666663
23048,SET OF 10 LANTERNS FAIRY LIGHT STAR,560,2248.14,85,4.192500000000001
23400,SHELF WITH 4 HOOKS HOME SWEET HOME,448,2247.36,95,6.153333333333333
23489,VINTAGE BELLS GARLAND,784,2246.56,127,2.886992481203008
21789,KIDS RAIN MAC PINK,2754,2245.68,177,0.8487777777777777
22537,MAGIC DRAWING SLATE DINOSAUR,5563,2244.3,282,0.4187628865979381
22153,ANGEL DECORATION STARS ON DRESS,5389,2243.2200000000003,191,0.4194029850746268
72799E,IVORY PILLAR CANDLE SILVER FLOCK,1132,2242.84,132,2.698571428571429
23196,VINTAGE LEAF MAGNETIC NOTEPAD,1593,2242.65,211,1.4434883720930232
85035B,CHOCOLATE 3 WICK MORRIS BOX CANDLE,916,2242.12,98,3.492857142857143
21616,4 PEAR BOTANICAL DINNER CANDLES,1081,2241.25,155,2.346875
21203,BUTTERFLIES  HONEYCOMB GARLAND,1445,2240.25,106,1.6334862385321098
85034B,3 WHITE CHOC MORRIS BOXED CANDLES,1105,2232.73,111,2.4595575221238937
21352,EUCALYPTUS & PINECONE  WREATH,742,2232.7000000000003,82,4.174096385542168
22642,SET OF 4 NAPKIN CHARMS STARS   ,959,2230.7000000000003,130,2.423851851851852
21462,"NURSERY A,B,C PAINTED LETTERS",397,2230.15,157,6.378025477707007
22742,MAKE YOUR OWN PLAYTIME CARD KIT,960,2227.4400000000005,161,2.775276073619632
21823,PAINTED METAL HEART WITH HOLLY BELL,2268,2224.24,166,1.1527932960893854
85034C,3 ROSE MORRIS BOXED CANDLES,1237,2223.73,158,2.183818181818182
84031A,CHARLIE+LOLA RED HOT WATER BOTTLE ,716,2223.32,133,4.19162962962963
85199S,SMALL HANGING IVORY/RED WOOD BIRD,5336,2222.99,291,0.4319801980198019
21437,24 HANGING EASTER EGGS FLORAL TUB,654,2222.1,99,3.734466019417476
22609,PENS ASSORTED SPACEBALL,6758,2221.1,152,0.4026797385620915
22072,TEA CUP AND SAUCER RETRO SPOT,614,2218.98,103,3.7397142857142858
22897,OVEN MITT APPLES DESIGN,1549,2214.61,218,1.528538812785388
22713,CARD I LOVE LONDON ,5625,2214.28,240,0.4191701244813278
84912B,GREEN ROSE WASHBAG,870,2212.5,84,3.729651162790698
23316,RED REFECTORY CLOCK ,235,2212.25,95,9.817368421052633
21809,CHRISTMAS HANGING TREE WITH BELL,2868,2202.69,148,0.9520915032679738
21323,HANGING MEDINA LANTERN LARGE,704,2201.25,54,4.168518518518519
72800E,4 IVORY DINNER CANDLES SILVER FLOCK,1268,2200.2,226,2.246452991452992
23498,CLASSIC BICYCLE CLIPS ,1587,2200.15,86,1.4402247191011237
23188,VINTAGE  2 METRE FOLDING RULER,1321,2197.69,127,1.7389922480620157
85183A,CHARLIE & LOLA WASTEPAPER BIN BLUE,1497,2194.75,132,2.109328358208955
84840,SWEETHEART CARRY-ALL BASKET,263,2194.7,126,8.45952380952381
22451,SILK PURSE BABUSHKA RED,668,2194.6000000000004,117,3.3433333333333333
22731,3D CHRISTMAS STAMPS STICKERS ,1756,2192.68,169,1.3111046511627906
22281,EASTER TREE YELLOW BIRDS,423,2192.25,98,5.915816326530612
21873,IF YOU CAN'T STAND THE HEAT MUG,1943,2191.75,150,1.2634
23054,RECYCLED ACAPULCO MAT LAVENDER,266,2189.7,109,8.242660550458716
23330,DECORATIVE WICKER HEART MEDIUM,1751,2181.19,195,1.2489603960396038
23079,TOADSTOOL BEDSIDE LIGHT ,246,2180.7,103,8.936538461538461
21680,WOODLAND  STICKERS,2652,2179.32,149,0.8482666666666666
22711,WRAP CIRCUS PARADE,5302,2178.84,178,0.4191011235955056
22776,SWEETHEART 3 TIER CAKE STAND ,222,2174.1,122,9.92642276422764
21819,GLITTER CHRISTMAS STAR ,3780,2173.76,231,0.6609999999999999
85227,SET OF 6 3D KIT CARDS FOR KIDS,2575,2172.13,261,0.8636666666666667
22375,AIRLINE BAG VINTAGE JET SET BROWN,471,2171.25,194,4.702307692307692
22566,FELTCRAFT HAIRBAND PINK AND PURPLE,2654,2170.1,242,0.871578947368421
20960,WATERMELON BATH SPONGE,1739,2169.95,141,1.2486805555555556
79072,TEATIME CAKE TIN WITH HANDLE,230,2168.5,63,9.71190476190476
85014C,BLUE/BROWN DOTS RUFFLED UMBRELLA,539,2167.85,65,5.843846153846155
21696,SMALL SILVER TRELLIS CANDLEPOT,734,2165.3,95,2.95
21681,GIANT MEDINA STAMPED METAL BOWL ,228,2164.2,74,9.892
22831,WHITE BROCANTE SOAP DISH,751,2157.8500000000004,118,2.9466666666666668
22306,SILVER MUG BONE CHINA TREE OF LIFE,1578,2157.17,148,1.4821333333333333
23401,RUSTIC MIRROR WITH LACE HEART,443,2155.51,70,6.0931428571428565
21615,4 LAVENDER BOTANICAL DINNER CANDLES,1116,2154.5,134,2.1806569343065694
35001W,HAND OPEN SHAPE DECO.WHITE,750,2154.24,108,3.395454545454545
22824,3 TIER SWEETHEART GARDEN SHELF,61,2153.9500000000003,48,35.7
23265,SET OF 3 WOODEN TREE DECORATIONS,1665,2153.71,246,1.31984496124031
22091,EMPIRE TISSUE BOX,3039,2152.81,242,0.8621074380165289
22539,MINI JIGSAW DOLLY GIRL,5512,2150.57,169,0.410877192982456
22952,72 CAKE CASES VINTAGE CHRISTMAS,4293,2148.99,99,0.5394949494949496
23406,HOME SWEET HOME KEY HOLDER,434,2148.54,94,6.1423404255319145
22376,AIRLINE BAG VINTAGE JET SET WHITE,449,2148.09,191,4.868247422680412
21126,SET OF 6 GIRLS CELEBRATION CANDLES,2197,2147.93,209,1.2210328638497652
22735,RIBBON REEL SOCKS AND MITTENS,1318,2146.38,159,1.698447204968944
22829,SWEETHEART WIRE WALL TIDY,223,2146.35,103,9.865533980582525
22525,CHILDRENS GARDEN GLOVES PINK,1741,2145.85,240,1.2468464730290456
85034A,3 GARDENIA MORRIS BOXED CANDLES,819,2145.11,110,2.994273504273504
21012,ANTIQUE ALL GLASS CANDLESTICK,1470,2143.08,141,2.027692307692308
22524,CHILDRENS GARDEN GLOVES BLUE,1735,2142.91,232,1.2467521367521368
22325,MOBILE VINTAGE HEARTS ,439,2137.35,155,4.941025641025641
21468,BUTTERFLY CROCHET FOOD COVER,619,2136.67,118,3.798099173553719
84795B,SUNSET CHECK HAMMOCK,283,2135.85,83,7.841566265060242
21744,SNOWFLAKE PORTABLE TABLE LIGHT ,708,2134.0400000000004,154,3.0758227848101267
21330,WOODLAND ANIMAL  WRITING SET ,1357,2133.05,127,1.6453488372093024
23445,ICE CREAM BUBBLES,2647,2131.01,94,0.8265263157894737
22708,WRAP DOLLY GIRL,5300,2130.0,158,0.4184810126582279
23252,VINTAGE RED ENAMEL TRIM JUG ,578,2123.34,123,3.742520325203252
23093,SMALL PARISIENNE HEART PHOTO FRAME ,915,2122.67,123,2.472845528455285
84818,DANISH ROSE PHOTO FRAME,1691,2122.61,153,1.7669934640522873
17091J,VANILLA INCENSE IN TIN,3931,2122.19,161,0.731987951807229
85107,CUT GLASS T-LIGHT HOLDER OCTAGON,1169,2118.21,64,2.265151515151515
22409,MONEY BOX BISCUITS DESIGN,1590,2112.9,119,1.2483333333333335
85035A,GARDENIA 3 WICK MORRIS BOXED CANDLE,613,2112.17,154,3.800379746835443
22452,MEASURING TAPE BABUSHKA PINK,749,2111.3500000000004,124,2.91
21611,SET OF 12 LILY BOTANICAL T-LIGHTS,735,2110.65,134,2.941240875912409
23232,WRAP VINTAGE LEAF DESIGN,5251,2109.42,134,0.4173333333333333
ADJUST,Adjustment by john on 26/01/2010 16,18,2107.41,18,117.07833333333332
22021,BLUE FELT EASTER EGG BASKET,1305,2106.45,208,1.643427230046948
23233,WRAP POPPIES  DESIGN,5175,2105.5,158,0.4186163522012578
22983,CARD BILLBOARD FONT,5122,2103.75,335,0.4271343283582089
23501,KEY RING BASEBALL BOOT UNION JACK,1770,2103.3,85,1.2379310344827588
85045,GREEN CHRISTMAS TREE STRING 20LIGHT,457,2102.55,70,4.891666666666667
47570,ENGLISH ROSE TABLE CLOTH,207,2096.55,66,10.61776119402985
22200,FRYING PAN PINK POLKADOT,549,2094.29,108,3.979724770642202
85199L,LARGE HANGING IVORY & RED WOOD BIRD,3303,2092.23,188,0.6474869109947644
23046,PAPER LANTERN 9 POINT DELUXE STAR,347,2091.55,34,6.623529411764706
84469,ROSE DES PADDED FLOOR CUSHION,653,2090.68,39,4.370769230769231
21125,SET 6 FOOTBALL CELEBRATION CANDLES,2045,2087.77,199,1.2209708737864078
85054,FRENCH ENAMEL POT W LID,843,2083.9100000000003,159,2.8583435582822085
21109,LARGE CAKE TOWEL CHOCOLATE SPOTS,829,2082.15,64,4.020588235294118
23526,DOG LICENCE WALL ART,408,2081.64,29,5.745172413793104
21245,GREEN  SPOTTY PLATE ,1284,2077.8,131,1.682781954887218
23504,PLAYING CARDS JUBILEE UNION JACK,1661,2073.73,190,1.2489447236180904
21826,EIGHT PIECE DINOSAUR SET,1691,2072.71,188,1.2471065989847716
23536,VILLAGE SHOW WALL ART,386,2072.42,18,5.735555555555556
22024,RAINY LADIES BIRTHDAY CARD,5155,2069.53,292,0.4206849315068492
21866,UNION JACK FLAG LUGGAGE TAG,1659,2068.4,294,1.2676333333333334
23436,VINTAGE CHRISTMAS GIFT BAG LARGE ,1781,2066.65,83,1.239879518072289
22716,CARD CIRCUS PARADE,5020,2066.43,341,0.4220234604105571
21638,ASSORTED TUTTI FRUTTI NOTEBOOK,982,2062.2000000000003,118,2.1
21421,PORCELAIN ROSE LARGE ,1767,2060.55,88,1.2353846153846153
23029,DRAWER KNOB CRACKLE GLAZE GREEN,1272,2060.4,136,1.6470588235294117
22223,CAKE PLATE LOVEBIRD PINK,559,2060.25,125,4.627952755905512
21651,HANGING GLASS ETCHED TEALIGHT,1301,2060.25,107,1.6370370370370368
22350,CAT BOWL ,862,2057.7,97,2.5270408163265303
20665,RED SPOTTY PURSE ,698,2051.9,123,2.943495934959349
84670,JAPANESE CROCHETED ANIMAL,5092,2045.04,168,0.4158857142857143
21288,STRIPEY CHOCOLATE NESTING BOXES,851,2036.85,130,2.7946153846153847
84691,PACK 20 DOLLY PEGS,2616,2036.4,179,0.8406111111111111
21531,RETRO SPOT SUGAR JAM BOWL,853,2034.75,141,2.5183098591549293
22363,GLASS JAR MARMALADE ,735,2034.29,128,2.9503053435114506
22191,EAU DE NIL DINER WALL CLOCK,244,2033.2,116,8.470689655172414
21811,CHRISTMAS HANGING HEART WITH BELL,1647,2031.39,132,1.2486428571428572
22342,HOME GARLAND PAINTED ZINC ,1608,2029.2,115,1.3465217391304347
22920,HERB MARKER BASIL,3370,2027.0,195,0.6489847715736041
22973,CHILDREN'S CIRCUS PARADE MUG,1254,2026.78,117,1.6710169491525422
21804,WHITE CHRISTMAS GARLAND STARS TREES,543,2025.45,106,3.7402702702702704
22400,MAGNETS PACK OF 4 HOME SWEET HOME,2440,2024.81,224,0.8241409691629956
21655,HANGING RIDGE GLASS T-LIGHT HOLDER,1302,2024.7,70,1.6454285714285712
21709,FOLDING UMBRELLA  CHOC/WHITE  SPOT,524,2023.8,40,4.6325
23438, RED SPOT GIFT BAG LARGE,1686,2023.5,92,1.247717391304348
21408,SPOTTY PINK DUCK DOORSTOP,580,2017.34,139,4.144172661870504
22471,TV DINNER TRAY AIR HOSTESS ,553,2017.33,122,4.61344262295082
22714,CARD BIRTHDAY COWBOY,5097,2016.93,253,0.418498023715415
84676,BATH DUCK WATERING CAN,832,2016.52,98,2.8837755102040816
23543,KEEP CALM WALL ART ,269,2015.97,20,7.9465
22336,DOVE DECORATION PAINTED ZINC ,4442,2014.76,150,0.5811392405063291
51014L,"FEATHER PEN,LIGHT PINK",3238,2014.56,164,0.6444242424242425
21274,EMBOSSED HEART 3 DRAWER SHELF,159,2012.85,89,12.73
22292,"SPRING DEC , HANGING CHICK  YELLOW",1550,2009.9,92,1.4413978494623654
21808,"CHRISTMAS GARLAND STARS,TREES",801,2008.75,79,3.3796296296296298
84990,60 GOLD AND SILVER FAIRY CAKE CASES,4201,2006.23,161,0.5397604790419162
21246,RED SPOTTY BIG BOWL,408,2002.8,87,4.941954022988505
40018F,CHERRY DESIGN PAPERLANTERNS,1064,2000.44,97,1.9393877551020409
23326,HANGING MINI COLOURED BOTTLES,3369,1999.59,55,0.6192727272727273
22129,PARTY CONES CANDY TREE DECORATION,2510,1998.56,98,0.8394949494949495
23152,IVORY SWEETHEART WIRE LETTER RACK ,541,1998.51,149,3.7428
47503J,SET/3 FLORAL GARDEN TOOLS IN BAG,280,1994.0,42,7.702380952380952
21077,SET/20 WOODLAND PAPER NAPKINS ,2745,1990.53,167,0.830235294117647
22454,MEASURING TAPE BABUSHKA RED,707,1989.65,106,2.924074074074074
21106,CREAM SLICE FLANNEL CHOCOLATE SPOT ,698,1982.3,120,2.913636363636364
23302,KNEELING MAT HOUSEWORK  DESIGN,1473,1980.71,187,1.5788947368421054
23403,LETTER HOLDER HOME SWEET HOME,595,1980.31,110,3.7067567567567568
23268,SET OF 2 CERAMIC CHRISTMAS REINDEER,1434,1980.18,78,1.5176923076923077
22514,CHILDS GARDEN SPADE BLUE,1022,1978.68,193,2.0843005181347154
21905,MORE BUTTER METAL SIGN ,1520,1977.85,195,1.6186153846153846
21617,4 LILY  BOTANICAL DINNER CANDLES,778,1970.0,142,2.95
17084R,ASSORTED INCENSE PACK,10625,1968.45,66,0.2031818181818181
23031,DRAWER KNOB CRACKLE GLAZE PINK,1216,1968.0,136,1.6470588235294117
23424,GINGHAM RECIPE BOOK BOX,409,1966.95,103,4.926699029126214
23490,T-LIGHT HOLDER HANGING LOVE BIRD,533,1965.63,95,3.740315789473684
23020,GLASS  SONGBIRD STORAGE JAR,165,1965.3,69,12.343478260869563
22935,BAKING MOULD ROSE MILK CHOCOLATE,673,1964.25,52,3.1634615384615383
15058C,ICE CREAM DESIGN GARDEN PARASOL,413,1963.35,71,6.597887323943662
23352,ROLL WRAP 50'S RED CHRISTMAS ,1593,1961.01,162,1.2474233128834356
16237,SLEEPING CAT ERASERS,9730,1959.3,340,0.2079710144927536
23396,LE JARDIN BOTANIQUE CUSHION COVER,521,1948.23,139,3.746805555555556
23227,FILIGREE HEART BUTTERFLY WHITE ,1592,1947.06,87,1.26816091954023
21187,WHITE BELL HONEYCOMB PAPER GARLAND ,1251,1946.55,108,1.6357142857142857
23374,RED SPOT PAPER GIFT BAG,2444,1944.08,122,0.8175409836065574
21504,SKULLS GREETING CARD,4838,1942.68,284,0.4090526315789474
23251,VINTAGE RED ENAMEL TRIM MUG ,1633,1940.45,101,1.2396039603960396
22023,EMPIRE BIRTHDAY CARD,4812,1939.47,311,0.4116666666666667
20703,BLUE PADDED SOFT MOBILE,459,1938.25,165,4.234848484848484
22190,LOCAL CAFE MUG,1164,1935.93,124,1.95896
22932,BAKING MOULD TOFFEE CUP CHOCOLATE,866,1935.6,63,2.5
23360,SET 8 CANDLES VINTAGE DOILY,1024,1932.0,100,1.9441176470588235
20674,GREEN POLKADOT BOWL,1599,1931.56,184,1.2513903743315506
23500,KEY RING BASEBALL BOOT ASSORTED ,1580,1928.8,84,1.2428409090909092
23213,STAR WREATH DECORATION WITH BELL,1594,1921.94,121,1.2432258064516128
21824,PAINTED METAL STAR WITH HOLLY BELLS,2304,1918.16,159,1.0639285714285716
22803,IVORY EMBROIDERED QUILT ,51,1915.65,30,38.41
23231,WRAP DOILEY DESIGN,4675,1915.5,162,0.4185185185185185
22913,RED COAT RACK PARIS FASHION,425,1914.39,105,4.914952380952381
21359,RELAX LARGE WOOD LETTERS,202,1913.9,67,12.906521739130437
21612,SET 12 WILDFLOWER BOTANICAL T-LIGHT,676,1912.6,97,2.9255102040816325
10133,COLOURING PENCILS BROWN TUBE,3307,1910.79,203,0.655320197044335
22515,CHILDS GARDEN SPADE PINK,990,1908.48,166,2.081964285714286
22251,BIRDHOUSE DECORATION MAGIC GARDEN,1605,1906.69,184,1.227647058823529
21811,HANGING HEART WITH BELL,4112,1906.58,138,0.5571232876712329
85162B,BLACK RETRODISC LAMPSHADE,977,1905.15,13,1.95
84459B,YELLOW METAL CHICKEN HEART ,1341,1903.05,137,1.4831914893617022
23197,SKETCHBOOK MAGNETIC SHOPPING LIST,1318,1900.94,180,1.545027624309392
23161,REGENCY CAKE FORK,1608,1896.6,68,1.2283823529411766
23145,ZINC T-LIGHT HOLDER STAR LARGE,2030,1896.54,148,0.9608724832214764
22859,EASTER TIN BUNNY BOUQUET,1188,1895.4,132,1.6455223880597014
23315,IVORY REFECTORY CLOCK,202,1894.7,76,9.83157894736842
22362,GLASS JAR PEACOCK BATH SALTS,658,1893.98,177,2.9753107344632768
16169E,WRAP 50'S  CHRISTMAS,4563,1892.46,149,0.4191999999999999
21348,PINK SPOTS CHOCOLATE NESTING BOXES ,816,1891.2000000000005,115,2.7655172413793103
21482,MUSHROOM BLUE HOT WATER BOTTLE,665,1889.75,136,2.938321167883212
20984,12 PENCILS TALL TUBE POSY,5821,1887.29,225,0.4486580086580086
84797A,PINK HAWAIIAN PICNIC HAMPER FOR 4,349,1883.55,25,10.23
84536A,ENGLISH ROSE NOTEBOOK A7 SIZE,4478,1881.58,413,0.4219294117647059
23291,DOLLY GIRL CHILDRENS CUP,1548,1880.14,144,1.2695172413793103
22852,DOG BOWL VINTAGE CREAM,444,1878.42,137,4.245401459854015
20983,12 PENCILS TALL TUBE RED SPOTTY,2239,1878.19,210,0.8493809523809523
85176,SEWING SUSAN 21 NEEDLE SET,2408,1875.5,174,0.8789655172413793
22996,TRAVEL CARD WALLET VINTAGE TICKET,4540,1875.12,292,0.4193959731543624
22931,BAKING MOULD HEART WHITE CHOCOLATE,792,1873.51,110,2.551441441441441
21846,PINK DIAMANTE PEN IN GIFT BOX,944,1873.42,87,4.232954545454546
23274,STAR T-LIGHT HOLDER WILLIE WINKIE,1139,1870.11,98,1.7453535353535352
71459,HANGING JAM JAR T-LIGHT HOLDERS,2413,1867.33,69,0.8508695652173913
22903,CALENDAR FAMILY FAVOURITES,684,1865.88,50,2.8118
16016,LARGE CHINESE STYLE SCISSOR,2307,1864.75,105,0.840095238095238
23491,VINTAGE JINGLE BELLS HEART,226,1864.5,76,8.25
21476,STEEL SWEETHEART ROUND TABLE CREAM,127,1864.0,74,14.883108108108107
21538,DAIRY MAID  PUDDING BOWL,1296,1860.0,44,3.6931818181818175
23289,DOLLY GIRL CHILDRENS BOWL,1553,1854.85,141,1.245774647887324
22451,SILK PURSE RUSSIAN DOLL RED,575,1854.25,80,3.3403614457831323
22405,MONEY BOX POCKET MONEY DESIGN,1573,1854.05,190,1.210618556701031
22799,SWEETHEART WIRE FRUIT BOWL,241,1853.1,96,8.184375000000001
21245,GREEN POLKADOT PLATE ,1150,1852.94,123,1.69512
23068,ALUMINIUM STAMPED HEART,771,1852.55,124,2.476984126984127
85106,CUT GLASS HEXAGON T-LIGHT HOLDER,1022,1849.0,44,2.378
72799F,IVORY PILLAR CANDLE GOLD FLOCK,1065,1846.95,72,2.698684210526316
22521,CHILDS GARDEN TROWEL PINK,2196,1846.32,324,0.8484242424242425
21085,SET/6 WOODLAND PAPER CUPS,13712,1843.12,56,0.6363793103448276
82567,"AIRLINE LOUNGE,METAL SIGN",892,1840.91,290,2.077724137931035
22520,CHILDS GARDEN TROWEL BLUE ,2185,1840.09,327,0.8484431137724551
21627,ELEPHANT CARNIVAL POUFFE,130,1837.9,54,14.827777777777776
23094,LE GRAND TRAY CHIC SET,147,1837.5,74,12.5
21070,VINTAGE BILLBOARD MUG ,1908,1836.16,163,1.252710843373494
22199,FRYING PAN RED RETROSPOT,508,1834.5,131,3.9064885496183206
21619,4 VANILLA BOTANICAL CANDLES,1052,1832.5,168,2.2115384615384617
23357,HOT WATER BOTTLE SEX BOMB,432,1832.0,88,4.479213483146068
23066,SMALL DECO JEWELLERY STAND,229,1831.65,70,8.227142857142857
20770,ABSTRACT CIRCLE JOURNAL ,902,1831.2,113,2.4328947368421048
23235,STORAGE TIN VINTAGE LEAF,702,1831.1,93,2.7493548387096776
21692,SILVER LATTICE VANILLA CANDLE POT,493,1830.03,104,3.7436283185840704
21389,IVORY HANGING DECORATION  BIRD,2153,1826.93,194,0.8493532338308457
21058,PARTY INVITES WOODLAND,2216,1824.32,207,0.853696682464455
22695,WICKER WREATH SMALL,1378,1822.02,184,1.3874603174603175
22133,PINK LOVE HEART SHAPE CUP,2198,1819.94,171,0.8568023255813954
23075,PARLOUR CERAMIC WALL HOOK,443,1819.25,72,4.144444444444445
20686,DOLLY MIXTURE CHILDREN'S UMBRELLA,561,1817.63,160,3.264875
21091,SET/6 WOODLAND PAPER PLATES,13668,1817.16,34,0.8165714285714285
79323G,GOLD  CHERRY LIGHTS,300,1817.0,51,6.54607843137255
20674,GREEN SPOTTY BOWL,1497,1816.53,176,1.2456818181818183
22522,CHILDS GARDEN FORK BLUE ,2185,1815.13,307,0.8479166666666667
21761,WOOD AND GLASS MEDICINE CABINET,65,1814.75,24,29.575
85114A,BLACK ENCHANTED FOREST PLACEMAT,1179,1813.35,83,1.630722891566265
21741,COSY SLIPPER SHOES LARGE GREEN,618,1803.9000000000003,132,2.944029850746269
23367,SET 12 COLOUR PENCILS SPACEBOY ,2778,1803.3,231,0.6495726495726496
21613,S/12 VANILLA  BOTANICAL T-LIGHTS,620,1802.6,135,2.938405797101449
84856S,SMALL TAHITI BEACH BAG,457,1802.49,29,4.534137931034483
21287,SCENTED VELVET LOUNGE CANDLE ,4077,1799.82,83,0.6630120481927712
47591C,BLUE FAIRY CAKE CHILD'S APRON,991,1792.65,142,1.9288732394366197
84969,BOX OF 6 ASSORTED COLOUR TEASPOONS,418,1790.74,105,4.356285714285714
22496,SET OF 2 ROUND TINS DUTCH CHEESE,698,1790.5400000000002,174,2.834342857142857
84327A,PINK JUMPER LARRY THE LAMB,949,1788.72,117,2.0614529914529918
84828,JUNGLE POPSICLES ICE LOLLY HOLDERS,1467,1788.15,137,1.243065693430657
21841,BABY MOUSE RED GINGHAM DRESS,427,1785.25,123,4.23
22523,CHILDS GARDEN FORK PINK,2122,1783.4199999999998,313,0.8483699059561128
21112,SWISS ROLL TOWEL PINK  SPOTS,666,1782.18,27,3.1581481481481486
20684,STRAWBERRY DREAM CHILDS UMBRELLA,560,1781.0,157,3.240506329113924
84763,ZINC FINISH 15CM PLANTER POTS,1467,1778.27,148,1.2461744966442954
21983,PACK OF 12 BLUE PAISLEY TISSUES ,6000,1776.84,263,0.3190566037735849
20931,BLUE POT PLANT CANDLE ,611,1776.2500000000002,102,3.3859223300970878
23371,SET 36 COLOUR PENCILS SPACEBOY ,1498,1775.22,133,1.2443283582089553
85162C,WHITE RETRODISC LAMPSHADE,898,1775.1,41,2.145121951219512
47585A,PINK FAIRY CAKE CUSHION COVER,913,1773.75,83,3.2078313253012047
84968C,SET OF 16 VINTAGE PISTACHIO CUTLERY,139,1772.25,67,12.75
23005,TRAVEL CARD WALLET I LOVE LONDON,4346,1767.72,175,0.4193258426966292
22291,HANGING CHICK CREAM DECORATION,1218,1766.1,91,1.45
21082,SET/20 FRUIT SALAD PAPER NAPKINS ,7062,1764.3,117,0.8332773109243697
22338,STAR DECORATION PAINTED ZINC ,5509,1763.25,180,0.4327027027027026
21557,SET OF 6 FUNKY BEAKERS,609,1758.39,133,3.043333333333333
21540,DAIRY MAID BUTTER DISH,1193,1758.25,34,4.132352941176471
22454,MEASURING TAPE RUSSIAN DOLL RED,647,1755.0500000000002,57,2.942982456140351
22832,BROCANTE SHELF WITH HOOKS,165,1752.95,74,10.72837837837838
85217,ASSORTED ICE CREAM FRIDGE MAGNETS,2811,1751.91,136,0.6447445255474452
23028,DRAWER KNOB CRACKLE GLAZE BLUE,1079,1751.79,111,1.6610714285714283
85216,ASSORTED CAKES FRIDGE MAGNETS,2790,1744.38,149,0.646
21760,FRENCH STYLE WALL DRESSER,15,1740.0,12,116.92307692307692
21424,WOODLAND STORAGE BOX LARGE ,782,1739.5400000000002,61,2.768688524590164
21445,12 PINK ROSE PEG PLACE SETTINGS,1458,1733.58,115,1.2450434782608697
35001G,HAND OPEN SHAPE GOLD,600,1731.42,60,3.705161290322581
22858,EASTER TIN KEEPSAKE,1086,1727.1,112,1.6446902654867257
23228,FILIGREE HEART BIRD WHITE ,1397,1726.3,78,1.3925316455696204
22853,CAT BOWL VINTAGE CREAM,536,1726.2,123,3.2434959349593493
21200,MULTICOLOUR HONEYCOMB PAPER GARLAND,1287,1724.35,75,1.5684210526315787
22948,METAL DECORATION NAUGHTY CHILDREN ,1971,1724.31,130,0.9066911764705884
21088,SET/6 FRUIT SALAD PAPER CUPS,16503,1723.3300000000002,104,0.3534285714285714
23090,VINTAGE GLASS T-LIGHT HOLDER,2129,1722.7900000000002,122,0.8575999999999999
20764,ABSTRACT CIRCLES SKETCHBOOK ,597,1721.88,144,3.690206896551724
20772,GARDEN PATH JOURNAL,926,1721.56,130,2.3989312977099235
84031B,CHARLIE LOLA BLUE HOT WATER BOTTLE ,544,1720.04,109,4.184774774774775
22466,FAIRY TALE COTTAGE NIGHT LIGHT,912,1717.1999999999998,81,1.9390243902439024
23359,SET OF 12 T-LIGHTS VINTAGE DOILY,915,1715.85,70,1.9285714285714288
21280,VINTAGE KITCHEN PRINT VEGETABLES,3316,1714.2,53,2.3264150943396227
20871,OPULENT VELVET SET/3 CANDLES,1202,1713.3,76,1.8384615384615384
23148,MINIATURE ANTIQUE ROSE HOOK IVORY,2065,1711.5500000000002,230,0.829620253164557
23128,FELTCRAFT BOY JEAN-PAUL KIT,349,1711.23,117,4.97965811965812
21039,RED SPOTTY SHOPPING BAG,671,1708.35,103,2.545631067961165
21947,SET OF 6 HEART CHOPSTICKS,1371,1708.17,169,1.3034482758620691
22074,6 RIBBONS SHIMMERING PINKS ,1741,1707.59,152,1.391153846153846
22210,WOOD STAMP SET BEST WISHES,1461,1707.56,226,1.2158547008547007
20716,PARTY FOOD SHOPPER BAG,1392,1705.8,169,1.2444767441860465
22098,BOUDOIR SQUARE TISSUE BOX,2762,1702.83,231,0.8666666666666667
22533,MAGIC DRAWING SLATE BAKE A CAKE ,4399,1699.26,197,0.4159701492537313
22227,HANGING HEART MIRROR DECORATION ,2607,1691.55,213,0.6617391304347827
22706,WRAP COWBOYS  ,4215,1690.3,123,0.4173983739837398
21640,ASSORTED TUTTI FRUTTI  FOB NOTEBOOK,2002,1689.2199999999998,135,0.8490972222222222
85172,HYACINTH BULB T-LIGHT CANDLES,4178,1688.52,137,0.4174285714285714
22227,"DECORATION, HANGING HEART+MIRROR ",2608,1688.0,168,0.6482456140350877
23358,HOT STUFF HOT WATER BOTTLE,527,1686.15,67,3.437761194029851
23073,GEORGIAN TRINKET BOX,141,1681.5,59,12.408474576271187
21677,HEARTS  STICKERS,1973,1677.83,197,0.875736040609137
21695,SMALL SILVER FLOWER CANDLE POT,572,1677.8000000000002,75,2.9286666666666665
23109,LED TEA LIGHTS,595,1676.35,54,2.875454545454545
22513,DOORSTOP FOOTBALL DESIGN,556,1675.96,143,3.736388888888889
22614,PACK OF 12 SPACEBOY TISSUES,5427,1673.65,298,0.3218811881188119
23155,KNICKERBOCKERGLORY MAGNET ASSORTED ,2094,1669.38,111,0.8220720720720721
90167,BEADED LOVE HEART JEWELLERY SET,2098,1667.86,75,0.8413333333333334
85221,ASSORTED COLOUR SILK COIN PURSE,3551,1667.59,43,0.8854545454545455
21547,CERAMIC BIRDHOUSE CRESTED TIT SMALL,684,1662.45,90,2.9206521739130435
21241,GREEN SPOTTY CUP,2029,1662.25,205,0.8468446601941747
22753,SMALL YELLOW BABUSHKA NOTEBOOK ,2176,1662.09,331,0.8096726190476191
22586,FELTCRAFT HAIRBAND PINK AND BLUE,1975,1660.03,235,0.8494583333333333
20785,FUSCHIA RETRO BAR STOOL,44,1657.8,17,39.24411764705883
22354,RETRO SPOT PADDED SEAT CUSHION,467,1657.65,52,3.666923076923077
85059,FRENCH ENAMEL WATER BASIN,536,1655.31,142,3.5215972222222223
21647,ASSORTED TUTTI FRUTTI LARGE PURSE,788,1654.8000000000002,109,2.1
84797B,BLUE SAVANNAH PICNIC HAMPER FOR 4,310,1654.5,24,8.450000000000001
84509B,SET OF 4 FAIRY CAKE PLACEMATS,459,1654.05,117,3.723109243697479
85049H,URBAN BLACK RIBBONS ,1627,1653.3,210,1.186588785046729
84968A,S/16 VINTAGE ROSE CUTLERY,133,1652.55,48,12.7125
23160,REGENCY TEA SPOON,1392,1651.8,60,1.229
22453,MEASURING TAPE BABUSHKA BLUE,585,1651.35,82,2.925609756097561
84581,DOG TOY WITH PINK CROCHET SKIRT,441,1650.19,177,3.748212290502793
21123,SET/10 IVORY POLKADOT PARTY CANDLES,1320,1647.06,115,1.239322033898305
84796B,BLUE SAVANNAH PICNIC HAMPER FOR 2,230,1645.3,32,10.325
22307,GOLD MUG BONE CHINA TREE OF LIFE,1153,1640.41,101,1.541078431372549
85060,WOOD FAN WITH FLOWER DESIGN,1391,1638.43,74,1.232027027027027
22279,POCKET BAG BLUE PAISLEY RED SPOT,1073,1636.86,121,1.5763709677419355
22438,BALLOON ART MAKE YOUR OWN FLOWERS,1323,1636.65,129,1.7183823529411764
22416,SET OF 36 DOILIES SPACEBOY DESIGN ,1188,1636.1999999999998,95,1.443684210526316
35953,FOLKART STAR CHRISTMAS DECORATIONS,3300,1636.16,106,0.6345871559633027
22319,HAIRCLIPS FORTIES FABRIC ASSORTED,2957,1635.01,163,0.6189570552147239
35971,ROSE FOLKART HEART DECORATIONS,1836,1633.45,122,1.2735658914728685
21357,TOAST ITS - DINOSAUR,1310,1630.42,164,1.246508875739645
21394,RED POLKADOT BEAKER ,3876,1629.52,116,0.4653448275862069
21593,SWALLOW CIGAR BOX MATCHES ,1390,1628.06,93,1.248
20846,ZINC HEART LATTICE T-LIGHT HOLDER,1321,1627.97,127,1.254885496183206
21643,ASSORTED TUTTI FRUTTI MIRROR,1320,1627.2,103,1.2444660194174757
21652,GLASS ETCHED T-LIGHT HOLDER MEDIUM,867,1625.85,72,1.9253424657534244
22211,WOOD STAMP SET FLOWERS,1281,1625.28,202,1.2276442307692308
23434,3 RAFFIA RIBBONS 50'S CHRISTMAS ,1782,1624.5,134,0.9046666666666668
84507B,STRIPES DESIGN MONKEY DOLL,1319,1622.85,89,2.365
21687,SILVER PLATE CANDLE BOWL LARGE,446,1619.58,78,3.732650602409639
21158,MOODY GIRL DOOR HANGER ,2509,1614.31,260,0.9521771217712178
23270,SET OF 2 CERAMIC PAINTED HEARTS ,1157,1612.85,118,1.4433884297520665
21161,KEEP OUT BOYS DOOR HANGER ,2285,1611.1699999999998,161,1.3766867469879518
22184,CAKE STAND VICTORIAN FILIGREE LARGE,268,1609.2,71,7.590845070422536
22035,VINTAGE CARAVAN GREETING CARD ,3930,1608.22,244,0.4209016393442623
23096,PETIT TRAY CHIC,993,1606.73,117,1.728974358974359
21865,PINK UNION JACK  PASSPORT COVER ,765,1601.5800000000002,207,2.096076555023924
23214,JINGLE BELL HEART ANTIQUE GOLD,760,1599.87,91,2.1882608695652173
79323S, SILVER CHERRY LIGHTS,264,1594.8000000000002,35,6.712857142857143
22026,BANQUET BIRTHDAY  CARD  ,3880,1592.88,261,0.4140229885057471
22922,FRIDGE MAGNETS US DINER ASSORTED,1968,1592.6999999999998,99,0.8517171717171717
21659,GLASS CAKE STAND,110,1591.7,56,14.87142857142857
22161,HEART DECORATION RUSTIC HANGING ,5388,1590.98,219,0.3471848739495798
22535,MAGIC DRAWING SLATE BUNNIES ,3995,1588.62,251,0.417755905511811
35160,BUDDHA INCENSE HOLDER ASSORTED,2176,1587.24,53,0.8152830188679245
22928,YELLOW GIANT GARDEN THERMOMETER,259,1583.17,91,6.368241758241759
84459A,PINK METAL CHICKEN HEART ,1126,1582.7,107,1.4812727272727273
85231B,CINAMMON SET OF 9 T-LIGHTS,1868,1581.56,286,0.865189003436426
20990,SPRING FLOWER CHOPSTICKS SET/5,857,1581.15,87,1.94
22254,FELT TOADSTOOL LARGE,1294,1581.02,112,1.2483333333333333
79302M,"ART LIGHTS,FUNK MONKEY",589,1579.95,76,2.856493506493506
22673,FRENCH GARDEN SIGN BLUE METAL,1280,1577.34,168,1.2609467455621302
21163,DO NOT TOUCH MY STUFF DOOR HANGER ,2734,1577.34,212,1.0295964125560535
85036C,ROSE 1 WICK MORRIS BOXED CANDLE,862,1575.68,120,3.01260162601626
84509G,SET OF 4 FAIRY CAKE PLACEMATS ,686,1574.7,104,3.277884615384615
84535B,FAIRY CAKES NOTEBOOK A6 SIZE,2566,1570.97,248,0.6568503937007875
23101,SILVER STARS TABLE DECORATION,1942,1569.62,190,0.8265445026178011
22163,HEART STRING MEMO HOLDER HANGING,961,1569.19,104,2.2167889908256884
20996,JAZZ HEARTS ADDRESS BOOK,6123,1568.46,270,0.3014760147601476
23217,LAUREL HEART ANTIQUE SILVER,1290,1567.0,84,1.4022093023255815
21793,CLASSIC FRENCH STYLE BASKET BROWN,344,1564.44,93,4.999148936170213
85173,SET/6 FROG PRINCE T-LIGHT CANDLES,954,1563.27,102,2.317961165048543
10125,MINI FUNKY DESIGN TAPES,1970,1562.7,120,0.8158730158730159
23370,SET 36 COLOURING PENCILS DOILY,1289,1562.61,102,1.246346153846154
22286,"DECORATION , WOBBLY RABBIT , METAL ",1066,1561.5,99,1.6414141414141414
21123,SET/10 IVORY SPOTTY PARTY CANDLES,1252,1555.88,74,1.2449333333333334
22705,WRAP GREEN PEARS ,3700,1554.0,147,0.42
22410,MONEY BOX HOUSEKEEPING DESIGN,1304,1552.73,168,1.219107142857143
23122,PARTY CHARMS 50 PIECES,2091,1552.65,94,0.8202061855670103
23244,ROUND STORAGE TIN VINTAGE LEAF,853,1552.5099999999998,96,1.9766666666666663
22602,RETROSPOT WOODEN HEART DECORATION,1850,1552.22,164,0.8615384615384615
21281,VINTAGE KITCHEN PRINT SEAFOOD,3644,1552.2,37,2.321621621621621
22565,FELTCRAFT HAIRBANDS PINK AND WHITE ,1825,1549.6899999999998,214,0.8851834862385322
85114C,RED ENCHANTED FOREST PLACEMAT,961,1549.65,127,1.6454545454545453
21645,ASSORTED TUTTI FRUTTI ROUND BOX,939,1549.35,114,1.65
21786,RAIN HAT WITH RED SPOTS,4288,1548.96,89,0.409010989010989
23317,BLUE REFECTORY CLOCK ,161,1547.95,70,9.87285714285714
20767,BLUE PAISLEY JOURNAL ,750,1546.52,148,2.516013513513513
21039,RED RETROSPOT SHOPPING BAG,612,1544.76,97,2.678969072164948
21276,TWO EMBOSSED HEART MINI DRAWERS,676,1544.2,28,3.878571428571429
21895,POTTING SHED SOW 'N' GROW SET,529,1540.25,70,4.2021428571428565
23399,HOME SWEET HOME HANGING HEART,1815,1539.63,176,0.8492972972972973
21637,ASSORTED SANSKRIT MINI NOTEBOOK,1274,1537.78,45,1.245777777777778
21548,CERAMIC BIRDHOUSE FINCH BLUE ROOF,641,1535.6,77,2.9153846153846152
21706,FOLDING UMBRELLA RED/WHITE POLKADOT,310,1535.53,94,5.041702127659574
85222,ASSORTED COLOUR SILK COSMETIC PURSE,1394,1535.4,41,1.8976744186046517
21657,MILK BOTTLE WITH GLASS STOPPER ,226,1534.7,92,6.9173913043478255
23273,HEART T-LIGHT HOLDER WILLIE WINKIE,928,1533.84,97,1.6793877551020406
79160,HEART SHAPE WIRELESS DOORBELL,813,1530.18,137,2.0797887323943662
16033,MINI HIGHLIGHTER PENS,15001,1530.12,49,0.1163265306122449
84519B,CARROT CHARLIE+LOLA COASTER SET,797,1528.7900000000002,156,1.9856050955414013
22934,BAKING MOULD EASTER EGG WHITE CHOC,560,1527.2,69,2.915217391304348
21545,CERAMIC BIRDHOUSE BUTTERFLY SMALL,678,1527.05,64,2.891538461538462
23483,HANGING  BUTTERFLY T-LIGHT HOLDER,1310,1526.62,66,1.2280597014925374
22421,LIPSTICK PEN FUSCHIA,3725,1526.48,239,0.4374898785425101
75131,METAL TUBE CHIME ON BAMBOO,1210,1526.26,62,1.6220967741935484
82615,PINK MARSHMALLOW SCARF KNITTING KIT,567,1526.25,76,2.897368421052632
22209,WOOD STAMP SET HAPPY BIRTHDAY,1263,1524.82,193,1.2383589743589742
22198,"POPCORN HOLDER , LARGE",954,1524.5,67,1.638059701492537
79320, FLAMINGO LIGHTS,335,1523.85,46,4.828260869565217
22025,RING OF ROSES BIRTHDAY CARD,3817,1523.22,203,0.415
23372,SET 36 COLOUR PENCILS DOLLY GIRL,1294,1520.22,99,1.2426213592233009
22292,HANGING CHICK  YELLOW DECORATION,1088,1520.0,89,1.4478494623655915
21043,APRON MODERN VINTAGE COTTON,601,1519.95,89,3.523033707865169
21618,4 WILDFLOWER BOTANICAL CANDLES,594,1519.0,98,2.783333333333333
21694,SMALL REGAL  SILVER CANDLEPOT ,540,1516.2000000000005,61,2.9368852459016392
15059A,ENGLISH ROSE EDWARDIAN PARASOL,505,1515.0,1,3.0
21109,"LARGE CAKE TOWEL, CHOCOLATE SPOTS",225,1513.95,98,6.725510204081633
21099,SET/6 STRAWBERRY PAPER CUPS,13284,1506.6,29,0.6316666666666666
21092,SET/6 STRAWBERRY PAPER PLATES,12806,1504.94,18,0.7966666666666666
22587,FELTCRAFT HAIRBAND RED AND BLUE,1791,1503.63,239,0.8494736842105263
72803A,ROSE SCENT CANDLE JEWELLED DRAWER,715,1498.19,91,4.203956043956044
85036B,CHOCOLATE 1 WICK MORRIS BOX CANDLE,588,1498.06,79,3.062278481012658
21283,NATURAL BARK CANDLE SMALL,491,1496.75,68,3.1847826086956523
21628,TRIANGULAR POUFFE VINTAGE ,106,1494.5,40,14.785
21610,SET 12 PEAR BOTANICAL T-LIGHTS,529,1493.35,87,2.9181818181818184
21710,FOLDING UMBRELLA  PINK/WHITE  SPOT,578,1493.1,43,4.2
21000,ROSE DU SUD COSMETICS BAG,616,1493.0,40,4.19375
22516,CHILDS GARDEN RAKE BLUE,786,1490.58,126,2.0763281250000003
85039B,S/4 IVORY MINI ROSE CANDLE IN BOWL,1255,1488.43,110,1.5186607142857145
23181,BULL DOG BOTTLE TOP WALL CLOCK,185,1484.25,69,8.184782608695652
21581,SKULLS  DESIGN  COTTON TOTE BAG,1027,1484.15,128,2.1515503875968998
21620,SET OF 4 ROSE BOTANICAL CANDLES,873,1481.25,142,2.0086206896551726
23226,FILIGREE HEART DAISY WHITE,1199,1478.59,71,1.24125
21927,BLUE/CREAM STRIPE CUSHION COVER ,1195,1478.55,171,1.2477906976744186
21215,IVORY PAPER CUP CAKE CASES ,2839,1477.99,159,0.5451552795031056
21275,ZINC TOP  2 DOOR WOODEN SHELF ,242,1477.9,48,11.1375
22310,IVORY KNITTED MUG COSY ,943,1477.59,82,1.7299999999999998
22770,MIRROR CORNICE,100,1477.4,63,14.915079365079364
22262,FELT EGG COSY CHICKEN,1734,1477.02,185,0.8578787878787878
21448,12 DAISY PEGS IN WOOD BOX,895,1476.75,178,1.65
22804,PINK HANGING HEART T-LIGHT HOLDER,823,1476.13,66,3.186060606060606
21162,TOXIC AREA  DOOR HANGER ,2325,1475.9499999999998,239,0.9431535269709544
72008,FROSTED BOX 9 WHITE T-LIGHT CANDLES,3699,1470.42,193,0.4163636363636363
23394,POSTE FRANCE CUSHION COVER,392,1470.0,119,3.75
21541,DINOSAURS WATER TRANSFER TATTOOS ,1782,1469.9,147,0.845973154362416
21384,IVORY HANGING DECORATION  BUTTERFLY,1733,1466.81,113,0.8477391304347826
21294,ETCHED GLASS COASTER,2130,1465.38,116,0.8783050847457627
21785,RAIN PONCHO ,1972,1465.1999999999998,78,0.8322784810126582
84789,ENCHANTED BIRD PLANT CAGE,432,1464.0,112,3.6714285714285713
22929,SCHOOL DESK AND CHAIR ,23,1459.75,17,64.17058823529412
84795A,PASTEL STRIPE HAMMOCK ,194,1458.3000000000002,56,7.844736842105264
22517,CHILDS GARDEN RAKE PINK,772,1458.18,125,2.0757600000000003
85016,SET OF 6 VINTAGE NOTELETS KIT,1450,1457.4,70,2.142857142857143
85185B,PINK HORSE SOCK PUPPET,504,1455.6,131,2.93796992481203
21205,MULTICOLOUR 3D BALLS GARLAND,596,1455.0,109,2.538157894736842
22802,FAUX FUR CHOCOLATE THROW,86,1454.7,46,18.515217391304347
21146,ANTIQUE GLASS RIDGED HANGING BALL,775,1453.65,52,1.9384615384615385
21251,DINOSAUR HEIGHT CHART STICKER SET,546,1453.5000000000002,102,2.93343137254902
22975,SPACEBOY CHILDRENS EGG CUP,1156,1453.47,147,1.2743624161073823
84472,PINK AND LILAC QUILTED THROW ,33,1450.4,25,44.272000000000006
21972,SET OF 36 DINOSAUR PAPER DOILIES,1000,1450.0,133,1.45
23391, I LOVE LONDON MINI BACKPACK,359,1449.85,68,4.138405797101449
21925,UNION STRIPE CUSHION COVER ,1178,1449.7,154,1.246346153846154
22449,SILK PURSE RUSSIAN DOLL PINK,447,1449.45,77,3.3398734177215195
23287,RED VINTAGE SPOT BEAKER,1774,1445.5,146,0.845608108108108
22986,GINGHAM ROSE WRAP,3515,1444.3,121,0.4193388429752065
84619,BLUE GINGHAM ROSE QUILT ,69,1444.15,26,33.18076923076923
21542,WOODLAND WATER TRANSFER TATTOOS ,1748,1443.4,145,0.8472602739726027
21332,MOROCCAN BEATEN METAL MIRROR,262,1442.9,42,9.473809523809525
23462,ROCOCO WALL MIRROR WHITE,75,1442.25,43,19.740697674418605
85177,BASKET OF FLOWERS SEWING KIT,1765,1442.11,112,0.8620535714285714
22450,SILK PURSE BABUSHKA BLUE,431,1441.45,101,3.3461165048543693
22183,CAKE STAND VICTORIAN FILIGREE MED,282,1438.05,63,6.283333333333334
21550,CERAMIC BIRDHOUSE CRESTED TIT LARGE,285,1437.75,56,5.891525423728814
21262,WHITE GOOSE FEATHER CHRISTMAS TREE ,458,1435.1,81,3.987037037037037
44230,SQUARE MIRROR CURTAIN,207,1434.18,44,7.624772727272727
21446,12 RED ROSE PEG PLACE SETTINGS,1154,1433.38,182,1.246
ADJUST,Adjustment by john on 26/01/2010 17,14,1431.11,14,102.22214285714288
21869,POTTING SHED COFFEE MUG,1245,1430.85,103,1.2116346153846154
90062,CARNIVAL BRACELET,113,1430.5,38,12.487179487179487
21066,VINTAGE RED MUG,2258,1429.96,110,1.0464545454545455
23267,SET OF 4 SANTA PLACE SETTINGS,1158,1427.34,91,1.2477659574468083
22052,VINTAGE CARAVAN GIFT WRAP,3446,1427.32,124,0.4180645161290322
23280,FOLDING BUTTERFLY MIRROR HOT PINK ,1838,1427.16,128,0.8349612403100775
22546,MINI JIGSAW PURDEY,3637,1425.19,125,0.4095238095238095
21634,ASSORTED MINI MADRAS NOTEBOOK,1718,1425.1,49,0.9340816326530612
21382,SET/4 SPRING FLOWER DECORATION,1132,1423.2,114,1.8978260869565216
79323B,BLACK CHERRY LIGHTS,231,1421.45,48,6.614583333333333
85198,ASSORTED FARMYARD ANIMALS IN BUCKET,3824,1421.24,38,0.82575
22157,ANGEL DECORATION WITH LACE PADDED,1671,1420.35,112,0.85
22261,FELT EGG COSY WHITE RABBIT ,1753,1412.57,150,0.8677639751552796
21631,HIPPY CHIC DECORATIVE PARASOL,206,1412.1,42,10.654761904761903
40001,WHITE BAMBOO RIBS LAMPSHADE,1942,1411.3,66,0.8118181818181818
21356,TOAST ITS - FAIRY FLOWER,1148,1410.95,177,1.227967032967033
21986,PACK OF 12 PINK POLKADOT TISSUES,4952,1410.2199999999998,221,0.3251121076233184
48195,DOOR MAT GREEN PAISLEY ,253,1409.11,73,7.126301369863014
22137,BATHROOM SET LOVE HEART DESIGN,583,1407.85,31,2.9145161290322585
21292,SMALL STRIPES CHOCOLATE GIFT BAG ,2437,1407.13,82,0.7215853658536585
84006,MAGIC TREE -PAPER FLOWERS,1655,1406.75,142,0.85
22608,PENS ASSORTED FUNKY JEWELED ,5401,1406.29,98,0.3
84968E,SET OF 16 VINTAGE BLACK CUTLERY,116,1404.81,35,12.996
21495,SKULLS WRAP,3350,1403.0,108,0.4185185185185184
22676,FRENCH BLUE METAL DOOR SIGN 1,1119,1402.39,154,1.2731818181818182
21818,GLITTER CHRISTMAS HEART ,1670,1400.78,132,0.849103448275862
21894,POTTING SHED SEED ENVELOPES,1144,1400.13,151,1.2766666666666668
85194L,HANGING SPRING FLOWER EGG LARGE,1713,1399.89,109,0.8464220183486237
47503A,ASS FLORAL PRINT MULTI SCREWDRIVER,2846,1396.61,191,0.618061224489796
23368,SET 12 COLOUR PENCILS DOLLY GIRL ,2152,1396.4,178,0.6494505494505495
22293,"SPRING DEC , HANGING CHICK  GREEN",1087,1396.15,71,1.4417808219178083
22333,RETRO SPOT PARTY BAG + STICKER SET,933,1395.45,31,1.6370967741935485
22071,SMALL RETRO SPOT MUG IN BOX  WHITE,379,1395.33,77,3.7454430379746833
15058A,BLUE WHITE SPOTS GARDEN PARASOL,271,1394.45,55,6.621428571428572
84795D,SEASIDE STRIPE HAMMOCK,179,1387.05,73,7.9089041095890416
22343,PARTY PIZZA DISH RED RETROSPOT,2506,1380.94,109,0.6742201834862385
21662,VINTAGE GLASS COFFEE CADDY,238,1380.1,78,5.931012658227848
85170A,SET/6 IVORY BIRD T-LIGHT CANDLES,799,1378.32,62,1.966451612903226
22390,PAPERWEIGHT CHILDHOOD MEMORIES,795,1378.22,73,2.3650684931506847
85180A,RED HEARTS LIGHT CHAIN ,553,1377.53,66,3.731194029850746
84843,WHITE SOAP RACK WITH 2 BOTTLES,247,1376.05,86,5.905172413793103
22599,CHRISTMAS MUSICAL ZINC STAR,2562,1374.74,131,0.6460902255639097
22316,200 BENDY SKULL STRAWS,1224,1370.4,95,1.232
21282,NATURAL BARK CANDLE LARGE,337,1369.25,59,4.207627118644068
22103,MIRROR MOSAIC T-LIGHT HOLDER ROUND,1598,1368.54,50,1.5676
20665,RED RETROSPOT PURSE ,467,1368.0500000000002,99,2.941919191919192
84919,BLUE CUSHION COVER WITH FLOWER,254,1365.3,19,6.63421052631579
23546,WRAP PAISLEY PARK ,3250,1365.0,120,0.42
84665,SQUARE CHERRY BLOSSOM CABINET,226,1364.7,47,6.375531914893617
23348,CHILDRENS TOY COOKING UTENSIL SET,676,1363.16,122,2.0706451612903227
84965B,BLUE KASHMIRI COFFEE TABLE ,27,1359.95,4,62.4875
84819,DANISH ROSE ROUND SEWING BOX,907,1359.79,94,2.9108510638297878
22976,CIRCUS PARADE CHILDRENS EGG CUP ,1083,1358.59,118,1.260168067226891
85167B,BLACK GRAND BAROQUE PHOTO FRAME,684,1358.4,52,3.611132075471698
21532,DAIRY MAID SUGAR JAM BOWL,1372,1358.4,76,2.082692307692308
20768,GREEN FERN JOURNAL ,702,1357.81,117,2.468034188034188
23086,ZINC  STAR T-LIGHT HOLDER ,1183,1357.79,35,1.232
22050,PINK PAISLEY ROSE GIFT WRAP,3300,1354.0,115,0.4186086956521739
22093,MOTORING TISSUE BOX,2315,1353.21,247,0.7906799999999999
16161U,"WRAP,SUKI AND FRIENDS",3325,1352.5,109,0.4170642201834862
21278,VINTAGE KITCHEN PRINT PUDDINGS,2695,1352.25,70,2.484285714285714
22912,YELLOW COAT RACK PARIS FASHION,296,1351.44,98,4.934040404040404
23414,ZINC BOX SIGN HOME,139,1348.01,62,9.90290322580645
20766,GARDEN PATH SKETCHBOOK,475,1345.98,123,3.68376
22719,GUMBALL MONOCHROME COAT RACK,1195,1345.55,105,1.210566037735849
23334,IVORY WICKER HEART SMALL,2154,1345.5,95,0.6284158415841584
21279,VINTAGE KITCHEN PRINT FRUITS,3471,1343.85,56,2.4678571428571425
22396,MAGNETS PACK OF 4 RETRO PHOTO,1830,1342.94,159,0.8328749999999999
22559,SEASIDE FLYING DISC,1107,1340.85,115,1.2832478632478632
21579,LOLITA  DESIGN  COTTON TOTE BAG,959,1340.15,91,2.143478260869565
21426,WOODLAND STORAGE BOX SMALL,962,1338.6,51,1.9141509433962265
21675,BUTTERFLIES STICKERS,1571,1336.91,160,0.8782608695652174
85071A,BLUE CHARLIE+LOLA PERSONAL DOORSIGN,1839,1336.41,124,1.1821428571428574
21991,BOHEMIAN COLLAGE STATIONERY SET,874,1333.98,137,1.798273381294964
21576,LETS GO SHOPPING COTTON TOTE BAG,601,1333.67,144,2.270137931034483
21910,WAY OUT METAL SIGN ,1034,1331.7,101,1.637128712871287
23104,IVORY CAFE HANGING LAMP ,114,1330.5,43,12.304651162790698
22099,CARAVAN SQUARE TISSUE BOX,2019,1329.17,214,0.8650224215246637
23250,VINTAGE RED TRIM ENAMEL BOWL ,1079,1328.59,87,1.2475862068965518
21561,DINOSAUR LUNCHBOX WITH CUTLERY,544,1327.8,99,2.536363636363636
22597,CHRISTMAS MUSICAL ZINC HEART ,1683,1327.59,92,0.8361702127659574
23232,WRAP VINTAGE PETALS  DESIGN,3275,1327.5,104,0.4176923076923077
20752,RETRO BLUE SPOTTY WASHING UP GLOVES,846,1326.6,114,2.045175438596491
22317,FIVE CATS HANGING DECORATION,450,1324.0200000000002,96,2.996185567010309
23470,CARD HOLDER LOVE BIRD LARGE ,220,1323.4,75,6.2156
85160A,WHITE BIRD GARDEN DESIGN MUG,8800,1323.2,22,1.1481818181818182
22051,BLUE SCANDINAVIAN PAISLEY WRAP,3175,1317.5,116,0.4193103448275862
21289,LARGE STRIPES CHOCOLATE GIFT BAG,1255,1315.15,60,1.1598333333333335
23034,DRAWER KNOB CERAMIC BLACK,935,1314.95,78,1.4425
21232,STRAWBERRY CERAMIC TRINKET POT,1036,1312.04,75,1.3380263157894736
22285,HANGING HEN ON NEST DECORATION,794,1310.1,87,1.65
84968F,SET OF 16 VINTAGE SKY BLUE CUTLERY,106,1308.3,39,12.703846153846154
21051,RIBBONS PURSE ,663,1308.23,93,2.095520833333333
37441,ASSORTED WHITE EMBOSSED CHINA MUGS,674,1307.4,39,2.0615384615384618
22982,PANTRY PASTRY BRUSH,1044,1307.05,146,1.3150000000000002
21159,MOODY BOY  DOOR HANGER ,2060,1306.4399999999998,214,1.0305581395348835
20993,JAZZ HEARTS MEMO PAD,10945,1305.49,24,0.59875
21198,WHITE HEART CONFETTI IN TUBE,1190,1304.46,82,1.484578313253012
85103,SILVER T-LIGHT SETTING,211,1303.45,39,6.5858974358974365
84854,GIRLY PINK TOOL SET,280,1302.0,57,4.889655172413794
23271,CHRISTMAS TABLE SILVER CANDLE SPIKE,1603,1301.05,74,0.8368421052631578
23057,BEADED CHANDELIER T-LIGHT HOLDER,596,1298.44,34,4.523235294117647
35809A,ENAMEL PINK TEA CONTAINER,1037,1297.81,110,1.6027927927927927
21398,RED  SPOTTY COFFEE  MUG,692,1297.8,44,2.044318181818182
84616,SILVER ROCCOCO CHANDELIER,69,1297.75,22,23.55909090909091
21059,PARTY INVITES DINOSAURS,1550,1294.1,198,0.8473737373737373
47503K,ASSORTED FLORAL SECATEURS,3141,1293.75,33,1.869117647058824
72816,SET/3 CHRISTMAS DECOUPAGE CANDLES,1202,1293.32,75,1.245866666666667
22337,ANGEL DECORATION PAINTED ZINC ,2165,1292.05,82,0.6582352941176471
22393,PAPERWEIGHT VINTAGE COLLAGE,800,1289.23,89,2.1280898876404493
23055,IVORY CHANDELIER T-LIGHT HOLDER,560,1286.72,36,5.562894736842105
84510B,SET OF 4 FAIRY CAKES COASTERS ,1094,1285.8,96,1.2387128712871287
21837,CROSS STITCH ALPHABET CUSHION COVER,216,1285.2,70,5.95
21828,EIGHT PIECE SNAKE  SET,1060,1283.96,146,1.2461744966442954
35810A,ENAMEL PINK COFFEE CONTAINER,1117,1282.36,104,1.413047619047619
35241,ENAMEL BLUE RIM BISCUIT BIN,271,1281.25,94,4.875531914893617
85006,SET 4 NURSERY DES ROUND BOXES,3047,1280.45,35,2.439142857142857
21661,VINTAGE GLASS TEA CADDY,219,1279.0500000000002,78,5.9246835443037975
35004G,SET OF 3 GOLD FLYING DUCKS,347,1278.21,64,5.229692307692308
23119,PACK OF 6 LARGE FRUIT STRAWS ,2155,1275.71,116,0.6479310344827586
21358,TOAST ITS - HAPPY BIRTHDAY,1026,1275.3,158,1.2462025316455696
23000,TRAVEL CARD WALLET TRANSPORT,3042,1274.76,205,0.4197087378640776
23538,WALL ART VINTAGE HEART,326,1273.92,27,4.78925925925926
22308,TEA COSY BLUE STRIPE,515,1273.39,98,2.6391836734693874
21199,PINK  HEART CONFETTI IN TUBE,1170,1271.46,93,1.5170212765957447
23378,PACK OF 12 50'S CHRISTMAS TISSUES,3413,1270.59,144,0.3890728476821192
20738,GREEN MINI TAPE MEASURE ,1585,1270.55,65,0.842
20760,GARDEN PATH POCKET BOOK,5484,1270.2,59,0.8305
22732,3D STICKERS VINTAGE CHRISTMAS,1060,1268.0,38,1.24
85141,JARDIN ETCHED GLASS FRUITBOWL,180,1267.4,69,8.042957746478873
21684,SMALL MEDINA STAMPED METAL BOWL ,1656,1258.01,88,0.863370786516854
21644,ASSORTED TUTTI FRUTTI HEART BOX,1006,1257.5,116,1.25
21842,PINK HEART CANDY BUTTON CALCULATOR,541,1257.15,38,2.5026315789473683
23469,CARD HOLDER LOVE BIRD SMALL,320,1255.76,63,4.122698412698413
17091A,LAVENDER INCENSE IN TIN,2073,1255.65,110,0.9342727272727273
22267,EASTER DECORATION EGG BUNNY ,1457,1255.43,105,1.0424770642201835
23249,VINTAGE RED ENAMEL TRIM PLATE,778,1254.9,67,1.6440298507462685
22068,BLACK PIRATE TREASURE CHEST,892,1254.18,166,1.5339285714285713
85200,BUNNY EGG BOX,1007,1253.95,94,1.2457894736842106
21807,WHITE CHRISTMAS STAR DECORATION,3000,1251.36,132,0.4195652173913043
35637A,IVORY STRING CURTAIN WITH POLE ,541,1250.95,45,3.816666666666667
21011,GLITTER SNOW PEAR TREE DECORATION,1774,1249.78,101,1.1653211009174311
23040,PAPER LANTERN 9 POINT SNOW STAR ,234,1249.5,32,5.726470588235294
20933,YELLOW POT PLANT CANDLE,493,1245.15,42,3.4511627906976745
22543,MINI JIGSAW BAKE A CAKE ,3198,1242.25,87,0.3995402298850574
23373,VINTAGE CHRISTMAS PAPER GIFT BAG,1563,1241.66,88,0.8177272727272726
23221,REINDEER HEART DECORATION SILVER,1461,1241.59,110,0.9132456140350876
22150, 3 STRIPEY MICE FELTCRAFT,662,1241.1,112,1.9395652173913045
22827,GIANT SEVENTEEN DRAWER SIDEBOARD,8,1240.0,6,158.33333333333334
22167, OVAL WALL MIRROR DIAMANTE ,139,1239.05,67,9.86044776119403
23505,PLAYING CARDS I LOVE LONDON ,1058,1238.5,104,1.2420754716981133
23237,SET OF 4 KNICK KNACK TINS LEAVES ,304,1237.2,53,4.127358490566039
85159B,"WHITE TEA,COFFEE,SUGAR JARS",638,1236.1,68,2.6544117647058822
22339,CHRISTMAS TREE PAINTED ZINC ,3308,1235.54,102,0.4539252336448598
22123,PING MICROWAVE APRON,557,1233.95,91,2.7963043478260867
84748,FOLK FELT HANGING MULTICOL GARLAND,980,1231.8,31,2.909375
84466,TOP SECRET PEN SET,1210,1231.6999999999998,49,1.213265306122449
22756,LARGE YELLOW BABUSHKA NOTEBOOK ,1127,1231.21,172,1.171686046511628
22182,CAKE STAND VICTORIAN FILIGREE SMALL,359,1229.05,65,4.503846153846154
20825,GOLD WINE GLASS,360,1229.04,6,3.63
85071B,RED CHARLIE+LOLA PERSONAL DOORSIGN,2291,1226.57,139,1.042695035460993
21689,SILVER VANILLA  FLOWER CANDLE POT,337,1226.31,55,3.731052631578947
21926,RED/CREAM STRIPE CUSHION COVER ,992,1224.8,136,1.2472058823529413
22917,HERB MARKER ROSEMARY,1902,1224.3,198,0.6494974874371859
85125,SMALL ROUND CUT GLASS CANDLESTICK,267,1222.95,43,4.852325581395349
21549,CERAMIC BIRDHOUSE RED ROOF SMALL,539,1222.85,44,2.898888888888889
22448,PIN CUSHION RUSSIAN DOLL RED,393,1220.55,34,3.338571428571429
22450,SILK PURSE RUSSIAN DOLL BLUE,371,1218.85,65,3.344029850746269
85232A,SET/3 POLKA DOT STACKING TINS,249,1215.75,85,4.941860465116279
21867,PINK UNION JACK  LUGGAGE TAG,972,1214.21,200,1.2587264150943398
22181,SNOWSTORM PHOTO FRAME FRIDGE MAGNET,1485,1212.33,104,0.8463207547169811
85162A,SILVER RETRODISC LAMPSHADE,605,1211.75,19,3.2131578947368418
20893,HANGING BAUBLE T-LIGHT HOLDER SMALL,538,1210.35,63,2.502272727272727
84823,DANISH ROSE FOLDING CHAIR,120,1210.0,29,12.363793103448277
20761,BLUE PAISLEY SKETCHBOOK,413,1207.37,116,3.703931623931624
72818,CHRISTMAS DECOUPAGE CANDLE,2341,1206.31,106,0.6994642857142858
22923,FRIDGE MAGNETS LES ENFANTS ASSORTED,1491,1204.9499999999998,84,0.8438095238095238
79191C,RETRO PLASTIC ELEPHANT TRAY,1566,1204.38,131,0.8433333333333333
23138,SINGLE WIRE HOOK IVORY HEART,870,1201.9,75,1.4448051948051948
23536,WALL ART VILLAGE SHOW ,227,1201.61,56,5.913035714285714
20704,MR ROBOT SOFT TOY,345,1200.95,64,5.3
21383,PACK OF 12 STICKY BUNNIES,1866,1200.9,190,0.6484615384615384
85032A,ROMANTIC IMAGES GIFT WRAP SET,1383,1200.55,118,0.9694915254237289
23444,Next Day Carriage,79,1200.0,79,15.189873417721518
21529,RETRO SPOT CERAMIC TOASTRACK,358,1199.1,80,3.425
84816,DANISH ROSE BEDSIDE CABINET,31,1198.45,18,39.394444444444446
22916,HERB MARKER THYME,1861,1197.65,193,0.6494949494949495
35649,VINTAGE BEAD COSMETIC BAG ,1776,1195.82,21,3.144090909090909
40003,WHITE BAMBOO RIBS LAMPSHADE,1129,1195.25,48,1.2
84830,LARGE ENGLISH ARBORETUM,113,1195.15,7,15.357142857142858
22269,EGG CUP NATURAL CHICKEN,1400,1194.64,149,1.059271523178808
21708,FOLDING UMBRELLA  CREAM/MULTI  SPOT,372,1193.4,47,4.503191489361702
21248,DOOR HANGER  MUM + DADS ROOM,1008,1192.8,132,1.4034090909090908
22977,DOLLY GIRL CHILDRENS EGG CUP,953,1192.46,116,1.2603418803418804
72232,FENG SHUI PILLAR CANDLE,6268,1190.9199999999998,118,0.19
22070,SMALL RETRO SPOT MUG IN BOX  RED,317,1188.75,78,3.75
21190,PINK HEARTS PAPER GARLAND,756,1188.4,84,1.6339080459770117
22733,3D STICKERS TRADITIONAL CHRISTMAS ,980,1187.0,36,1.2394444444444443
22293,HANGING CHICK GREEN DECORATION,818,1186.1,83,1.45
21317,GLASS SPHERE CANDLE STAND MEDIUM,329,1181.25,64,5.307575757575758
22097,SWALLOW SQUARE TISSUE BOX,2021,1180.79,211,0.7829680365296804
77101A,UNION FLAG WINDSOCK,1052,1180.48,69,1.2255714285714288
22094,RED RETROSPOT TISSUE BOX,2453,1179.04,170,0.6329479768786127
20731,POSY CANDY BAG,4100,1179.0,46,1.1084782608695654
22677,FRENCH BLUE METAL DOOR SIGN 2,942,1177.51,124,1.259274193548387
84856L,LARGE TAHITI BEACH BAG,211,1177.45,55,5.902727272727273
21438,TUB 24 HANGING EASTER EGGS SPOTTY,360,1177.2,33,3.726470588235294
23366,SET 12 COLOURING PENCILS DOILY,1870,1177.1,137,0.6492857142857144
23598,PAPER BUNTING VINTAGE PARTY,420,1175.0,42,2.930952380952381
20986,BLUE CALCULATOR RULER,994,1173.76,130,1.2802222222222224
85098B,BLUE FLYING SINGING CANARY,328,1172.4,84,3.731176470588235
22106,MIRROR MOSAIC HURRICANE LAMP ,427,1171.85,36,5.800000000000001
20762,GREEN FERN SKETCHBOOK ,416,1171.71,111,3.671711711711712
20840,FRENCH FLORAL CUSHION COVER ,813,1170.83,60,1.3365573770491803
85231G,ORANGE SCENTED SET/9 T-LIGHTS,1404,1170.0,208,0.8518396226415095
84967B,BLUE KASHMIRI OCCASIONAL TABLE,23,1169.5,10,64.465
47503E,ASS FLORAL PRINT SCISSORS,6828,1169.4,22,1.2
22290,STANDING METAL RABBIT WITH EGG,657,1168.2,68,2.0862318840579714
23071,MARIE ANTOINETTE TRINKET BOX GOLD,312,1167.6,16,10.18529411764706
22048,BIRTHDAY BANQUET GIFT WRAP,2815,1166.3,102,0.4192156862745098
37342,POLKADOT COFFEE CUP & SAUCER PINK,1443,1165.89,65,0.860909090909091
23392,SPACEBOY ROCKET LOLLY MAKERS,587,1165.28,78,2.0726582278481014
21537,RETRO SPOTS PUDDING BOWL,281,1162.25,64,4.235074626865671
22389,PAPERWEIGHT SAVE THE PLANET,624,1160.16,80,2.20675
21774,DECORATIVE CATS BATHROOM BOTTLE,1261,1159.01,108,1.1990825688073394
22545,MINI JIGSAW BUNNIES,2922,1158.09,123,0.4120967741935484
84596G,SMALL CHOCOLATES PINK BOWL,1967,1157.93,222,0.709070796460177
21763,VINTAGE WOODEN BAR STOOL,43,1157.9,17,27.95294117647059
22915,ASSORTED BOTTLE TOP  MAGNETS ,3054,1157.28,141,0.4004929577464788
15034,PAPER POCKET TRAVELING FAN ,9818,1156.12,172,0.1379768786127167
20729,RED SPOTTY CANDY BAG,4626,1154.9,67,1.227910447761194
21904,HOUSE WRECKING METAL SIGN ,735,1152.0,130,2.040839694656489
84536B,FAIRY CAKES NOTEBOOK A7 SIZE,2861,1149.68,224,0.424517543859649
22918,HERB MARKER PARSLEY,1816,1148.4,194,0.6489847715736041
84968D,SET OF 16 VINTAGE RED CUTLERY,88,1146.42,42,13.331428571428573
22246,"GARLAND, MAGIC GARDEN 1.8M",610,1146.3,68,1.9413043478260867
20681,PINK POLKADOT CHILDRENS UMBRELLA,354,1144.5,99,3.245
22040,BOTANICAL ROSE GIFT WRAP,2815,1144.3,94,0.416595744680851
72817,SET OF 2 CHRISTMAS DECOUPAGE CANDLE,1197,1143.09,116,0.9921186440677968
85116,BLACK CANDELABRA T-LIGHT HOLDER,1173,1139.66,52,1.3243396226415094
20802,SMALL GLASS SUNDAE DISH CLEAR,895,1137.99,76,1.545
23142,IVORY WIRE KITCHEN ORGANISER,116,1137.65,36,10.330555555555556
23067,HANGING ENGRAVED METAL HEART,274,1137.1,71,4.15
22731,3D STICKERS CHRISTMAS STAMPS,940,1137.0,34,1.2388235294117649
21063,PARTY INVITES JAZZ HEARTS,1363,1136.71,198,0.8552525252525253
85164B,BLACK BAROQUE CUCKOO CLOCK,113,1134.75,41,11.71341463414634
21157,RED SPOTTY WASHBAG,542,1133.28,92,2.0955913978494625
21656,RIDGED GLASS POSY VASE ,821,1132.85,83,1.433132530120482
22739,"RIBBON REEL, XMAS SOCK/BAUBLE",700,1131.0,46,1.6456521739130436
85055,FRENCH ENAMEL UTENSIL HOLDER,316,1130.6,79,3.72
22481,BLACK TEA TOWEL CLASSIC DESIGN,1110,1130.24,166,1.1506432748538011
22265,EASTER DECORATION NATURAL CHICK,1781,1129.65,134,0.6486013986013986
37343,SPOTS DESIGN MUG W PINK INSIDE,784,1129.44,51,1.5978431372549018
21395,BLUE POLKADOT BEAKER ,2824,1129.4399999999998,80,0.429
22228,BUNNY WOODEN PAINTED WITH BIRD ,1477,1129.41,175,0.7698876404494381
23559,WOODLAND BUNNIES LOLLY MAKERS,563,1129.28,75,2.0722666666666667
23507,MINI PLAYING CARDS BUFFALO BILL ,2839,1128.18,101,0.418348623853211
23405,HOME SWEET HOME 2 DRAWER CABINET,235,1128.05,57,4.908620689655172
22985,"WRAP, BILLBOARD FONTS DESIGN",2890,1125.8,71,0.4177464788732394
85110,BLACK SILVER FLOWER T-LIGHT HOLDER,11512,1124.68,19,0.4552631578947368
20733,GOLD MINI TAPE MEASURE ,1546,1123.7,101,0.8098039215686273
22924,FRIDGE MAGNETS LA VIE EN ROSE,1374,1121.1,81,0.8452439024390244
21649,ASSORTED TUTTI FRUTTI PHOTO FRAME,413,1120.75,23,2.915217391304348
22232,JIGSAW TOADSTOOLS 3 PIECE,1003,1120.63,112,1.2412499999999995
21738,COSY SLIPPER SHOES SMALL  RED ,386,1119.5,103,2.9425925925925926
21773,DECORATIVE ROSE BATHROOM BOTTLE,1264,1118.96,106,1.151588785046729
21175,GIN AND TONIC DIET METAL SIGN,474,1118.46,37,2.511891891891892
21130,COLOURFUL STANDING GNOME,706,1115.7,39,3.355128205128205
70007,HI TEC ALPINE HAND WARMER,1089,1114.89,104,1.4896190476190476
22252,BIRDCAGE DECORATION TEALIGHT HOLDER,929,1114.51,109,1.2397297297297298
21291,SMALL POLKADOT CHOCOLATE GIFT BAG ,1310,1113.5,61,0.85
23431,NATURAL HANGING QUILTED HEARTS ,1427,1113.13,67,0.8252173913043478
23506,MINI PLAYING CARDS SPACEBOY ,2694,1106.28,127,0.419090909090909
21009,ETCHED GLASS STAR TREE DECORATION,885,1106.25,79,1.25
20765,CHRYSANTHEMUM SKETCHBOOK ,405,1104.79,120,3.725454545454545
15058A,BLUE POLKADOT GARDEN PARASOL,148,1104.6,51,7.808823529411764
21822,GLITTER CHRISTMAS TREE WITH BELLS,868,1102.9,97,1.3844554455445546
23061,VINTAGE EMBOSSED HEART,886,1102.46,84,1.2475
79163,BLACK CHAMPAGNE GLASS,1811,1102.17,56,0.9833333333333332
22166,"WALL MIRROR , RECT DIAMANTE, PINK/",177,1100.91,21,7.131428571428571
48197,DOORMAT BIRD ON THE WIRE,223,1100.15,16,7.236875
35598D,PINK/WHITE CHRISTMAS TREE 60CM,1642,1099.12,52,0.8001923076923076
23072,MARIE ANTOINETTE TRINKET BOX SILVER,326,1099.0,22,10.772727272727272
22808,SET OF 6 T-LIGHTS EASTER CHICKS,394,1098.9,61,2.859836065573771
22919,HERB MARKER MINT,1709,1098.85,197,0.6495000000000001
21779,MA CAMPAGNE MINI WOODEN CHEST,301,1097.8000000000002,22,4.612272727272727
21397,BLUE  SPOTTY EGG CUP ,922,1097.78,63,1.243968253968254
21312,LARGE CHUNKY GLASS ROMAN BOWL,293,1097.75,20,4.79
22253,6 CROCHET STRAWBERRIES,937,1096.39,69,1.2420833333333334
85039A,SET/4 RED MINI ROSE CANDLE IN BOWL,1117,1095.35,90,1.4334444444444443
37482B,CUBIC MUG BLUE POLKA DOT,1249,1093.95,7,1.8214285714285716
84674,FLYING PIG WATERING CAN,444,1093.8000000000002,92,2.872043010752688
20658,RED SPOTTY LUGGAGE TAG,876,1090.44,125,1.246984126984127
23225,CHERUB HEART DECORATION SILVER ,1296,1089.6,69,0.9579710144927536
22709,WRAP WEDDING DAY,2775,1089.5,76,0.415
22448,PIN CUSHION BABUSHKA RED,340,1088.86,70,3.2768571428571427
22984,CARD GINGHAM ROSE ,2714,1088.86,144,0.4215277777777777
22422,TOOTHPASTE TUBE PEN,2080,1088.1,149,0.6533116883116883
22921,HERB MARKER CHIVES ,1688,1085.2,173,0.6494252873563219
22615,PACK OF 12 CIRCUS PARADE TISSUES ,3643,1084.09,136,0.3113138686131387
22761,CHEST 7 DRAWER MA CAMPAGNE,45,1083.75,31,24.562903225806448
23539,WALL ART LOVES' SECRET ,229,1082.11,33,5.788181818181818
17096,ASSORTED LAQUERED INCENSE HOLDERS,6157,1081.65,35,0.1985714285714285
21396,RED SPOTTY EGG CUP ,909,1081.53,58,1.2403389830508476
22715,CARD WEDDING DAY,2646,1081.08,168,0.4178571428571428
85017B,ENVELOPE 50 BLOSSOM IMAGES,1859,1080.99,118,0.6221008403361344
22249,DECORATION WHITE CHICK MAGIC GARDEN,1291,1080.71,142,0.8438095238095238
85130A,BEADED PEARL HEART WHITE LARGE,656,1080.0,74,1.6473684210526314
20734,SILVER MINI TAPE MEASURE ,1379,1079.85,68,0.8442647058823529
21806,WHITE CHRISTMAS HEART DECORATION,2590,1079.16,104,0.4194444444444444
16225,RATTLE SNAKE EGGS,1420,1078.64,112,1.1831858407079645
22233,JIGSAW RABBIT AND BIRDHOUSE,881,1077.35,127,1.2667692307692306
22094,RED POLKA DOT TISSUE BOX,943,1076.15,62,1.2438709677419355
23515,EMBROIDERED RIBBON REEL DAISY ,558,1075.38,59,2.0655
84562A,PINK/WHITE RIBBED MELAMINE JUG,143,1073.25,63,7.87546875
23513,EMBROIDERED RIBBON REEL SUSIE ,556,1072.96,62,2.0706451612903227
85118,HEART T-LIGHT HOLDER,2027,1072.15,62,0.8991935483870968
84396,6 HOOK JEWELLERY STAND BLACK DRESS,516,1071.6,28,3.585
21955,  DOORMAT UNION JACK GUNS AND ROSES,167,1071.25,51,6.640196078431372
22214,CANDLE PLATE LACE WHITE,462,1069.3,52,2.456346153846153
84279P, CHERRY BLOSSOM  DECORATIVE FLASK,308,1068.6,26,3.7084615384615383
23418,LAVENDER TOILETTE BOTTLE,533,1066.88,60,2.0655
23269,SET OF 2 CERAMIC CHRISTMAS TREES,748,1065.4,76,1.4474025974025977
21739,COSY SLIPPER SHOES SMALL GREEN,364,1064.59,100,2.912079207920792
85032D,YULETIDE IMAGES GIFT WRAP SET,1008,1063.06,90,1.266923076923077
21219,SET/4 BADGES BALLOON GIRL,848,1062.94,102,1.2947115384615384
21413,PERIWINKLE T-LIGHT HOLDER,3134,1062.1,34,1.2161764705882354
22287,"DECORATION , WOBBLY CHICKEN, METAL ",763,1061.55,60,1.6358333333333333
84313C,ORANGE TV TRAY TABLE ,497,1061.15,47,3.2223404255319146
22740,POLKA DOT PEN,1248,1060.8,24,0.85
84658,WHITE STITCHED CUSHION COVER,198,1060.78,56,6.601578947368421
22815,CARD PSYCHEDELIC APPLES,2566,1060.44,165,0.4185454545454545
85131A,BEADED PEARL HEART WHITE ON STICK,1375,1060.43,77,1.0503846153846157
35471D,SET OF 3 BIRD LIGHT PINK FEATHER ,1950,1060.0,205,0.7223004694835681
23375,50'S CHRISTMAS PAPER GIFT BAG,1317,1059.9399999999998,88,0.8188636363636363
22686,FRENCH BLUE METAL DOOR SIGN No,909,1059.7,81,1.2549382716049384
21817,GLITTER CHRISTMAS TREE,1671,1058.79,121,0.693015873015873
22201,FRYING PAN BLUE POLKADOT ,266,1058.5,50,4.24
84910A,PINK PAISLEY CUSHION COVER ,412,1058.2,40,5.6275
21839,MUMMY MOUSE RED GINGHAM RIBBON,198,1058.1,81,5.431481481481481
22817,CARD SUKI BIRTHDAY,2578,1056.84,169,0.417869822485207
21818,GLITTER HEART DECORATION,2434,1056.34,129,0.463049645390071
23529,DOLLY GIRL WALL ART,318,1055.94,11,3.609090909090909
23369,SET 36 COLOUR PENCILS LOVE LONDON,901,1053.29,95,1.244183673469388
22819,"BIRTHDAY CARD, RETRO SPOT",2568,1052.64,168,0.4182142857142856
20771,CHRYSANTHEMUM  JOURNAL,551,1051.96,112,2.472410714285714
84609,TALL ROCOCO CANDLE HOLDER,129,1051.5,27,8.407407407407407
85224,ASSORTED COLOUR SILK GLASSES CASE,1987,1051.14,47,1.335
84965A,PINK KASHMIRI COFFEE TABLE ,20,1050.0,3,40.0
22806,SET OF 6 T-LIGHTS WEDDING CAKE ,410,1049.9,44,2.7344444444444447
47587A,PINK FAIRY CAKE COASTER,2676,1049.64,9,0.3855555555555555
22062,CERAMIC BOWL WITH LOVE HEART DESIGN,711,1048.49,93,1.9180808080808085
21490,SET OF THREE 50'S GIFT WRAPS ,598,1047.6,37,1.9105263157894736
23511,EMBROIDERED RIBBON REEL EMILY ,524,1046.42,85,2.0732558139534887
21803,CHRISTMAS TREE STAR DECORATION,2489,1045.38,101,0.42
23432,PRETTY HANGING QUILTED HEARTS,1272,1045.2,70,0.8268571428571428
16046,TEATIME PEN CASE & PENS,9949,1043.53,45,0.7491666666666666
23542,70'S ALPHABET WALL ART,150,1043.1,15,7.986
84847,FLORAL BATHROOM SET,2315,1043.01,37,3.543513513513514
21246,RED RETROSPOT BIG BOWL,214,1042.5,50,4.936
21090,SET/6 COLLAGE PAPER PLATES,2285,1042.03,159,0.556125
22532,MAGIC DRAWING SLATE LEAP FROG ,2740,1041.36,154,0.4164150943396226
22403,MAGNETS PACK OF 4 VINTAGE LABELS ,1601,1040.83,161,0.8977639751552795
22997,TRAVEL CARD WALLET UNION JACK,2477,1038.9,181,0.4196703296703296
84828,JUNGLE POPSICLES ICE LOLLY MOULDS,831,1038.66,96,1.320204081632653
21633,SUNFLOWER DECORATIVE PARASOL,127,1038.45,34,11.71470588235294
21410,COUNTRY COTTAGE  DOORSTOP GREEN,259,1036.75,101,4.227722772277228
22204,MILK PAN BLUE RETROSPOT,290,1035.66,56,3.743571428571428
16235,RECYCLED PENCIL WITH RABBIT ERASER,5088,1031.58,160,0.2116463414634146
20755,BLUE PAISLEY POCKET BOOK,5084,1031.0,86,0.8388372093023256
79066K,RETRO MOD TRAY,1272,1030.86,173,0.8786206896551724
72800F,4 IVORY DINNER CANDLES GOLD FLOCK,816,1029.72,62,2.29546875
85025C,PINK HEART SHAPE PHOTO FRAME,642,1029.1,92,1.6478494623655917
23231,WRAP  VINTAGE DOILY ,2450,1029.0,93,0.4199999999999999
21825,PAINTED METAL TREE WITH HOLLY BELLS,722,1027.6999999999998,67,1.4472222222222222
22340,NOEL GARLAND PAINTED ZINC ,1345,1027.41,95,0.8786315789473684
84989A,75 GREEN FAIRY CAKE CASES,2066,1027.1,121,0.5479032258064517
22256,FELT FARM ANIMAL CHICKEN,846,1025.58,83,1.243372093023256
23516,EMBROIDERED RIBBON REEL SOPHIE  ,291,1025.01,40,3.7280952380952384
84688,BEACH HUT DESIGN BLACKBOARD,388,1025.0,47,3.918085106382979
22102,MIRROR MOSAIC T-LIGHT HOLDER ,1738,1024.5,41,1.5690243902439025
22382,LUNCHBAG SPACEBOY DESIGN ,644,1022.6,45,1.641111111111111
84815,SET OF 3 DANISH ROSE PLANTERS,906,1022.5,36,4.152777777777778
21849,SILVER DIAMANTE PEN IN GIFT BOX,460,1020.34,59,4.326065573770491
22718,CARD CAT AND TREE ,2460,1020.24,170,0.4189411764705882
21195,PINK  HONEYCOMB PAPER BALL ,622,1018.68,55,1.9910909090909088
18007,ESSENTIAL BALM 3.5g TIN IN ENVELOPE,11335,1017.18,51,0.170188679245283
23026,DRAWER KNOB VINTAGE GLASS STAR,503,1016.97,53,2.106727272727273
23411, TRELLIS COAT RACK,217,1016.55,46,4.915957446808511
21209,MULTICOLOUR HONEYCOMB FAN,1354,1016.52,84,0.9890476190476192
20777,CHRYSANTHEMUM NOTEBOOK,3525,1016.25,94,1.6342105263157896
23544,WALL ART MID CENTURY MODERN ,164,1015.78,20,7.523000000000001
16047,POP ART PEN CASE & PENS,10587,1015.59,23,0.7830434782608695
21883,STARS GIFT TAPE ,2038,1015.36,165,0.5967878787878788
72819,CUPID DESIGN SCENTED CANDLES,660,1015.1,64,2.1727272727272724
22101,MIRROR MOSAIC VOTIVE HOLDER,1088,1014.72,49,1.9416
23508,MINI PLAYING CARDS DOLLY GIRL ,2472,1013.04,106,0.4189473684210526
23327,HANGING CLEAR MINI BOTTLE,1710,1012.02,34,0.6185714285714285
21065,BOOM BOX SPEAKER GIRLS,516,1011.6,57,4.794262295081967
37479B,CUBIC MUG FLOCK BLUE ON BROWN,1240,1011.48,24,1.163333333333333
21040,MODERN VINTAGE COTTON SHOPPING BAG,855,1011.45,46,2.110851063829787
21316,SMALL CHUNKY GLASS ROMAN  BOWL,669,1008.19,34,2.001176470588236
21827,EIGHT PIECE CREEPY CRAWLIE SET,810,1007.94,119,1.24703125
21010,ETCHED GLASS BIRD TREE DECORATION,806,1007.5,66,1.25
23460,SWEETHEART WALL TIDY ,108,1007.08,43,9.90093023255814
15058B,PINK WHITE SPOTS GARDEN PARASOL,180,1007.0,47,7.132978723404255
22857,ASSORTED EASTER GIFT TAGS,1226,1004.66,62,0.8458064516129032
22202,MILK PAN PINK POLKADOT,286,1003.38,40,3.714
21786,POLKADOT RAIN HAT ,2578,1003.33,127,0.4436296296296296
23433,HANGING QUILTED PATCHWORK APPLES,1215,1003.17,82,0.8286585365853659
21802,CHRISTMAS TREE HEART DECORATION,2388,1002.96,99,0.42
22678,FRENCH BLUE METAL DOOR SIGN 3,799,1001.18,113,1.2708849557522126
84569D,PACK 6 HEART/ICE-CREAM PATCHES,799,1001.17,96,1.2623469387755102
22258,FELT FARM ANIMAL RABBIT,1113,1000.77,71,1.1853424657534246
85179B,WHITE BITTY LIGHT CHAIN ,240,1000.08,39,4.542307692307692
23347,I LOVE LONDON BEAKER,827,999.75,70,1.247605633802817
85169A,IVORY LOVE BIRD CANDLE,913,999.07,97,1.205148514851485
23087,ZINC  HEART T-LIGHT HOLDER,830,997.18,49,1.237142857142857
23131,MISELTOE HEART WREATH CREAM,240,996.0,1,4.15
23376,PACK OF 12 VINTAGE CHRISTMAS TISSUE,2630,995.46,113,0.3894017094017094
23102,SILVER HEARTS TABLE DECORATION,1231,995.33,139,0.8268794326241135
22049,WRAP CHRISTMAS SCREEN PRINT,3450,994.75,112,0.2938053097345133
20832,RED FLOCK LOVE HEART PHOTO FRAME,1576,994.1,103,0.7022115384615385
21145,ANTIQUE GLASS PLACE SETTING,839,994.03,39,1.2402564102564102
85136C,RED SHARK HELICOPTER,125,993.75,80,7.95
22416,36 DOILIES SPACEBOY DESIGN ,705,993.45,52,1.446153846153846
23365,SET 12 COLOUR PENCILS LOVE LONDON,1529,991.45,128,0.649236641221374
23452,HEART MINI PORTRAIT FRAME,510,990.9,81,1.9462962962962964
85212,MINI PAINTED GARDEN DECORATION ,2766,990.62,96,0.4983333333333333
84964B,BLUE PAINTED KASHMIRI TABLE ,17,990.0,2,45.0
21399,BLUE POLKADOT COFFEE MUG,2113,989.94,70,0.732
21530,DAIRY MAID TOASTRACK,860,989.72,114,1.5872413793103448
84678,CLASSICAL ROSE SMALL VASE,541,989.55,64,2.333333333333333
20752,BLUE POLKADOT WASHING UP GLOVES,471,989.1,156,2.1
84559A,3D SHEET OF DOG STICKERS,1161,987.63,151,0.8551315789473684
17021,NAMASTE SWAGAT INCENSE,3714,982.44,75,0.2948780487804878
22856,ASSORTED EASTER DECORATIONS  BELLS,872,980.56,27,1.235925925925926
85124C,GREEN JUICY FRUIT PHOTO FRAME,397,979.95,97,2.540721649484536
22323,PINK POLKADOT KIDS BAG,474,975.9,72,2.2335616438356167
21202,DOLLY HONEYCOMB GARLAND,814,975.9,56,1.5642857142857145
37424,WHITE WITH BLACK CATS MUG,5153,975.41,47,0.8031914893617021
72815,3 WICK CHRISTMAS BRIAR CANDLE ,260,975.0,59,3.75
22260,FELT EGG COSY BLUE RABBIT ,1187,973.07,108,0.8764601769911504
21752,GLASS CAKE STAND MIRRORED BASE,68,972.6,30,14.803333333333333
20705,MRS ROBOT SOFT TOY,269,972.55,49,5.386734693877551
20866,BLUE ROSE FABRIC MIRROR,963,972.29,87,1.263448275862069
23041,PAPER LANTERN 9 POINT SNOW STAR,234,971.1,42,4.15
20784,RED RETRO BAR STOOL,26,970.7,8,38.95
22680,FRENCH BLUE METAL DOOR SIGN 5,775,969.97,107,1.2716513761467891
84559B,3D SHEET OF CAT STICKERS,1140,969.0,150,0.85
21277,FRENCH STYLE EMBOSSED HEART CABINET,45,968.8,40,21.62625
21759,METAL WALL SHELF UNIT WITH HOOKS,27,968.08,11,45.47
22321,BIRD DECORATION RED SPOT,1139,966.59,84,0.848452380952381
84969,ASSORTED COLOUR SET 6 TEASPOONS,227,964.75,63,4.25
84800L,LARGE WHITE/PINK ROSE ART FLOWER,647,964.43,37,1.854864864864865
85008,SET OF 3 CONEY ISLAND OVAL BOXES,259,961.8,89,4.7283333333333335
84687,BEACH HUT SHELF W 3 DRAWERS,292,961.4,52,5.084615384615385
23281,FOLDING BUTTERFLY MIRROR RED  ,1252,961.28,89,0.8228260869565218
85126,LARGE ROUND CUTGLASS CANDLESTICK,148,960.6,32,6.701515151515152
23121,PACK OF 6 COCKTAIL PARASOL STRAWS,2460,958.32,87,0.4160869565217391
22266,EASTER DECORATION HANGING BUNNY,2476,958.3,123,0.5265151515151515
72484,ROSES IN WHITE HEART CANDLE ,1805,958.21,54,0.9703571428571428
22860,EASTER TIN CHICKS PINK DAISY,580,957.0,88,1.65
84750B,BLACK SMALL GLASS CAKE STAND,564,956.64,55,1.7416363636363634
82001S,SILVER RECORD COVER FRAME,272,955.86,19,4.398421052631579
85197,SET OF 12 MINI BUNNIES IN A BUCKET,1667,955.26,73,2.058933333333333
23518,EMBROIDERED RIBBON REEL RACHEL ,357,954.93,41,2.870487804878049
22701,PINK DOG BOWL,552,954.78,86,2.516666666666667
21250,SET OF SKULL WALL STICKERS,394,950.5,53,2.879245283018868
84664,CHERRY BLOSSOM BATHROOM CABINET,192,950.4,50,4.95
72753B,S/3 FLWR FAIRY LAVENDER CANDLES,444,949.95,13,3.0
22717,CARD DOG AND BALL ,2322,949.32,152,0.4188157894736842
23088,ZINC HEART FLOWER T-LIGHT HOLDER,760,947.18,57,1.306315789473684
22986,WRAP GINGHAM ROSE ,2276,943.92,82,0.4192682926829267
23033,DRAWER KNOB CERAMIC RED,679,943.75,59,1.4398305084745764
22597,MUSICAL ZINC HEART DECORATION ,2498,943.64,113,0.4867521367521367
22280,POCKET BAG PINK PAISELY BROWN SPOT,579,943.03,87,1.6514285714285717
78124,MAGAZINE RACK GEBRA ASSORTED ,718,942.5,26,1.5384615384615383
47504H,ENGLISH ROSE SPIRIT LEVEL ,989,940.83,105,1.3254285714285714
85019B,BLOSSOM  IMAGES NOTEBOOK SET,704,940.0,36,2.0
22105,MIRROR MOSAIC GOBLET CANDLE HOLDER,613,937.25,26,3.875925925925926
37492B,BLUE YELLOW FLOWER PIGGY BANK,488,937.2,43,3.5337209302325587
35648,VINTAGE BEAD PINK PURSE ,867,937.01,68,1.2153521126760565
23533,WALL ART GARDEN HAVEN ,210,936.34,31,5.151935483870968
35958,FOLKART ZINC STAR CHRISTMAS DEC,1100,935.0,69,0.85
85160B,BLACK BIRD GARDEN DESIGN MUG,6149,934.87,30,0.7616129032258064
23402,HOME SWEET HOME 3 PEG HANGER ,255,934.17,51,3.7409803921568634
21636,MADRAS NOTEBOOK MEDIUM,1003,934.05,88,1.1456043956043955
22995,TRAVEL CARD WALLET SUKI,2228,932.88,183,0.4193513513513513
23525,WALL ART BUFFALO BILL ,321,932.67,29,3.642758620689656
23331,DECORATIVE WICKER HEART SMALL,1492,932.28,81,0.6290697674418605
20932,PINK POT PLANT CANDLE,305,932.05,56,3.444642857142857
21690,SILVER  CANDLEPOT JARDIN ,248,929.2,75,3.740123456790123
21425,SKULLS STORAGE BOX LARGE,450,928.14,58,2.8817241379310348
21562,HAWAIIAN GRASS SKIRT ,664,926.71,63,1.56375
22116,METAL SIGN HIS DINNER IS SERVED,735,924.69,127,1.683543307086614
21814,HEART T-LIGHT HOLDER ,639,924.15,71,1.4473333333333334
23527,ANIMALS AND NATURE WALL ART,267,923.97,17,3.695882352941176
23153,ZINC SWEETHEART WIRE LETTER RACK,248,923.63,78,3.7883333333333336
21711,FOLDING UMBRELLA  WHITE/RED  SPOT,259,922.05,26,4.4884615384615385
23512,EMBROIDERED RIBBON REEL ROSIE,484,921.46,49,2.062244897959184
20758,ABSTRACT CIRCLES POCKET BOOK,5378,920.9,74,0.8373684210526315
84817,DANISH ROSE DECORATIVE PLATE,1051,920.64,77,1.622692307692308
23566,EGG CUP MILKMAID HEIDI,784,919.52,46,1.2408695652173911
21061,PARTY INVITES FOOTBALL,1303,919.27,124,0.8336507936507936
21702,SET 5 MINI GATEAUX  FRIDGE MAGNETS,2636,918.68,8,1.3425
21707,FOLDING UMBRELLA BLACKBLUE POLKADOT,184,918.02,70,5.083142857142857
22119, PEACE WOODEN BLOCK LETTERS,133,917.15,47,6.937234042553191
22529,MAGIC DRAWING SLATE GO TO THE FAIR ,2295,916.38,136,0.4178102189781021
84929,ASSTD FRUIT+FLOWERS FRIDGE MAGNETS,2928,915.12,90,0.3605555555555556
20707,CRAZY DAISY HEART DECORATION,1279,914.12,63,1.34859375
15058B,PINK POLKADOT GARDEN PARASOL,121,913.95,44,7.868181818181818
21131,GOLD STANDING GNOME,253,910.25,28,4.008620689655173
84358,FLOOR LAMP SHADE WOOD BASE,113,909.63,22,9.284999999999998
23514,EMBROIDERED RIBBON REEL SALLY ,458,909.14,62,2.0706451612903227
85189,HANGING BUTTERFLY  EGG,1117,908.89,58,0.8455932203389831
21630,FLOOR CUSHION ELEPHANT CARNIVAL,104,908.8,47,8.886170212765958
22324,BLUE POLKADOT KIDS BAG,447,906.81,66,2.258358208955224
72045D,ROSES ON BLUE TEACUP CANDLE ,536,905.84,3,1.6900000000000002
22786,CUSHION COVER PINK UNION JACK,163,903.89,58,5.940666666666667
22321,BIRD DECORATION RED RETROSPOT,1085,903.53,73,0.8482191780821918
22707,WRAP MONSTER FUN ,2150,903.0,81,0.4199999999999999
23510,MINI PLAYING CARDS GYMKHANA,2297,901.74,95,0.4187999999999999
85018D,YULETIDE IMAGES S/6 PAPER BOXES,762,901.5,63,2.023015873015873
21269,ANTIQUE CREAM CUTLERY SHELF ,106,901.0,58,8.5
46000P,POLYESTER FILLER PAD 65CMx65CM,212,901.0,48,4.25
35962,12 ASS ZINC CHRISTMAS DECORATIONS,429,900.9,45,2.1
84405A,S/3 PINK COL METAL BASKET W HANDLE,122,900.3000000000001,45,11.016666666666667
20671,BLUE TEATIME PRINT BOWL ,731,900.07,106,1.2482075471698113
84625A,PINK NEW BAROQUECANDLESTICK CANDLE,788,898.7,61,1.848360655737705
21691,SILVER VANILLA FLOWER CANDLE POT,240,898.56,66,3.745068493150685
23529,WALL ART DOLLY GIRL ,311,896.3700000000001,19,3.6110526315789473
84760L,LARGE HANGING GLASS+ZINC LANTERN,560,896.0,1,1.6
23419,HOME SWEET HOME BOTTLE ,437,895.0400000000001,61,2.0752459016393443
17109B,FLOWER FAIRY INCENSE LAVENDER,4541,892.91,16,1.184375
84666,SQUARE CHERRY BLOSSOM CABINET,226,892.7,33,3.95
22939,ADULT APRON APPLE DELIGHT,179,891.9300000000001,40,5.8085
20778,GARDEN PATH NOTEBOOK ,3595,891.75,80,1.6314814814814815
84360,TABLE LAMP WHITE SHADE WOOD BASE,173,891.5500000000001,35,5.661111111111111
37475,SET/4 COLOURFUL MIXING BOWLS,94,891.5,51,9.80686274509804
20773,BLUE PAISLEY NOTEBOOK,3303,889.9499999999999,95,1.6346938775510202
21725,SWEETIES  STICKERS,1047,889.9499999999999,109,0.85
85104,SILVER GLASS T-LIGHT SET,327,888.9300000000001,51,2.984814814814815
22512,DOORSTOP RACING CAR DESIGN,375,888.23,63,3.1346031746031744
21746,SMALL RED SPOT  WINDMILL,742,886.46,52,1.242962962962963
22096,PINK PAISLEY SQUARE TISSUE BOX ,1646,886.28,163,0.7545833333333333
23528,SPACEBOY WALL ART,306,885.9000000000001,13,3.582307692307692
22643,SET OF 4 NAPKIN CHARMS LEAVES   ,405,882.99,76,2.3596052631578943
22994,TRAVEL CARD WALLET RETROSPOT,2104,882.24,160,0.4196273291925466
22598,CHRISTMAS MUSICAL ZINC TREE,1562,881.72,93,0.6392631578947368
21291,SMALL SPOTTY CHOCOLATE GIFT BAG ,1049,881.5699999999999,65,0.8403076923076923
46775D,SUNSET COLOUR CHUNKY KNITTED THROW,52,881.4,32,16.95
85111,SILVER GLITTER FLOWER VOTIVE HOLDER,2872,879.92,63,0.41
84974,S/2 ZINC HEART DESIGN PLANTERS,89,879.55,57,9.932758620689654
72799A,BLACK PILLAR CANDLE SILVER FLOCK,612,877.8000000000001,18,2.455555555555556
20934,SET/3 POT PLANT CANDLES,167,877.1500000000001,47,5.397916666666667
85019A,ROMANTIC IMAGES NOTEBOOK SET,639,876.75,41,2.274390243902439
23540,WALL ART THE MAGIC FOREST ,144,876.64,9,6.052222222222222
21708,FOLDING UMBRELLA CREAM POLKADOT,178,875.5000000000001,42,4.917441860465117
21805,WHITE CHRISTMAS TREE DECORATION ,2124,874.8,82,0.4185714285714285
23107,WHITE HEARTS WIRE PLANT POT HOLDER,324,873.5600000000001,59,2.7340677966101694
47504E,ENGLISH ROSE SCISSORS,4372,871.4,37,1.22027027027027
84625C,BLUE NEW BAROQUE CANDLESTICK CANDLE,743,870.95,57,1.918421052631579
22679,FRENCH BLUE METAL DOOR SIGN 4,695,870.57,102,1.2731372549019608
20798,CLEAR MILKSHAKE GLASS,445,869.7,41,2.068604651162791
21726,MULTI HEARTS  STICKERS,1038,869.3,127,0.849
17033,"BROCADE PURSE,SMALL ARCH BUTTON",3279,867.55,68,0.2852941176470588
84637,KITCHEN FLOWER POTS WALL PLAQUE,487,867.25,33,4.8106060606060606
21189,WHITE HONEYCOMB PAPER GARLAND ,543,866.75,61,1.6401639344262295
35923,CANDY HEART HANGING DECORATION,1453,866.71,66,0.7694029850746268
22896,PEG BAG APPLE DESIGN,384,866.7,28,2.4857142857142853
35599D,PINK AND WHITE CHRISTMAS TREE 120CM,322,866.58,39,2.7664102564102566
84826,ASSTD DESIGN 3D PAPER STICKERS,1731,866.53,50,0.6521153846153845
22647,CERAMIC LOVE HEART MONEY BANK,1042,866.5,68,1.1688235294117648
23545,WRAP RED VINTAGE DOILY,2100,866.0,68,0.4188405797101449
22264,FELT FARM ANIMAL WHITE BUNNY ,1803,865.7099999999999,88,0.7605555555555555
21060,PARTY INVITES BALLOON GIRL,1208,864.1999999999999,123,0.8391869918699187
20617,FIRST CLASS PASSPORT COVER ,452,863.88,74,2.132702702702703
84791,GINGHAM HEART DECORATION,296,863.6000000000001,75,2.944666666666667
20759,CHRYSANTHEMUM POCKET BOOK ,5734,863.5,44,0.8281818181818181
21391,FRENCH LAVENDER SCENT HEART,972,861.3,77,1.0234177215189872
23517,EMBROIDERED RIBBON REEL REBECCA ,312,860.88,51,2.8743137254901963
23002,TRAVEL CARD WALLET SKULLS,2052,860.4,140,0.4195774647887323
21945,STRAWBERRIES  DESIGN FLANNEL ,1518,859.64,73,0.8108
23099,FRENCH CARRIAGE LANTERN,132,858.9000000000001,54,6.584545454545455
22814,CARD PARTY GAMES ,2126,858.36,135,0.4173333333333333
22069,BROWN  PIRATE TREASURE CHEST ,603,858.33,82,1.537857142857143
84925F,PSYCHEDELIC WALL THERMOMETER,711,857.9300000000001,31,1.964516129032258
20780,BLACK EAR MUFF HEADPHONES,174,857.6,58,5.477540983606557
84796A,PINK HAWAIIAN PICNIC HAMPER FOR 2,150,856.5,25,10.638
20757,RED DAISY POCKET BOOK ,5301,856.23,55,0.8467857142857144
21815,STAR  T-LIGHT HOLDER ,592,855.9999999999999,60,1.4467213114754098
21720,CAKE SHOP  STICKER SHEET,1023,854.99,87,0.8470114942528736
23532,WALL ART WORK REST AND PLAY  ,205,853.47,26,4.470769230769231
22288,"DECORATION , HANGING METAL RABBIT",813,851.25,47,1.2387755102040816
21007,ETCHED GLASS DROPLET DECORATION,1905,851.23,39,0.7641025641025642
21721,CANDY SHOP  STICKER SHEET,1005,851.13,89,0.8471428571428572
20991,JAZZ HEARTS MAGNETIC MEMO PAD,7058,850.9000000000001,16,0.609375
85129D,BEADED CRYSTAL HEART PINK SMALL,655,850.35,85,1.3474117647058823
84596E,SMALL LICORICE DES PINK BOWL,880,850.2,124,1.1152380952380954
85226A,WHITE/BLUE PULL BACK RACING CAR,1658,849.5,114,0.5489256198347108
21303,FILIGREE WALL MIRROR  ANTIQUE WHITE,92,848.8,26,12.55
21338,MARAKESH LANTERN SMALL ,196,848.35,11,5.7875000000000005
22255,FELT TOADSTOOL  SMALL,998,848.3,87,0.85
21284,RETROSPOT CANDLE  SMALL,1116,847.88,60,1.0978333333333334
85032B,BLOSSOM IMAGES GIFT WRAP SET,929,846.0,106,0.9099056603773584
20801,LARGE PINK GLASS SUNDAE DISH,902,845.86,69,1.3373972602739723
22821,GIFT BAG PSYCHEDELIC APPLES,1300,845.36,103,0.653495145631068
23525,BUFFALO BILL WALL ART ,246,845.22,15,3.6886666666666663
21836,GINGHAM OVEN GLOVE RED HEART ,225,843.75,80,3.75
85124A,PINK JUICY FRUIT PHOTO FRAME,339,843.75,70,2.530714285714285
20774,GREEN FERN NOTEBOOK,3419,841.35,76,1.6305194805194805
20622,VIPPASSPORT COVER ,488,840.6800000000001,71,2.044647887323944
84782A,PINK 3 TIER GLASS PLATE STAND,119,840.45,26,9.903846153846152
21127,COLOURFUL FISHING GNOME,284,838.6,36,5.8
23178,JAM CLOCK MAGNET,309,838.47,55,2.8387272727272728
21299,EDWARDIAN TOILET ROLL UNIT ,161,838.35,29,8.501724137931035
84985A,SET OF 72 GREEN PAPER DOILIES,578,838.0999999999999,119,1.45
23179,CLOCK MAGNET MUM'S KITCHEN,304,837.88,40,2.9330000000000003
85025B,EAU DE NILE HEART SHAPE PHOTO FRAME,525,837.45,65,1.6470588235294117
21635,MADRAS NOTEBOOK LARGE ,395,836.25,39,3.0625
22250,DECORATION  BUTTERFLY  MAGIC GARDEN,1018,836.18,109,0.8432173913043478
21780,MA CAMPAGNE 4 DRAWER WALL SHELF,125,835.55,17,8.411764705882353
21261,GREEN GOOSE FEATHER CHRISTMAS TREE ,245,834.7500000000001,43,4.903488372093023
22143,CHRISTMAS CRAFT HEART DECORATIONS,420,834.0,53,2.090740740740741
20878,SET/9 CHRISTMAS T-LIGHTS SCENTED ,689,833.89,67,1.241739130434783
90200D,PINK SWEETHEART BRACELET,199,833.75,55,4.240909090909091
21062,PARTY INVITES SPACEMAN,1009,833.53,120,0.8450413223140496
23523,TREASURE AHOY WALL ART,270,833.46,16,3.585
20786,BLACK RETRO BAR STOOL,22,830.9,9,39.50555555555556
72529W,WHITE ADVENT CANDLE,443,829.08,39,2.086923076923077
35599B,BLACK CHRISTMAS TREE 120CM,249,828.5699999999999,38,5.154736842105263
84820,DANISH ROSE TRINKET TRAYS,317,828.15,49,4.638979591836735
85124B,BLUE JUICY FRUIT PHOTO FRAME,331,827.85,84,2.5446428571428568
21392,RED SPOTTY PUDDING BOWL,3818,827.04,24,2.0033333333333334
21650,ASSORTED TUTTI FRUTTI BRACELET,2791,826.99,101,0.4013513513513514
21664,RIDGED GLASS STORAGE JAR CREAM LID,227,825.3299999999999,54,3.7369090909090903
84341B,SMALL PINK MAGIC CHRISTMAS TREE,1690,825.03,94,0.686938775510204
85130D,BEADED CRYSTAL HEART PINK LARGE,734,824.28,80,1.316024096385542
22682,FRENCH BLUE METAL DOOR SIGN 7,658,823.11,85,1.263372093023256
23502,PLAYING CARDS VINTAGE DOILY ,677,822.73,85,1.2451162790697674
22310,KNITTED MUG COSY IVORY COLOUR ,546,821.7,28,1.6214285714285714
23338,EGG FRYING PAN RED ,405,820.32,91,2.0749450549450548
23479,WIRE EGG BASKET ,109,819.65,40,7.775
22893,MINI CAKE STAND T-LIGHT HOLDER,2006,819.48,93,0.4180851063829787
23186,FRENCH STYLE STORAGE JAR CAFE ,1982,819.4599999999999,70,0.3409859154929577
85135C,RED DRAGONFLY HELICOPTER,103,818.85,65,7.950000000000001
22268,EASTER DECORATION SITTING BUNNY,1010,817.9399999999999,110,0.8455555555555555
22681,FRENCH BLUE METAL DOOR SIGN 6,652,816.82,86,1.276818181818182
20756,GREEN FERN POCKET BOOK,5679,816.7499999999999,44,0.8281818181818181
72598,SET/12 TAPER CANDLES,1042,815.14,89,0.8385869565217391
84660A,WHITE STITCHED WALL CLOCK,851,814.4,42,1.7083333333333333
84750A,PINK SMALL GLASS CAKE STAND,447,814.05,49,1.9255102040816323
17039,INLAID WOOD INCENSE HOLDER,3641,813.0899999999999,30,0.2739999999999999
22164,STRING OF STARS CARD HOLDER,303,812.2500000000001,42,2.9095238095238094
20833,SHAKER THROW  QUILTED,52,811.8,5,27.630000000000003
85159A,"BLACK TEA,COFFEE,SUGAR JARS",456,811.1999999999999,48,2.2479166666666663
21944,KITTENS DESIGN FLANNEL,1538,811.0999999999999,75,0.7793421052631578
85231L,LAVENDER SCENTED SET/9 T-LIGHTS,1018,810.6999999999999,101,0.8449514563106796
85145,JARDIN ETCHED GLASS LARGE BELL JAR,91,809.05,30,9.403333333333334
22953,BIRTHDAY PARTY CORDON BARRIER TAPE,665,807.52,96,1.2729896907216496
47589,CONGRATULATIONS BUNTING,148,806.6,70,5.45
35957,SMALLFOLKART BAUBLE CHRISTMAS DEC,3313,806.3399999999999,62,0.3309677419354838
21552,CERAMIC BIRDHOUSE BLACK ROSE  LARGE,162,805.6500000000001,32,5.86060606060606
85130B,BEADED CRYSTAL HEART GREEN LARGE,875,805.0500000000001,59,1.0622033898305083
84660B,BLACK STITCHED WALL CLOCK,727,804.65,44,2.162272727272727
84632,DECORATIVE HANGING SHELVING UNIT,14,799.3000000000001,10,58.95
85166B,BLACK METAL BAROQUE PHOTO FRAME,501,798.75,31,3.1048387096774195
23524,HORSE & PONY WALL ART,256,797.3100000000001,17,3.594705882352941
23022,SMALL BONNE JAM JAR  T-LIGHT HOLDER,416,795.6800000000001,21,2.0295652173913044
82616B,FRAPPUCINO SCARF KNITTING KIT,533,794.9300000000001,75,2.0223376623376623
21580,RABBIT  DESIGN  COTTON TOTE BAG,361,794.25,89,2.2331460674157304
21331,MOROCCAN BEATEN METAL DISH LARGE,104,793.74,24,11.839166666666666
35598B,BLACK CHRISTMAS TREE 60CM,919,792.85,48,1.7520833333333334
22247,BUNNY DECORATION MAGIC GARDEN,971,792.0699999999999,102,0.8402803738317757
20867,PINK ROSE FABRIC MIRROR,844,791.72,75,1.2249350649350648
82616C,MIDNIGHT GLAMOUR SCARF KNITTING KIT,539,791.22,78,1.9470512820512824
21676,FLOWERS  STICKERS,1102,787.3599999999999,98,0.8837755102040816
20913,SET/5 BLUE SPOTTY LID GLASS BOWLS,295,787.05,30,2.936666666666667
84685,BEACH HUT KEY CABINET,359,786.25,54,3.240740740740741
21555,CERAMIC STRAWBERRY TRINKET TRAY,316,784.2,51,2.544117647058824
85196,EASTER BUNNIES ON A STICK,1536,783.96,66,0.5401515151515153
85194S,HANGING SPRING FLOWER EGG SMALL,1680,783.8,95,0.5456701030927835
84767,ZINC POLICE BOX LANTERN,193,783.7,4,5.4625
23380,PACK OF 12 VINTAGE DOILY TISSUES,2087,783.6899999999999,92,0.3892553191489362
21264,WHITE GOOSE FEATHER TREE 60CM ,352,782.4,57,3.07280701754386
20669,RED HEART LUGGAGE TAG,627,781.47,132,1.2486231884057972
21801,CHRISTMAS TREE DECORATION WITH BELL,1860,781.1999999999999,80,0.4199999999999999
21318,GLASS CHALICE BLUE SMALL ,936,780.3,77,1.241025641025641
23004,TRAVEL CARD WALLET PANTRY,1853,779.9,123,0.4297619047619047
21414,SCALLOP SHELL SOAP DISH,1614,779.4,20,2.017142857142857
85135B,BLUE DRAGONFLY HELICOPTER,98,779.1,76,7.949999999999999
21724,PANDA AND BUNNIES STICKER SHEET,916,778.5999999999999,126,0.85
84660C,PINK STITCHED WALL CLOCK,689,778.07,55,2.4009090909090918
23472, NINE DRAWER OFFICE TIDY,54,777.9,30,14.786666666666664
22216,T-LIGHT HOLDER WHITE LACE,1069,775.5699999999999,57,0.8
23220,REINDEER HEART DECORATION GOLD,929,774.4300000000001,77,0.9106410256410256
84907,PINK YELLOW PATCH CUSHION COVER,359,774.1500000000001,11,5.577272727272727
21551,CERAMIC BIRDHOUSE BUTTERFLY LARGE,165,772.95,19,5.821052631578948
85163A,WHITE BAROQUE WALL CLOCK ,79,772.65,41,12.189024390243905
21632,VINTAGE PINK DECORATIVE PARASOL,102,772.5,32,11.375
85170D,SET/6 PINK BIRD T-LIGHT CANDLES,574,772.1899999999999,77,2.1102597402597403
85032C,CURIOUS IMAGES GIFT WRAP SET,793,772.1,100,0.9801980198019802
23409,PHOTO FRAME LINEN AND LACE LARGE,208,771.72,41,3.727560975609757
84908A,PINK 5 PATCH FLOWER CUSHION COVER ,387,769.65,7,4.092857142857143
22936,BAKING MOULD ROSE WHITE CHOCOLATE,258,766.88,33,3.3037142857142854
16259,PIECE OF CAMO STATIONERY SET,5473,766.09,55,0.1461818181818181
84659A,WHITE TRAVEL ALARM CLOCK,311,765.66,71,2.525416666666666
85188A,GREEN METAL SWINGING BUNNY,904,765.28,81,0.8483950617283951
21444,BLUE CHALET BIRDFEEDER,273,763.75,20,3.6875
23458,DOLLY CABINET 3 DRAWERS ,51,762.4499999999999,30,14.95
22820,GIFT BAG BIRTHDAY,1172,761.98,76,0.6523376623376624
23550,WRAP ALPHABET POSTER  ,1850,761.0,63,0.4187301587301587
47593B,SCOTTIE DOGS BABY BIB,1730,760.14,107,0.5923423423423423
37327,ASSTD MULTICOLOUR CIRCLES MUG,1535,759.59,52,0.5814545454545454
22420,LIPSTICK PEN BABY PINK,1818,758.87,149,0.4512903225806451
23423,PANTRY 3 HOOK ROLLING PIN HANGER,202,757.5,51,3.75
22985,WRAP BILLBOARD FONTS DESIGN,1800,756.0,62,0.42
21298,EDWARDIAN 2 DRAWER WALL CABINET ,52,755.8,14,19.37857142857143
84908B,BLUE 5 PATCH FLOWER CUSHION COVER,385,755.75,5,2.95
23519,EMBROIDERED RIBBON REEL CLAIRE,219,755.01,19,3.701578947368421
21335,LIBRARY LAMP,36,754.1999999999999,22,21.54090909090909
23487,SWEET HEART CAKE CARRIER,78,754.0,42,9.86904761904762
35646,VINTAGE BEAD PINK EVENING BAG,533,753.88,51,1.805094339622641
21629,SQUARE FLOOR CUSHION VINTAGE RED,96,753.2,46,7.906521739130435
22547,MINI JIGSAW DINOSAUR ,1864,752.43,109,0.4280357142857142
23017,APOTHECARY MEASURING JAR,64,751.4000000000001,21,12.178571428571429
22825,DECORATIVE PLANT POT WITH FRIEZE,96,751.2,34,7.914705882352941
17165B,ASS COL LARGE SAND GECKO P'WEIGHT,809,750.63,56,1.0295
72755C,FLOWER FAIRY OIL BURNER SET ROSE,588,750.0,13,1.7115384615384617
20775,DAISY NOTEBOOK ,3509,749.85,53,1.622222222222222
82613D,METAL SIGN CUPCAKE SINGLE HOOK,852,749.6,126,1.1314285714285717
22058,CERAMIC LOVE HEARTS DESIGN MUG,503,749.47,92,1.49
22683,FRENCH BLUE METAL DOOR SIGN 8,598,749.32,83,1.278433734939759
84922,PINK BUTTERFLY WASHBAG,335,748.75,10,4.025
17012C,ORIGAMI LAVENDER INCENSE/CANDL SET ,777,747.25,56,1.3901785714285713
23106,ZINC HEARTS PLANT POT HOLDER,275,746.15,49,2.769591836734694
37330,SPOTS MUG,426,744.2999999999998,17,1.8441176470588236
20989,URBAN CHIC CHOPSTICKS SET/5,397,744.15,48,1.94375
21641,ASSORTED TUTTI FRUTTI KEYRING BALL,1541,741.1299999999999,48,0.6722916666666666
21503,TOYBOX  WRAP ,1801,740.42,64,0.41875
21014,SWISS CHALET TREE DECORATION ,1662,737.66,107,0.5596428571428571
21300,ANTIQUE EDWARDIAN DRESSER,52,737.4,11,16.13181818181818
21851,LILAC DIAMANTE PEN IN GIFT BOX,383,736.67,46,4.604782608695652
84247E,PACK/12 XMAS FUN CARD,256,736.0000000000001,56,2.942857142857143
21286,RETROSPOT CANDLE  LARGE,690,735.82,37,1.324054054054054
84625D,WHITE NEWBAROQUE CANDLESTICK CANDLE,639,734.25,46,2.0117021276595746
21456,2 PICTURE BOOK EGGS EASTER CHICKS,718,732.5,51,1.239423076923077
21458,2 PICTURE BOOK EGGS EASTER BUNNY,718,732.5,57,1.2403508771929823
ADJUST2,Adjustment by Peter on Jun 25 2010 ,3,731.0500000000001,3,243.68333333333337
22230,JIGSAW TREE WITH WATERING CAN,1366,731.02,123,0.6944444444444444
21398,RED POLKADOT COFFEE  MUG,1541,730.9499999999999,53,0.7771698113207548
71279,PINK GLASS CANDLEHOLDER,251,730.8500000000001,52,2.9424528301886794
47503F,ASS FLORAL PRINT TORCH,2567,729.9499999999999,11,1.5227272727272727
21554,CERAMIC BIRDHOUSE RED ROOF LARGE,163,729.85,19,5.821052631578948
21285,RETROSPOT CANDLE  MEDIUM,726,729.62,50,1.5354
21880,RED RETROSPOT TAPE,1548,727.44,111,0.5596428571428571
21320,GLASS CHALICE GREEN  LARGE ,358,726.6600000000001,36,2.2159459459459456
85180B,PINK HEARTS LIGHT CHAIN ,279,726.63,32,3.8252941176470583
22408,MONEY BOX CONFECTIONERY DESIGN,614,726.35,75,1.2269736842105263
90147,CHUNKY SILVER NECKLACE PASTEL FLOWE,73,726.3499999999999,38,9.95
22785,SQUARECUSHION COVER PINK UNION FLAG,108,725.8,44,6.7318181818181815
85230F,JASMINE VOTIVE CANDLE,2944,725.1199999999999,61,0.2768852459016394
85187,S/12 MINI RABBIT EASTER,451,724.9499999999999,88,1.6456043956043955
22493, PAINT YOUR OWN CANVAS SET,480,724.8,17,1.5794117647058823
23335,EGG FRYING PAN IVORY ,358,722.5600000000001,81,2.074390243902439
85121C,RETRO LAUNDRY TUB PISTACHIO,85,722.5,42,8.5
84821,DANISH ROSE DELUXE COASTER,1306,722.5,67,0.7079411764705883
21185, HOME SWEET HOME  BLACKBOARD,117,722.3100000000001,33,6.323939393939394
84596L,BISCUITS SMALL BOWL LIGHT BLUE,1262,720.9399999999999,130,0.783923076923077
20941,FROG CANDLE,928,719.62,69,1.185142857142857
16011,ANIMAL STICKERS,3427,718.47,100,0.2095
84600,NEW BAROQUE JEWELLERY BOX ,94,717.3000000000001,39,7.8730769230769235
21376,LARGE  TALL CAMPHOR WOOD TOADSTOOL ,171,717.15,38,4.95
37423,WHITE WITH BLACK CATS PLATE,6091,716.23,25,0.7532
84631,FRUIT TREE AND BIRDS WALL PLAQUE,253,715.35,24,6.7
22492,MINI PAINT SET VINTAGE  BOY+ GIRL,1188,714.5999999999999,17,0.6441176470588236
84638,SMALL KITCHEN FLOWER POTS PLAQUE,356,714.2,31,5.353225806451613
20850,ZINC HEART LATTICE PLANTER BOWL,820,713.8000000000001,23,2.8434782608695657
84963A,PINK PAINTED KASHMIRI CHAIR,22,713.4000000000001,8,40.712500000000006
35965,FOLKART HEART NAPKIN RINGS,375,713.3700000000001,82,2.402439024390244
16015,MEDIUM CHINESE STYLE SCISSOR,1572,711.38,65,0.4870769230769231
90200E,GREEN SWEETHEART BRACELET,170,710.5,53,4.240566037735849
21208,PASTEL COLOUR HONEYCOMB FAN,981,709.89,75,0.892077922077922
23006,TRAVEL CARD WALLET FLOWER MEADOW,1693,709.62,130,0.4195384615384615
21129,SILVER FISHING GNOME ,105,709.3000000000001,42,7.463095238095238
20769,DAISY JOURNAL ,403,708.47,61,2.4574193548387093
22685,FRENCH BLUE METAL DOOR SIGN 0,567,708.15,74,1.249189189189189
85130C,BEADED CRYSTAL HEART BLUE  LARGE,650,707.86,61,1.1367741935483873
21344,MOROCCAN BEATEN METAL DISH,164,707.8000000000001,24,7.908333333333332
85136A,YELLOW SHARK HELICOPTER,89,707.55,67,7.95
23123,COCKTAIL SWORDS 50 PIECES,899,705.2500000000001,68,0.8235294117647058
20936,FORKED CACTUS CANDLE,309,704.33,55,2.8769090909090917
23564,EGG CUP MILKMAID INGRID,587,703.51,42,1.245
21417,COCKLE SHELL DISH,424,702.88,58,1.915
10134,COLOURING PENCILS BROWN TUBE,612,702.3,48,1.2424
85208,SET/12 FUNKY FELT FLOWER PEG IN BAG,353,701.94,59,2.0930508474576275
84849A,HELLO SAILOR BLUE SOAP HOLDER,430,700.78,68,1.6830434782608694
21374,MIRRORED WALL ART SKULLS,454,700.0,61,2.192622950819672
22676,"FRENCH BLUE METAL DOOR SIGN, 1",560,700.0,67,1.25
20892,SET/3 TALL GLASS CANDLE HOLDER PINK,86,699.7,23,10.593478260869563
22486,PLASMATRONIC LAMP,85,698.89,25,10.7396
21719,LOVELY BONBON STICKER SHEET,824,698.8399999999999,92,0.8486170212765957
20776,ABSTRACT CIRCLES NOTEBOOK,3187,698.55,53,1.622222222222222
37461,FUNKY MONKEY MUG,710,697.9,66,1.2141791044776118
21654,RIDGED GLASS FINGER BOWL,1129,696.2099999999999,62,0.8411111111111111
23187,FRENCH STYLE STORAGE JAR BONBONS,2338,695.06,74,0.3154666666666667
21427,SKULLS STORAGE BOX SMALL,441,694.5,73,2.05472972972973
22104,MIRROR MOSAIC CANDLE PLATE,1026,694.26,41,1.3195121951219513
21393,BLUE  SPOTTY PUDDING BOWL,2672,694.08,24,2.017916666666667
72755D,FLOWER FAIRY OIL BURNER SET SUMMER,533,693.25,13,1.9423076923076923
85093,CANDY SPOT EGG WARMER HARE,1044,692.74,59,0.887
85214,TUB 24 PINK FLOWER PEGS,419,691.35,135,1.65
21133,PAINTED BIRD ASSORTED CHRISTMAS,409,691.21,41,1.6899999999999995
21942,SKULLS DESIGN FLANNEL,1322,691.2,64,0.81140625
23183,MOTHER'S KITCHEN SPOON REST ,178,690.71,58,4.056610169491526
23222,CHRISTMAS TREE HANGING GOLD,776,690.64,64,0.9616666666666668
84707A,SILVER JEWELLED MIRROR TRINKET TRAY,91,689.49,40,9.70075
79342B,BROWN FLOWER LIGHTS,109,688.95,24,6.695833333333333
72131,COLUMBIAN CANDLE RECTANGLE,746,688.38,55,1.6482456140350878
21723,ALPHABET HEARTS STICKER SHEET,807,685.9499999999999,93,0.8499999999999999
82607A,GLASS BONBON JAR PARFUME AUX FLEURE,568,684.73,88,1.2435227272727274
84715,SET OF 6 ICE CREAM SKITTLES,232,684.4000000000001,39,2.95
23115,RED APPLES CHOPPING BOARD   ,144,684.0,38,4.928947368421053
23114,VINTAGE LEAF CHOPPING BOARD  ,144,684.0,41,4.930487804878049
85127,SMALL SQUARE CUT GLASS CANDLESTICK,138,683.1,37,4.95
79030G,"TUMBLER, NEW ENGLAND",472,683.04,52,1.5530769230769228
22847,"BREAD BIN, DINER STYLE, IVORY",45,682.7499999999999,10,15.55
17165D,ASS COL LARGE SAND FROG P'WEIGHT,716,682.32,89,1.0346236559139783
21443,OLIVE CHALET BIRDFEEDER,251,681.25,20,3.6875
20803,SMALL PINK GLASS SUNDAE DISH,1091,680.91,61,1.0755737704918034
21674,RIDGED GLASS PENDANT LAMPSHADE,43,680.8499999999999,9,16.505555555555553
84971L,LARGE HEART FLOWERS HOOK   ,568,680.36,43,1.2413636363636362
85023B,EAU DE NILE JEWELLED PHOTOFRAME,292,679.8000000000001,37,2.5256756756756755
21480,PINK STRIPE HOT WATER BOTTLE,245,679.5500000000001,38,2.919230769230769
23562,SET OF 6 RIBBONS PERFECTLY PRETTY  ,243,678.27,37,2.879189189189189
84925D,LA PALMIERA WALL THERMOMETER,452,677.4499999999999,26,2.321153846153846
21255,"FRENCH BOTTLE , LAVENDER",422,677.1,55,1.6427272727272726
72800A,S/4 BLACK DINNER CANDLE SILVER FLOC,661,676.71,34,2.226176470588235
21850,BLUE  DIAMANTE PEN IN GIFT BOX,321,675.75,43,4.245348837209303
84842,HELLO SAILOR BATHROOM SET,1495,675.05,26,3.456153846153846
21222,SET/4 BADGES BEETLES,530,672.18,84,1.3496470588235294
21286,RETRO SPOT CANDLE  LARGE,272,672.0,30,2.52
21391,FRENCH EMROIDR LAVENDER SCENT HEART,320,672.0,55,2.1
84689,S/2 BEACH HUT TREASURE CHESTS,305,671.65,34,4.316176470588236
35951,FOLKART BAUBLE CHRISTMAS DECORATION,1339,671.51,40,0.7497499999999999
22965,3 TRADITIONAL COOKIE CUTTERS  SET,354,671.4000000000001,10,2.05
72799C,PINK PILLAR CANDLE SILVER FLOCK,452,670.28,39,2.39974358974359
21265,PINK GOOSE FEATHER TREE 60CM,315,670.25,28,3.0928571428571425
23223,CHRISTMAS TREE HANGING SILVER ,745,670.11,67,0.946029411764706
85071C,"CHARLIE+LOLA""EXTREMELY BUSY"" SIGN",1197,669.8199999999999,98,1.1292929292929292
23025,DRAWER KNOB VINTAGE GLASS BALL,317,669.61,46,2.124565217391305
85213,MINI  ZINC GARDEN DECORATIONS ,1270,669.5799999999999,49,0.6857142857142857
22036,DINOSAUR BIRTHDAY CARD,1618,668.76,110,0.4172727272727272
84615,PINK ROUND BUTTERFLY MIRROR ,235,667.8299999999999,18,3.861666666666667
72753A,S/3 FLWR FAIRY LILLY CANDLES,312,666.9000000000001,11,2.6318181818181823
84029C,BROWN FURRY HOT WATER BOTTLE,191,665.05,38,3.7078947368421056
23568,EGG CUP HENRIETTA HEN CREAM ,580,664.52,28,1.235
37492D,PURPLE GREEN FLOWER PIGGY BANK,359,664.35,24,3.775
21457,2 PICTURE BOOK EGGS EASTER DUCKS,663,663.75,48,1.2385416666666669
21478,SILVER SKULL HOT WATER BOTTLE ,179,662.61,76,3.745324675324675
23024,LARGE BONNE JAM JAR  T-LIGHT HOLDER,254,662.0600000000001,10,2.73
23597,PAPER BUNTING PAISLEY PARK,246,661.7,28,2.907142857142857
85231E,STRAWBERRY SCENTED SET/9 T-LIGHTS,815,661.55,93,0.8458510638297871
23547,WRAP FLOWER SHOP  ,1575,661.5,62,0.42
17109C,FLOWER FAIRY INCENSE ROSE,3124,661.23,15,1.238
72750B,FLOWER FAIRY SET 3 CANDLES LAVENDER,302,660.9,29,3.191379310344828
84620,BLUE GINGHAM ROSE CUSHION COVER,111,660.45,46,5.95
72800B,S/4 PURPLE DINNER CANDLE BLK FLOCK,636,660.12,26,2.266428571428571
35095B,RED VICTORIAN FABRIC OVAL BOX,1824,659.87,92,0.4143478260869564
21764,VINTAGE WOODEN PLATE RACK,17,659.1500000000001,11,39.49545454545455
23140,TRIPLE WIRE HOOK IVORY HEART,160,658.54,35,4.256857142857143
23042,PAPER LANTERN 7 POINT SNOW STAR,99,658.35,25,6.65
21220,SET/4 BADGES DOGS,516,658.31,82,1.3228915662650602
20783,HEART EAR MUFF HEADPHONES,130,658.26,34,5.440588235294118
84976,RECTANGULAR SHAPED MIRROR,652,656.9,42,1.208095238095238
84686,BEACH HUT MIRROR,344,654.54,37,3.407297297297297
21308,LOUVRE VANITY MIRROR,129,653.85,3,6.966666666666666
84595E,LARGE TORTILLA DESIGN RED BOWL,350,653.0999999999999,27,2.738888888888889
20862,PINK PATCH PENCIL CASE BLUE HEART,316,652.5300000000001,28,2.0853571428571427
35647,VINTAGE BEAD PINK SHADE ,525,652.5,43,1.2329545454545454
23482,PEARLISED IVORY HEART LARGE ,415,651.15,36,1.6388888888888888
20894,HANGING BAUBLE T-LIGHT HOLDER LARGE,227,650.45,60,2.9368852459016392
21084,SET/6 COLLAGE PAPER CUPS,2486,650.4000000000001,136,0.3528571428571428
22248,DECORATION  PINK CHICK MAGIC GARDEN,773,648.73,85,0.8457142857142856
16169K,WRAP FOLK ART,2050,648.25,59,0.3615254237288135
22383,LUNCHBAG SUKI  DESIGN ,405,648.25,32,1.6437499999999998
47591B,SCOTTIES CHILDRENS APRON,423,647.55,76,1.6432467532467532
21758,VINTAGE SHELLS PRINT,101,647.45,45,6.438888888888889
85028S,FRENCH CHATEAU SMALL FRUITBOWL,429,646.65,32,3.1196969696969696
21350,GINGHAM HEART WREATH,224,644.8000000000001,41,2.9406976744186046
23408,PHOTO FRAME LINEN AND LACE SMALL,310,644.8000000000001,59,2.08
23524,WALL ART HORSE & PONY ,209,644.6700000000001,34,3.690882352941177
22033,BOTANICAL ROSE GREETING CARD,1552,644.64,107,0.4177570093457943
23120,PACK OF 6 SMALL FRUIT STRAWS,1617,644.58,79,0.4185714285714285
22229,BUNNY WOODEN PAINTED WITH FLOWER ,860,644.52,114,0.752542372881356
22785,CUSHION COVER PINK UNION FLAG,101,643.35,22,6.713636363636363
23325,RUSTIC STRAWBERRY JAM POT SMALL,408,642.0,27,1.6203703703703705
16169M,WRAP DAISY CARPET ,2060,640.95,59,0.3548333333333333
21319,GLASS CHALICE GREEN  SMALL ,474,640.26,48,1.524166666666667
22638,SET OF 4 NAPKIN CHARMS CROWNS ,357,640.12,59,2.3466101694915253
85163B,BLACK BAROQUE WALL CLOCK ,68,639.6,37,12.177027027027028
84766,SILVER ROCOCO CANDLE STICK,200,638.0,27,4.57962962962963
20998,ROSE DU SUD OVEN GLOVE,217,637.35,58,2.9431034482758625
22034,ROBIN CHRISTMAS CARD,1533,635.22,83,0.4192771084337349
23298,"BUNTING , SPOTTY ",146,634.7,7,4.721428571428572
85019C,CURIOUS  IMAGES NOTEBOOK SET,421,634.25,23,2.9456521739130435
85031A,ROMANTIC IMAGES SCRAP BOOK SET,386,634.2,38,3.7815789473684216
17164B,ASS COL SMALL SAND GECKO P'WEIGHT,1584,633.24,80,0.4174074074074074
84869,CANDY BUTTON PHOTO ALBUM,295,631.25,21,3.6642857142857146
40018E,TEA TIME PAPER LANTERNS,334,630.5,48,1.944583333333333
84964A,PINK PAINTED KASHMIRI TABLE,11,630.0,2,45.0
22640,SET OF 4 NAPKIN CHARMS 3 KEYS ,298,629.82,69,2.450285714285714
23551,PACK OF 12 PAISLEY PARK TISSUES ,1614,629.4599999999999,95,0.3899999999999999
84709B,PINK OVAL JEWELLED MIRROR,111,629.25,41,5.919047619047619
23019,SMALL APOTHECARY MEASURING JAR ,81,629.05,28,8.078571428571427
84033,FLAG OF ST GEORGE ,381,628.65,44,1.65
22446,PIN CUSHION BABUSHKA PINK,219,627.2900000000001,58,3.2862295081967217
72023F,RED ORGANIC CANDLE IN GLASS,613,627.05,38,1.22
16169N,WRAP BLUE RUSSIAN FOLKART,2025,626.25,56,0.3501785714285714
71101E,STANDING FAIRY POLE SUPPORT ,777,626.13,47,0.8364583333333333
85218,S/5 MINI ICE CREAM FRIDGE MAGNETS,1992,625.1999999999999,2,0.875
84968F,S/16 VINTAGE SKY BLUE CUTLERY,49,624.75,26,12.75
22999,TRAVEL CARD WALLET RETRO PETALS,1489,623.94,88,0.4193406593406593
22510,GINGHAM BABUSHKA DOORSTOP,270,623.86,60,2.8263333333333334
35954,SMALL FOLKART STAR CHRISTMAS DEC,1975,621.81,66,0.3410447761194029
85028L,FRENCH CHATEAU LARGE FRUIT BOWL ,269,621.75,25,5.042
85230E,STRAWBRY SCENTED VOTIVE CANDLE,2421,621.4499999999999,65,0.2752307692307692
23224,CHERUB HEART DECORATION GOLD,719,620.45,59,0.9328813559322032
20898,VINTAGE NOTEBOOK TRAVELOGUE,307,620.0500000000001,37,2.862820512820513
22056,CERAMIC PLATE LOVE HEART DESIGN,596,619.84,25,1.4308
84708B,PINK JEWELLED PHOTO FRAME ,126,618.1,45,4.9195652173913045
22837,HOT WATER BOTTLE BABUSHKA LARGE,136,618.0,14,4.621428571428572
22677,"FRENCH BLUE METAL DOOR SIGN, 2",493,616.25,65,1.25
85170C,SET/6 EAU DE NIL BIRD T-LIGHTS,428,615.83,48,1.9860416666666667
84932C,SMALL ORIENTAL BLUE FOLDING STOOL,282,615.4,34,3.105882352941176
17107D,"FLOWER FAIRY,5 SUMMER B'DRAW LINERS",241,614.55,61,2.55
84761,IVORY HANGING BIRD PLANTER ,245,613.9499999999999,46,2.540217391304348
20897,VINTAGE NOTEBOOK PARIS DAYS,298,613.9000000000001,37,2.893243243243244
21415,CLAM SHELL SMALL ,320,613.69,56,2.015178571428572
23216,LAUREL HEART ANTIQUE GOLD,518,613.51,40,1.348048780487805
22511,RETROSPOT BABUSHKA DOORSTOP,287,613.37,67,2.734776119402985
16244B,MAXWELL 2 TONE BLUE 60 PAGE PHOTO A,309,612.85,8,2.91875
84534B,FAIRY CAKE NOTEBOOK A5 SIZE,721,612.8499999999999,107,0.85
35651,VINTAGE BEAD PINK SCARF ,337,612.75,37,2.478947368421053
23453,OVAL  MINI PORTRAIT FRAME,315,611.85,46,1.94375
90175A,WHITE GLASS CHUNKY CHARM BRACELET,69,611.1,28,8.719642857142857
22684,FRENCH BLUE METAL DOOR SIGN 9,489,610.65,66,1.249090909090909
23492,VINTAGE JINGLE BELLS WREATH,74,610.5,26,8.25
47594B,SCOTTIES DESIGN WASHBAG,313,610.3499999999999,83,1.95
23070,EDWARDIAN HEART PHOTO FRAME,147,610.0500000000001,33,4.15
16156N,"WRAP, FRIENDSHIP ON GREEN",1450,609.0,55,0.42
90209C,PINK ENAMEL+GLASS HAIR COMB,330,609.0,24,2.0416666666666665
84601A,NEW BAROQUE IVORY CUSHION COVER ,254,607.7,12,2.7750000000000004
22678,"FRENCH BLUE METAL DOOR SIGN, 3",486,607.5,59,1.25
20763,DAISY SKETCHBOOK ,245,606.86,59,3.545084745762712
35915B,BLUE KNITTED HEN ,434,606.66,31,1.6381249999999998
23435,3 RAFFIA RIBBONS VINTAGE CHRISTMAS,676,606.28,44,0.9072727272727272
85044,RED REINDEER STRING OF 20 LIGHTS,131,605.75,26,4.86923076923077
35095A,BLUE VICTORIAN FABRIC OVAL BOX,1665,605.57,78,0.415
85135A,YELLOW DRAGONFLY HELICOPTER,76,604.2,50,7.95
72814,SET OF 3 CHRISTMAS BRIAR CANDLES,171,602.85,28,3.722413793103448
84932A,SMALL GREEN PEONY FOLDING STOOL,262,602.6,24,3.860416666666667
21366,MIRRORED WALL ART PHOTO FRAMES,153,602.25,26,4.231481481481482
22981,PANTRY APPLE CORER,435,601.9499999999999,72,1.4473333333333334
84986B,SET OF 36 SILVER PAPER DOILIES,415,601.75,67,1.45
84952C,MIRROR LOVE BIRD T-LIGHT HOLDER,343,601.65,24,3.134
21197,MULTICOLOUR  CONFETTI IN TUBE,412,601.56,31,1.5990624999999998
21378,SMALL TALL CAMPHOR WOOD TOADSTOOL,522,601.5,57,1.5064912280701752
85017A,ENVELOPE 50 ROMANTIC IMAGES,924,599.64,53,0.8340740740740741
21284,RETRO SPOT CANDLE  SMALL,365,599.57,35,1.6694285714285717
90200B,BLACK SWEETHEART BRACELET,141,599.25,45,4.25
21775,DECORATIVE FLORE BATHROOM BOTTLE,511,598.91,79,1.239625
85031B,BLOSSOM IMAGES SCRAP BOOK SET,408,598.8,26,3.3846153846153846
21253,SET OF PICTURE FRAME  STICKERS,225,598.59,51,2.866470588235294
23282,FOLDING BUTTERFLY MIRROR IVORY ,735,597.7800000000001,100,0.8747058823529411
23027,DRAWER KNOB VINTAGE GLASS HEXAGON,287,596.96,27,2.08
21386,IVORY HANGING DECORATION  EGG,1097,596.6899999999999,82,0.620919540229885
21247,SET OF RED SALAD SERVERS ,400,596.0,61,1.49
23471,SIX DRAWER OFFICE TIDY,64,596.0,26,9.753846153846151
84578,ELEPHANT TOY WITH BLUE T-SHIRT,160,595.68,78,3.7365
23124,18PC WOODEN CUTLERY SET DISPOSABLE,503,595.15,24,1.24125
20831,GOLD PHOTO FRAME,394,594.84,51,1.943269230769231
84507C,BLUE CIRCLES DESIGN MONKEY DOLL,425,594.15,62,2.415079365079365
21558,SKULL LUNCHBOX WITH CUTLERY ,250,592.5,42,2.539285714285714
72772,SET/4 SCENTED CANDLES IN RAMEKINS,454,592.5,8,1.875
84963B,BLUE PAINTED KASHMIRI CHAIR,18,591.5,6,42.958333333333336
17012B,ORIGAMI JASMINE INCENSE/CANDLE SET,617,590.8499999999999,48,1.3385416666666667
85017C,ENVELOPE 50 CURIOUS IMAGES,931,590.11,56,0.7906896551724137
84663A,GRASS HOPPER WOODEN WALL CLOCK ,345,589.79,39,3.290512820512821
20735,BLACK MINI TAPE MEASURE ,824,588.0,63,0.8123809523809524
21816,CHRISTMAS TREE T-LIGHT HOLDER,405,587.25,41,1.45
23018,LARGE APOTHECARY MEASURING JAR ,50,587.2,20,12.2975
17012A,ORIGAMI VANILLA INCENSE/CANDLE SET ,644,586.6,34,1.3257142857142856
22289,"DECORATION , HANGING METAL CHICKEN",601,586.25,30,1.2322580645161292
20714,POSY SHOPPER BAG,1513,586.25,12,0.5975
23520,EMBROIDERED RIBBON REEL RUBY ,165,585.63,30,3.734666666666667
17109D,FLOWER FAIRY INCENSE BOUQUET,1253,584.87,36,1.3005405405405406
21076,SET/20 COLLAGE PAPER NAPKIN ,759,584.67,73,0.8443999999999999
21750,LARGE SKULL WINDMILL,284,584.4000000000001,49,2.0948979591836734
84684,BEACH HUT PHOTO FRAME,574,583.1,21,1.9023809523809525
22043,CHRISTMAS CARD SCREEN PRINT ,2112,583.08,92,0.3006451612903226
21263,GREEN GOOSE FEATHER TREE 60CM,286,581.7,44,2.305555555555556
35811A,ENAMEL PINK SUGAR CONTAINER,391,581.58,47,1.887659574468085
84934,ASSTD DESIGN POP ART SLIM PEN,684,581.4,12,0.85
21440,12 MINI TOADSTOOL PEGS,465,581.25,88,1.25
22680,"FRENCH BLUE METAL DOOR SIGN, 5",465,581.25,56,1.25
20854,BLUE PATCH PURSE PINK HEART,363,581.15,83,1.6476190476190478
22538,MINI JIGSAW GO TO THE FAIR,1409,580.74,62,0.4162903225806451
21134,VICTORIAN METAL POSTCARD CHRISTMAS,351,579.15,42,1.65
21221,SET/4 BADGES CUTE CREATURES,454,578.39,61,1.2698360655737704
22042,CHRISTMAS CARD SINGING ANGEL,1625,577.62,96,0.3868041237113401
82616A,BUBBLE GUM SCARF KNITTING KIT,306,576.3000000000001,46,2.7282608695652173
22641,SET OF 4 NAPKIN CHARMS INSTRUMENT,255,576.17,51,2.473333333333333
84858C,PINK RIVIERA HANDBAG,344,575.7,27,4.905555555555556
85144,JARDIN ETCHED GLASS CHEESE DISH,219,575.45,40,3.889024390243902
22685,"FRENCH BLUE METAL DOOR SIGN, 0",460,575.0,53,1.25
84762B,PINK PICNIC BARBECUE BUCKET,82,574.3000000000001,21,9.15
22100,SKULLS SQUARE TISSUE BOX,943,574.17,81,0.9668292682926828
20839,FRENCH PAISLEY CUSHION COVER ,507,574.09,60,1.3456666666666666
22679,"FRENCH BLUE METAL DOOR SIGN, 4",459,573.75,54,1.25
21709,FOLDING UMBRELLA CHOCOLATE POLKADOT,116,573.61,39,5.0605128205128205
21416,CLAM SHELL LARGE,746,572.7,17,3.578333333333333
21307,SET/4 BUTTERFLY MIRROR MAGNETS,726,572.3,54,1.7077777777777778
37351,ORANGE FLOWER MUG ,5395,571.7099999999999,7,0.9628571428571427
20658,RED RETROSPOT LUGGAGE TAG,457,571.25,98,1.25
21392,RED POLKADOT PUDDING BOWL,3708,571.17,13,1.592857142857143
75013B,"STRING OF 8 BUTTERFLIES,PINK",360,571.05,58,1.650806451612903
21710,FOLDING UMBRELLA PINKWHITE POLKADOT,116,570.8100000000001,44,5.032045454545455
85078,SCANDINAVIAN 3 HEARTS NAPKIN RING,2044,570.2,84,0.3846511627906976
85188B,PINK METAL SWINGING BUNNY,669,568.65,51,0.85
16169C,WRAP BLUE REINDEER,1350,567.0,43,0.42
22699,TEACUP AND SAUCER REGENCY ROSES,210,566.7,14,2.835714285714286
20619,TROPICAL PASSPORT COVER ,373,566.33,68,2.149264705882353
85113,POLKA DOT PISTACHIO PAIL,279,566.22,43,2.0906818181818183
20849,ZINC HEART LATTICE DOUBLE PLANTER,670,566.1,20,3.51
22414,DOOR MAT NEIGHBOURHOOD WITCH ,79,565.89,35,7.371142857142857
90200C,BLUE SWEETHEART BRACELET,133,565.25,40,4.25
82613B,"METAL SIGN,CUPCAKE SINGLE HOOK",638,565.1,94,1.1440425531914895
22288,HANGING METAL RABBIT DECORATION,452,565.0,39,1.25
21223,SET/4 BADGES WOODLAND ANIMAL,482,564.5,35,1.2447222222222225
85146,JARDIN ETCHED GLASS SMALL BELL JAR,115,564.25,27,5.191379310344828
85119,WATERING CAN SINGLE HOOK PISTACHIO,412,564.12,38,1.6748717948717946
84993A,75 GREEN PETIT FOUR CASES,1343,564.06,126,0.42
85088,CANDY SPOT HAND BAG,273,563.77,44,2.1811111111111114
84569A,PACK 3 IRON ON DOG PATCHES,450,563.71,64,1.268333333333333
79315W,FLYING SAUCER TABLE LIGHT IN WHITE,191,563.45,7,2.95
20863,BLUE PATCH PENCIL CASE PINK HEART,284,563.19,42,2.0707142857142857
90160C,TURQ+RED BOUDICCA LARGE BRACELET,81,562.95,32,6.95
21322,GLASS SPHERE CANDLE STAND LARGE ,299,562.45,13,4.273076923076923
47583A,SET OF 3 WICKER BASKET ROSE,70,561.8,5,21.36
47421,ASSORTED COLOUR LIZARD SUCTION HOOK,1437,561.78,72,0.4146835443037974
21442,GREEN BIRDHOUSE DECORATION,883,561.67,80,0.771375
21365,MIRRORED WALL ART STARS,444,561.6,60,1.5822580645161293
84859A,SILVER DISCO HANDBAG,284,560.76,50,2.9780769230769235
84086C,PINK/PURPLE RETRO RADIO,190,560.5,34,2.95
82613A,"METAL SIGN,CUPCAKE SINGLE HOOK",448,560.0,81,1.25
37474,SET/4 2 TONE EGG SHAPE MIXING BOWLS,58,559.5799999999999,39,9.877
23428,IVORY RETRO KITCHEN WALL CLOCK,70,559.5,26,8.107692307692307
21147,JINGLE BELLS TREE DECORATION,331,559.14,46,2.051276595744681
22683,"FRENCH BLUE METAL DOOR SIGN, 8",447,558.75,54,1.25
22950,SET OF 36 DOILIES VINTAGE CHRISTMAS,444,557.4,2,1.35
20782,CAMOUFLAGE EAR MUFF HEADPHONES,101,556.25,51,5.5245098039215685
85084,HOLLY TOP CHRISTMAS STOCKING,605,554.5699999999999,62,0.8629230769230769
84247G,"DECOUPAGE,GREETING CARD,",1332,554.4,87,0.4193103448275861
22999,TRAVEL CARD WALLET VINTAGE LEAF,1320,554.4,97,0.42
90199C,5 STRAND GLASS NECKLACE CRYSTAL,94,553.9,26,6.319285714285714
85230B,CINNAMON SCENTED VOTIVE CANDLE,2095,553.79,66,0.2778787878787879
16162L,THE KING GIFT BAG,8083,553.79,17,0.5182352941176471
84931B,BLUE SCOTTIE DOG W FLOWER PATTERN,219,553.05,52,2.532692307692308
22684,"FRENCH BLUE METAL DOOR SIGN, 9",442,552.5,49,1.25
84773,RED ROSE AND LACE C/COVER,187,551.6500000000001,46,2.95
23456,MEDIUM PARLOUR PICTURE FRAME ,136,550.0,34,4.126470588235295
85205B,PINK FELT EASTER RABBIT GARLAND,215,548.25,43,2.55
22092,BLUE PAISLEY TISSUE BOX,903,548.05,133,0.7463157894736843
22703,PINK CAT BOWL,310,547.92,74,1.8358108108108109
20856,DENIM PATCH PURSE PINK BUTTERFLY,332,547.8,88,1.65
84805B,BLUE CLIMBING HYDRANGA ART FLOWER,339,547.6500000000001,8,2.3
22682,"FRENCH BLUE METAL DOOR SIGN, 7",438,547.5,53,1.25
84876D,BLUE HEART COMPACT MIRROR,324,547.5,28,2.5892857142857144
85186A,EASTER BUNNY GARLAND OF FLOWERS,1302,546.84,81,0.42
23549,WRAP BIRD GARDEN ,1300,546.0,51,0.42
47594A,CAROUSEL DESIGN WASHBAG,280,546.0,74,1.95
37333,"RETRO ""TEA FOR ONE"" ",120,545.4,34,4.488235294117647
22391,PAPERWEIGHT HOME SWEET HOME,305,545.3100000000001,50,2.1302
23381,PACK OF 12 VINTAGE LEAF TISSUES ,1474,544.62,64,0.3889230769230769
21339,MARAKESH LANTERN LARGE,30,544.5,12,19.257692307692302
23069,EDWARDIAN PHOTO FRAME,87,543.75,31,6.25
20819,SILVER TEDDY BEAR,208,543.71,50,3.6242
85031C,CURIOUS IMAGES SCRAP BOOK SET,343,543.45,28,3.7607142857142857
84806B,WHITE CANDYSTUFT ARTIFICIAL FLOWER,433,543.37,30,1.3736666666666666
16049,TEATIME GEL PENS ASST,3144,542.88,25,0.2759999999999999
84859C,PINK DISCO HANDBAG,302,542.64,37,2.9357894736842107
84051,ASS COLOUR GLOWING TIARAS,697,542.05,52,0.8420754716981131
45008C,DECORATIVE NET CANOPY CREAM,68,541.6,20,8.6005
84932D,SMALL ORIENTAL RED FOLDING STOOL,237,540.75,19,3.3289473684210527
21304,ARCHED GREY MIRROR,84,540.6,16,9.3375
21441,BLUE BIRDHOUSE DECORATION,855,540.2099999999999,83,0.7936904761904762
35653,VINTAGE BEAD NOTEBOOK,183,539.85,56,2.95
21293,MIRRORED DOVE WALL DECORATION,256,539.63,42,2.147209302325581
22246,MAGIC GARDEN FELT GARLAND ,270,539.5799999999999,37,2.185675675675676
21016,LIGHT BIRD HOUSE TREE DECORATION,804,538.92,65,0.807
85027L,FRENCH CHATEAU LARGE PLATTER ,190,538.5,40,4.65
22108,PING! MICROWAVE PLATE,197,537.89,49,3.1455102040816327
21397,BLUE POLKADOT EGG CUP ,1090,537.76,53,0.6496226415094339
84920,PINK FLOWER FABRIC PONY,145,537.35,54,3.7203703703703694
22044,CHRISTMAS CARD STACK OF PRESENTS,1909,536.82,85,0.3144705882352941
37345,ASSTD HEARTS DESIGN MUGS,318,536.1,6,1.9
21419,CONCH SHELL,1252,535.8,13,3.4284615384615384
20935,ROUND CACTUS CANDLE,293,535.5500000000001,39,2.6425
23454,THREE MINI HANGING FRAMES,129,535.35,44,4.15
85129A,"WHITE PEARL BEADED HEART, SMALL",428,535.0,62,1.25
85092,CANDY SPOT TEA COSY,374,534.7,14,2.6
20657,TROPICAL LUGGAGE TAG,1692,534.14,71,1.2414084507042251
16169P,WRAP GREEN RUSSIAN FOLKART ,1750,533.75,48,0.3577083333333333
85096,HILDA CANDY SPOT RABBIT,142,532.5,50,3.75
23324,RUSTIC STRAWBERRY JAM POT LARGE ,261,531.84,33,2.073030303030303
21666, RIDGED GLASS T-LIGHT HOLDER,940,531.8000000000001,12,0.6166666666666667
85030,FRENCH CHATEAU OVAL PLATTER,211,531.4499999999999,29,5.05344827586207
84762C,GREEN PICNIC BARBECUE BUCKET,78,531.3,18,8.616666666666667
23473,WOODLAND SMALL RED FELT HEART,665,530.83,43,0.8274418604651163
35915C,PEACH KNITTED HEN ,388,530.76,23,1.6334782608695653
22134,LADLE LOVE HEART RED ,1351,529.98,72,0.4175
84712B,PINK JEWELLED PHOTO FRAME,67,529.47,36,7.905833333333334
84682,CLASSICAL ROSE DISH,283,528.85,38,2.6950000000000003
21373,MIRRORED WALL ART SNOWFLAKES,629,528.15,57,1.0096491228070177
47367B,PAIR PADDED HANGERS PINK CHECK,151,527.85,38,3.708974358974359
84584,PINK GINGHAM CAT WITH SCARF,207,527.85,50,2.55
21173,LOO ROLL  METAL SIGN ,321,527.25,60,1.6467213114754096
22425,ENAMEL COLLANDER CREAM,115,527.25,21,4.8500000000000005
90082D,DIAMANTE BOW BROOCH BLACK COLOUR,83,527.05,35,6.35
21454,PAINTED PINK RABBIT ,619,526.15,85,0.85
22681,"FRENCH BLUE METAL DOOR SIGN, 6",420,525.0,46,1.25
20730,STRAWBERRY CANDY BAG,1659,524.25,41,1.2139024390243902
79190B,RETRO PLASTIC POLKA TRAY,1389,523.38,96,0.4179166666666666
37494A,FAIRY CAKE CERAMIC BUTTER DISH,192,523.2,25,2.902
21893,POTTING SHED SEED TIN,164,523.0,13,4.138461538461538
23272,TREE T-LIGHT HOLDER WILLIE WINKIE,352,522.74,35,1.5637142857142856
23499,SET 12 VINTAGE DOILY CHALK ,1244,522.48,93,0.42
21879,HEARTS GIFT TAPE,1366,522.38,93,0.5314893617021277
22166,WALL MIRROR RECTANGLE DIAMANTE PINK,126,521.7,20,7.7
21215, IVORY PAPER CUP CAKE CASES ,1146,521.1,23,0.5283333333333334
22898,CHILDRENS APRON APPLE DESIGN,290,520.5,25,1.914
22054,MINI CAKE STAND HANGING HEARTS,321,520.05,51,1.6427272727272726
20699,MOUSEY LONG LEGS SOFT TOY,208,519.6,45,2.5304347826086957
23451,SQUARE MINI PORTRAIT FRAME,268,519.0,44,1.9433333333333331
17013D,ORIGAMI ROSE INCENSE IN TUBE,1048,515.46,21,1.0
84799,SPRIG LAVENDER ARTIFICIAL FLOWER,667,515.03,29,1.0210344827586206
84916,HAND TOWEL PALE BLUE W FLOWERS,230,514.5,30,4.663333333333333
22983,"CARD, BILLBOARD FONT",1266,514.44,74,0.4176
22584,PACK OF 6 PANETTONE GIFT BOXES,226,513.9100000000001,14,2.69
84313B,BLUE TV TRAY TABLE ,158,513.74,45,3.9237777777777776
84824,DANISH ROSE UMBRELLA STAND,33,513.55,27,15.83148148148148
20823,GOLD WINE GOBLET,248,513.2,17,3.013529411764706
23016,GLASS TWIST BON BON JAR,69,512.85,19,7.723684210526316
47469,ASSORTED SHAPES PHOTO CLIP SILVER ,1094,512.38,27,0.6290909090909091
84913A,SOFT PINK ROSE TOWEL ,110,511.5,32,4.65
21015,DARK BIRD HOUSE TREE DECORATION,1431,511.38999999999993,90,0.4618478260869564
22201,FRYING PAN BLUE POLKADOT,142,510.5,54,3.907407407407408
85121B,RETRO LAUNDRY TUB PINK,60,510.0,27,8.5
84782C,GREEN 3 TIER GLASS PLATE STAND,74,509.9,18,9.616666666666667
72800D,S/4 BLUE DINNER CANDLE SILVER FLOCK,413,508.95,32,2.2609375
84569B,PACK 3 FIRE ENGINE/CAR PATCHES,407,508.75,63,1.25
90058B,CRYSTAL STUD EARRINGS ASSORTED COL ,1081,508.7,28,0.4771428571428571
85232A,SET/3 POLKADOT STACKING TINS,106,507.9,37,4.931081081081081
23060,HEART BEADED TRELLIS DECORATION,244,507.52,39,2.08
84520D,PACK OF 20 FAIRY CAKE PAPER NAPKINS,619,505.99,61,0.8465573770491803
23219,LAUREL STAR ANTIQUE SILVER ,404,504.6,49,1.3117307692307691
37352,BIRD IN TREE MUG ,4643,504.55,8,1.10625
72122,COFFEE SCENT PILLAR CANDLE,531,504.45,93,0.95
16236,KITTY PENCIL ERASERS,2425,503.65,143,0.2096598639455782
21285,RETRO SPOT CANDLE  MEDIUM,248,502.80000000000007,23,2.0673913043478263
23139,SINGLE WIRE HOOK PINK HEART,406,502.38,22,1.2482608695652175
21117,BLOND DOLL DOORSTOP,328,502.08,26,1.912692307692308
84804B,BLUE DELPHINIUM ARTIFICIAL FLOWER,355,501.9700000000001,19,2.5040000000000004
20830,SILVER PHOTO FRAME,296,501.6,46,2.073404255319149
90200A,PURPLE SWEETHEART BRACELET,118,501.5,43,4.25
20888,SET 3 JARDIN DE FEMME SCENT CANDLES,359,499.81,11,2.3536363636363635
22394,PAPERWEIGHT KINGS CHOICE ,337,499.35,47,2.1227659574468083
16048,TEATIME ROUND PENCIL SHARPENER ,3413,498.66,69,0.1928571428571428
21194,PINK  HONEYCOMB PAPER FAN,501,498.64,60,1.298225806451613
72728,ROSE SCENT CANDLES IN GLASS,614,498.5,50,0.8449019607843137
85161,ACRYLIC GEOMETRIC LAMP,27,497.65,20,18.75
21270,ANTIQUE CREAM CUTLERY CUPBOARD,39,497.25,27,12.75
84414B,FUSCHIA/GREEN STRIPE WOOLLY BLANKET,77,497.15,8,10.825
85230A,OPIUM SCENTED VOTIVE CANDLE,1992,497.04,48,0.2683333333333333
84657,GREEN ROSE CUSHION COVER,245,496.25,19,3.6184210526315783
23398,HANGING HEART BONHEUR,587,495.83,57,0.847936507936508
23528,WALL ART SPACEBOY,156,495.48,21,3.654285714285714
85186C,BUNNY EGG GARLAND,1179,495.18,79,0.42
72800B, 4 PURPLE FLOCK DINNER CANDLES,324,495.16,51,2.25
21377,SMALL CAMPHOR WOOD FIELD  MUSHROOM,444,494.76,43,1.4783720930232558
21026,SPACE OWL,396,493.62,55,1.289821428571429
85117,NIGHTINGALE COATHOOK WHITE,317,493.45,40,1.63
79337,BLUE FLOCK GLASS CANDLEHOLDER,1191,491.95,19,0.7810526315789473
90161C,ANT COPPER LIME BOUDICCA BRACELET,99,490.05,34,4.95
21711,FOLDING UMBRELLA WHITE/RED POLKADOT,100,489.4,28,4.9
21899,GARAGE KEY FOB,730,489.2,115,0.7091379310344827
20910,VINTAGE PHOTO ALBUM PARIS DAYS,80,488.8,28,6.321428571428571
84827,ASS DES PHONE SPONGE CRAFT STICKER,1025,488.49,28,0.5513333333333333
51020B,STRIPY DESIGN SHOWER CAP,1084,488.12,60,0.962
22322,BIRD DECORATION GREEN  SPOT,574,487.9,47,0.8499999999999999
35964,FOLKART CLIP ON STARS,1005,487.53,56,0.835344827586207
85091,CANDY SPOT BREAD BASKETS,337,487.35,14,3.485714285714286
84846A,SCENTED CANDLE IN DIGITALIS TIN,232,487.2000000000001,42,2.1
72586,SET OF 6 HALLOWEEN GHOST T-LIGHTS,1160,487.2,68,0.42
35972,DAISY FOLKART HEART DECORATION,389,486.25,51,1.25
20652,BLUE SPOTTY LUGGAGE TAG ,1056,486.0,44,1.2062222222222223
17084N,FAIRY DREAMS INCENSE ,2391,485.86,67,0.2077611940298507
23413,VINTAGE COFFEE GRINDER BOX,102,485.7,23,4.880434782608695
20865,PATCHWORK PENCIL CASE BUTTERFLY ,247,485.49,30,2.059
84952B,BLACK LOVE BIRD T-LIGHT HOLDER,311,485.36,21,3.0742857142857143
21160,KEEP OUT GIRLS DOOR HANGER ,763,485.23,49,1.2712244897959184
85215,ASSORTED CHEESE FRIDGE MAGNETS,755,484.99,46,0.6474468085106383
22263,FELT EGG COSY LADYBIRD ,722,484.34,43,0.855111111111111
21740,COSY SLIPPER SHOES LARGE RED,164,483.80000000000007,48,2.95
84875D,BLUE SQUARE COMPACT MIRROR,371,483.75,37,1.722972972972973
85185D,FROG SOCK PUPPET,168,483.6000000000001,45,2.9322222222222227
84913B,MINT GREEN ROSE TOWEL,104,483.6,30,4.65
23660,HENRIETTA HEN MUG ,293,483.4500000000001,31,1.65
20864,DENIM PATCH PENCIL CASE BUTTERFLY,247,483.33,26,2.0514814814814817
84798B,PURPLE FOXGLOVE ARTIIFCIAL FLOWER,322,482.7000000000001,9,2.077777777777777
85071D,CHARLIE+LOLA MY ROOM DOOR SIGN,838,482.34,87,1.0934831460674157
22861,EASTER TIN CHICKS IN GARDEN,292,481.8,38,1.65
22038,BOTANICAL LAVENDER GIFT WRAP ,1150,481.0,45,0.4182222222222222
20794,BLUE  TILE HOOK,190,480.9,30,2.5354838709677416
84592,CROCHET ROSE PURSE WITH SUEDE BACK,163,480.8500000000001,38,2.95
84984B,RED PEONY CUSHION COVER ,309,480.85,10,3.9300000000000006
84218,BOX/12 CHICK & EGG IN BASKET,254,479.7,89,1.947142857142857
21666,RIDGED GLASS T-LIGHT HOLDER,738,479.7,56,0.65
90160D,PINK BOUDICCA LARGE BRACELET,69,479.55,21,6.950000000000001
23169,CLASSIC GLASS SWEET JAR,119,479.45,14,4.092857142857143
84989B,75 BLACK FAIRY CAKE CASES,985,479.35,46,0.538695652173913
72267,PREMIUM CHURCH CANDLE,247,479.34,40,2.08
84917,WHITE HAND TOWEL WITH BUTTERFLY,183,477.85,17,3.738235294117647
22892,SALT AND PEPPER SHAKERS TOADSTOOLS,393,477.57,26,1.2426923076923078
84706D,CHERRY BLOSSOM TABLE CLOCK ,216,477.2,14,3.95
72750C,"F.FAIRY S/3 CANDLE/GLASS, ROSE",232,476.4,15,2.75
84875B,GREEN SQUARE COMPACT MIRROR,367,476.25,35,1.4642857142857142
21311,SET/4 BIRD MIRROR MAGNETS ,682,476.11,75,1.125921052631579
35600D,PINK AND WHITE CHRISTMAS TREE 180CM,140,476.00000000000006,12,5.866666666666666
23021,GLASS BONNE JAM JAR,117,475.9500000000001,25,4.134
79030G,TUMBLER NEW ENGLAND,1220,475.8,41,0.39
21665,TRIANGULAR RIDGED GLASS POSY HOLDER,766,475.1,40,0.6430232558139536
84762A,WHITE PICNIC BARBECUE BUCKET,54,474.9,24,10.15
37492C,GREEN BLUE FLOWER PIGGY BANK,241,472.65,23,3.775
22697,TEACUP AND SAUCER REGENCY GREEN,174,472.5,13,2.857692307692308
23180,MUM'S KITCHEN CLOCK,104,471.9,36,4.766666666666667
22951,72 CAKE CASES DOLLY GIRL DESIGN,943,471.85,25,0.5448000000000001
22541,MINI JIGSAW LEAP FROG,1192,471.56,40,0.4214634146341464
85144,JARDIN ETCHED GLASS BUTTER DISH,68,471.4,30,7.191935483870967
23527,WALL ART ANIMALS AND NATURE ,148,471.0,26,3.672692307692308
85020,ROUND PINK HEART MIRROR,224,470.4,44,2.1
21620,S/4 ROSE    BOTANICAL  CANDLE,126,469.5,37,3.7371794871794872
16238,PARTY TIME PENCIL ERASERS,2232,469.42,135,0.2250735294117647
16202B,PASTEL BLUE PHOTO ALBUM ,1034,469.21,18,3.191111111111111
72800C,S/4 PINK DINNER CANDLE SILVER FLOCK,389,468.87,24,2.2619230769230767
22897,OVEN MITT APPLE DESIGN,337,468.65,30,1.4366666666666668
16239,BALLERINA HEART DECORATION.,338,468.4,13,2.6884615384615387
23377,PACK OF 12 DOLLY GIRL TISSUES,1200,468.0,80,0.39
84675,FROG KING WATERING CAN,187,467.65,44,2.910227272727273
21002,ROSE DU SUD DRAWSTRING BAG,110,467.5,26,4.25
23136,IVORY WIRE SWEETHEART LETTER TRAY,127,467.05,44,3.7290909090909095
21459,YELLOW EASTER EGG HUNT START POST,250,465.9,37,1.941891891891892
23218,LAUREL STAR ANTIQUE GOLD,372,465.81,33,1.383939393939394
21128,GOLD FISHING GNOME,96,464.71,28,6.3967857142857145
84596J,MIXED NUTS LIGHT GREEN BOWL,676,464.03,68,0.9570588235294116
85129C,BEADED CRYSTAL HEART BLUE SMALL,370,463.85,48,1.320204081632653
20845,ZINC HEART LATTICE 2 WALL PLANTER,73,463.55,21,6.35
47310M,"SMALL POP BOX,FUNKY MONKEY",401,462.85,47,1.2287234042553192
85109,PINK BOUDOIR T-LIGHT HOLDER,4203,462.15,18,0.69
51020A,SUMMER FUN DESIGN SHOWER CAP,1302,462.06,49,0.8189795918367347
22407,MONEY BOX FIRST ADE DESIGN,384,461.76,55,1.2430909090909092
84926E,FLOWERS TILE COASTER,1077,461.63,48,0.6260416666666667
20696,FLORAL SOFT CAR TOY,123,461.25,34,3.75
85226C,BLUE PULL BACK RACING CAR,952,461.2,66,0.5480597014925374
23691,WRAP KEEP CALM BIRTHDAY,1125,460.5,36,0.4183333333333333
72132,COLUMBIAN CUBE CANDLE,548,460.2,27,1.684074074074074
23455,SMALL PARLOUR PICTURE FRAME,164,459.56,32,2.877878787878788
22193,RED WALL CLOCK,60,459.0,1,7.65
22191,IVORY WALL CLOCK,60,459.0,1,7.65
23561,SET OF 6 RIBBONS PARTY,167,458.63,13,2.859230769230769
21884,CAKES AND BOWS GIFT  TAPE,1232,457.36,68,0.5538235294117647
84247L,FAWN AND MUSHROOM GREETING CARD,1088,456.96,82,0.42
85203,HANGING WOOD AND FELT BUTTERFLY ,1089,454.5,111,0.4189830508474576
72225C,LAVENDER SCENT CAKE CANDLE,1877,454.09,35,0.2694285714285714
72789,BASKET/8 SCENTED LOVE TOKEN CANDLES,121,453.75,44,3.75
90209B,GREEN ENAMEL+GLASS HAIR COMB,248,453.6,18,2.026315789473684
84653,GREEN ROSE QUILT ,10,453.5,8,45.2
72801G,S/4 BURGUNDY WINE DINNER CANDLES,777,453.33,21,1.170952380952381
21536,DAIRY MAID  SMALL  MILK JUG,215,451.5,55,2.1
23548,WRAP MAGIC FOREST ,1075,451.5,43,0.42
17012F,ORIGAMI SANDLEWOOD INCENSE/CAND SET,493,451.45,47,1.0957446808510638
21881,CUTE CATS TAPE,1183,450.75,65,0.5952307692307692
90203,SILVER CHARM NECKLACE 70CM,60,450.0,24,7.5
84924A,WAKE UP COCKEREL CALENDAR SIGN ,117,449.88,46,3.9113043478260874
21507,ELEPHANT BIRTHDAY CARD ,1080,449.88,72,0.4581944444444444
84865,NEW BAROQUE BLACK PHOTO ALBUM,64,449.65,37,7.75
84683,CLASSICAL ROSE CANDLESTAND,509,449.05,27,1.13
22452,MEASURING TAPE RUSSIAN DOLL PINK,152,448.4000000000001,41,2.95
21847,GREEN  DIAMANTE PEN IN GIFT BOX,252,448.2,22,4.145652173913044
23560,SET OF 6 RIBBONS COUNTRY STYLE,163,447.07,20,2.87
21256,"FRENCH BOTTLE, BRASSERIE DES ARTIST",282,446.1,35,1.6385714285714283
35810B,ENAMEL BLUE RIM COFFEE CONTAINER,307,446.03,50,1.669
72800D,4 BLUE DINNER CANDLES SILVER FLOCK,205,445.35,44,2.5011363636363635
21393,BLUE POLKADOT PUDDING BOWL,2564,445.05,14,1.6266666666666667
16012,FOOD/DRINK SPONGE STICKERS,2118,444.78,62,0.21
17164D,ASS COL SMALL SAND FROG P'WEIGHT,1144,444.48,27,0.415
23074,EMBOSSED HEART TRINKET BOX,221,444.02,35,2.063428571428572
20661,BLUE SPOTTY PURSE ,433,443.3500000000001,30,2.8603225806451613
23125,6PC WOOD PLATE SET DISPOSABLE,405,443.25,16,1.236875
21399,BLUE  SPOTTY  COFFEE MUG,227,443.1,25,2.072
84972L,GIANT PINK HEART MEMO HOLDER,112,442.4,44,3.95
84948,SILVER HANGING T-LIGHT HOLDER DOME,268,442.2,33,1.65
47574A,ENGLISH ROSE SCENTED HANGING FLOWER,440,442.0,60,1.725409836065574
82613C,"METAL SIGN,CUPCAKE SINGLE HOOK",526,441.7,71,1.1214084507042257
85184C,SET 4 VALENTINE DECOUPAGE HEART BOX,151,441.53,44,3.067333333333333
21403,BLUE EGG  SPOON,2151,440.58,108,0.2305555555555555
23045,PAPER LANTERN 5 POINT STAR MOON ,106,439.9,18,4.15
62096A,PINK/YELLOW FLOWERS HANDBAG,337,439.45,51,1.3576923076923075
84809A,WHITE CHRYSANTHEMUMS ART FLOWER,259,439.14,18,2.0077777777777777
16161M,WRAP  PINK FLOCK,1050,439.0,39,0.4179487179487179
82605,OLD DOC RUSSEL METAL SIGN,209,438.9,83,2.1
84569C,PACK 4 FLOWER/BUTTERFLY PATCHES,351,438.75,50,1.25
20804,GLASS CHICKEN BUTTER DISH,283,438.15,24,1.6416666666666666
20868,SILVER FABRIC MIRROR,789,437.66,46,0.7671739130434783
21540,DAIRY MAID CERAMIC BUTTER DISH,105,437.25,39,4.237179487179487
20689,RETRO SISTERS EXPRESSO CUPS,400,436.00000000000006,27,5.598148148148148
20787,BLUE RETRO BAR STOOL,11,435.4500000000001,8,39.45
23425,STORAGE TIN HOME SWEET HOME,237,435.43,35,2.052857142857143
72586,"S/6 HALLOWEEN GHOST T LIGHTS, 5CM H",1036,435.12,40,0.42
23565,EGG CUP MILKMAID HELGA ,348,435.0,31,1.25
23509,MINI PLAYING CARDS FUN FAIR ,1040,433.2,54,0.4178181818181818
37444A,YELLOW BREAKFAST CUP AND SAUCER,2684,433.16,26,1.65
23043,PAPER LANTERN 9 POINT HOLLY STAR L,69,431.25,16,6.25
84858B,BLUE RIVIERA HANDBAG,326,431.0,9,2.816666666666667
90154,LAZER CUT NECKLACE W PASTEL BEADS,58,430.7,6,8.666666666666666
90161B,ANT COPPER TURQ BOUDICCA BRACELET,87,430.65,26,4.950000000000001
85169C,EAU DE NIL LOVE BIRD CANDLE,397,429.97,38,1.2131578947368422
72127,COLUMBIAN CANDLE ROUND ,358,429.64,59,1.2375409836065574
90184C,BLACK CHUNKY BEAD BRACELET W STRAP,48,429.6,26,8.95
20653,CHERRY BLOSSOM LUGGAGE TAG,1927,428.89,31,1.286451612903226
23379,PACK OF 12 RED APPLE TISSUES,1175,428.01,50,0.3886274509803921
16045,POPART WOODEN PENCILS ASST,9300,428.0,72,0.0476712328767123
84966B,BLUE KASHMIRI BOXED MIRROR,33,428.0,4,16.0
84801A,PINK HYDRANGEA ART FLOWER,272,427.44000000000005,15,1.976
17012D,ORIGAMI ROSE INCENSE/CANDLE SET ,426,426.7,51,1.25
21455,PAINTED YELLOW WOODEN DAISY,502,426.7,63,0.85
22344,PARTY PIZZA DISH PINK POLKADOT,1109,426.29,53,0.620943396226415
23522,DOG AND BALL WALL ART,252,425.88,4,2.26
85230G,ORANGE VOTIVE CANDLE,1680,425.75999999999993,46,0.2691304347826087
16168M,FUNKY MONKEY GIFT BAG MEDIUM,1578,425.16,53,0.389811320754717
21167,WHITE SAGE INCENSE,2058,424.68,50,0.209
20715,LITTLE FLOWER SHOPPER BAG,400,424.0,1,1.06
84876B,GREEN HEART COMPACT MIRROR,327,423.75,27,1.5178571428571428
22124,SET OF 2 TEA TOWELS PING MICROWAVE,179,422.97,39,2.54974358974359
16008,SMALL FOLDING SCISSOR(POINTED EDGE),3141,422.96,85,0.156235294117647
22686,"FRENCH BLUE METAL DOOR SIGN, No",337,421.25,35,1.25
22840,"CAKE TIN, ROUND, VINTAGE RED,CREAM",59,421.05,10,7.55
23058,CHRISTMAS HANGING SNOWFLAKE,486,421.02,44,1.1129545454545455
84597C,RETRO PINK BALL ASHTRAY ,352,420.8,36,1.227777777777778
47581B,FAIRY CAKE WICKER PICNIC BASKET ,33,420.75,26,12.75
23117,POPPY FIELDS CHOPPING BOARD,85,420.75,39,4.95
37476,CONDIMENT TRAY 4 BOWLS AND 4 SPOONS,44,420.28,27,9.84185185185185
84596K,JELLY BABIES YELLOW SMALL BOWL,358,420.14,64,1.2440625
BANK CHARGES,Bank Charges,29,420.001,28,14.482793103448277
20700,GREEN CAT FLORAL CUSHION COVER ,288,420.0,12,3.125
84967C,GREEN KASHMIRI OCCASIONAL TABLE,9,419.85,4,67.4625
84770,ROUND GEORGIAN SILVER MIRROR,135,419.25000000000006,16,3.825
17129F,BLUE GLASS GEMS IN BAG,624,418.38,25,0.8116
90120D,WHITE MURANO TWIST BRACELET,102,418.25,20,4.1375
20621,ECONOMY PASSPORT COVER ,199,417.9,29,2.1
20851,ZINC HEART LATTICE TRAY OVAL ,334,417.7,27,5.755357142857143
72750A,FLOWER FAIRY SET OF 3 LILY CANDLES,206,417.7,8,2.45
84859B,BLUE DISCO HANDBAG,279,417.43,15,2.402
72780,BLACK SILOUETTE CANDLE PLATE,513,417.33,43,0.8409302325581395
21518,BANK ACCOUNT  GREETING  CARD ,1016,416.64,70,0.4165714285714286
23336,EGG FRYING PAN PINK ,199,415.97,63,2.11203125
47422,ASSORTED MONKEY SUCTION CUP HOOK,1076,415.92,61,0.4136363636363636
84510F,SET OF 4 NEW ENGLAND COASTERS ,1092,415.0,31,1.219354838709677
20943,SET/6 GINGERBREAD STAR T-LIGHTS,332,415.0,48,1.25
20654,FIRST CLASS LUGGAGE TAG ,339,414.63,84,1.2410588235294118
85169D,PINK LOVE BIRD CANDLE,374,413.98,45,1.208888888888889
72799B,PURPLE PILLAR CANDLE BLACK FLOCK,313,413.35,9,1.8166666666666669
22322,BIRD DECORATION GREEN POLKADOT,486,413.1,45,0.85
85227,SET/6 3D KIT CARDS FOR KIDS,545,412.85,28,0.8427586206896551
90160B,RED BOUDICCA LARGE BRACELET,60,412.55,23,6.756521739130435
23459,DOLLY CABINET 2 DRAWERS ,33,412.5,19,12.5
90184B,AMETHYST CHUNKY BEAD BRACELET W STR,46,411.7,26,8.95
23023,RIDGED BONNE JAM JAR T-LIGHT HOLDER,260,411.44,23,1.7039130434782608
84798A,PINK FOXGLOVE ARTIIFCIAL FLOWER,186,409.50000000000006,9,2.5
16169F,WRAP BLIZZARD,975,409.5,34,0.42
20857,BLUE ROSE PATCH PURSE PINK BUTTERFL,248,409.2,72,1.65
22031,BOTANICAL LAVENDER BIRTHDAY CARD,963,409.17,80,0.4389999999999999
20694,FLORAL PINK MONSTER,112,408.48,25,3.7084615384615383
90195A,PURPLE GEMSTONE BRACELET,51,408.45,26,8.257692307692308
22324,BAG FOR CHILDREN VINTAGE BLUE ,96,408.0,1,4.25
22323,BAG FOR CHILDREN VINTAGE PINK ,96,408.0,1,4.25
23422,PANTRY HOOK BALLOON WHISK ,196,407.68,31,2.08
35240,ENAMEL BLUE RIM OVAL TRAY SET/2,48,407.52,38,8.49
23415,HOME SWEET HOME HOOK,326,405.6,45,1.37
22776,"CAKESTAND, 3 TIER, LOVEHEART",46,405.5,7,9.328571428571427
84508B,STRIPES DESIGN TEDDY,159,405.45,65,2.55
84595B,LARGE TRIFLE DESIGN L BLUE BOWL,229,405.15,15,3.05
62094B,TURQ ICE CREAM BUM BAG ,251,405.05,27,2.281481481481481
21663,VINTAGE GLASS SUGAR CADDY,69,404.55,25,5.93
22346,PARTY PIZZA DISH GREEN POLKADOT,1005,404.31,39,0.6035
22204,MILK PAN BLUE POLKADOT,123,403.75,41,3.452380952380953
84984A,GREEN PEONY CUSHION COVER,255,403.75,12,3.8
20793,BLUE TILED TRAY,273,402.75,15,6.35
90010B,BLACK/WHITE GLASS/SILVER BRACELET,45,402.75,17,8.95
84857C,PINK MONTE CARLO HANDBAG,193,402.55,14,2.8857142857142857
21336,GOLD WASHBAG,1788,401.64,24,2.715
21379,CAMPHOR WOOD PORTOBELLO MUSHROOM,498,401.52,45,1.1331111111111112
84932B,SMALL PINK PEONY FOLDING STOOL,189,401.3,17,3.105882352941176
71270,PHOTO CLIP LINE,320,401.21,54,1.2719999999999998
79071B,ENGLISH ROSE METAL WASTE BIN,136,401.2000000000001,60,2.95
20997,ROSE DU SUD CUSHION COVER ,81,400.95,28,4.95
20618,QUEEN OF THE SKIES PASSPORT COVER ,193,400.38,74,2.0889189189189192
90143,SILVER BRACELET W PASTEL FLOWER,54,400.0,18,7.222222222222222
16243B,BROWN COZY SQUARE PHOTO ALBUM,205,399.75,1,1.95
21882,SKULLS TAPE,921,398.73,70,0.5783333333333334
21001,ROSE DU SUD WASHBAG ,67,398.65,31,5.95
D,Discount,196,397.89,5,41.378
85142,JARDIN ETCHED GLASS GINGER JAR,50,397.5,27,7.95
20701,PINK CAT FLORAL CUSHION COVER ,282,397.5,13,3.173076923076923
72128,COLUMBIAN CANDLE ROUND,686,397.46,78,0.8048148148148148
90195B,BLACK GEMSTONE BRACELET,45,396.75,20,8.65
90149,SILVER FLOWR PINK SHELL NECKLACE,60,395.28,7,7.337142857142857
84726,LILLIES CANVAS PICTURE,233,394.85,5,2.17
84563A,PINK & WHITE BREAKFAST TRAY,92,394.4,33,5.131818181818182
22343,PARTY PIZZA DISH RED WHITE SPOT ,464,394.4,22,0.85
20662,FIRST CLASS HOLIDAY PURSE ,697,394.27,25,2.9388
21553,CERAMIC BIRDHOUSE FINCH BLUE  LARGE,75,393.6,27,5.877777777777778
84951A,SET OF 4 PISTACHIO LOVEBIRD COASTER,393,393.32,41,1.3051219512195122
20889,JARDIN DE FEMME SCENTED CANDLE,656,392.0,12,2.029166666666667
20753,RETRO PINK SPOT WASHING UP GLOVES,187,391.1,38,2.057894736842105
47562,ENGLISH ROSE IRONING BOARD COVER,104,390.0,41,3.75
84016,FLAG OF ST GEORGE CAR FLAG,978,389.76,46,0.4184782608695652
85136B,BLUE SHARK HELICOPTER,49,389.55,39,7.95
47591B,SCOTTIES DES CHILD'S APRON,236,389.4,61,1.65
21371,MIRRORED WALL ART POPPIES,368,389.4,41,1.2841463414634149
16044,POP-ART FLUORESCENT PENS,6192,388.8,2,0.24
35004S,SET OF 3 SILVER FLYING DUCKS,136,388.4,16,4.425
84007,MAGIC GARDEN MOUNT FUJI,152,387.6,37,2.55
40046A,RED DAISY PAPER LAMPSHADE,321,387.57,34,1.2388235294117649
84804A,CREAM DELPHINIUM ARTIFICIAL FLOWER,215,387.53,17,2.6876470588235297
23537,WALL ART I LOVE LONDON ,86,387.3,19,4.8236842105263165
20838,FRENCH LATTICE CUSHION COVER ,391,387.29,39,1.181794871794872
23103,BELL HEART DECORATION,252,387.0,9,1.6277777777777775
72800C,4 PINK DINNER CANDLE SILVER FLOCK,257,385.51,42,2.2190476190476187
22698,TEACUP AND SAUCER REGENCY PINK,144,384.0,9,2.816666666666667
22838,"CAKE TIN, 3 TIER RED/IVORY",28,383.4,8,14.4
84306,S/3 PINK SQUARE PLANTERS ROSES,35,383.25,19,10.95
46776B,WOVEN BERRIES CUSHION COVER ,194,383.1,20,4.3950000000000005
22785,SQUARECUSHION COVER PINK UNION JACK,150,382.14,29,6.103793103448275
79030D,"TUMBLER, BAROQUE",479,382.11,16,1.505625
84509A,ENGLISH ROSE PLACEMATS,107,382.05,25,3.718
22446,PIN CUSHION RUSSIAN DOLL PINK,114,381.9,26,3.3500000000000005
85090,CANDY SPOT APRON,82,381.3,35,4.65
90035B,"PEARL & SHELL 42""NECKL. PINK",43,380.89,4,10.185
20659,ECONOMY LUGGAGE TAG,287,380.81,89,1.352197802197802
72750B,"F.FAIRY S/3 CANDLE/GLASS,LAVENDER",193,380.35,9,2.3944444444444444
84802B,PURPLE ANEMONE ARTIFICIAL FLOWER,405,379.65,16,1.53125
85167A,WHITE GRAND BAROQUE PHOTO FRAME,174,379.5,12,3.5
85097B,BLUE ROCKING SINGING CANARY,101,378.75,36,3.75
22032,BOTANICAL LILY GREETING CARD,903,378.42,74,0.4183783783783783
72801E,S/4 FESTIVE GREEN DINNER CANDLES,717,378.33,21,1.170952380952381
85211,S/4 GROOVY CAT MAGNETS,279,377.97,51,1.5029629629629628
35969,FOLKART CROWN TABLE DECORATIONS,450,376.74,40,1.4594999999999998
85007,SET OF 3 VINTAGE TEA TIME BOXES,139,376.35,19,3.9
23457,LARGE PARLOUR PICTURE FRAME,77,375.75,27,4.933333333333334
21252,SET OF MEADOW  FLOWER STICKERS,161,375.65,16,2.743125
16218,CARTOON  PENCIL SHARPENERS,4525,375.6,70,0.098
22286,DECORATION WOBBLY RABBIT METAL ,753,375.57,45,0.6699999999999999
21418,STARFISH SOAP DISH,161,375.35,35,2.3544444444444443
71403,"PINK/WHITE ""KEEP CLEAN"" BULLET BIN",127,374.65,27,2.95
84951B,SET OF 4 BLACK LOVEBIRD COASTERS,356,374.54,37,1.3107894736842105
84422,PINK/BLUE DISC/MIRROR STRING,749,374.31,25,0.7132
84661B,BLACK SQUARE TABLE CLOCK,207,374.29,26,2.191923076923077
72803B,OCEAN SCENT CANDLE JEWELLED DRAWER,88,374.0,34,4.25
23128,DOLLCRAFT BOY JEAN-PAUL ,82,373.9,12,4.883333333333334
20781,GOLD EAR MUFF HEADPHONES,77,373.17,41,5.230975609756097
22135,LADLE LOVE HEART PINK,935,372.54,58,0.4179310344827586
84680,CLASSICAL ROSE URN,94,372.3,17,7.06764705882353
47021G,SET/6 BEAD COASTERS GAUZE BAG GOLD,631,371.65,45,1.0443478260869563
22345,PARTY PIZZA DISH BLUE POLKADOT,1032,371.46,48,0.5912
46126A,ELVIS WALLHANGING / CURTAIN,297,371.25,34,1.25
16219,HOUSE SHAPE PENCIL SHARPENER,3206,371.01,66,0.1251515151515151
23039,T-LIGHT HOLDER SILVER HEART HANDLE,192,370.8,22,1.9369565217391305
84563B,BLUE & WHITE BREAKFAST TRAY,96,370.2000000000001,37,4.40945945945946
84931A,PINK SCOTTIE DOG W FLOWER PATTERN,146,369.6,47,2.5404255319148934
21375,LARGE CAMPHOR WOOD FIELD MUSHROOM ,93,368.25,28,4.798275862068966
21520,BOOZE & WOMEN GREETING CARD ,890,368.04,68,0.4173529411764706
35915A,CREAM KNITTED HEN,288,365.76,1,1.27
84901,BLACK FACE LAMB WITH PANTS,98,365.34,56,3.737142857142857
22447,PIN CUSHION BABUSHKA BLUE,117,364.65,29,3.2051724137931035
85204,HANGING WOOD AND FELT FLOWER,2150,364.62,78,0.2962962962962963
90161D,ANT COPPER PINK BOUDICCA BRACELET,74,363.85,24,4.847916666666667
22511,DOORSTOP RUSSIAN DOLL RETROSPOT,100,363.48,34,3.729428571428572
46776A,WOVEN BUBBLE GUM CUSHION COVER,190,363.3,20,4.3950000000000005
46776F,WOVEN ROSE GARDEN CUSHION COVER ,172,363.0,17,4.514705882352941
84905,PINK BUTTERFLY CUSHION COVER ,145,362.55,17,4.079411764705883
35922,EASTER BUNNY WREATH,76,362.2,21,4.916666666666667
90082B,DIAMANTE BOW BROOCH RED COLOUR,57,361.95,24,6.349999999999999
90198B,VINTAGE ROSE BEAD BRACELET BLACK,85,361.25,32,4.25
22559,SEASIDE FRISBEE ,303,360.51,21,1.231904761904762
21678,PAISLEY PATTERN  STICKERS,515,358.79,46,0.8193478260869564
23429,RED RETRO KITCHEN WALL CLOCK,44,358.6,20,8.15
22259,FELT FARM ANIMAL HEN,478,358.46,33,1.155142857142857
21017,RED BIRD HOUSE TREE DECORATION,548,358.28,39,0.8025641025641026
16216,LETTER SHAPE PENCIL SHARPENER,4135,358.18,78,0.1260759493670886
84707B,PINK JEWELLED MIRROR TRINKET TRAY,47,357.66,22,9.31409090909091
47579,TEA TIME BREAKFAST BASKET,170,357.0,43,2.1
22555,PLASTERS IN TIN MR STRONG ,228,357.0,11,1.6318181818181818
37482P,CUBIC MUG PINK POLKADOT,532,356.52,43,1.028181818181818
84918,CREAM CUSHION COVER WITH FLOWERS,103,355.85,14,6.235714285714286
84509B,FAIRY CAKE PLACEMATS,100,355.8,22,3.713636363636364
84800M,MEDIUM WHITE/PINK ROSE ART FLOWER,249,355.53000000000003,26,1.5853846153846154
35004P,SET OF 3 PINK FLYING DUCKS,84,354.6,21,5.040476190476191
21729,SMALL MARAKESH METAL  LANTERN ,114,354.5,23,3.2291666666666665
22039,BOTANICAL LILY GIFT WRAP,850,353.0,30,0.4146666666666666
78033,FLAG OF ST GEORGE CHAIR,73,352.75,14,5.464285714285714
79191B,RETRO PLASTIC POLKA TRAY,451,351.67,53,0.8458490566037735
72487,ROSES WHITE ROUND CANDLE,826,351.62,13,0.9776923076923076
18094C,WHITE AND BLUE CERAMIC OIL BURNER,312,351.6,39,1.1884615384615385
84809B,PINK CHRYSANTHEMUMS ART FLOWER,296,351.6,8,1.7875
23337,EGG FRYING PAN MINT ,169,351.52000000000004,60,2.08
84741C,CITRUS GARLAND FELT FLOWERS ,180,351.0,47,1.95
21529,RED RETROSPOT TOASTRACK,104,349.8,35,3.4214285714285717
35471A,SET OF 3 BIRD L.BLUE FEATHER,360,349.2,54,1.1857142857142855
72750A,"F.FAIRY S/3 CANDLE/GLASS,LILY/VALLY",177,349.15000000000003,8,2.45
85168B,BLACK BAROQUE CARRIAGE CLOCK,37,348.67,23,9.679565217391303
23057,GEMSTONE CHANDELIER T-LIGHT HOLDER,78,347.7,7,4.835714285714286
47563A,RETRO LONGBOARD IRONING BOARD COVER,224,347.5,62,1.9758064516129032
16258A,SWIRLY CIRCULAR RUBBERS IN BAG,1026,347.19,74,0.4244736842105263
84402D,PINK DRESS JEWELLERY STAND ,371,346.85,11,1.6136363636363635
46000R,POLYESTER FILLER PAD 45x30cm,239,346.55,59,1.45
23576,SNACK TRAY RED VINTAGE DOILY,185,346.35,29,1.94
23150,IVORY SWEETHEART SOAP DISH,139,346.11,40,2.49
17129D,CLEAR COLOUR GLASS GEMS IN BAG,518,344.54,19,0.7615789473684211
21736,GOLD SCROLL GLASS T-LIGHT HOLDER,178,343.02,22,2.0256521739130435
79336,LIGHT PINK FLOCK GLASS CANDLEHOLDER,832,342.83,16,0.85625
17181,CIRCLE OF FRIENDS CANDLE HOLDER,294,341.7,28,2.1533333333333333
21757,LIGHTHOUSE PRINTED METAL SIGN,69,341.55,31,4.95
37444C,PINK BREAKFAST CUP AND SAUCER ,1596,341.48,17,1.9923529411764709
20615,BLUE SPOTTY PASSPORT COVER,222,341.2,38,2.067948717948718
84509C,SET OF 4 POLKADOT PLACEMATS ,96,340.8,32,3.725
20666,ECONOMY HOLIDAY PURSE,871,340.65000000000003,22,2.679090909090909
22813,PACK 3 BOXES BIRD PANETTONE ,177,340.33,14,2.551428571428571
23044,PAPER LANTERN 9 POINT HOLLY STAR S,82,340.3,19,4.15
75149N,STRING CRYSTALS NATURAL,272,340.0,25,1.25
21027,NINJA RABBIT PINK,276,339.3,46,1.2420833333333332
82076,BEECH WOOD PHOTO FRAME ,271,338.75,6,1.25
79323S,SILVER CHERRY LIGHTS,59,338.45000000000005,11,6.395454545454545
37444B,BLUE BREAKFAST CUP AND SAUCER ,1996,338.44,17,2.6182352941176474
84926D,LA PALMIERA TILE COASTER,762,337.89,38,0.7589743589743589
84081,WHITE CERAMIC PARTY SET (5PCS),94,337.58,15,4.078
84497,BUTTONS AND STRIPES NOTEBOOK ,90,337.5,32,3.75
20903,VINTAGE KEEPSAKE BOX TRAVELOGUE,103,337.25,19,5.655263157894736
20976,12 PENCILS SMALL TUBE POSY,518,336.7,64,0.65
23661,MILK MAIDS MUG ,204,336.6,23,1.6499999999999997
23127,DOLLCRAFT GIRL NICOLE,68,336.6,12,4.95
85086A,CANDY SPOT HEART DECORATION,396,336.6,49,0.85
82081,PINK HEARTS PHOTO ALBUM,159,336.25,12,3.0416666666666665
21004,ROSE DU SUD CHILDS APRON,79,335.75,33,4.25
84915,HAND TOWEL PINK FLOWER AND DAISY,208,335.5,18,4.08
84249D,FAIRY CAKE GREETINGS CARD,809,335.46,55,0.4189090909090909
84292,ROSE PINK METAL FOLDING CHAIR,42,333.90000000000003,12,7.95
22029,SPACE BOY BIRTHDAY CARD,805,333.78000000000003,53,0.4188679245283018
17109A,FLOWER FAIRY INCENSE LILY,709,333.61,13,1.186153846153846
47583B,SET OF 3 WICKER BASKET TEA AND CAKE,27,332.6,6,21.95833333333333
72801C,4 ROSE PINK DINNER CANDLES,528,332.16,22,1.0904545454545451
20695,FLORAL BLUE MONSTER,82,332.0,26,4.173076923076923
23484,HEART TRELLIS TRIPLE T-LIGHT HOLDER,118,331.42,20,2.870952380952381
85024B,EAU DE NILE JEWELLED PHOTOFRAME,218,330.90000000000003,20,1.6404761904761902
23420,PANTRY HOOK TEA STRAINER ,159,330.72,28,2.08
37464,ROBOT MUG IN DISPLAY BOX,275,330.07,46,1.2419148936170212
72814,SET/3 CHRISTMAS BRIAR CANDLES,88,330.0,21,3.75
84925A,WAKE UP COCKEREL WALL THERMOMETER,177,328.95,15,2.493333333333333
72811,SMALL ZINC/GLASS CANDLEHOLDER,441,328.77,20,1.2995
47592A,CAROUSEL DES CHILD'S OVERALL,156,327.6,32,2.1
23236,DOILEY BISCUIT TIN,120,327.6,13,2.859230769230769
35912B,WHITE/PINK CHICK DECORATION,283,326.39,26,1.2353846153846153
21309,LOUVRE CHALKBOARD,49,325.6,5,9.16
22045,SPACE BOY GIFT WRAP,775,325.5,27,0.42
90209A,PURPLE ENAMEL+GLASS HAIR COMB,173,325.5,10,1.995
90120B,BLUE MURANO TWIST BRACELET,77,325.5,21,4.166666666666667
85087,CANDY SPOT CUSHION COVER,113,325.11000000000007,21,2.947142857142857
23521,WALL ART CAT AND BIRD ,118,324.98,18,2.7544444444444447
82011C,BATHROOM SCALES FOOTPRINTS IN SAND,95,324.25,42,3.673809523809524
23521,CAT AND BIRD WALL ART,270,323.64,4,2.005
84898F,YELLOW FLOWERS FELT HANDBAG KIT,154,323.40000000000003,47,2.1
20655,QUEEN OF SKIES LUGGAGE TAG,264,321.02,91,1.2656382978723404
23205,CHARLOTTE BAG ALPHABET  DESIGN,400,320.5,22,0.838181818181818
85112,S/3 TEAR DROP CUT GLASS DECORATION,429,320.25,23,1.2173913043478262
85070,ANT WHITE SWEETHEART TABLE W 3 DRAW,3,320.0,3,106.66666666666669
84801B,WHITE HYDRANGEA ART FLOWER,202,319.8,16,2.009375
21038,SET/4 MODERN VINTAGE COTTON NAPKINS,156,319.8,49,2.1124489795918366
90148,LONG SILVER NECKLACE PASTEL FLOWER,25,318.75,16,12.75
21243,PINK POLKADOT PLATE ,202,318.34,18,1.6766666666666667
23523,WALL ART TREASURE AHOY ,87,317.97,22,3.708181818181818
23116,VEGETABLE GARDEN CHOPPING BOARD,70,317.70000000000005,17,4.902941176470589
84881,BLUE WIRE SPIRAL CANDLE HOLDER,50,317.5,22,6.35
84933C,LARGE BLUE ORIENTAL FOLDING STOOL,136,317.0,6,4.716666666666667
90002D,FLOWER BURST SILVER RING CRYSTAL,91,316.25,21,3.726190476190476
47597,NEW ENGLAND TEATOWELS,124,316.2,41,2.55
23421,PANTRY HOOK SPATULA,152,316.16,26,2.08
16207B,PINK HEART RED HANDBAG,211,315.96000000000004,13,2.5200000000000005
90201B,BLACK ENAMEL FLOWER RING,107,315.65000000000003,18,2.95
47504G,ENGLISH ROSE TAPE MEASURE,256,315.44,47,1.2459574468085106
23037,CANDLE HOLDER SILVER MADELINE,193,315.29,18,1.7299999999999998
17011F,ORIGAMI SANDLEWOOD INCENSE+FLOWER,380,315.15,15,1.4233333333333331
90198A,VINTAGE ROSE BEAD BRACELET RASPBERR,74,314.5,26,4.25
84933A,LARGE GREEN PEONY FOLDING STOOL,131,314.35,6,4.716666666666666
22395,PAPERWEIGHT VINTAGE PAISLEY,214,313.86,33,1.937272727272727
46000U,POLYESTER FILLER PAD 30CMx30CM,251,313.75,51,1.25
20902,VINTAGE KEEPSAKE BOX PARIS DAYS,69,313.35,15,6.003333333333333
23130,MISELTOE HEART WREATH ,80,312.8,5,4.07
85170B,SET/6 BLACK BIRD T-LIGHT CANDLES,237,312.78000000000003,33,1.885757575757576
20940,SET/6 GARDEN GNOME T-LIGHT CANDLES,113,312.55,18,2.905555555555556
23339,EGG FRYING PAN BLUE ,150,312.0,58,2.08
85202,HANGING WOOD AND FELT HEART,745,311.46,90,0.4194
35967,FOLK ART METAL STAR T-LIGHT HOLDER,786,310.08,59,0.3961016949152542
35911A,MULTICOLOUR RABBIT EGG WARMER,260,309.65,41,1.503809523809524
84933B,LARGE PINK PEONY FOLDING STOOL,136,309.15,6,3.408333333333333
22844,VINTAGE DOG FOOD CONTAINER,36,308.64,6,8.61
84711A,SILVER OVAL SHAPE TRINKET BOX,31,308.45,14,9.95
21946,PARTY TIME DESIGN FLANNEL,579,307.81,30,0.7833333333333333
84706A,ENGLISH ROSE TABLE CLOCK,136,307.2,6,5.449999999999999
23478,WOODLAND LARGE PINK FELT HEART,278,307.18,10,1.229
20688,BEAUTY SPEED EXPRESSO CUPS,462,306.9,9,4.45
90180A,BLACK+WHITE NECKLACE W TASSEL,35,306.25,19,9.58157894736842
90160A,PURPLE BOUDICCA LARGE BRACELET,44,305.8,20,6.95
23575,SNACK TRAY PAISLEY PARK,164,305.4,22,1.9375
21943,CAKES AND RABBITS DESIGN FLANNEL ,387,304.83,41,0.8353658536585366
23131,MISELTOE HEART WREATH WHITE,78,304.5,4,4.050000000000001
90175C,BLUE GLASS CHUNKY CHARM BRACELET,34,304.3,17,8.95
62095B,TURQOISE ICE CREAM SUNHAT,289,304.09000000000003,19,1.456315789473684
84838,ANT WHITE HIGH RISE BIRD BOX,49,304.0,3,7.666666666666667
79303B,BLUE STAR BLOCK TABLE LAMP,103,303.85,4,2.95
22786,PILLOWCUSHION COVER PINK UNION JACK,51,303.45,17,5.95
21306,SET/4 DAISY MIRROR MAGNETS,669,302.9,57,1.0250877192982455
72801G,4 BURGUNDY WINE DINNER CANDLES,529,302.69,31,1.1203125
72753D,S/3 FLWR FAIRY SUMMER CANDLES,144,302.40000000000003,9,2.1
85147,JARDIN ETCHED GLASS CANDLEHLDR LONG,61,301.95,16,4.95
90035C,"PEARL & SHELL 42""NECKL. IVORY",28,301.0,5,10.75
22453,MEASURING TAPE RUSSIAN DOLL BLUE,102,300.90000000000003,27,2.95
22852,ENAMEL DOG BOWL CREAM,76,300.48,3,4.206666666666667
84535A,ENGLISH ROSE NOTEBOOK A6 SIZE,575,300.15000000000003,48,0.6453061224489796
23396,LA JARDIN BOTANIQUE CUSHION COVER,80,300.0,23,3.75
21132,SILVER STANDING GNOME   ,72,300.0,29,4.043103448275862
84984C,ORIENTAL BLUE CUSHION COVER ,218,299.7,7,3.192857142857143
84673B,BLUE FLY SWAT,420,299.46,79,0.76025
23440,PAINT YOUR OWN EGGS IN CRATE,164,299.36,5,2.022
17001,HEAVENS SCENT FRAGRANCE OILS ASSTD,1211,299.35,23,0.2795652173913043
23466,TUSCAN VILLA DOVECOTE BIRD FEEDER,37,299.25,17,8.205882352941176
79190A,RETRO PLASTIC 70'S TRAY,711,298.62,73,0.42
84522,PINK PARTY SUNGLASSES,178,298.5,20,1.9125
82095,HEART BUTTONS JEWELLERY BOX,39,298.35,22,7.65
21028,NINJA RABBIT BLACK,237,297.64,40,1.387
84627,CANDY STRIPE ROSE C/COVER ,50,297.5,19,5.95
90145,SILVER HOOP EARRINGS WITH FLOWER,50,297.5,23,5.95
20670,VIP HOLIDAY PURSE,664,296.48,22,2.955454545454546
84877B,GREEN ROUND COMPACT MIRROR,227,296.25,15,1.5833333333333333
21420,OYSTER TRINKET BOX,114,295.62,25,3.0415384615384613
21697,SET 5 MINI DOUGHNUT FRIDGE MAGNET ,372,295.08000000000004,7,1.491428571428571
23126,DOLLCRAFT GIRL AMELIE KIT,66,294.7,8,4.8500000000000005
84533B,FAIRY CAKES ROUND NESTING BOXES,52,293.8,19,5.813157894736842
16244A,MAXWELL 2 TONE PINK 60 PAGE PHOTO A,142,293.0,6,3.483333333333333
72801F,S/4 FESTIVE RED DINNER CANDLES,234,292.5,25,1.25
84800S,SMALL WHITE/PINK ROSE ART FLOWER,388,292.04,19,1.098947368421053
22952,SET 72 CAKE CASES VINTAGE CHRISTMAS,672,291.6,4,0.5175000000000001
72130,COLUMBIAN CANDLE ROUND,741,291.57,50,0.5742307692307692
21401,BLUE PUDDING SPOON,1388,291.06,91,0.2471739130434782
20826,SILVER APERITIF GLASS,355,290.72,14,1.3478571428571429
85169B,BLACK LOVE BIRD CANDLE,280,290.24,45,1.1958695652173912
23410,CURIO CABINET LINEN AND LACE ,36,290.1,18,8.027777777777779
47503G,ASS FLORAL PRINT TAPE MEASURE,235,289.19,24,1.2424
90120A,PINK MURANO TWIST BRACELET,68,289.0,21,4.25
84802A,WHITE ANEMONE ARTIFICIAL FLOWER,171,288.99,21,1.6900000000000002
82011B,BATHROOM SCALES RUBBER DUCKS,84,287.8,39,3.6679487179487182
23047,PAPER LANTERN 5 POINT SEQUIN STAR,50,287.5,21,5.75
90192,JADE DROP EARRINGS W FILIGREE,58,287.1,19,4.95
17091B,JASMINE TEA INCENSE IN TIN,264,286.8,43,1.2227272727272729
23695,DOILY THANK YOU CARD,703,286.62,44,0.4172727272727272
84760S,SMALL HANGING GLASS+ZINC LANTERN,197,285.65,24,1.45
23430,BLUE RETRO KITCHEN WALL CLOCK,35,285.25,17,8.15
37413,ICON MUG REVOLUTIONARY,701,283.71,79,0.4112345679012346
84247N,PACK/12 BLUE FOLKART CARDS,96,283.20000000000005,39,2.95
20950,SET/6  ANGEL T-LIGHTS WHITE/GOLD,652,282.97,65,0.4577272727272727
22546,MINI JIGSAW FIDO,672,282.24,10,0.42
21880,RED AND WHITE SPOT TAPE,434,282.1,35,0.65
85179A,GREEN BITTY LIGHT CHAIN,139,281.31,26,3.5561538461538467
21402,RED  EGG  SPOON,1589,280.98,102,0.2452427184466019
90010E,AMBER GLASS/SILVER BRACELET,32,279.95,18,8.591666666666665
84625B,BLCK NEW BAROQUE CANDLESTICK CANDLE,180,279.0,17,2.3323529411764707
62096B,PURPLE/TURQ FLOWERS HANDBAG,209,278.75,46,1.3840425531914893
90014A,SILVER/MOP ORBIT NECKLACE,28,278.6,19,9.95
21025,SPACE FROG,221,278.5,36,1.3455555555555554
20663,QUEEN OF THE SKIES HOLIDAY PURSE ,1037,277.19,15,2.742
44235,ASS COL CIRCLE MOBILE ,752,276.96,15,0.4125
23579,SNACK TRAY I LOVE LONDON,149,276.15,24,1.9375
84966C,GREEN KASHMIRI BOXED MIRROR,23,276.0,2,12.0
46118,FUNKY MONKEY CUSHION COVER,324,275.4,35,0.85
35920,FOUR RABBIT EASTER DECORATIONS,1065,275.25,20,1.1949999999999998
84977,WIRE FLOWER T-LIGHT HOLDER,220,275.0,41,1.25
79051A,SMOKEY GREY COLOUR D.O.F. GLASS,695,274.99,35,0.4438461538461538
84673A,PINK FLY SWAT,457,274.01,70,0.6466666666666667
35637C,PINK STRING CURTAIN WITH POLE,97,273.35,16,4.11875
21030,SPACE CADET RED,219,272.37,39,1.27075
84429A,MEDIUM PINK BUDDHA HEAD ,92,271.40000000000003,27,2.95
84192,ASSORTED COLOUR METAL CAT ,226,271.1,38,1.2402564102564102
90010A,MIDNIGHT BLUE GLASS/SILVER BRACELET,31,271.0,14,8.489285714285714
85131D,BEADED CRYSTAL HEART PINK ON STICK,488,270.94,24,0.77
90036D,"FLOWER GLASS GARLAND NECKL.36""BLACK",34,270.3,12,7.95
47351B,BLUE  VOILE LAMPSHADE,98,269.90000000000003,14,2.921428571428572
72793,BLACK BOX MIRROR LANTERN,55,268.75,10,5.5600000000000005
90201A,PURPLE ENAMEL FLOWER RING,91,268.45000000000005,20,2.95
23203,JUMBO BAG VINTAGE DOILEY ,143,268.44,6,2.0316666666666667
21698,MOCK LOBSTER FRIDGE MAGNET,450,268.34,48,0.6843750000000001
35638B,PINK/BLUE STRING CURTAIN ,115,268.25,8,3.45
85039C,S/4 BLACK MINI ROSE CANDLE IN BOWL,413,267.97,39,1.364102564102564
90082A,DIAMANTE BOW BROOCH GREEN COLOUR,42,266.7,20,6.35
16202A,PASTEL PINK PHOTO ALBUM ,660,266.45,19,3.694210526315789
84482,BUTTONS DESIGN JEWELLERY BOX,71,266.25,28,3.75
20847,ZINC HEART LATTICE CHARGER LARGE,71,266.25,20,3.75
23481,PEARLISED IVORY HEART SMALL ,217,266.21,27,1.243
35981C,WHITE SNOW SCANDINAVIAN STOCKING ,563,266.14,60,0.4870769230769231
23489,"GARLAND, VINTAGE BELLS",92,265.88,10,2.89
84926A,WAKE UP COCKEREL TILE COASTER,651,265.59,42,0.6785714285714286
37482P,CUBIC MUG PINK POLKA DOT,104,265.2,18,2.55
85195,HANGING HEART BASKET,145,265.14,16,2.074375
35968,FOLK ART METAL HEART T-LIGHT HOLDER,701,264.04,56,0.3768421052631579
84576,BLUE CAT BISCUIT BARREL PINK HEART,84,264.0,21,4.173809523809524
37343,POLKADOT MUG PINK ,178,262.86,22,1.5754545454545452
47586A,PINK FAIRY CAKE CUSHION COVER,199,262.65,28,2.125
90201C,RED ENAMEL FLOWER RING,89,262.55,19,2.95
84509G,FAIRY CAKE PLACEMATS ,75,262.05,21,3.711904761904762
84806A,PINK CANDYSTUFT ARTIFICIAL FLOWER,319,261.91,20,1.135
23194,GYMKHANNA TREASURE BOOK BOX,120,261.84000000000003,14,2.189285714285714
84623,PINK GINGHAM ROSE FLOOR CUSHION,53,261.35,12,6.7
21196,ROUND WHITE CONFETTI IN TUBE,158,260.7,17,1.65
90184A,AMBER CHUNKY BEAD BRACELET W STRAP,29,259.55,12,8.95
90120C,GREEN MURANO TWIST BRACELET,61,259.25,17,4.25
84924F,PSYCHEDELIC METAL SIGN CALENDAR,973,259.15,8,1.765
90124A,PINK MURANO TWIST NECKLACE,26,258.7,16,9.95
16254,TRANSPARENT ACRYLIC TAPE DISPENSER,912,258.36,19,0.898
23032,DOORKNOB CRACKED GLAZE IVORY,174,258.3,5,1.61
20800,LARGE GLASS SUNDAE DISH CLEAR,996,258.2,2,1.4
85129B,BEADED CRYSTAL HEART GREEN SMALL,210,258.08,36,1.3066666666666666
84613C,BLUE NEW BAROQUE FLOCK CANDLESTICK,62,258.06,12,4.580000000000001
22268,DECORATION SITTING BUNNY,1335,257.61,41,0.2053488372093023
22287,DECORATION WOBBLY CHICKEN,521,256.11,29,0.6506896551724138
77081,FLOWER WINDMILL,219,255.51,18,1.228888888888889
46775E,CANDY POP CHUNKY KNITTED THROW ,15,254.25,10,16.95
23137,ZINC WIRE SWEETHEART LETTER TRAY,80,253.24,20,3.454
90032,IVORY SHELL HEART NECKLACE,45,253.17,21,6.101428571428571
90085,CRYSTAL STILETTO PHONE CHARM,297,252.45,17,0.85
22134,MINI LADLE LOVE HEART RED ,630,252.24,54,0.4636363636363636
85033S,SET/6 SILVER REINDEER T-LIGHTS,242,252.2,39,0.975
90178A,AMBER CHUNKY GLASS+BEAD NECKLACE,21,250.95,15,11.95
21341,KASBAH LANTERN WITH GLASS ,56,250.8,15,4.623333333333334
90175D,TIGRIS EYE CHUNKY CHARM BRACELET,28,250.6,15,8.95
20836,FRENCH PAISLEY CUSHION COVER,224,250.00000000000003,22,1.1209090909090909
84671B,CROCHET BEAR WITH BLUE STRIPES,98,249.9,24,2.55
85089,CANDY SPOT BUNNY,87,249.45000000000005,18,2.886842105263158
16052,TEATIME PUSH DOWN RUBBER,810,249.35,21,0.3871428571428571
79030A,"TUMBLER, ENGLISH ROSE",151,249.15,20,1.65
84952A,CLEAR LOVE BIRD T-LIGHT HOLDER,84,249.11,14,3.807857142857143
45016,DECORATIVE NET CANOPY LEOPARD,73,248.75,8,3.611111111111111
22328,"ROUND SNACK BOXES ,SET 4, FRUITS ",84,247.8,5,2.95
23015,CORDIAL GLASS JUG,30,247.5,13,8.25
23476,WOODLAND LARGE RED FELT HEART,198,247.5,18,1.25
23168,CLASSIC SUGAR DISPENSER,216,247.32,12,1.1975
23474,WOODLAND SMALL BLUE FELT HEART,297,246.51,27,0.83
35914,PINK CHICK EGG WARMER + EGG CUP,175,246.25,28,1.6
84924D,LA PALMIERA METAL SIGN CALENDAR,760,246.0,12,3.1666666666666665
21321,GLASS CHALICE BLUE  LARGE ,108,245.25,13,2.480769230769231
35979,SIX STRING SCANDINAVIAN HEART DECS,83,244.85,19,2.95
90201D,GREEN ENAMEL FLOWER RING,83,244.85,16,2.95
22175,PINK OWL DECORATION,96,244.8,1,2.55
22176,BLUE OWL DECORATION,96,244.8,1,2.55
84508C,BLUE CIRCLES DESIGN TEDDY,96,244.8,36,2.55
72739B,WHITE CHOCOLATE SCENT CANDLE,351,244.35,10,0.89
47481,50CM METAL STRING WITH  7 CLIPS,316,244.12,35,0.8451428571428571
84906,PINK B'FLY C/COVER W BOBBLES,41,243.95,14,5.95
21388,IVORY HANGING DECORATION  CHICKEN,287,243.95,27,0.85
20615,BLUE POLKADOT PASSPORT COVER,236,243.84,40,1.56025
22257,FELT FARM ANIMAL SHEEP,322,243.14,25,1.1885185185185188
35833P,4 PINK FLOCK CHRISTMAS BALLS,161,241.75,43,1.3755813953488372
23149,ANTIQUE IVORY WIRE BOWL SMALL,97,241.53,19,2.49
79190D,RETRO PLASTIC DAISY TRAY,575,241.5,73,0.42
16156L,"WRAP, CAROUSEL",575,241.5,22,0.42
18096C,WHITE ROUND PORCELAIN TLIGHT HOLDER,106,241.5,13,2.503846153846154
90191,SILVER LARIAT 40CM,32,241.4,14,10.65
85103, SILVER T-LIGHT SETTING,37,240.15,15,6.696666666666667
23495,SET OF 3 PANTRY WOODEN SPOONS,192,240.0,24,1.25
84984D,ORIENTAL RED CUSHION COVER ,132,239.8,10,3.97
21722,SWEET PUDDING STICKER SHEET,282,239.7,40,0.85
23324,RUSTIC STRAWBERRY JAMPOT LARGE ,120,238.56,6,2.0416666666666665
46776C,WOVEN FROST CUSHION COVER,102,238.5,17,4.538888888888889
23028,DOORKNOB CRACKED GLAZE BLUE,162,238.5,3,1.5833333333333333
47578A,ENGLISH ROSE SMALL SCENTED FLOWER,280,238.0,49,0.85
84629,WHITE 3 FRAME BIRDS AND TREE ,24,237.8,13,12.796153846153846
90081A,LILY BROOCH AMETHYST COLOUR,48,237.6,23,4.95
44217M,MULTICOLOUR FEATHERS CURTAIN,72,236.40000000000003,3,3.616666666666667
17012E,ORIGAMI OPIUM INCENSE/CANDLE SET ,240,236.4,12,2.2375
20616,CHERRY BLOSSOM PASSPORT COVER,188,236.18,44,1.6552272727272728
79328,BLUE FLOCK GLASS CANDLEHOLDER,586,235.38,11,0.6109090909090908
75178,ASSTD COL BUTTERFLY/CRYSTAL W/CHIME,475,235.19,16,1.094375
22954,HEN PARTY CORDON BARRIER TAPE,188,235.0,36,1.25
20855,PINK PATCH PURSE BLUE HEART,142,234.3,47,1.65
84597B,RETRO BROWN BALL ASHTRAY ,195,234.15,19,1.2289473684210528
23567,EGG CUP HENRIETTA HEN PINK,187,233.75,18,1.25
22129,PARTY CONES CANDY DECORATION,296,233.28,8,1.4375
37483,ENGLISH ROSE MUG IN GIFT BOX,143,232.89,10,2.46
23475,WOODLAND SMALL PINK FELT HEART,280,232.4,26,0.83
16212,FUNKY GIRLZ ASST MAGNETIC MEMO PAD,357,232.05,30,0.65
79338,DARK PINK FLOCK GLASS CANDLEHOLDER,547,231.99,10,0.8879999999999999
23447,PINK BUNNY EASTER EGG BASKET,158,231.9,4,1.6
22842,"BISCUIT TIN, RED,IVORY, VINTAGE",37,230.55,7,6.521428571428571
84926F,PSYCHEDELIC TILE COASTER,465,230.5,30,0.9886666666666668
23446,BLUE BUNNY EASTER EGG BASKET,157,230.25,3,1.5833333333333333
20736,PINK MINI TAPE MEASURE ,286,230.1,18,0.8427777777777777
84461,12 PINK HEN+CHICKS IN BASKET,90,229.5,34,2.55
20795,LARGE BLUE PROVENCAL CERAMIC BALL,116,228.84,17,2.0758823529411763
90146,FINE SILVER NECKLACE W PASTEL FLOWE,35,228.75,13,7.232142857142857
84661A,WHITE SQUARE TABLE CLOCK,203,228.54,25,1.9088
35096A,BLUE VICTORIAN FABRIC HEART BOX,710,228.39,19,0.4131578947368421
20987,GEISHA GIRL CHOPSTICKS SET/5,117,228.15,12,1.95
23036,T-LIGHT HOLDER SILVER PETIT FOUR ,182,227.5,15,1.25
72781,BLACK SILOUETTE CANDLE PLATE ,120,227.4,14,2.041428571428572
84927F,PSYCHEDELIC TILE HOOK,324,227.25,51,1.0675471698113208
20906,VINTAGE NOTEBOOK BEAUTY GIRL,77,227.15000000000003,28,2.95
10123C,HEARTS WRAPPING TAPE ,628,226.76,46,0.6217391304347827
72750D,F.FAIRY S/3 CANDLE/GLASS,110,226.5,11,2.6772727272727272
23522,WALL ART DOG AND BALL ,89,226.29,17,2.6500000000000004
47471,RAINBOW PEGS PHOTO CLIP STRING,381,226.23,41,0.6836585365853659
84532B,FAIRY CAKES RECTANGLUAR BOXES,38,226.1,23,5.95
23003,TRAVEL CARD WALLET VINTAGE ROSE ,541,225.78,52,0.4188679245283018
85033G,SET/6 GOLD REINDEER T-LIGHT CANDLES,201,225.55,17,1.4444444444444444
20869,GOLD FABRIC MIRROR,459,225.49,31,0.713125
17038,PORCELAIN BUDAH INCENSE HOLDER,2524,225.4,30,0.093
TEST001,This is a test product.,50,225.0,9,4.5
84529C,YELLOW KNITTED KIDS RUCKSACK,33,222.75,11,6.75
44234,ASSORTED CIRCULAR MOBILE,1156,221.88,39,0.2079545454545454
37508,NEW ENGLAND CERAMIC CAKE SERVER,87,221.85,44,2.55
84219,BOX/12 MOTHER & CHICK IN BASKET/BOW,96,220.8,26,2.5269230769230764
21144,PINK POODLE HANGING DECORATION ,505,220.79,42,0.5044186046511628
90070,RUBY GLASS CLUSTER BRACELET,37,220.15,11,5.95
72739C,DARK CHOCOLATE SCENTCANDLE,291,219.75,11,1.0318181818181815
84499,BLACK FLOWER CANDLE PLATE,294,219.66,20,0.829
16258B,DAISY ERASERS IN BAG,1014,219.34,13,0.2885714285714286
90090,PINK CRYSTAL HEART PHONE CHARM,258,219.3,17,0.85
85168A,WHITE BAROQUE CARRIAGE CLOCK,22,218.9,15,9.95
90014C,SILVER/BLACK ORBIT NECKLACE,22,218.9,13,9.95
72225D,VANILLA SCENT CAKE CANDLE ,960,218.88,10,0.2659999999999999
90058A,CRYSTAL STUD EARRINGS CLEAR DISPLAY,576,218.88,13,0.38
20661,BLUE POLKADOT PURSE ,354,218.82,12,3.428333333333333
84993B,75 BLACK PETIT FOUR CASES,521,218.82,77,0.4199999999999999
22845,VINTAGE CAT FOOD CONTAINER,34,218.14,5,6.462000000000001
90157,RIVIERA NECKLACE,44,217.8,16,4.95
17013B,ORIGAMI JASMINE INCENSE IN TUBE,255,217.6,2,0.845
17011C,ORIGAMI LAVENDER INCENSE+FLOWER,334,217.1,1,0.65
22588,CARDHOLDER GINGHAM HEART,102,216.9,2,2.325
35645,VINTAGE BEAD PINK JEWEL BOX,51,216.75,24,4.25
90185C,BLACK DIAMANTE EXPANDABLE RING,51,216.75,19,4.25
90196A,PURPLE GEMSTONE NECKLACE 45CM,17,216.75,9,12.75
22899,CHILDRENS APRON DOLLY GIRL ,103,216.3,15,2.1
23360,SET 8 CANDLES VINTAGE DOILEY,122,216.3,7,1.907142857142857
84807,RED POPPY ARTIFICIAL FLOWER,233,215.93,7,1.5414285714285714
20799,PINK MILKSHAKE GLASS,167,215.5,13,2.0
84902,PINK KNITTED COW STUFFED TOY,58,215.34,33,3.728181818181818
23141,TRIPLE WIRE HOOK PINK HEART,68,215.0,18,3.5900000000000003
22834,MINI HAND WARMER BABUSHKA DESIGN,108,214.8,5,2.05
72801D,4 SKY BLUE DINNER CANDLES,363,214.71,22,1.1745454545454546
84621,BLUE GINGHAM ROSE FLOOR CUSHION ,27,214.65,13,7.950000000000001
62086A,PINK RETRO BIG FLOWER BAG,110,214.5,22,1.95
23580,SNACK TRAY HAPPY FOREST  ,110,214.5,21,1.95
22447,PIN CUSHION RUSSIAN DOLL BLUE,64,214.4,19,3.35
90114,SUMMER DAISIES BAG CHARM,84,214.2,19,2.55
84457,SET/3 RABBITS FLOWER SKIPPPING ROPE,252,214.2,40,0.8500000000000001
20980,36 PENCILS TUBE POSY,171,213.75,39,1.25
84371,BIG PINK POODLE,28,213.7,4,15.2125
84705C,PINK FLOCK PHOTO FRAME ,160,213.6,6,2.9500000000000006
51012C,"FEATHER DUSTER, COAL BLACK",170,212.5,26,1.25
84247C,PACK/12 BLUE REINDEER CARD,72,212.40000000000003,22,2.95
84725,FREESTYLE CANVAS ART PICTURE,133,212.25,28,2.039285714285714
21639,ASSORTED TUTTI FRUTTI KEYRING,249,211.65,13,0.8499999999999999
85094,CANDY SPOT EGG WARMER RABBIT,609,211.43,42,0.5226190476190476
90210B,CLEAR ACRYLIC FACETED BANGLE,95,211.25,17,2.5970588235294123
20818,GOLD TEDDY BEAR,79,211.25,22,3.522727272727273
21395,BLUE SPOTTY BEAKER ,108,210.6,20,1.95
21032,SPACE CADET WHITE,167,210.48,32,1.3575
47310M,SMALL POP BOX FUNKY MONKEY,172,210.48,34,1.356857142857143
85131B,BEADED CRYSTAL HEART GREEN ON STICK,330,210.18,24,0.9141666666666668
21268,VINTAGE BLUE TINSEL REEL,383,209.58,38,0.5839024390243903
20901,VINTAGE KEEPSAKE BOX PINK FLOWER,33,209.55,16,6.35
20827,GOLD APERITIF GLASS,173,209.36,8,1.63375
35818P,"ACRYLIC JEWEL ICICLE, PINK",549,208.62,20,0.38
90123A,PINK HEART OF GLASS BRACELET,35,208.25,18,5.95
47574B,ENGLISH ROSE SCENTED HANGING HEART,49,208.25,27,4.25
23413,DECORATIVE VINTAGE COFFEE  BOX,44,208.2,16,4.9
17129F,DEEP BLUE GLASS GEMS IN BAG,316,208.12,16,0.7388235294117648
37485,ENGLISH ROSE TEA SET IN GIFT BOX,49,207.69,15,4.5975
21493, VINTAGE DESIGN GIFT TAGS,244,207.4,20,0.8499999999999999
85131C,BEADED CRYSTAL HEART BLUE ON STICK,308,207.34,26,0.9914814814814816
16256B,FLOWER PENCIL/RUBBER+5 MINI PENCILS,493,207.06,20,0.42
84690,S/2 BEACH HUT STOOLS,26,206.7,13,7.950000000000001
22984,"CARD, GINGHAM ROSE ",492,206.64,40,0.42
37492A,YELLOW RED FLOWER PIGGY BANK,107,206.55,10,3.75
84247K,"FOLK ART GREETING CARD,pack/12",70,206.5,24,2.9500000000000006
20814,SILVER FINCH DECORATION,187,206.39,12,1.2025
47343A,FUSCHIA FLOWER PURSE WITH BEADS,200,206.26,23,1.1875
84882,GREEN WIRE STANDING CANDLE HOLDER,55,206.25,27,3.75
21734,SMALL MARAKESH LANTERN ON STICK,55,206.25,14,3.75
20652,BLUE POLKADOT LUGGAGE TAG ,159,206.01,45,1.3844444444444444
21095,SET/6 POSIES PAPER PLATES,242,205.7,27,0.85
84805A,CREAM CLIMBING HYDRANGA ART FLOWER,145,205.35,7,2.6214285714285714
90210D,PURPLE ACRYLIC FACETED BANGLE,131,204.65,12,2.2
90185D,CRYSTAL DIAMANTE EXPANDABLE RING,48,204.0,16,4.25
84927E,FLOWERS TILE HOOK,489,203.34,24,1.6648000000000005
21367,MIRRORED WALL ART GENTS,196,202.86,45,1.742222222222222
84870C,GREEN GEISHA GIRL ,54,202.5,21,3.75
84870B,BLUE GEISHA GIRL ,54,202.5,23,3.75
72756, FAIRY CAKE CANDLES,153,202.05,2,1.37
35817P,"ACRYLIC JEWEL SNOWFLAKE,PINK",406,202.02,9,1.3444444444444443
35991,SET/6 BLACK SNOWFLAKE T-LIGHTS ,387,201.91,47,0.5755102040816327
84723,CHERRY BLOSSOM CANVAS ART PICTURE,54,201.3,12,5.95
16202C,BEIGE PHOTO ALBUM,94,201.3,10,3.03
72754A,FLOWER FAIRY POTPOURRI CUSHION LILY,292,201.24,5,1.066
35824B,"HANGING FLOWERS+MIRROR,BLUE",527,200.26,5,0.38
16201A,PASTEL PINK PHOTO ALBUM,100,199.8,8,2.55
84706F,RED PEONY TABLE CLOCK,33,199.35,16,5.420588235294117
71053,WHITE MOROCCAN METAL LANTERN,47,199.17,12,4.855
84711B,PINK OVAL SHAPE TRINKET BOX,20,199.0,12,9.95
90124B,BLUE MURANO TWIST NECKLACE,20,199.0,11,9.95
35833G,4 GOLD FLOCK CHRISTMAS BALLS,126,198.0,29,1.436206896551724
21950,SET OF 6 DOTS CHOPSTICKS,185,197.05,2,1.155
22849,"BREAD BIN, DINER STYLE, MINT",13,196.35,4,15.45
21369,MIRRORED WALL ART SPLODGES,128,195.0,17,1.9852941176470589
22326,"ROUND SNACK BOXES ,SET4, WOODLAND ",66,194.7,3,2.9500000000000006
84927D,LA PALMIERA TILE HOOK,949,194.61,24,1.3616666666666666
17014D,ORIGAMI ROSE INCENSE CONES,476,194.28,5,1.015
46776E,WOVEN CANDY CUSHION COVER ,93,193.95,11,4.277272727272727
21372,MIRRORED WALL ART TABLE LAMP,141,193.23,36,1.7413513513513514
47504F,ENGLISH ROSE TORCH,526,193.1,13,1.5423076923076922
90161A,ANT COPPER RED BOUDICCA BRACELET,39,193.05,14,4.95
21582,KINGS CHOICE SMALL TUBE MATCHES,117,193.05,16,1.65
90208,PAIR OF ENAMEL FLOWER CLUSTER SLIDE,82,192.9,8,2.49375
35921,EASTER BUNNY HANGING GARLAND,154,192.5,26,1.25
90087,CRYSTAL SEA HORSE PHONE CHARM,276,191.76,21,0.9728571428571428
90129B,TURQUOISE GLASS TASSLE BAG CHARM ,65,191.75000000000003,18,2.95
47503H,ASS FLORAL PRINT SPIRIT LEVEL ,147,191.53,48,1.3813725490196078
90030B,RED KUKUI COCONUT SEED NECKLACE,122,191.3,19,2.3026315789473686
90196B,BLACK GEMSTONE NECKLACE 45CM,15,191.25,10,12.75
35962,SET/12 ZINC CHRISTMAS DECORATIONS,91,191.1,15,2.1
22841,"CAKE TIN, ROUND, VINTAGE MINT,IVORY",27,190.65,4,7.45
71028B,SILVER BLUE EGG T-LIGHT HOLDER,483,189.89,8,0.85625
23229,DONKEY TAIL GAME ,54,189.54,4,3.66
21400,RED PUDDING SPOON,1027,189.54,63,0.22
79303D,LILAC FLOWER BLOCK TABLE LAMP,64,188.8,7,2.95
90122C,TURQUOISE CRYSTAL+GLASS BRACELET,38,188.1,15,4.95
20837,FRENCH FLORAL CUSHION COVER ,165,188.07,18,1.1844444444444444
21460,GREEN EASTER EGG HUNT START POST,96,187.2,20,1.95
90016B,GOLD/M.O.P PENDANT ORBIT NECKLACE,22,187.0,17,8.5
90185B,AMETHYST DIAMANTE EXPANDABLE RING,44,187.0,13,4.25
21543,BUTTERFLY WATER TRANSFER TATTOOS ,267,186.95,13,0.8346153846153845
84893,ANT WHITE IRON BASKET,33,186.35,15,5.883333333333334
23436,GIFT BAG LARGE VINTAGE CHRISTMAS,148,185.0,9,1.25
84803A,PINK ALLIUM  ARTIFICIAL FLOWER,109,184.21,16,1.69
84744,S/6 SEW ON CROCHET FLOWERS,147,183.75,29,1.25
84509C,SET OF 4 DOTTY PLACEMATS ,54,183.3,13,3.6884615384615382
90035A,"PEARL & SHELL 42""NECKL. GREEN",17,182.75,9,10.75
17090A,LAVENDER INCENSE 40 CONES IN TIN,173,182.65,26,1.2038461538461538
16053,POPART COL BALLPOINT PEN ASST,4298,182.58,8,0.1649999999999999
35819B,"ACRYLIC HANGING JEWEL,BLUE",381,182.19,29,0.543125
72799D,BLUE PILLAR CANDLE SILVER FLOCK,65,182.15,13,2.921428571428572
85128,PLANTPOT SINGLE HOOK PISTACHIO,165,182.09,2,1.395
37379B,BLUE CHERRY BLOSSOM CUP & SAUCER,1122,181.5,3,0.8833333333333333
22545,MINI JIGSAW BUNNIES AT HOME,432,181.44,9,0.42
84962,SET/3 COLOUR PAINTED KASHMIRI STOOL,3,179.85000000000002,2,59.95
84509E,SET OF 4 CAROUSEL PLACEMATS ,131,179.81,10,2.408
90210A,GREY ACRYLIC FACETED BANGLE,78,179.70000000000002,12,2.6333333333333333
23697,A PRETTY THANK YOU CARD,438,179.64,26,0.4177777777777777
84464,S/60 PINK FLUFFY CHICKS IN BOX,82,179.1,11,2.4954545454545456
16043,POP ART PUSH DOWN RUBBER ,2142,179.04000000000002,12,0.31
90029,NEW BAROQUE SMALL NECKLACE BLACK,21,178.5,10,8.5
90122A,PINK CRYSTAL+GLASS BRACELET,36,178.20000000000002,14,4.95
23126,DOLLCRAFT GIRL AMELIE,36,178.2,8,4.95
84985B,SET OF 72 BLACK PAPER DOILIES ,122,176.89999999999998,19,1.45
22839,"CAKE TIN, 3 TIER MINT/IVORY",13,176.75,4,14.4
35838A,S/6 MULTICOLOUR ORNAMENETAL CANDLE,171,176.75,18,1.2111111111111112
22384,LUNCHBAG PINK RETROSPOT,107,176.54999999999998,13,1.65
84966A,PINK KASHMIRI BOXED MIRROR,12,176.0,3,17.333333333333332
21018,BIRD BOX CHRISTMAS TREE DECORATION,207,175.95,37,0.85
84509C,DOTTY PLACEMATS ,52,175.8,9,3.661111111111112
21370,MIRRORED WALL ART FOXY,48,175.35,16,5.32625
90036C,"FLOWER GLASS GARLAND NECKL.36""BLUE",22,174.9,8,7.95
35793,S/3 PUPPIES CHRISTMAS DECORATIONS,101,174.05,8,2.016666666666667
84877D,BLUE ROUND COMPACT MIRROR,101,173.75,15,2.25
17084P,DRAGONS BLOOD INCENSE,874,173.54,26,0.208076923076923
75011,BLUE DAISY MOBILE,181,172.51,15,1.39
90210C,RED   ACRYLIC FACETED BANGLE,113,171.95000000000002,9,2.138888888888889
21368,MIRRORED WALL ART LADIES,193,171.75,39,1.2166666666666666
22345,PARTY PIZZA DISH BLUE RETROSPOT,202,171.7,24,0.85
84706C,PINK FLOCK TABLE CLOCK ,84,170.8,4,3.7
84706B,FAIRY CAKES TABLE CLOCK,19,170.04999999999998,8,8.95
47347B,BLUE FLOWER T-LIGHT HOLDER,236,169.72,7,1.1257142857142857
90014B,GOLD M PEARL  ORBIT NECKLACE,17,169.14999999999998,13,9.95
35818B,"ACRYLIC JEWEL ICICLE, BLUE",403,168.38,8,0.5387500000000001
90122B,JADE CRYSTAL+GLASS BRACELET,34,168.3,14,4.95
85205A,IVORY FELT EASTER RABBIT GARLAND,66,168.29999999999998,21,2.55
79403,FROSTED WHITE BASE ,197,167.45,23,0.85
90178B,PURPLE CHUNKY GLASS+BEAD NECKLACE,14,167.29999999999998,9,11.95
90036A,FLOWER GARLAND NECKLACE RED,21,166.95000000000002,14,7.95
22330,72 ROUND PINK DOILIES,115,166.75,15,1.45
37506,NEW ENGLAND MILK JUG W GIFT BOX,28,166.6,22,5.95
90119,METALIC LEAVES BAG CHARMS,67,166.17,18,2.485
21102,"CANDLE IN JAR COLLAGE , VANILLA",65,165.75,12,2.55
21394,RED SPOTTY BEAKER ,85,165.75,16,1.95
21530,DAIRY MAID CERAMIC TOASTRACK,56,165.20000000000002,16,2.95
84526,GIANT BLACK SUNGLASSES,84,163.79999999999998,31,1.95
90159,COTE D'AZURE NECKLACE,33,163.35,15,4.95
85024C,PINK SMALL JEWELLED PHOTOFRAME,99,163.35,42,1.65
35809B,ENAMEL BLUE RIM TEA CONTAINER,81,162.48,22,2.0422727272727275
16207A,PINK STRAWBERRY HANDBAG ,55,162.25000000000003,19,2.95
84529A,PINK KNITTED KIDS RUCKSACK,24,162.0,10,6.75
72801C,S/4 ROSE PINK DINNER CANDLES,165,161.85,25,1.2092
90040B,MURANO STYLE GLASS BRACELET BLACK,46,161.0,17,3.5
22889,NUMBER TILE VINTAGE FONT No ,145,160.38,8,1.77125
23305,SET 4 PICNIC CUTLERY BLUEBERRY,82,159.9,9,1.95
22645,CERAMIC HEART CAKE MONEY BANK,120,159.6,5,1.41
85185C,COW  SOCK PUPPET,54,159.3,26,2.95
90162B,ANT SILVER LIME GREEN BOUDICCA RING,54,159.3,19,2.95
85165,CANDY PINK FRENCH BOUDOIR CLOCK,16,159.2,11,9.95
90125A,PINK BERTIE GLASS BEAD BAG CHARM,140,159.0,12,1.5791666666666666
22864,MUG AND COASTER SET RED CIRCLES,378,158.76,2,0.42
90019A,SILVER M.O.P ORBIT BRACELET,32,158.4,17,4.95
21193,WHITE HONEYCOMB PAPER FAN ,84,158.36,14,2.0726666666666667
16012,FOOD/DRINK SPUNGE STICKERS,759,158.19,20,0.2074999999999999
22853,ENAMEL CAT BOWL CREAM,52,157.8,3,3.15
16156L,WRAP CAROUSEL,375,157.5,14,0.42
23545,WRAP RED DOILEY,375,157.5,15,0.42
90155,RESIN NECKLACE W PASTEL BEADS,21,157.5,12,7.5
10123G,ARMY CAMO WRAPPING TAPE,2246,157.18,12,0.5592307692307693
16054,POPART RECT PENCIL SHARPENER ASST,1205,156.9,37,0.1605405405405405
23143,ZINC WIRE KITCHEN ORGANISER,25,156.8,12,7.175000000000001
79030D,TUMBLER BAROQUE,402,156.78,25,0.39
23468,TUSCAN VILLA BIRD TABLE ,19,156.75,11,8.25
17178,FLAT PALM T-LIGHT HOLDER,133,156.65,24,1.234
84926C,FAIRY CAKES TILE COASTER,125,156.25,19,1.25
84531B,BLUE KNITTED EGG COSY,187,155.61,38,1.1289473684210527
85123A,CREAM HANGING HEART T-LIGHT HOLDER,57,155.35,7,2.892857142857143
23416,CHAMBRE HOOK,123,155.07,18,1.16
21031,SPACE CADET BLACK,126,154.91,25,1.2832
22587,"FELTCRAFT HAIRBAND, S/2, RED/BLUE",204,154.68,6,0.8283333333333333
82585,SWEET VALENCIA CANDLE+CUP,131,154.63,21,1.2417391304347825
90013A,MIDNIGHT BLUE VINTAGE EARRINGS,41,153.75,10,3.75
84855,BLOKEY SILVER TOOL SET,31,153.45000000000002,11,4.95
72140E,BEST DAD CANDLE LETTERS,216,153.36,27,0.8344444444444444
84029D,LEOPARD PRINT HOT WATER BOTTLE,46,153.3,12,3.6833333333333336
90063A,WHITE VINT ART DECO CRYSTAL NECKLAC,18,153.0,10,8.5
90185A,AMBER DIAMANTE EXPANDABLE RING,36,153.0,9,4.25
21226,POCKET MIRROR WOODLAND,122,152.5,20,1.25
22289,HANGING METAL CHICKEN DECORATION,122,152.5,19,1.25
23484,HEART TRELLISTRIPLE T-LIGHT HOLDER,56,152.24,5,2.81
48175,DOOR MAT CAMOUFLAGE,38,152.0,1,4.0
72801D,S/4 SKY BLUE DINNER CANDLES,157,151.85,25,1.2092
84531A,PINK KNITTED EGG COSY,181,151.70999999999998,38,1.131
22536,MAGIC DRAWING SLATE FIDO,360,151.2,8,0.42
16202E,BLACK PHOTO ALBUM ,81,150.6,13,2.723076923076923
79161A,ST GEORGE SET OF 10 PARTY LIGHTS,51,150.45000000000002,16,2.95
90098,NECKLACE+BRACELET PINK BUTTERFLY,59,150.45,23,2.55
17107D,FLOWER FAIRY 5 DRAWER LINERS,59,150.45,20,2.55
90093,CLEAR CRYSTAL STAR PHONE CHARM,200,150.44,18,0.8633333333333333
21461,BLUE EASTER EGG HUNT START POST,77,150.15,19,1.95
82093,HEART SHAPE BUTTON FRAME ,100,150.0,7,2.321428571428572
17011A,ORIGAMI VANILLA INCENSE+FLOWER ,254,150.0,6,1.3166666666666669
21310,CAPIZ CHANDELIER,5,149.75,3,29.95
84452,METAL RABBIT LADDER EASTER ,176,149.6,26,0.85
23256,KIDS CUTLERY SPACEBOY ,36,149.4,8,4.15
23254,KIDS CUTLERY DOLLY GIRL ,36,149.4,8,4.15
23196,RETRO LEAVES MAGNETIC NOTEPAD,103,149.35,17,1.45
17108D,FLOWER FAIRY SUMMER BOUQUET SACHET,355,149.1,23,0.42
90000D,COPPER/OLIVE GREEN FLOWER NECKLACE,25,148.75,13,5.950000000000001
90000A,RASPBERRY ANT COPPER FLOWER NECKLAC,25,148.75,14,5.95
90016A,SILVER/M.O.P PENDANT ORBIT NECKLACE,22,148.75,9,8.027777777777779
40001, WHITE BAMBOO RIBS LAMPSHADE,210,148.26,7,0.8200000000000001
90129C,GREEN GLASS TASSLE BAG CHARM,50,147.5,17,2.95
84720,DOT MATRIX CANVAS ART PICTURE,35,147.05,3,6.883333333333333
84510C,SET OF 4 POLKADOT COASTERS,115,146.17,38,1.3136842105263158
20796,SMALL BLUE PROVENCAL CERAMIC BALL,88,145.2,13,1.65
20672,PINK TEATIME PRINT BOWL,116,145.0,22,1.25
84313A,PINK TV TRAY TABLE ,34,144.5,16,4.25
47518F,ICON PLACEMAT POP ART ELVIS,900,144.3,31,0.1683870967741935
35610B,BLACK CHRISTMAS FLOCK DROPLET ,179,144.07,13,1.1314285714285717
85095,THREE CANVAS LUGGAGE TAGS,90,143.86,11,2.200909090909091
90048,GREEN WITH METAL BAG CHARM,29,143.55,6,4.95
47591A,CAROUSEL DES CHILD'S APRON,87,143.54999999999998,33,1.65
23292,SPACE BOY CHILDRENS CUP,130,143.3,5,1.21
84564,6 SEGMENT COLOURED SNACK BOWL ,18,143.1,9,7.949999999999999
21353,SILVER SLEIGHBELL  WREATH,18,143.1,8,7.95
90036E,"FLOWER GLASS GARLD NECKL36""AMETHYST",18,143.1,11,7.95
82587,TEXRIO TOMATOES CANDLE+CUP,118,142.94,32,1.2384848484848483
90123B,TURQUOISE HEART OF GLASS BRACELET,24,142.8,11,5.95
90123C,GREEN HEART OF GLASS BRACELET,24,142.8,9,5.95
84877A,PINK ROUND COMPACT MIRROR,46,142.5,14,3.571428571428572
22510,DOORSTOP RUSSIAN DOLL GINGHAM,38,142.5,22,3.75
35980C,REDWHITE STRIPE SCANDINAVIAN HEART ,375,142.5,28,0.38
82553,POP'S GREASY SPOON METAL SIGN,86,141.9,20,1.65
23694,PAISLEY PARK CARD,348,141.84,24,0.4175
37422,WHITE WITH BLACK CATS BOWL,344,141.68,27,0.8181481481481482
90186A,AMETHYST HOOP EARRING FLORAL LEAF,48,141.60000000000002,15,2.95
90018A,SILVER M.O.P ORBIT DROP EARRINGS,33,140.25,16,4.25
21003,ROSE DU SUD CUSHION COVER,22,139.7,11,6.35
23091,METAL HERB GERDEN CONTAINER,24,139.68,5,6.078
90124C,GREEN MURANO TWIST NECKLACE,14,139.29999999999998,8,9.95
90180B,PURPLE AMETHYST NECKLACE W TASSEL,14,139.29999999999998,10,9.95
20968,GREEN FLORAL FELTCRAFT SHOULDER BAG,37,138.75,14,3.75
84247E,PACK OF 12 CHRISTMAS FUN CARDS,47,138.65,13,2.95
22195,HEART MEASURING SPOONS LARGE,84,138.6,5,1.65
23304,SET 4 PICNIC CUTLERY CHERRY ,71,138.45,9,1.95
90086,CRYSTAL FROG PHONE CHARM,189,138.32999999999998,19,1.1026315789473684
23417,BATHROOM HOOK,140,137.76,21,1.1345454545454543
72754B,F FAIRY POTPOURRI CUSHIONS LAVENDER,170,137.54,8,1.17
90123D,WHITE HEART OF GLASS BRACELET,23,136.85000000000002,8,5.95
85026B,EAU DE NILE JEWELLED T-LIGHT HOLDER,161,136.85,20,0.85
22869,NUMBER TILE COTTAGE GARDEN 1,70,136.5,20,1.95
35824P,"HANGING FLOWERS+MIRROR,PINK",324,136.44,3,0.75
10120,DOGGY RUBBER,648,136.07999999999998,62,0.21
90214A,"LETTER ""A"" BLING KEY RING",127,135.71,45,1.2073333333333334
90036B,"FLOWER GLASS GARLAND NECKL.36""GREEN",17,135.15,9,7.949999999999999
90002A,FLOWER BURST SILVER RING OPAL,36,135.0,14,3.75
20952,PORCELAIN CHERUB BELL SMALL,321,134.82,20,0.42
22870,NUMBER TILE COTTAGE GARDEN 2,69,134.54999999999998,17,1.95
21157,RED RETROSPOT WASHBAG,64,134.4,17,2.1
90081C,LILY BROOCH OLIVE COLOUR,27,133.65,13,4.950000000000001
84231,EASTER BUNNY WITH BASKET ON BACK,204,132.6,34,0.65
79192A,RETRO PLASTIC 70'S TRAY,106,132.5,30,1.25
84510C,SET OF 4 POLKADOTS COASTERS,109,132.45,29,1.243448275862069
23081,GREEN METAL BOX TOP SECRET,16,132.0,4,8.25
23066,SMALL JEWELLERY STAND,16,132.0,6,8.25
45013,FOLDING SHOE TIDY,48,132.0,8,2.9000000000000004
23465,TUSCAN VILLA BIRD FEEDER,16,132.0,8,8.25
22344,PARTY PIZZA DISH PINK RETROSPOT,155,131.75,19,0.85
37467,PIG MUG IN TWO COLOUR DESIGNS,212,131.44,28,0.7185714285714286
77079,DOLPHIN WINDMILL,62,131.44,11,2.12
82011A,"BATHROOM SCALES, TROPICAL BEACH",35,131.25,23,3.75
90013C,GREEN VINTAGE EARRINGS ,35,131.25,10,3.75
90003D,CRYSTAL PAIR HEART HAIR SLIDES,35,131.25,15,3.75
48179,DOOR MAT SWEET HOME,28,131.25,6,6.291666666666667
84527,FLAMES SUNGLASSES PINK LENSES,71,131.25,19,1.935
84555A,YELLOW VW BEETLE CERAMIC MONEY BOX,46,130.9,15,2.9250000000000003
84925E,FLOWERS WALL THERMOMETER,75,130.05,3,2.2666666666666666
20899,VINTAGE NOTEBOOK RED ROSE,44,129.8,12,2.95
17011D,ORIGAMI ROSE INCENSE+FLOWER,207,129.3,2,0.475
22241,"GARLAND , WOODEN  "" HAPPY EASTER""",103,128.75,9,1.25
20821,GOLDIE LOOKING MIRROR,26,128.70000000000002,10,4.95
84874B,BLUE TRAVEL FIRST AID KIT,78,128.7,28,1.65
37330,BIG POLKADOT MUG,78,128.33999999999995,5,1.5779999999999998
16119,FUNKY GIRL ADDRESS BOOK,271,128.21,7,1.0014285714285711
90175B,PINK GLASS CHUNKY CHARM BRACELET,15,127.8,7,8.028571428571428
72812,LARGE ZINC GLASS CANDLEHOLDER,55,127.68,10,2.506
22848,"BREAD BIN, DINER STYLE, PINK",8,127.6,3,16.28333333333333
90013D,PURPLE VINTAGE EARRINGS,34,127.5,8,3.75
84782B,BLACK 3 TIER GLASS PLATE STAND,10,127.5,6,12.75
90063B,BLACK VINT ART DEC CRYSTAL NECKLACE,15,127.5,9,8.5
85018C,S/6 PAPER BOXES CURIOUS IMAGES ,36,127.2,4,4.035
46137D,GREEN CHENILLE SHAGGY RUG,43,126.85,3,2.9500000000000006
85179C,PINK BITTY LIGHT CHAIN,77,126.85,10,2.6100000000000003
23303,SET 4 PICNIC CUTLERY FONDANT,65,126.75,6,1.95
23020,GLASS SONGBIRD STORAGE JAR,11,126.7,3,12.05
82607E,GLASS BONBON JAR. D'AMANDES,101,126.25,25,1.25
47593B,SCOTTIES DESIGN BABY BIB,101,126.25,17,1.25
84255B,ORANGE COCKTAIL GLASS LAMP,60,126.0,14,2.1
22882,NUMBER TILE VINTAGE FONT 3,91,125.89,25,1.8364
23065,LARGE JEWELLERY STAND,10,125.0,4,12.5
84709A,SILVER OVAL JEWELLED MIRROR,21,124.95,11,5.95
84622,PINK GINGHAM ROSE CUSHION COVER,21,124.95,7,5.95
35816P,"ACRYLIC JEWEL ANGEL,PINK",292,124.88,7,0.7528571428571428
10080,GROOVY CACTUS INFLATABLE,303,124.61,26,0.5092592592592593
84661C,PINK SQUARE TABLE CLOCK,137,124.55,12,1.3183333333333334
71496A,A4 WALL TIDY BLUE OFFICE,228,124.44,8,0.5750000000000001
90125D,PURPLE BERTIE GLASS BEAD BAG CHARM,102,124.2,11,1.7590909090909093
84927A,WAKE UP COCKEREL TILE HOOK,218,124.17,25,1.5964
90162C,ANT SILVER FUSCHIA BOUDICCA RING,42,123.90000000000002,16,2.95
22359,"GLASS JAR, KINGS CHOICE SOAP",42,123.9,8,2.95
85185B,PINK HORSE SOCK PUPPET KIT,42,123.9,14,2.95
35015,JACOBS LADDER SMALL,2064,123.84,38,0.06
17191A,ROSE FLOWER CANDLE+INCENSE 16X16CM,33,123.75,12,3.75
20816,GOLD FLOWER CUSHION COVER ,24,123.6,7,5.378571428571428
22850,BREAD BIN DINER STYLE BLACK,8,123.6,1,15.95
84228,HEN HOUSE W CHICK STANDING,308,123.36,20,0.4175
84559D,3D SHEET OF SEA WORLD STICKERS,145,123.25,29,0.85
21087,SET/6 POSIES PAPER CUPS,220,123.22,20,0.5623809523809524
23454,SET OF 3 MINI HANGING PORTRAITS,32,123.2,2,3.95
23457,LARGE PARLOUR FRAME,27,122.85,2,4.725
22869,"NUMBER TILE COTTAGE GARDEN, 1",63,122.85,7,1.95
22832,SWEETHEART WIRE WALL TIDY,12,122.6,3,10.483333333333333
84367,LA STREGA CANVAS PICTURE ,73,122.55,7,1.95
79308B,MOSAIC CANDLE DISH BLUE PURPLE,144,122.4,2,0.85
16168S,FUNKY MONKEY GIFT BAG SMALL,1274,121.86,7,0.1757142857142857
79532,MOSAIC GLASS BALL CANDLEHOLDER,97,121.25,18,1.25
22535,MAGIC SLATE BUNNIES AT HOME ,288,120.96,6,0.42
22536,MAGIC SLATE FIDO,288,120.96,6,0.42
22534,MAGIC SLATE SPACEBOY ,288,120.96,6,0.42
23438,GIFT BAG LARGE SPOT ,96,120.0,6,1.25
85166A,WHITE METAL BAROQUE PHOTO FRAME,72,120.0,8,3.125
84509F,NEW ENGLAND PLACEMATS,32,120.0,10,3.75
35911B,PINK/FLOWER RABBIT EGG WARMER ,57,119.7,13,2.1
23463,VINTAGE ZINC WATERING CAN,12,119.4,7,9.95
90151,SILVER/NATURAL SHELL NECKLACE,14,119.0,7,8.5
84656,WHITE ROSE C/COVER,20,119.0,12,5.95
23359,SET OF 12 T-LIGHTS VINTAGE DOILEY,61,118.95,6,1.95
23280,FOLDING MIRROR HOT PINK ,156,118.92000000000002,5,0.808
22972,CHILDRENS SPACEBOY MUG,72,118.8,5,1.65
21228,"POCKET MIRROR ""GLAMOROUS""",95,118.75,29,1.25
84872A,TEATIME FUNKY FLOWER BACKPACK FOR 2,7,118.65,6,16.95
35933,PINK STOCKING CHRISTMAS DECORATION,312,118.56,23,0.38
44242B,PINK FEATHERS CURTAIN,106,117.78,8,1.135
90214C,"LETTER ""C"" BLING KEY RING",114,117.54,35,1.140285714285714
35824C,"HANGING FLOWERS+MIRROR,CLEAR",235,117.05,8,0.935
23244,STORAGE TIN VINTAGE LEAF,60,117.0,7,1.95
22877,NUMBER TILE COTTAGE GARDEN 9,60,117.0,16,1.95
47593A,CAROUSEL PONIES BABY BIB,115,116.87,28,0.962
84858A,NATURAL RIVIERA HANDBAG,52,116.7,7,5.278571428571429
72038P,PRICE'S CANDLE PEACH,1050,116.5,9,0.1522222222222222
16206B,RED PURSE WITH PINK HEART,96,116.4,16,1.23125
90144,SILVER DROP EARRINGS WITH FLOWER,31,116.25,11,3.75
84751B,BLACK MEDIUM GLASS CAKE STAND,38,115.86,19,3.01
90030C,BROWN KUKUI COCONUT SEED NECKLACE,81,115.65,10,1.99
23209,LUNCH BAG VINTAGE DOILEY ,70,115.5,4,1.65
22878,NUMBER TILE COTTAGE GARDEN No,55,115.5,13,2.1
20848,ZINC HEART LATTICE CHARGER SMALL,39,115.05,12,2.9500000000000006
22872,NUMBER TILE COTTAGE GARDEN 4,59,115.05,16,1.95
23185,FRENCH STYLE STORAGE JAR JAM,317,114.85,30,0.3516129032258064
90214S,"LETTER ""S"" BLING KEY RING",111,114.75,35,1.1677142857142857
90065A,WHITE VINTAGE CRYSTAL BRACELET,17,114.75,7,6.75
22885,NUMBER TILE VINTAGE FONT 6 ,85,114.19,16,1.7725
23535,WALL ART BICYCLE SAFTEY ,21,114.15,3,5.75
46776D,WOVEN SUNSET CUSHION COVER ,23,113.85,9,4.95
22877,"NUMBER TILE COTTAGE GARDEN, 9",58,113.1,4,1.95
22874,NUMBER TILE COTTAGE GARDEN 6,58,113.1,15,1.95
85190,PINK FLOWER HANGING HEART ,133,113.05,14,0.85
82607C,GLASS BONBON JAR. SUPERFINES,90,112.5,21,1.25
84462,3 PINK HEN+CHICKS IN BASKET,99,112.35,13,1.2353846153846153
44236,PINK/PURPLE CIRCLE CURTAIN,64,112.32,12,2.868461538461539
90214K,"LETTER ""K"" BLING KEY RING",109,112.25,45,1.186
20896,VINTAGE NOTEBOOK PINK FLOWER,38,112.1,13,2.95
71510,SQUARE METAL CANDLEHOLDER BASE,177,112.05,17,0.7935294117647059
17014A,ORIGAMI VANILLA INCENSE CONES,247,111.81,9,0.7022222222222222
21412,VINTAGE GOLD TINSEL REEL,233,111.3,42,0.5914285714285714
84288B,SET/2 BLUE  NOODLE BASKETS,57,111.15,21,1.95
22873,"NUMBER TILE COTTAGE GARDEN, 5",57,111.15,3,1.95
84493,BLUE/PINK NEST STRIPE BOX,1142,111.12,5,1.5619999999999998
90170,DAISY HAIR BAND,67,110.55,10,1.65
90024D,NEW BAROQUE B'FLY NECKLACE PINK,13,110.5,11,8.5
20693,FLORAL DINOSAUR GREEN,26,110.5,12,4.25
21004,ROSE DU SUD CHILDRENS APRON,26,110.5,15,4.25
23496,PANTRY KITCHEN THERMOMETER ,88,110.0,22,1.25
78026,SEAGRASS S/3 SQU LAUNDRY BOX,11,110.0,1,10.0
84886,BLUE METAL WALL SHELF,11,109.45,8,9.95
23578,SNACK TRAY RED GINGHAM,56,109.2,11,1.95
22875,"NUMBER TILE COTTAGE GARDEN, 7",56,109.2,2,1.95
22876,"NUMBER TILE COTTAGE GARDEN, 8",56,109.2,2,1.95
22870,"NUMBER TILE COTTAGE GARDEN, 2",56,109.2,2,1.95
22871,"NUMBER TILE COTTAGE GARDEN, 3 ",56,109.2,2,1.95
22868,"NUMBER TILE COTTAGE GARDEN, 0 ",56,109.2,2,1.95
22872,"NUMBER TILE COTTAGE GARDEN, 4",56,109.2,2,1.95
22874,"NUMBER TILE COTTAGE GARDEN, 6",56,109.2,2,1.95
72134,COLUMBIAN  CUBE CANDLE ,320,109.16,20,0.6519047619047619
90129D,AMBER GLASS TASSLE BAG CHARM,37,109.15000000000002,12,2.9500000000000006
90129E,PURPLE GLASS TASSLE BAG CHARM,37,109.15,10,2.95
90158,ST TROPEZ NECKLACE,22,108.9,11,4.95
90073,VINTAGE ENAMEL & CRYSTAL EARRINGS,22,108.9,7,4.95
90173,PAIR BUTTERFLY HAIR CLIPS,29,108.75,7,3.75
90199B,5 STRAND GLASS NECKLACE AMETHYST,17,107.95,12,6.349999999999999
90214L,"LETTER ""L"" BLING KEY RING",114,107.94,29,1.1837931034482758
23041,PAPER LANTERN 6 POINT SNOW STAR,26,107.9,6,4.15
84899F,YELLOW PURPLE DAISY FELT PURSE KIT,86,107.5,23,1.25
22868,NUMBER TILE COTTAGE GARDEN 0 ,55,107.25,12,1.95
23455,SMALL PARLOUR FRAME,42,106.98000000000002,2,2.6900000000000004
48103,DOORMAT KISS MY.......,22,106.58,2,6.035
22135,MINI LADLE LOVE HEART PINK,242,106.56,45,0.4655555555555555
71495B,CD WALL TIDY RED FLOWERS,288,106.56,12,0.3999999999999999
22881,NUMBER TILE VINTAGE FONT 2,81,106.39,14,1.747142857142857
23477,WOODLAND LARGE BLUE FELT HEART,85,106.25,8,1.25
90194,SILVER LARIAT BLACK STONE EARRINGS,25,106.25,14,4.25
22445,PENCIL CASE GINGHAM FOREST,36,106.20000000000002,4,2.95
90186B,CRYSTAL HOOP EARRING FLORAL LEAF,36,106.20000000000002,13,2.95
90108,BLUE BLOSSOM HAIR CLIP,101,106.05,13,1.05
22875,NUMBER TILE COTTAGE GARDEN 7,54,105.3,16,1.95
22433,WATERING CAN PINK BUNNY,54,105.3,5,1.95
17090D,VANILLA INCENSE 40 CONES IN TIN,88,105.2,28,1.2366666666666668
79144B,PAINTED LIGHTBULB STAR+ MOON,259,105.18,40,0.4163414634146341
16169D,WRAP WINTER FOREST,250,105.0,9,0.42
23574,PACKING CHARGE,14,105.0,14,7.5
84199,GLOW IN DARK DOLPHINS,511,104.79,62,0.209076923076923
84458,S/3 RABBIT FLOWER/EGG/CARROT ROPE,123,104.55,19,0.85
23151,ZINC SWEETHEART SOAP DISH,59,104.41,19,1.953157894736842
21118,SHOPPING BAG DOORSTOP,69,104.25,7,2.5357142857142856
20698,LITTLE PINK MONSTER SOFT TOY,43,104.25,18,2.5026315789473683
90049,IVORY GOLD METAL BAG CHARM,19,104.07,5,6.954000000000001
90206C,CRYSTAL DIAMANTE STAR BROOCH,21,103.95,11,4.95
84705B,FAIRY CAKES PHOTO FRAME,83,103.75,2,1.25
10138,ASSORTED COLOUR JUMBO PEN,247,103.74,16,0.42
35607A,PINK FLUFFY CHRISTMAS DECORATION,545,103.55,28,0.19
90036F,"FLOWER GLASS GARLD NECKL36""TURQUOIS",13,103.35,4,7.95
84679,CLASSICAL ROSE TABLE LAMP,14,103.3,4,8.95
85185F,LION SOCK PUPPET,35,103.25,17,2.95
84247H,PACK/12 DECOUPAGE CARD,35,103.25,14,2.95
90129F,RED GLASS TASSLE BAG CHARM,35,103.25,14,2.95
90129A,PINK GLASS TASSLE BAG CHARM ,35,103.25,15,2.95
72133,COLUMBIAN CANDLE RECTANGLE,99,102.87,27,1.2200000000000002
35096B,RED VICTORIAN FABRIC HEART BOX,288,102.63,21,0.4138095238095238
84613A,PINK NEW BAROQUE FLOCK CANDLESTICK,22,102.3,10,4.65
90024E,NEW BAROQUE B'FLY NECKLACE MONTANA,12,102.0,7,8.5
90030A,SPOTTED WHITE NATURAL SEED NECKLACE,77,101.75,8,1.61875
84873A,FUNKY FLOWER PICNIC BAG FOR 4,6,101.7,5,16.95
84249A,"GREETING CARD,SQUARE, DOUGHNUTS",238,101.6,20,0.4609999999999999
90040C,MURANO STYLE GLASS BRACELET GOLD,29,101.5,10,3.5
35910A,MULTICOLOUR EASTER RABBIT ,52,101.4,12,1.95
22871,NUMBER TILE COTTAGE GARDEN 3 ,52,101.4,10,1.95
22876,NUMBER TILE COTTAGE GARDEN 8,52,101.4,11,1.95
84921,CREAM AND PINK FLOWERS PONY ,27,101.25,14,3.75
16248B,BLUE HOLE PUNCH,81,101.25,12,1.25
90060F,FIRE POLISHED GLASS NECKL GREEN,17,101.15,7,5.95
21089,SET/6 GREEN SPRING PAPER CUPS,316,100.98,36,0.3688888888888889
85050,FRENCH ENAMEL SOAP DISH WITH LID,48,100.8,1,2.1
84549,CROCHET WHITE RABBIT KEYRING ,64,100.8,9,1.6277777777777775
72821,CUPID SCENTED CANDLE IN GLASS,61,100.65,14,1.65
22884,NUMBER TILE VINTAGE FONT 5,78,100.54,18,1.7922222222222222
22883,NUMBER TILE VINTAGE FONT 4,78,100.54,11,1.6918181818181817
75172,PAINTED SEA SHELL METAL WINDCHIME,97,100.31,11,2.1354545454545457
90190B,GOLD/AMBER DROP EARRINGS W LEAF,34,100.3,6,2.9500000000000006
72753C,S/3 FLWR FAIRY ROSE CANDLES,42,99.9,5,3.2700000000000005
23466,TUSCAN VILLA DOVECOTE,12,99.0,4,8.25
23465,TUSCAN VILLA FEEDING STATION,12,99.0,7,8.25
22736,"RIBBON REEL, MAKING SNOWMEN ",60,99.0,5,1.65
23191,BUNDLE OF 3 RETRO EXERCISE BOOKS,60,99.0,5,1.65
84575A,PINK DOG CANNISTER,24,98.8,13,5.334615384615385
22873,NUMBER TILE COTTAGE GARDEN 5,50,97.5,15,1.95
16161G,WRAP BAD HAIR DAY,975,97.5,33,0.1
20957,PORCELAIN HANGING BELL SMALL,67,97.15,12,1.45
22812,PACK 3 BOXES CHRISTMAS PANETTONE,39,95.67,12,2.495
84951A,S/4 PISTACHIO LOVEBIRD COASTERS,68,95.4,5,2.29
17084J,LOVE POTION MASALA INCENSE,454,95.34,19,0.21
90199A,5 STRAND GLASS NECKLACE BLACK,15,95.25,9,6.35
90199D,5 STRAND GLASS NECKLACE AMBER,15,95.25,9,6.35
90211B,JET BLACK LAS VEGAS NECKLACE 45CM,16,95.2,8,5.95
48103,DOOR MAT KISS MY.......,13,95.15,8,7.305
84967A,PINK KASHMIRI OCCASIONAL TABLE,2,94.95,2,47.475
72606A,BROWN ANTIQUE CUBE CANDLE,226,94.92,18,0.42
90125C,TURQUOISE BERTIE GLASS BEAD CHARM,88,94.8,6,1.6833333333333336
90214E,"LETTER ""E"" BLING KEY RING",95,94.75,33,1.1627272727272726
72740A,LARGE STRAWBERRY CHOCOLATE CANDLE,56,94.7,5,2.03
20861,GOLD COSMETIC BAG PINK STAR,45,94.5,15,2.1
21241,GREEN POLKADOT CUP,111,94.35,10,0.85
90137,PINK COMBO MINI CRYSTALS NECKLACE,19,94.05,8,4.95
90003C,MIDNIGHT BLUE PAIR HEART HAIR SLIDE,25,93.75,10,3.75
47593A,CAROUSEL DESIGN BABY BIB,75,93.75,14,1.25
90002C,FLOWER BURST SILVER RING MIDN'T BLU,25,93.75,11,3.75
23402,HOME SWEEET HOME 3 PEG HANGER ,25,93.75,4,3.75
22432,WATERING CAN GREEN DINOSAUR,48,93.6,6,1.95
17084A,TRANQUILITY MASALA INCENSE,442,92.82,18,0.21
35610A,PINK CHRISTMAS FLOCK DROPLET ,138,92.82,8,1.0425
22886,NUMBER TILE VINTAGE FONT 7,74,92.74,13,1.7315384615384617
35966,FOLKART CHRISTMAS TREE T-LIGHT HOLD,244,92.72,20,0.38
47592B,SCOTTIES DESIGN CHILD'S OVERALL,44,92.4,17,2.1
84867A,PINK BABY GIRLS PHOTO ALBUM,15,92.25,3,6.616666666666667
21343,GOLD JEWELERY BOX,20,92.0,3,8.283333333333333
20697,LITTLE GREEN MONSTER SOFT TOY,38,91.5,19,2.5026315789473683
90177D,DROP DIAMANTE EARRINGS PURPLE,31,91.45000000000002,10,2.95
20664,TROPICAL HOLIDAY PURSE ,31,91.45000000000002,16,2.95
23075,DOUBLE CERAMIC PARLOUR HOOK,22,91.3,5,4.15
90040D,MURANO STYLE GLASS BRACELET PINK,26,91.0,10,3.5
22880,NUMBER TILE VINTAGE FONT 1,73,90.79,13,1.7315384615384617
22878,"NUMBER TILE COTTAGE GARDEN, No",43,90.3,3,2.1
90163A,PINK ROSEBUD & PEARL NECKLACE,12,90.0,5,7.5
90150,BLUE SHELL+SILVER NECKLACE,12,90.0,7,7.5
90003B,ROSE COLOUR PAIR HEART HAIR SLIDES,24,90.0,9,3.75
90214J,"LETTER ""J"" BLING KEY RING",81,89.73,30,1.218
17013C,ORIGAMI LAVENDER INCENSE IN TUBE,213,89.46000000000001,2,0.42
79191D,RETRO PLASTIC DAISY TRAY,105,89.25,31,0.85
90023,FILIGREE DIAMANTE EARRINGS,21,89.25,11,4.25
84765,SILVER ROCOCO CANDELABRA,7,89.25,4,12.75
90042C,FRESHWATER PEARL BRACELET IVORY,35,89.25,8,2.55
84437A,S/6 PINK EASTER DECS IN BOX,105,89.25,17,0.85
90156,RESIN BRACELET W PASTEL BEADS,18,89.10000000000001,7,4.95
90133,TEAL/FUSCHIA COL BEAD NECKLACE,18,89.1,7,4.95
84388,WISE MAN STAR SHAPE EGG PAN,70,89.03999999999999,22,1.4856521739130435
20660,VIP LUGGAGE TAG ,71,88.75,26,1.25
21337,SILVER WASHBAG,30,88.50000000000001,9,2.95
84984D,ORIENTAL RED C/COVER ,20,88.2,5,4.57
35638A,PINK AND BLACK STRING CURTAIN,39,88.04999999999998,6,3.95
84721,MANHATTAN CANVAS ART PICTURE,20,87.8,2,8.35
90214M,"LETTER ""M"" BLING KEY RING",79,87.23,29,1.216896551724138
35822B,"ACRYLIC BEAD CHAIN, BLUE",229,87.02,1,0.38
90094,NECKLACE+BRACELET SET FRUIT SALAD ,34,86.69999999999999,21,2.55
71406C,BLACK ORANGE SQUEEZER,206,86.52,31,0.42
84424A,FOUR PICTURE WHITE GLASS FRAME,23,86.25,10,3.75
84465,15 PINK FLUFFY CHICKS IN BOX,29,85.55000000000001,20,2.95
90190C,SILVER/AMETHYST DROP EARRINGS LEAF,29,85.55000000000001,10,2.95
90162A,ANT SILVER TURQUOISE BOUDICCA RING,29,85.55000000000001,10,2.95
90164A,PINK ROSEBUD PEARL BRACELET,21,85.35,7,5.121428571428572
22844,"DOG FOOD CONTAINER , VINTAGE",10,85.0,3,8.5
90026D,GLASS BEAD HOOP NECKLACE AMETHYST,10,85.0,8,8.5
22887,NUMBER TILE VINTAGE FONT 8,70,84.94,13,1.7315384615384617
17027A,INCENSE BAZAAR CANNABIS,228,84.84,2,0.355
46775B,BERRIES CHUNKY KNITTED THROW ,5,84.75,4,16.95
46775A,BUBBLE GUM CHUNKY KNITTED THROW ,5,84.75,4,16.95
35271S,GOLD PRINT PAPER BAG,414,84.17999999999999,18,0.2027777777777777
90088,CRYSTAL KEY+LOCK PHONE CHARM,99,84.14999999999999,12,0.85
23456,MEDIUM PARLOUR FRAME ,22,84.1,2,3.95
72783,BLACK SIL'T SQU CANDLE PLATE ,40,84.0,7,2.1
90000B,MIDNIGHT BLUE COPPER FLOWER NECKLAC,14,83.30000000000001,9,5.95
23442,12 HANGING EGGS HAND PAINTED,40,83.2,7,2.08
37342,SPOTTY COFFEE CUP & SAUCER,28,82.60000000000001,6,2.9500000000000006
90039D,FIRE POLISHED GLASS BRACELET GREEN,22,82.5,5,3.75
90069,RUBY GLASS CLUSTER NECKLACE,11,82.5,5,7.5
35838B,S/6 SILVER ORNAMENETAL CANDLE,97,82.45,22,0.85
35913B,WHITE/PINK CHICK EASTER DECORATION,97,82.45,19,0.8499999999999999
21699,SET 5 MINI CHOCOLATE FRIDGE MAGNETS,108,82.44,3,1.2266666666666666
16051,TEATIME PENCIL W STAMP ASST,938,82.2,3,0.3
35609A,PINK FEATHER CHRISTMAS DECORATION,427,82.19,18,0.2488888888888889
22566,"FELTCRAFT HAIRBAND S/2, PINK/PURPLE",96,81.6,8,0.85
22579,WOODEN TREE CHRISTMAS SCANDISPOT,96,81.6,3,0.85
72779,SET/6 BLACK ROSE T-LIGHT CANDLES,48,81.12,15,1.69
16011, ANIMAL STICKERS,385,80.85,12,0.21
90121B,VINTAGE ROSE BEAD BRACELET BLUE,19,80.75,9,4.25
90164B,WHITE  ROSEBUD PEARL BRACELET,30,80.7,8,3.3375
22531,MAGIC SLATE CIRCUS PARADE  ,192,80.64,4,0.42
22530,MAGIC SLATE DOLLY GIRL ,192,80.64,4,0.42
17011E,ORIGAMI OPIUM SCENT INCENSE+FLOWER,124,80.60000000000001,1,0.65
90040A,MURANO STYLE GLASS BRACELET RED,23,80.5,10,3.5
90166,PINK & WHITE ROSEBUD RING,19,80.15,11,4.204545454545454
23370,SET 36 COLOUR PENCILS DOILEY,64,80.0,3,1.25
47592A,CAROUSEL CHILDRENS OVERALL,38,79.8,4,2.1
84795E,RIO PINK STRIPE HAMMOCK,10,79.5,5,7.95
22649,STRAWBERRY CAKE TEAPOT,16,79.2,4,4.95
23464,VINTAGE ZINC WATERING CAN SMALL,16,79.2,6,4.95
90115,SUMMER BUTTERFLIES BAG CHARM,31,79.05,11,2.55
90096,NECKLACE+BRACELET SET BLUE BLOSSOM,31,79.05,11,2.55
37471,MULTICOLOUR POLKADOT PLATE,696,78.60000000000001,2,0.475
35931,PINK STAR CHRISTMAS DECORATION,156,78.11999999999999,15,0.4846666666666666
84596I,WRAP SWEETS LIGHT PINK SMALL BOWL,71,78.11,9,1.231
35265,COLOURFUL FLOWER FRUIT BOWL,20,78.05,15,3.553333333333333
71495A,CD WALL TIDY BLUE OFFICE,213,77.94000000000001,9,0.3999999999999999
84914A,PINK ROSE PICNIC RUG,3,77.85,2,25.95
23497,CLASSIC CROME BICYCLE BELL ,60,77.4,2,1.35
84614A,PINK BAROQUE FLOCK CANDLE HOLDER,13,77.35000000000001,7,5.95
21450,DISTRESSED CANDLE STICK WHITE,13,77.35,3,5.95
90092,BLUE CRYSTAL BOOT PHONE CHARM,91,77.35,7,0.85
22888,NUMBER TILE VINTAGE FONT 9 ,66,77.14,10,1.666
90183A,AMBER DROP EARRINGS W LONG BEADS,26,76.70000000000002,6,2.9500000000000006
90202D,PINK ENAMEL FLOWER HAIR TIE,26,76.70000000000002,5,2.95
90162D,ANT SILVER PURPLE BOUDICCA RING,26,76.7,11,2.9500000000000006
84923,PINK BUTTERFLY HANDBAG W BOBBLES,9,76.5,5,8.5
90024B,NEW BAROQUE B'FLY NECKLACE RED,9,76.5,6,8.5
90028,NEW BAROQUE LARGE NECKLACE BLK/WHIT,9,76.5,5,8.5
84617, NEW BAROQUE BLACK BOXES,6,76.5,3,12.75
35815P,"ACRYLIC JEWEL SNOWFLAKE, PINK",168,75.88,7,1.1171428571428572
23467,VINTAGE ZINC PLANTER  ,23,75.66999999999999,5,3.29
62043B,BLUE CHECK BAG W HANDLE 34X20CM,54,75.16000000000001,10,1.2399999999999998
23061,VINTAGE ENGRAVED HEART,60,75.0,4,1.25
84030C,KNITTED RAINBOW HOT WATER BOTTLE,20,75.0,5,3.75
90176D,DIAMANTE NECKLACE PURPLE,10,75.0,6,7.5
37399,"ASS RETROSPOOF MUGS,SPORTS",143,75.0,6,0.9733333333333332
16161E,WRAP BOUDOIR ,750,75.0,9,0.1
90013B,BLACK VINTAGE EARRINGS,20,75.0,5,3.75
84757,ENCHANTED GARDEN WROUGHT IRON TABLE,5,74.75,4,14.95
23068,ALUMINIUM HEART,30,74.7,6,2.49
23044,PAPER LANTERN 9 POINT HOLLY STAR 23,18,74.7,5,4.15
90116,FRUIT SALAD BAG CHARM,44,74.36,11,1.69
46138B,BLUE CHENILLE SHAGGY CUSHION COVER ,59,74.35,19,1.3710526315789473
22068, BLACK PIRATE TREASURE CHEST,45,74.25,13,1.65
90099,NECKLACE+BRACELET SET BLUE HIBISCUS,29,73.94999999999999,17,2.55
35610C,WHITE CHRISTMAS FLOCK DROPLET ,91,73.91,6,1.1116666666666666
90067A,PINK VINTAGE VICTORIAN EARRINGS,25,73.75000000000001,8,2.95
84593,CROCHET ROSE DES CLOTHES HANGER,25,73.75,7,2.95
15030,FAN BLACK FRAME ,254,73.66,26,0.29
79331,PINK FLOCK GLASS CANDLEHOLDER,60,73.60000000000001,9,1.3677777777777775
20622,VIP PASSPORT COVER ,35,73.5,11,2.1
90112,PINK DOLLY HAIR CLIPS,70,73.5,15,1.05
22416,SET OF 36 SPACEBOY PAPER DOILIES,50,72.5,7,1.45
35916C,PINK FELT HANGING HEART W FLOWER,85,72.25,9,0.85
84753A,PINK EAU DE COLOGNE BOTTLE,85,72.25,15,0.85
84454,WOBBLING METAL CHICKEN EASTER,85,72.25,13,0.8499999999999999
84427B,BLACK GLASS TV DOUBLE P/FRAME 15X10,17,72.25,5,4.25
37471,MULTICOLOUR DOTS PLATE,688,71.80000000000001,2,0.475
35937,CERISE+GOLD CHRISTMAS STOCKING DEC,188,71.44,17,0.38
17007B,S/3 POT POURI CUSHIONS BLUE COLOURS,34,71.4,6,2.1
84925C,FAIRY CAKES  WALL THERMOMETER,28,71.39999999999999,10,2.55
37509,NEW ENGLAND MUG W GIFT BOX,28,71.39999999999999,14,2.55
22879,NUMBER TILE VINTAGE FONT 0,63,71.29,9,1.6344444444444444
16256C,HEARTS PENCIL/RUBBER+5 MINI PENCILS,169,70.98,10,0.42
84086B,YELLOW/BLUE RETRO RADIO,24,70.80000000000001,12,2.95
22346,PARTY PIZZA DISH GREEN RETROSPOT,83,70.55,14,0.85
37479P,CUBIC MUG FLOCK PINK ON BROWN,125,70.35,22,0.7656521739130434
90005A,JADE GREEN ENAMEL HAIR COMB,36,70.2,7,1.95
16020C,CLEAR STATIONERY BOX SET ,82,69.69999999999999,24,0.85
84918,CREAM C/COVER W YELLOW/GREEN FLOWER,10,69.5,3,6.95
81952V,ROUND PURPLE CLOCK WITH SUCKER,365,69.35,24,0.19
72140F,HAPPY ANNIVERSARY CANDLE LETTERS,175,69.18,14,0.416
23040,PAPER LANTERN 9 POINT SNOW STAR,12,69.0,4,5.75
81952V,ROUND PURPLE CLOCK W/SUCKER,86,68.9,10,0.829
90042A,FRESHWATER PEARL BRACELET GOLD,27,68.85,7,2.55
90205C,LARGE CRYSTAL DIAMANTE HAIRSLIDE,46,68.7,5,1.61
84251G,"GREETING CARD, OVERCROWDED POOL.",360,68.39999999999999,34,0.19
79144C,PAINTED LIGHTBULB RAINBOW DESIGN,171,68.22,23,0.4134782608695652
71215,METAL BASE FOR CANDLES,177,68.1,12,0.4091666666666667
84425A,WHITE GLASS TV TRIPLE FRAME,16,68.0,8,4.25
81950B,FLOWER BLUE CLOCK W/SUCKER,80,68.0,15,0.85
84857A,SILVER MONTE CARLO HANDBAG,8,68.0,3,8.5
90026A,GLASS BEAD HOOP NECKLACE BLACK,8,68.0,6,8.5
90018B,GOLD M.O.P ORBIT DROP EARRINGS,16,68.0,10,4.25
90001D,ANTIQUE OLIVE GREEN FLOWER EARRINGS,16,68.0,7,4.25
84510E,SET OF 4 GREEN CAROUSEL COASTERS,128,67.8,13,1.0230769230769232
47369B,BLUE GREEN EMBROIDERY COSMETIC BAG,22,67.74000000000001,10,3.2340000000000004
84548,CROCHET BEAR RED/BLUE  KEYRING,41,67.64999999999999,12,1.65
84803B,WHITE ALLIUM  ARTIFICIAL FLOWER,40,67.6,10,1.69
90038A,GLASS AND PAINTED BEADS BRACELET TO,18,67.5,4,3.75
47341B,BLUE TABLE RUN FLOWER,48,67.5,14,1.7857142857142858
90002B,FLOWER BURST SILVER RING ROSE,18,67.5,7,3.75
84926B,SCOTTS ROSES TILE COASTER,54,67.5,10,1.25
90072,RUBY DROP CHANDELIER EARRINGS,18,67.5,5,3.75
47420,ASSORTED COLOUR SUCTION CUP HOOK,354,67.26,29,0.19
35819P,"ACRYLIC HANGING JEWEL,PINK",95,66.55,7,0.5042857142857143
40002,WHITE BAMBOO RIBS LAMPSHADE,78,66.3,1,0.85
71143,SILVER BOOK MARK WITH BEADS,78,66.3,13,0.8499999999999999
84455,SET OF 3 RABBIT CARROTS EASTER,78,66.3,16,0.85
72369A,PINK CLEAR GLASS CANDLE PLATE,53,66.25,8,1.25
90089,PINK CRYSTAL SKULL PHONE CHARM,88,66.22,11,0.73
47598,NEW ENGLAND EGG WARMER,120,66.0,23,0.55
85072,OCCASIONS GIFT CARD ASSORTMENT,120,66.0,1,0.55
79329,PINK FLOCK GLASS CANDLEHOLDER,100,65.94,7,1.2871428571428571
90060D,FIRE POLISHED GLASS NECKL BRONZE,11,65.45,7,5.95
47016,LIGHT DECORATION BATTERY OPERATED,31,65.10000000000001,5,2.1
84705A,ENGLISH ROSE PHOTO FRAME ,14,65.10000000000001,7,4.65
20835,FRENCH LATTICE CUSHION COVER ,78,64.98,8,0.8325
47369A,PINK GREEN EMBROIDERY COSMETIC BAG,22,64.9,10,2.95
23235,BISCUIT TIN VINTAGE LEAF,24,64.56,3,2.7566666666666664
90056,CHUNKY CRACKED GLAZE NECKLACE IVORY,6,64.5,1,10.75
90046,WHITE WITH METAL BAG CHARM,13,64.35,7,4.95
79534,MULTICOLOUR GLASS PLATE,116,63.8,16,0.55
23253,16 PC CUTLERY SET PANTRY DESIGN,4,63.8,1,15.95
85018A,S/6 PAPER BOXES ROMANTIC IMAGES,15,63.75,10,4.25
84617,NEW BAROQUE BLACK BOXES,5,63.75,4,12.75
85018B,S/6 PAPER BOXES BLOSSOM IMAGES ,15,63.75,10,4.25
90064B,BLACK VINTAGE  CRYSTAL EARRINGS,17,63.75,9,3.75
20791,BLUE TILED SET OF 3 DRAWERS,5,63.75,1,12.75
22845,"CAT FOOD CONTAINER , VINTAGE",10,63.5,3,6.349999999999999
21489,BLUE WHITE SCARF HOT WATER BOTTLE,16,63.2,6,3.9500000000000006
22987,"WRAP , SUMMER ROSE DESIGN",150,63.0,6,0.42
72709,IVORY SCULPTED RND CANDLE ,74,62.89999999999999,13,0.8499999999999999
90131,PINK/AMETHYST/GOLD NECKLACE,9,62.55,4,6.95
90214G,"LETTER ""G"" BLING KEY RING",69,62.25,21,1.112857142857143
47348A,FUSCHIA VOILE POINTY SHOE DEC,103,62.01,16,0.78
20667,CHERRY BLOSSOM PURSE,21,61.95,9,2.95
17136A,BLUE STONES ON WIRE FOR CANDLE,743,61.78,34,0.1067647058823529
16151A,FLOWERS HANDBAG blue and orange,49,61.25,3,1.25
23541,"WALL ART ,PUDDINGS ",8,61.2,2,7.85
22578,WOODEN STAR CHRISTMAS SCANDISPOT,72,61.2,2,0.85
22565,FELTCRAFT HAIRBANDS PINK + WHITE ,72,61.2,6,0.85
22949,SET OF 36 DOLLY GIRL PAPER DOILIES,42,60.9,12,1.45
22537,MAGIC SLATE DINOSAUR,144,60.48,3,0.42
84984B,RED PEONY DES C/COVER ,13,60.45,6,4.65
90204,PAIR OF ENAMEL BUTTERFLY HAIRCLIP,18,60.3,9,3.35
90078,PINK/WHITE GLASS DEMI CHOKER,8,60.0,4,7.5
22953,BIRTHDAY BANNER TAPE,48,60.0,3,1.25
90176C,DIAMANTE NECKLACE,8,60.0,4,7.5
90212B,JET BLACK LAS VEGAS BRACELET ROUND,16,60.0,7,3.75
22619, SET Of 6 SOLDIER SKITTLES,16,60.0,3,3.75
90189A,SILVER 2 STRAND NECKLACE-LEAF CHARM,8,60.0,5,7.5
22409,TIN CAN BISCUITS DESIGN,48,60.0,4,1.25
90021,LASER CUT MULTI STRAND NECKLACE,5,59.75,4,11.95
90179C,BLACK FINE BEAD NECKLACE W TASSEL,10,59.5,7,5.95
90026C,GLASS BEAD HOOP NECKLACE GREEN,7,59.5,5,8.5
90018C,SILVER BLACK ORBIT DROP EARRINGS,14,59.5,7,4.25
90026B,GLASS BEAD HOOP NECKLACE MONTANA,7,59.5,6,8.5
22329,ROUND FOOD CONTAINER S/5 RETROSPOT,36,59.400000000000006,3,1.6499999999999997
35654,VINTAGE BEAD FILLED PINK CUSHION,12,59.400000000000006,5,4.95
23537,I LOVE LONDON WALL ART,12,59.400000000000006,2,4.95
23325,RUSTIC STRAWBERRY JAMPOT SMALL,36,59.400000000000006,3,1.6499999999999997
22973,CHILDRENS CIRCUS PARADE MUG,36,59.400000000000006,3,1.6499999999999997
22069, BROWN  PIRATE TREASURE CHEST ,36,59.4,7,1.65
84251F,"GREETING CARD, RITA",312,59.28,31,0.19
72051S,BAG OF SILVER STONES,141,59.22,19,0.42
35909A,RABBIT EASTER DECORATION,20,59.00000000000001,5,2.95
22903,CALENDAR FAMILY FAVORITES,20,59.0,4,2.95
35607B,BLACK FEATHER CHRISTMAS DECORATION,310,58.900000000000006,16,0.19
35973,GERANIUM FOLKART HEART DECORATION,47,58.75,12,1.25
90037B,TINY CRYSTAL BRACELET GREEN,23,58.650000000000006,5,2.55
81985A,"ICON ALARM CLOCK,FUSCHIA  PIN UP",23,58.65,7,2.55
85023C,PINK LARGE JEWELED PHOTOFRAME,23,58.64999999999999,11,2.55
90214D,"LETTER ""D"" BLING KEY RING",65,58.21,19,1.1489473684210525
23306,SET OF 36 PANTRY PAPER DOILIES,39,58.02,14,1.5479999999999998
35594,WOODEN CHRISTMAS TREE 3 HANGING,138,57.96,21,0.42
44241C,BLUE BUTTERFLY ON SPRING,68,57.8,7,0.85
35821B,"JEWELLED DECORATION,BLUE",150,57.0,3,0.38
79051A,SMOKEY GREY COLOUR GLASS,196,56.83999999999999,11,0.29
84226,HEN HOUSE W FAMILY IN BARN & NEST,75,56.61,17,0.8376470588235294
17129C,SKY BLUE COLOUR GLASS GEMS IN BAG,84,56.28,10,0.829
90002E,FLOWER BURST SILVER RING GREEN,15,56.25,8,3.75
84875A,PINK SQUARE COMPACT MIRROR,15,56.25,11,3.75
47344B,BLUE FLOWER DES PURSE,54,56.16,10,1.082
35817B,"ACRYLIC JEWEL SNOWFLAKE,BLUE",142,56.13,2,1.465
90100,NECKLACE+BRACELET SET PINK DAISY,22,56.1,9,2.55
85023A,CRYSTAL LARGE JEWELLED PHOTO FRAME,22,56.1,10,2.55
35001B,HAND OPEN SHAPE BLACK,16,55.84,5,3.4900000000000007
85080,PADDED RED HEART DECORATION,113,55.76,22,0.5331818181818182
84562B,BLUE/WHITE RIBBED MELAMINE JUG,7,55.650000000000006,5,7.95
84891B,GREEN WIRE GOBLET CANDLEHOLDER,7,55.65,5,7.95
85151,WELCOME METAL SIGN,44,55.0,8,1.25
90043,COPPER AND BRASS BAG CHARM,10,54.510000000000005,6,5.785
90138,WHITE/PINK MINI CRYSTALS NECKLACE,11,54.45,5,4.95
20820,SILVER LOOKING MIRROR,11,54.45,8,4.95
90019B,GOLD M.O.P ORBIT BRACELET,11,54.45,7,4.95
84539,KNITTED RABBIT DOLL ,33,54.45,9,1.65
90084,PINK CRYSTAL GUITAR PHONE CHARM,64,54.4,9,0.85
46115B,GREEN POP ART MAO CUSHION COVER ,286,54.34,22,0.1899999999999999
90065B,BLACK VINT ART DEC CRYSTAL BRACELET,8,54.0,6,6.75
23389,SPACEBOY MINI RUCKSACK,13,53.95,4,4.15
79406,FROSTED WHITE BASE ,245,53.900000000000006,15,0.22
21379, CAMPHOR WOOD PORTOBELLO MUSHROOM,43,53.75,7,1.25
90211A,DIAMOND LAS VEGAS NECKLACE 45CM,9,53.55,5,5.95
22252,BIRDCAGE DECORATION MAGIC GARDEN,21,53.55,3,2.55
90190A,SILVER/CRYSTAL DROP EARRINGS W LEAF,18,53.10000000000001,8,2.95
90168,2 DAISIES HAIR COMB,18,53.10000000000001,3,2.9500000000000006
90130A,WHITE STONE/CRYSTAL EARRINGS,18,53.10000000000001,6,2.9500000000000006
35816B,"ACRYLIC JEWEL ANGEL,BLUE",137,52.93,2,0.815
35910B,PINK FLOWERS RABBIT EASTER,27,52.65,6,1.95
90214R,"LETTER ""R"" BLING KEY RING",52,52.52,19,1.1489473684210525
84845C,CARNATION SQUARE HANDY TIN,42,52.5,14,1.25
90039C,FIRE POLISHED GLASS BRACELET BLACK,14,52.5,3,3.75
23035,DOORKNOB CERAMIC IVORY,36,52.2,1,1.45
23196,RETO LEAVES MAGNETIC SHOPPING LIST,36,52.2,3,1.45
78027,SEAGRASS S/2 CORNER LAUNDRY ,4,51.9,3,13.966666666666669
84845D,GERANIUM SQUARE HANDY TIN,41,51.25,11,1.25
84402B,PURPLE DRESS JEWELLERY STAND,62,51.14,4,1.33
90165B,WHITE ROSEBUD  PEARL EARRINGS,20,51.0,6,2.55
20964,POLYESTER FILLER PAD 60x40cm,20,51.0,6,2.55
90024C,NEW BAROQUE B'FLY NECKLACE GREEN,6,51.0,5,8.5
84612B,SET/4 BLACK  BAROQUE FLOCK COASTER,20,51.0,4,2.55
35840,FLAT GLASS  BAUBLE WHITE FLOCK ,36,51.0,5,1.19
90020,FILIGREE DIAMANTE CHAIN,4,51.0,2,12.75
90016C,SILVER/BLACK PENDANT ORBIT NECKLACE,6,51.0,4,8.5
84968B,SET OF 16 VINTAGE IVORY CUTLERY,4,51.0,4,12.75
85069,CREAM SWEETHEART DOUBLE SHELF,3,50.85,1,16.95
22846,"BREAD BIN, DINER STYLE, RED ",3,50.85,2,16.95
20958,PORCELAIN HANGING BELL LARGE,26,50.7,9,1.95
72083A,STRAWBERY SWIRL FLARE CANDLE,24,50.400000000000006,7,2.1
22657,HEN & 2 CHICKS IN BASKET,59,50.15,7,0.85
90125B,AQUA BERTIE GLASS BEAD BAG CHARM,31,50.1,6,1.8916666666666668
90214H,"LETTER ""H"" BLING KEY RING",50,50.02,23,1.1665217391304348
72817,SET/2 CHRISTMAS DECOUPAGE CANDLES,40,50.0,6,1.25
37462B,"PET MUG, BUDGIE",119,49.98,5,0.42
23197,VEGETABLE MAGNETIC  SHOPPING LIST,36,49.8,3,1.3833333333333335
90142D,MOP PENDANT SHELL NECKLACE,10,49.5,4,4.95
90019C,SILVER BLACK ORBIT BRACELET,10,49.5,7,4.95
23413,DECROTIVEVINTAGE COFFEE GRINDER BOX,10,49.5,4,4.95
90206A,GOLD DIAMANTE STAR BROOCH,10,49.5,6,4.95
23015,CORDIAL JUG,6,49.5,2,8.25
90079,VINTAGE ENAMEL & CRYSTAL NECKLACE,10,49.5,5,4.95
84537B,FAIRY CAKES GIFT BAG,117,49.14,11,0.42
90214N,"LETTER ""N"" BLING KEY RING",49,48.77,18,1.1489473684210525
90038C,GLASS AND BEADS BRACELET IVORY,13,48.75,3,3.75
90212C,PURPLE LAS VEGAS BRACELET ROUND,13,48.75,5,3.75
90039B,FIRE POLISHED GLASS BRACELET MONTAN,13,48.75,3,3.75
90051,CRACKED GLAZE NECKLACE RED,7,48.65,4,6.95
22889,"NUMBER TILE VINTAGE FONT, No ",22,48.6,2,2.2
90214P,"LETTER ""P"" BLING KEY RING",58,48.5,18,1.09
90104,PURPLE FRANGIPANI HAIRCLIP,57,48.45,11,0.85
72812,LARGE ZINC/GLASS CANDLEHOLDER,23,48.3,6,2.1
72771B,BURG FLOCK GOLD CUP/CANDLE ,115,48.3,6,0.42
90031,BILI NUT AND WOOD NECKLACE,48,48.0,5,1.0
84608,ORNATE EDWARDIAN CANDLE HOLDER,6,47.7,4,7.95
84599,CANDY STRIPE ROSE FLOOR CUSHION,6,47.7,2,7.95
23539,"WALL ART , LOVES' SECRET ",8,47.6,2,5.95
90179A,AMBER FINE BEAD NECKLACE W TASSEL,8,47.6,5,5.95
21347,GOTHIC CARRIAGE LANTERN,8,47.6,4,5.95
22344,PARTY PIZZA DISH PINK WHITE SPOT ,56,47.6,10,0.85
72129,COLUMBIAN CANDLE ROUND ,73,47.45,17,0.65
90214B,"LETTER ""B"" BLING KEY RING",47,47.23,16,1.19
20895,VINTAGE NOTEBOOK FRENCH LETTER ,16,47.20000000000001,4,2.95
90177C,DROP DIAMANTE EARRINGS CRYSTAL,16,47.2,6,2.9500000000000006
35909B,PINK FLOWERS RABBIT EASTER,16,47.2,6,2.95
84227,HEN HOUSE W CHICK IN NEST,112,47.04,13,0.42
35603C,SET/16 WHITE SHINY & MATT BAUBLES,80,47.04,22,0.7121739130434782
16201B,PASTEL BLUE PHOTO ALBUM,24,46.8,2,1.95
84857B,BLUE MONTE CARLO HANDBAG,24,46.8,1,1.95
20988,TRELLIS FLOWER CHOPSTICKS SET/5,24,46.8,9,1.95
84582,PINK CROCHET CAT WITH SCARF,11,46.75,9,4.25
84984A,GREEN PEONY DES C/COVER,10,46.5,4,4.65
84705D,CHERRY BLOSSOM PHOTO FRAME ,10,46.5,3,4.65
47341A,FUSCHIA TABLE RUN FLOWER ,29,46.25,7,2.321428571428572
23107,WHITE WIRE PLANT POT HOLDER,16,46.24,2,2.89
23047,PAPER LANTERN 5 POINT STUDDED STAR,8,46.0,4,5.75
84626,CANDY STRIPE ROSE QUILT,1,45.95,1,45.95
22604,SET OF 4 NAPKIN CHARM CUTLERY,18,45.900000000000006,3,2.55
90037A,TINY CRYSTAL BRACELET RED,18,45.9,4,2.55
84907,PINK/YELLOW PATCH CUSHION COVER,6,45.9,3,7.650000000000001
72024U,LILAC VOTIVE CANDLE,218,45.78,10,0.21
90012B,BLACK DROP CRYSTAL NECKLACE,13,45.35000000000001,3,5.283333333333333
22406,TIN CAN KINGS CHOICE DESIGN,36,45.0,3,1.25
84746,PINK EASTER HENS+FLOWER,12,45.0,8,3.75
22347,PIZZA DISH SLICE ,36,45.0,2,1.25
16161C,WRAP SPEED DEMONS ,450,45.0,2,0.1
21685,MEDINA STAMPED METAL TRAY ,3,44.85,2,14.95
90074,BLACK DIAMOND CLUSTER NECKLACE,5,44.75,4,8.95
90135A,ORANGE/FUSCHIA STONES NECKLACE,9,44.55,2,4.95
90197D,AMBER GLASS BRACELET HEART CHARMS,9,44.55,4,4.95
85081,PADDED HOLLY CHRISTMAS DECORATION ,100,44.49,20,0.4595238095238095
90130B,TURQ STONE/CRYSTAL EARRINGS,15,44.25000000000001,4,2.95
84586L,"PINK ROSES/GINGHAM PATCH RABBIT 8""",15,44.25000000000001,9,2.95
90177B,DROP DIAMANTE EARRINGS BLACK DIAMON,15,44.25,5,2.95
35085E,IVORY ROSE LAMPSHADE ,39,44.25,9,1.1666666666666667
84447,6 RABBIT CHAIN EASTER,52,44.2,7,0.85
84251B,"GREETING CARD, STICKY GORDON",231,43.88999999999999,22,0.1899999999999999
84292B,BLUE COL METAL FOLDING CHAIR,7,43.85,4,7.2125
84899E,YELLOW + BROWN BEAR FELT PURSE KIT,35,43.75,11,1.25
79063C,"RETRO PILL BOX KEY CHAIN,THE KING",235,43.65,14,0.1892857142857142
90101,WHITE FRANGIPANI NECKLACE,17,43.35,5,2.55
90037C,TINY CRYSTAL BRACELET BLUE,17,43.35,4,2.55
18097A,PINK TALL PORCELAIN T-LIGHT HOLDER ,17,43.35,12,2.55
35916A,YELLOW FELT HANGING HEART W FLOWER,51,43.35,7,0.85
35822P,"ACRYLIC BEAD CHAIN, PINK",114,43.32,1,0.38
79026B,"S/4 ICON COASTER,ELVIS LIVES",51,43.11,22,0.9372727272727274
90059D,DIAMANTE HAIR GRIP PACK/2 PERIDOT,26,42.900000000000006,5,1.65
72796B,S/3 FRENCH VANILLA SQU CANDLE,26,42.9,11,1.6499999999999997
90214I,"LETTER ""I"" BLING KEY RING",44,42.52,12,1.09
90024A,NEW BAROQUE B'FLY NECKLACE BLACK,5,42.5,4,8.5
72724,SET/6 CHRISTMAS ICICLE T-LIGHTS,34,42.5,9,1.25
90214T,"LETTER ""T"" BLING KEY RING",43,42.23,12,1.17
23231,WRAP  VINTAGE DOILEY ,100,42.0,2,0.42
22987,WRAP SUMMER ROSE DESIGN,100,42.0,4,0.42
84984C,ORIENTAL BLUE C/COVER ,9,41.85,5,4.65
90050,CRACKED GLAZE NECKLACE IVORY,6,41.7,2,6.95
84919,L BLUE C/COVER W PINK/YELLOW FLOWER,6,41.7,2,6.95
90152C,BLUE/NAT SHELL NECKLACE W PENDANT,7,41.650000000000006,4,5.95
90179B,PURPLE FINE BEAD NECKLACE W TASSEL,7,41.65,5,5.95
90060C,FIRE POLISHED GLASS NECKL SILVER,7,41.65,3,5.95
84611B,BLACK NEW BAROQUE FLOCK BOX,7,41.65,4,5.95
23045,PAPER LANTERN 5 POINT STAR MOON 30,10,41.5,5,4.15
85184B,SET 4 EASTER DECOUPAGE OVAL BOXES,14,41.3,7,2.95
90064A,WHITE VINTAGE CRYSTAL EARRINGS,11,41.25,4,3.75
37477B,"FLOWER FAIRY MUG+COASTER,LAVENDER",11,41.25,8,3.75
23448,CREAM BUNNY EASTER EGG BASKET,25,41.25,3,1.6499999999999997
35644,PAIR PINK/BLACK COATHANGERS,21,40.95,7,1.95
23148,MINITURE ANTIQUE ROSE HOOK IVORY,48,40.8,4,0.85
84798C,WHITE FOXGLOVE ARTIIFCIAL FLOWER,16,40.8,3,2.55
44228,CANNABIS LEAF BEAD CURTAIN,48,40.8,3,0.85
90174,BUTTERFLY HAIR BAND,16,40.8,4,2.55
35071,ASSORTED SANTA CHRISTMAS DECORATION,48,40.8,5,0.85
22740,POLKADOT PENS,48,40.8,1,0.85
22532,MAGIC SLATE LEAP FROG ,96,40.32,2,0.42
22529,MAGIC SLATE GO TO THE FAIR ,96,40.32,2,0.42
17014C,ORIGAMI LAVENDER INCENSE CONES,96,40.32,1,0.42
20994,JAZZ HEARTS SPIRAL NOTEPAD,47,39.95,12,0.85
20860,GOLD COSMETICS BAG WITH BUTTERFLY,19,39.900000000000006,10,2.1
23462,ROCOCO WALL MIROR,2,39.9,1,19.95
47013A,WINE BOTTLE DRESSING LT.BLUE,141,39.87,25,0.2764
79065A,TEATIME ROUND CAKE TINS ,4,39.8,1,9.95
21629,SQUARE FLOOR CUSHION VINTAGE PINK ,5,39.75,3,7.95
84551,CROCHET DOG KEYRING,24,39.6,6,1.6499999999999997
90059C,DIAMANTE HAIR GRIP PACK/2 MONTANA,24,39.6,7,1.65
72798C,SET/4 GARDEN ROSE DINNER CANDLE,24,39.6,11,1.65
20870,OPULENT VELVET CANDLE IN BOX,26,39.3,4,1.8875
22950,SET OF 36 VINTAGE CHRISTMAS DOILIES,27,39.15,6,1.45
22853,"CAT BOWL, ENAMEL , CREAM COLOUR",12,39.0,2,3.25
82545A,COGNAC AUX OEUFS METAL 1 HOOK,31,38.75,11,1.25
35963,FOLKART ZINC CLIP ON ANGEL WINGS,101,38.38,11,0.38
90042B,FRESHWATER PEARL BRACELET PINK,15,38.25,5,2.55
20905,VINTAGE KEEPSAKE BOX BEAUTY GIRL,6,38.1,3,6.349999999999999
23038,T-LIGHT HOLDER SILVER SAUCER,41,38.03,6,1.2299999999999998
81952B,ROUND BLUE CLOCK WITH SUCKER,200,38.0,9,0.19
90176A,CLASSIC DIAMANTE NECKLACE JET,5,37.5,3,7.5
35233,PASTA ENAMEL/BRASS CONTAINER,10,37.5,8,3.75
37379A,PINK CHERRY BLOSSOM CUP & SAUCER,30,37.5,5,1.25
79413,GLASS WINE GLASS DECORATIONS,30,37.5,9,1.25
90003E,GREEN PAIR HEART HAIR SLIDES,10,37.5,3,3.75
90140,PINK SWEETIE NECKLACE,5,37.5,3,7.5
23043,PAPER LANTERN 9 POINT HOLLY STAR 40,6,37.5,3,6.25
90038B,GLASS AND PAINTED BEADS BRACELET OL,10,37.5,2,3.75
84705F,RED PEONY PHOTO FRAME ,8,37.2,5,4.65
81952B,ROUND BLUE CLOCK W/SUCKER,48,36.6,7,0.8200000000000001
82069,BEECH WOOD P/FRAME,5,36.25,2,7.25
16162M,THE KING GIFT BAG 25x24x12cm,86,36.12,12,0.42
90075,MONTANA DIAMOND CLUSTER NECKLACE,4,35.8,3,8.95
90060B,FIRE POLISHED GLASS NECKL GOLD,6,35.7,4,5.95
90169,DAISY HAIR COMB,14,35.7,3,2.55
90134,OLD ROSE COMBO BEAD NECKLACE,12,35.400000000000006,2,2.95
90067B,BROWN VINTAGE VICTORIAN EARRINGS,12,35.400000000000006,2,2.95
90027D,GLASS BEAD HOOP EARRINGS AMETHYST,12,35.400000000000006,6,2.9500000000000006
35815B,"ACRYLIC JEWEL SNOWFLAKE,BLUE",93,35.34,2,0.38
90083,CRYSTAL CZECH CROSS PHONE CHARM,44,34.94,8,1.06
84745B,BLUE HANGING GINGHAM EASTER HEN,83,34.86,17,0.42
22345,PARTY PIZZA DISH BLUE WHITE SPOT ,41,34.849999999999994,8,0.85
23196,LEAVES MAGNETIC  SHOPPING LIST,24,34.8,2,1.45
84868B,BLUE BABY BOY'S MEMORY BOX,5,34.75,4,6.95
79063D,"RETRO PILL BOX , REVOLUTIONARY",188,34.72,10,0.189
90141A,GREEN PENDANT TRIPLE SHELL NECKLACE,7,34.65,4,4.95
84546,CROCHET POODLE KEYRING,21,34.65,3,1.6499999999999997
90059E,DIAMANTE HAIR GRIP PACK/2 RUBY,21,34.65,7,1.65
90141E,ORANGE PENDANT TRIPLE SHELL NECKLAC,7,34.65,3,4.95
90141C,TURQ PENDANT TRIPLE SHELL NECKLACE,7,34.65,4,4.95
90059F,DIAMANTE HAIR GRIP PACK/2 LT ROSE,21,34.65,5,1.65
35955,SMALL FOLKART CHRISTMAS TREE DEC,135,34.62,4,0.374
72715,SPHERICAL IVORY CANDLE ,82,34.44,12,0.42
22407,MONEY BOX FIRST AID DESIGN,43,34.32,10,1.199
44265,M/COLOUR POM-POM CURTAIN,8,34.0,4,4.25
22852,"DOG BOWL, ENAMEL , CREAM COLOUR",8,34.0,2,4.25
37489A,YELLOW/PINK FLOWER DESIGN BIG MUG,43,33.93,21,0.9572727272727272
37112,YELLOW BIRDS FELT DES FOODCOVER,9,33.75,4,3.75
90066A,PINK VINTAGE VICTORIAN CHOKER,5,33.75,2,6.75
81950B,FLOWER BLUE CLOCK WITH SUCKER,116,33.64,8,0.29
17014E,ORIGAMI OPIUM INCENSE CONES,93,33.3,4,1.3125
23390,DOLLY GIRL MINI RUCKSACK,8,33.2,2,4.15
37348,SET OF 4 PASTEL STACKING MUGS,13,33.15,6,2.55
84906,PINK BUTTERFLY CUSHION COVER,17,33.15,4,1.95
47013C,WINE BOTTLE DRESSING DARK BLUE,138,33.05,22,0.2456521739130434
20879,TREE OF NOAH FESTIVE SCENTED CANDLE,50,32.5,8,0.65
20953,PORCELAIN CHERUB BELL LARGE,19,31.35,7,1.65
23366,SET 12 COLOUR PENCILS DOILEY,48,31.200000000000003,3,0.65
22577,WOODEN HEART CHRISTMAS SCANDISPOT,36,30.6,1,0.85
90103,PURPLE FRANGIPANI NECKLACE,12,30.6,5,2.55
22937,BAKING MOULD CUPCAKE CHOCOLATE,12,30.6,1,2.55
22641,SET OF 4 NAPKIN CHARMS INSTUMENT   ,12,30.6,2,2.55
22937,BAKING MOULD CHOCOLATE CUP CAKES,12,30.6,2,2.55
90165A,PINK ROSEBUD PEARL EARRINGS,12,30.6,2,2.55
16050,TEATIME PENCIL WITH RUBBER,122,30.5,4,0.25
90126A,PINK BERTIE MOBILE PHONE CHARM,18,30.42,3,1.69
37489B,BLUE/YELLOW FLOWER DESIGN BIG MUG,38,30.42,17,1.0323529411764707
84745A,PINK HANGING GINGHAM EASTER HEN,72,30.24,15,0.42
47563B,WAVELINE SURF IRONING BOARD COVER,8,30.0,6,3.75
22405,TIN CAN POCKET MONEY DESIGN,24,30.0,2,1.25
23437,GIFT BAG LARGE 50'S CHRISTMAS,24,30.0,2,1.25
23396,BUTTERFLY CUSHION COVER,8,30.0,2,3.75
22410,TIN CAN HOUSEKEEPING DESIGN,24,30.0,2,1.25
22771,DRAWER KNOB ACRYLIC EDWARDIAN CLEAR,24,30.0,1,1.25
22772,DRAWER KNOB ACRYLIC EDWARDIAN PINK,24,30.0,1,1.25
22775,DRAWERKNOB ACRYLIC EDWARDIAN PURPLE,24,30.0,1,1.25
22773,DRAWER KNOB ACRYLIC EDWARDIAN GREEN,24,30.0,1,1.25
90163B,WHITE ROSEBUD & PEARL NECKLACE,4,30.0,2,7.5
BANK CHARGES, Bank Charges,2,30.0,2,15.0
90022,EDWARDIAN DROP EARRINGS JET BLACK,8,30.0,4,3.75
23250,ENAMEL BOWL PANTRY,24,30.0,2,1.25
23252,ENAMEL JUG PANTRY,8,30.0,2,3.75
21767,FRENCH STYLE WIRE DOOR CABINET ,1,29.95,1,29.95
90136,PALE PINK/AMETHYST STONE NECKLACE,3,29.85,2,9.95
90152B,BLUE/GREEN SHELL NECKLACE W PENDANT,5,29.75,4,5.95
90001B,ANTIQUE MID BLUE FLOWER EARRINGS,7,29.75,4,4.25
90059A,DIAMANTE HAIR GRIP PACK/2 CRYSTAL,18,29.700000000000003,3,1.6499999999999997
22474,"TRAY FOR TV DINNER ,SPACEBOY",6,29.700000000000003,1,4.95
84905,PINK BUTTERFLY C/COVER ,6,29.700000000000003,3,4.95
90135,ORANGE/WHT/FUSCHIA STONES NECKLACE,6,29.700000000000003,1,4.95
22472,"TRAY FOR TV DINNER , DOLLY GIRL",6,29.700000000000003,1,4.95
23530,"WALL ART,ONLY ONE PERSON ",6,29.700000000000003,1,4.95
90081B,LILY BROOCH WHITE/SILVER COLOUR,6,29.7,2,4.95
90141B,IVORY PENDANT TRIPLE SHELL NECKLACE,6,29.7,2,4.95
90197B,BLACK GLASS BRACELET W HEART CHARMS,6,29.7,2,4.95
35598A,DUSTY PINK CHRISTMAS TREE 60CM,10,29.500000000000004,3,2.9500000000000006
78034B,BLUE NETTING STORAGE HANGER,15,29.25,9,1.95
21815, STAR  T-LIGHT HOLDER ,20,29.0,4,1.45
37489D,PINK/GREEN FLOWER DESIGN BIG MUG,46,28.86,20,0.7614285714285715
90126C,AMBER BERTIE MOBILE PHONE CHARM,17,28.73,2,1.69
44089C,LILAC GAUZE BUTTERFLY LAMPSHADE,68,28.56,18,0.42
37462E,"PET MUG, GOLDFISH",81,28.27,9,0.3433333333333333
23380,PACK OF 12 DOILEY TISSUES,72,28.08,2,0.39
40005B,BLUE ORGANDY ROUND LAMPSHADE W BEA,33,28.05,13,0.8499999999999999
84456,SET OF 3 RABBIT EGG EASTER,33,28.05,12,0.85
85079,EMBROIDERED REINDEER DECORATION,18,28.0,6,1.5757142857142858
21267,VINTAGE PINK TINSEL REEL ,13,27.3,4,2.1
90214O,"LETTER ""O"" BLING KEY RING",31,27.23,13,1.176153846153846
21097,SET/6 GREEN SPRING  PAPER PLATE,32,27.2,7,0.85
84864A,PINK PAISLEY PHOTO ALBUM,4,27.0,3,6.75
23702,High Resolution Image,4,27.0,3,8.5
44235,ASSORTED COLOURED CIRCLE MOBILE ,64,26.88,7,0.42
90181A,AMBER GLASS/SHELL/PEARL NECKLACE,3,26.85,3,8.95
90202B,WHITE ENAMEL FLOWER HAIR TIE,9,26.550000000000004,3,2.9500000000000006
90202C,GREEN ENAMEL FLOWER HAIR TIE,9,26.550000000000004,4,2.95
90011B,BLACK CRYSTAL DROP EARRINGS,9,26.550000000000004,4,2.95
90205A,LARGE MINT DIAMANTE HAIRSLIDE,16,26.4,6,1.6499999999999997
22232,3 PIECE JIGSAW TOADSTOOLS,16,26.4,2,1.65
37491C,GREEN/BLUE CERAMIC CANDLE HOLDER,16,26.4,7,1.65
35916B,BLUE FELT HANGING HEART W FLOWER,31,26.35,4,0.85
84876C,SILVER HEART COMPACT MIRROR,7,26.25,4,3.75
90039A,FIRE POLISHED GLASS BRACELET RED,7,26.25,2,3.75
22200,FRYING PAN PINK RETROSPOT,6,25.5,2,4.25
84951B,S/4 BLACK LOVEBIRD COASTERS,10,25.5,3,2.55
90208,PAIR OF PINK FLOWER CLUSTER SLIDE,10,25.5,4,2.55
90001C,ANTIQUE OPAL WHITE FLOWER EARRINGS,6,25.5,5,4.25
90024F,NEW BAROQUE B'FLY NECKLACE CRYSTAL,3,25.5,2,8.5
22168,"ORGANISER WOOD, ANTIQUE WHITE ",3,25.5,2,8.5
35597D,PINK/WHITE CHRISTMAS TREE 30CM,58,25.28,7,0.5825
84251J,"GREETING CARD, THE BLACK CAT",60,25.2,4,0.42
84251C,"GREETING CARD, TWO SISTERS.",132,25.08,14,0.19
17013F,ORIGAMI SANDLEWOOD INCENSE IN TUBE,61,25.05,4,1.3125
22719,"GUMBALL COATHOOK., BLACK & WHITE ",20,25.0,4,1.25
18094C,WHITE/BLUE RECT CERAMIC OIL BURNER,20,25.0,4,1.25
23104,IVORY PANTRY HANGING LAMP ,2,25.0,1,12.5
23214,BELL HEART ANTIQUE GOLD,12,24.96,1,2.08
23240,SET OF 4 KNICK KNACK TINS  DOILEY ,6,24.9,1,4.15
90139,FLOWER BROOCH 4 ASSORTED COLOURS,5,24.75,3,4.95
90059B,DIAMANTE HAIR GRIP PACK/2 BLACK DIA,15,24.75,4,1.65
35633B,BLUE TINSEL GARLAND ,130,24.7,12,0.19
35596,WOOD XMAS TREE 9 FIG SHELVES,29,24.65,4,0.85
22346,PARTY PIZZA DISH GREEN WHITE SPOT ,29,24.65,7,0.85
37468,HARDMAN MUG 3 ASSORTED,63,24.57,12,0.3899999999999999
10124A,SPOTS ON RED BOOKCOVER TAPE,58,24.36,18,0.42
72801E,4 FESTIVE GREEN DINNER CANDLES,51,23.91,2,0.835
47504J,ENGLISH ROSE SET/3 GARDEN TOOLS,3,23.85,2,7.95
90152A,SILVER/NAT SHELL NECKLACE W PENDANT,4,23.8,4,5.95
84575B,BROWN DOG CANNISTER W BONE,4,23.8,3,5.95
90214F,"LETTER ""F"" BLING KEY RING",29,23.77,13,1.1023076923076922
17014F,ORIGAMI SANDLEWOOD INCENSE CONES,61,23.7,4,1.3125
90182C,BLACK 3 BEAD DROP EARRINGS,8,23.6,2,2.95
90177E,DROP DIAMANTE EARRINGS GREEN,8,23.6,3,2.9500000000000006
90014A,SILVER M.O.P. ORBIT NECKLACE,8,23.6,3,2.9500000000000006
90012A,MIDNIGHT BLUE DROP CRYSTAL NECKLACE,8,23.6,2,2.95
90202A,PURPLE ENAMEL FLOWER HAIR TIE,8,23.6,3,2.9500000000000006
18010,ASSORTED FRAGRANCE BATH CONFETTI,56,23.52,6,0.42
23244,CANNISTER VINTAGE LEAF DESIGN,12,23.4,2,1.95
47552A,DOTS IRONING BOARD COVER,12,23.4,11,1.95
23106,ZINC PLANT POT HOLDER,8,23.12,1,2.89
37491D,PURPLE/BLUE CERAMIC CANDLE HOLDER,14,23.1,5,1.65
23145,ZINC T-LIGHT HOLDER STARS LARGE,24,22.8,2,0.95
90176B,DIAMANTE NECKLACE BLACK ,3,22.5,2,7.5
85225,BLING KEY RING STAND,19,22.5,11,1.2045454545454546
37477C,"FLOWER FAIRY MUG+COASTER,ROSE",6,22.5,1,3.75
35597B,BLACKCHRISTMAS TREE 30CM,18,22.5,6,1.25
90176E,DIAMANTE NECKLACE GREEN,3,22.5,2,7.5
90189B,GOLD 2 STRAND NECKLACE-LEAF CHARMS,3,22.5,2,7.5
84415A,PINK FLOCK SUEDE CUSHION COVER ,14,22.5,3,2.083333333333333
35611B,BLACK ASSORTED DROPLET DECORATION,59,22.42,2,0.38
35652,VINTAGE BEAD CHAISE LONG JEWEL BOX,18,21.5,2,3.625
84387A,BIRD ON BRANCH CANVAS SCREEN,11,21.45,1,1.95
35591T,TURQUOISE CHRISTMAS TREE ,17,21.25,9,1.25
90128B,BLUE LEAVES AND BEADS PHONE CHARM,17,21.25,5,1.25
90128A,PINK LEAVES AND BEADS PHONE CHARM,17,21.25,5,1.25
21387,IVORY HANGING DECORATION  RABBIT,25,21.25,4,0.85
90214Y,"LETTER ""Y"" BLING KEY RING",63,21.15,5,0.866
23691,KEEP CALM BIRTHDAY WRAP,50,21.0,2,0.42
23692,WRAP A PRETTY THANK YOU,50,21.0,2,0.42
90052,CRACKED GLAZE NECKLACE BROWN,3,20.85,1,6.95
23388,WOODLAND MINI RUCKSACK ,5,20.75,2,4.15
90027B,GLASS BEAD HOOP EARRINGS MONTANA,7,20.65,4,2.95
90177A,CLASSIC DIAMANTE EARRINGS JET,7,20.65,2,2.95
72771C,BLACK FLOCK GOLD CANDLE,49,20.58,4,0.42
79172D,PURPLE TINT ACRYLIC FLOWER VASE,24,20.4,4,0.85
22344,PARTY PIZZA DISH PINK+WHITE SPOT ,24,20.4,2,0.85
90118,PINK DAISY BAG CHARM,8,20.4,3,2.55
22418,"PEN, 10 COLOURS - SPACEBOY",24,20.4,1,0.85
22345,PARTY PIZZA DISH BLUE+WHITE SPOT ,24,20.4,2,0.85
84529B,BLUE KNITTED KID'S RUCKSACK,3,20.25,2,6.75
22533,MAGIC SLATE BAKE A CAKE ,48,20.16,1,0.42
35603B,S/16 BLACK SHINY/MAT BAUBLES,48,20.16,1,0.42
44091C,MULTICOLOUR CRUSOE CHECK LAMPSHADE,48,20.16,10,0.42
84450B,YELLOW RABBIT SAT EASTER,48,20.16,3,0.42
90187B,GREEN DROP EARRINGS W BEAD CLUSTER,6,20.1,2,3.35
17091F,SANDALWOOD INCENSE IN TIN,16,20.0,6,1.25
84415B,BLUE FLOCK CUSHION COVER ,8,20.0,3,2.9166666666666665
78056,CAMOUFLAGE BACKPACK ON WHEELS,2,19.9,1,9.95
90034,WHITE SILVER NECKLACE SHELL GLASS,2,19.9,2,9.95
23249,ENAMEL DINNER PLATE PANTRY,12,19.8,1,1.65
22351,DOTCOMGIFTSHOP TEA TOWEL,12,19.8,1,1.65
84570B,WHITE SATIN DRESS JEWEL STAND,4,19.8,2,4.95
23029,DOORKNOB CRACKED GLAZE GREEN,12,19.8,2,1.65
23031,DOORKNOB CRACKED GLAZE PINK,12,19.8,2,1.65
46307,ROSES BLUE BASE CUSHION COVER ,12,19.8,4,1.65
84550,CROCHET LILAC/RED BEAR KEYRING,12,19.8,4,1.65
37488A,YELLOW PINK FLOWER DESIGN BIG BOWL,31,19.770000000000003,5,1.414
37487B,YELLOW/ORANGE FLOWER DESIGN PLATE,68,19.72,2,0.29
20680,PINK FLOWERS CHILDS UMBRELLA,6,19.5,4,3.25
79062D,"RETRO TIN ASHTRAY,REVOLUTIONARY",52,19.4,4,0.38
84450A,PINK RABBIT SITTING EASTER,46,19.32,4,0.42
84340,LARGE FIBRE OPTIC CHRISTMAS TREE,15,19.08,6,1.485
21185,HOME SWEET HOME  BLACKBOARD,3,19.05,3,6.349999999999999
22963,JAM JAR WITH BLUE LID,26,18.98,2,0.7849999999999999
82605,OLD DOC.RUSSEL METAL SIGN,9,18.9,4,2.1
85131D,BEADED CRYSTAL HEART PINK\ON STICK,15,18.75,8,1.25
84030B,KNITTED POM POM HOT WATER BOTTLE,5,18.75,3,3.75
23056,CRYSTAL CHANDELIER T-LIGHT HOLDER,3,18.75,1,6.25
84732B,CUTE BIRD CEATURE SCREEN,28,18.48,6,1.23
72796A,S/3 ENGLISH LAVENDER SQU CANDLE,11,18.15,5,1.6499999999999997
84311,CAMOFLAGE CUSHION COVER,11,18.15,1,1.65
47591A,CAROUSEL CHILDRENS APRON,11,18.15,3,1.6499999999999997
23079, TOADSTOOL BEDSIDE LIGHT ,2,17.9,1,8.95
84614C,BLUE BAROQUE FLOCK CANDLE HOLDER,3,17.85,1,5.95
90095,NECKLACE+BRACELET SET PINK BLOSSOM,7,17.85,2,2.55
44092C,PURPLE/COPPER HANGING LAMPSHADE,21,17.849999999999998,8,0.85
18097B,BLUE TALL PORCELAIN T-LIGHT HOLDER,7,17.849999999999998,3,2.55
71050,SMALL SINGLE FLAME CANDLE HOLDER,51,17.849999999999998,8,0.35
90130D,RED STONE/CRYSTAL EARRINGS,6,17.700000000000003,1,2.95
90011C,GREEN CRYSTAL DROP EARRINGS,6,17.700000000000003,1,2.95
21249,WOOD ANIMALS HEIGHT CHART STICKERS ,6,17.700000000000003,1,2.95
90027A,GLASS BEAD HOOP EARRINGS BLACK,6,17.700000000000003,3,2.9500000000000006
37489C,GREEN/BLUE FLOWER DESIGN BIG MUG,25,17.55,10,1.014
90128C,GREEN LEAVES AND BEADS PHONE CHARM,14,17.5,3,1.25
22884,"NUMBER TILE VINTAGE FONT, 5",8,17.36,1,2.17
22882,"NUMBER TILE VINTAGE FONT, 3",8,17.36,1,2.17
22880,"NUMBER TILE VINTAGE FONT, 1",8,17.36,1,2.17
22879,"NUMBER TILE VINTAGE FONT, 0",8,17.36,1,2.17
22883,"NUMBER TILE VINTAGE FONT, 4",8,17.36,1,2.17
22886,"NUMBER TILE VINTAGE FONT, 7",8,17.36,1,2.17
22885,"NUMBER TILE VINTAGE FONT, 6 ",8,17.36,1,2.17
22887,"NUMBER TILE VINTAGE FONT, 8",8,17.36,1,2.17
22881,"NUMBER TILE VINTAGE FONT, 2",8,17.36,1,2.17
23236,STORAGE TIN VINTAGE DOILEY ,6,17.34,1,2.89
20887,BOX OF 6 PEBBLE CANDLES,5,17.25,4,3.45
90001A,ANTIQUE RASPBERRY FLOWER EARRINGS,4,17.0,3,4.25
22777,GLASS BELL JAR LARGE,2,17.0,1,8.5
23342,MINT DINER CLOCK,2,17.0,1,8.5
72805,VANILLA CANDLE IN EMBOSSED ZINC POT,10,16.9,3,1.6900000000000002
21511,VINTAGE COLLAGE  GREETING  CARD ,40,16.8,2,0.42
72785A,S/4 CONTEMPORY PINK ROSEBUD CANDLES,8,16.8,4,2.1
21750, LARGE SKULL WINDMILL,8,16.8,2,2.1
37491B,BLUE/YELLOW CERAMIC CANDLE HOLDER,10,16.5,5,1.65
22384,LUNCH BAG PINK POLKADOTS,10,16.5,1,1.65
44089A,PINK GAUZE BUTTERFLY LAMPSHADE,39,16.38,12,0.42
23502,PLAYING CARDS VINTAGE DOILEY ,13,16.25,2,1.25
84630,FLOWERS AND BIRDS WALL PLAQUE,2,15.9,1,7.95
20891,LARGE GLASS ROSE SCENTED CANDLE ,2,15.9,1,7.95
22778,GLASS BELL JAR SMALL,4,15.8,1,3.95
35932,PINK CHRISTMAS TREE DECORATION,37,15.63,10,0.537
90037D,TINY CRYSTALS BRACELET BLACK,6,15.3,1,2.55
90076,MONTANA DIAMOND CLUSTER EARRINGS,6,15.3,1,2.55
37481,CUBIC MUG TEATIME CAKES,6,15.3,1,2.55
22932,BAKING MOULD TOFFEE CUP  CHOCOLATE,6,15.3,1,2.55
17107D,FLOWER FAIRY 5 SUMMER DRAW LINERS,6,15.3,1,2.55
17174,ASSTD RASTA KEY-CHAINS,36,15.12,7,0.42
84206A,3 BLACK CATS W HEARTS BLANK CARD,79,15.01,9,0.19
90127A,PINK BEADS+HAND PHONE CHARM,12,15.0,1,1.25
23251,ENAMEL MUG PANTRY,12,15.0,1,1.25
23212,PAINTED HEART WREATH WITH BELL,12,15.0,1,1.25
20890,SMALL GLASS ROSE SCENTED CANDLE,4,15.0,1,3.75
22954,HEN PARTY BANNER TAPE,12,15.0,1,1.25
22408,TIN CAN CONFECTIONERY DESIGN,12,15.0,1,1.25
23449,SET OF 6 EASTER RAINBOW CHICKS,12,15.0,1,1.25
21475,SWEETHEART CREAM STEEL FOLDIN CHAIR,1,14.95,1,14.95
23282,FOLDING MIRROR IVORY ,18,14.94,2,0.83
23281,FOLDING MIRROR RED  ,18,14.94,2,0.83
35650,VINTAGE BEAD PINK JEWEL STAND,3,14.85,3,4.95
90141D,ROSE PENDANT TRIPLE SHELL NECKLACE,3,14.85,1,4.95
84567,FROSTED GLASS WITH SILVER SURROUND,9,14.85,1,1.65
22139,11 PC CERAMIC TEA SET POLKADOT,3,14.85,1,4.95
SP1002,KID'S CHALKBOARD/EASEL,5,14.75,2,2.95
90214V,"LETTER ""V"" BLING KEY RING",21,14.73,9,1.143333333333333
90102,WHITE FRANGIPANI HAIR CLIP,17,14.45,3,0.85
81950V,FLOWER PURPLE CLOCK W/SUCKER,17,14.45,7,0.85
62074B,ELEPHANT CLIP W SUCTION CUP,34,14.28,11,0.42
23540,"WALL ART , THE MAGIC FOREST ",2,13.9,1,6.95
84868A,PINK BABY GIRL'S MEMORY BOX,2,13.9,2,6.95
16245A,PINK MINI STATIONERY SET W CASE,11,13.75,7,1.25
90171,DAISY RING,11,13.75,2,1.25
84899E,YELLOW BROWN BEAR FELT PURSE KIT,11,13.75,3,1.25
35936,CERISE+GOLD CHRISTMAS TREE DEC,36,13.68,9,0.38
21525,BEWARE OF THE CAT DOORMAT,2,13.5,2,6.75
10124G,ARMY CAMO BOOKCOVER TAPE,32,13.44,9,0.42
62097B,BLUE STRIPES SHOULDER BAG,11,13.37,4,1.36
23271,CHRISTMAS TABLE CANDLE SILVER SPIKE,16,13.28,1,0.83
35443,RASTA IN BATH W SPLIFF ASHTRAY,15,12.75,9,0.85
72752B,"F.FAIRY,CANDLE IN GLASS,LAVENDER",3,12.75,2,4.25
20812,EMBOSSED FLOWER TRELLIS PHOTO FRAME,5,12.75,3,2.55
84648,NEW BAROQUE WALL MIRROR,1,12.75,1,12.75
85115B,S/4 BLACK DISCO PARTITION PANEL,3,12.75,1,4.25
21772,VINTAGE METAL CAKE STAND CREAM ,1,12.75,1,12.75
22201,FRYING PAN BLUE RETROSPOT,3,12.75,2,4.25
44092B,BLUE WHITE PLASTIC RINGS LAMPSHADE,15,12.75,6,0.85
90033,IVORY SHELL HEART EARRINGS,5,12.749999999999998,2,2.55
85083,KISS REINDEER SCANDINAVIAN STOCKING,5,12.749999999999998,2,2.55
35751C,PURPLE CURRENT CANDLE RING,31,12.61,2,0.47
35918B,BLUE FLORIBUNDA EGG WARMER,10,12.5,5,1.25
35597A,DUSTY PINK CHRISTMAS TREE 30CM,10,12.5,4,1.25
51012L,"FEATHER DUSTER, LIGHT PINK",10,12.5,6,1.25
23071,MARIE ANTOIENETT TRINKET BOX GOLD,1,12.5,1,12.5
79149B,SILICON STAR BULB  BLUE,29,12.18,12,0.42
44242A,LILAC FEATHERS CURTAIN,14,11.98,2,1.02
90027C,GLASS BEAD HOOP EARRINGS GREEN,4,11.8,2,2.95
85185E,DUCK SOCK PUPPET,4,11.8,2,2.95
84814B,RHOMBUS CRYSTAL PERFUME BOTTLE,6,11.7,2,1.95
37491A,YELLOW/PINK CERAMIC CANDLE HOLDER,7,11.55,5,1.65
23299,"FOOD COVER WITH BEADS , SET 2 SIZES",3,11.25,1,3.75
90025E,BAROQUE BUTTERFLY EARRINGS MONTANA,3,11.25,3,3.75
16151A,FLOWER DES BLUE HANDBAG/ORANG HANDL,3,11.25,2,3.75
84743C,ORANGE FELT VASE + FLOWERS,9,11.25,5,1.25
17011B,ORIGAMI JASMINE INCENSE+FLOWER ,19,11.1,2,1.2
72785B,S/4 CONTEMPORY RED ROSEBUD CANDLES,9,10.9,3,1.5666666666666669
84732D,CUTE RABBIT CEATURE SCREEN ,15,10.89,6,1.23
90041,PEARL AND CHERRY QUARTZ BRACLET,3,10.5,2,3.5
21496,WOODLAND CREATURES  WRAP,25,10.5,1,0.42
16169G,WRAP ROMANTIC DECOUPAGE,25,10.5,1,0.42
16169A,WRAP CHRISTMAS DECOUPAGE,25,10.5,1,0.42
22959,"WRAPPING PAPER, XMAS VILLAGE",25,10.5,1,0.42
17084G,MOON INCENSE,50,10.5,2,0.21
22343,PARTY PIZZA DISH RED+WHITE SPOT ,12,10.2,1,0.85
22346,PARTY PIZZA DISH GREEN+WHITE SPOT ,12,10.2,1,0.85
20939,ORANGE CANDLE,12,10.2,1,0.85
22196,HEART MEASURING SPOONS SMALL,12,10.2,1,0.85
23086,ZINC STAR T-LIGHT HOLDER ,8,10.0,1,1.25
22829,BROCANTE SHELF WITH HOOKS,1,9.95,1,9.95
90214Z,"LETTER ""Z"" BLING KEY RING",17,9.73,5,1.058
81953P,ROUND ARTICULATED PINK CLOCK W/SUCK,33,9.57,6,0.52
20822,SILVER WINE GOBLET,2,9.3,1,4.65
72708,SCULPTED ROUND IVORY CANDLE ,44,9.24,5,0.21
84450B,PINK/YELLOW RABBIT SAT EASTER,22,9.24,4,0.42
23441,HAND PAINTED HANGING EASTER EGG,22,9.24,3,0.42
35598C,WHITE CHRISTMAS TREE 60CM,3,8.850000000000001,3,2.9500000000000006
18098B,BLUE PORCELAIN B'FLY OIL BURNER,3,8.850000000000001,3,2.9500000000000006
71496B,A4 WALL TIDY RED FLOWERS,15,8.67,6,0.59
84572,6 HOOK JEWEL STAND LILAC DRESS,1,8.49,1,8.49
47591C,BLUE FAIRY CAKE CHILDRENS APRON,4,7.8,4,1.95
90188,DROP EARRINGS W FLOWER & LEAF,3,7.649999999999999,3,2.55
44091A,BLUE CRUSOE CHECK LAMPSHADE,18,7.56,6,0.42
82011E,"BATHROOM SCALES, FAG BREAK",2,7.5,2,3.75
90025F,BAROQUE BUTTERFLY EARRINGS CRYSTAL,2,7.5,2,3.75
84366,VENDETTA CANVAS PICTURE,2,7.5,2,3.75
20942,SET/6 GINGERBREAD TREE T-LIGHTS,6,7.5,4,1.25
84509E,CAROUSEL PLACEMATS ,2,7.5,2,3.75
46037A,PINK CANVAS DES CUSHION COVER ,6,7.5,2,1.25
90025A,BAROQUE BUTTERFLY EARRINGS BLACK,2,7.5,2,3.75
90025C,BAROQUE BUTTERFLY EARRINGS GREEN,2,7.5,2,3.75
90025D,BAROQUE BUTTERFLY EARRINGS PINK,2,7.5,2,3.75
90111,BLUE HIBISCUS  HAIR CLIP,7,7.35,6,1.05
35001P,HAND OPEN SHAPE PINK,2,6.98,2,3.49
85230C,ROSE SCENTED VOTIVE CANDLE,24,6.959999999999999,1,0.29
85230D,VANILLA SCENTED VOTIVE CANDLE,24,6.959999999999999,1,0.29
21852,EMPIRE TEDDY,1,6.95,1,6.95
37484,ENGLISH ROSE TEA FOR ONE GIFT BOX,1,6.75,1,6.75
22843,"BISCUIT TIN, MINT,IVORY, VINTAGE",1,6.75,1,6.75
48173A,DOOR MAT BLUE FLOCK,1,6.75,1,6.75
90187A,BLUE DROP EARRINGS W BEAD CLUSTER,2,6.7,1,3.35
20858,SILVER PURSE GOLD PINK BUTTERFLY,4,6.6,1,1.65
20678,LARGE BLACK DIAMANTE HAIRSLIDE,4,6.6,1,1.65
90082C,DIAMANTE BOW BROOCH WHITE COLOUR,1,6.35,1,6.35
47592B,SCOTTIE DOGS CHILDRENS OVERALL,3,6.300000000000001,1,2.1
79140,ASS WINDPROOF MARIJUANA LIGHTERS,15,6.3,2,0.42
37408,ASSORTED DESIGN GEISHA GIRL MUGS,5,6.25,1,1.25
82072,WHITE WOOD SINGLE P/FRAME,5,6.25,3,1.25
20673,STRAWBERRIES PRINT BOWL,5,6.25,2,1.25
90214W,"LETTER ""W"" BLING KEY RING",14,5.98,3,0.93
90000C,OPAL WHITE/SILVER FLOWER NECKLACE,1,5.95,1,5.95
72751C,"F.FAIRY S/3 SML CANDLE, ROSE",1,5.95,1,5.95
72751B,"F.FAIRY S/3 SML CANDLE, LAVENDER",1,5.95,1,5.95
72751A,"F.FAIRY S/3 SML CANDLE,LILY/VALLEY",1,5.95,1,5.95
37409,ASSORTED DESIGN FLOWER MUGS,7,5.949999999999999,3,0.85
90011A,MIDNIGHT BLUE CRYSTAL DROP EARRINGS,2,5.9,2,2.95
90183C,BLACK DROP EARRINGS W LONG BEADS,2,5.9,2,2.95
84247J,PACK/12 RUSSIAN DOLL CARDS,2,5.9,2,2.95
35821P,"JEWELLED DECORATION,PINK",2,5.9,2,2.95
90014B,GOLD M.O.P. ORBIT NECKLACE,2,5.9,2,2.95
20882,MODERN CHRISTMAS TREE CANDLE,2,5.9,1,2.95
22360,"GLASS JAR, ENGLISH CONFECTIONERY",2,5.9,1,2.95
18098A,PINK PORCELAIN B'FLY OIL BURNER,2,5.9,2,2.95
79303A,WHITE ROHMBIC BLOCK TABLE LAMP,2,5.9,1,2.95
90130C,GREEN STONE/CRYSTAL EARRINGS,2,5.9,2,2.95
35823P,"ACRYLIC BEAD GARLAND,PINK",2,5.9,2,2.95
35051B,PINK BEADED CONE CHRISTMAS,14,5.88,2,0.42
84228,HEN HOUSE WITH CHICK STANDING,14,5.88,3,0.42
85186B,BUNNY BUNCH OF FLOWERS,14,5.88,2,0.42
35537,CANDLE RING W/CLEAR BEADS,13,5.46,3,0.42
21838,DADDY MOUSE RED GINGHAM BOW TIE,1,5.45,1,5.45
35751D,PINK CURRENT CANDLE RING,28,5.32,1,0.19
84201B,HAPPY BIRTHDAY CARD STRIPEY TEDDY,28,5.32,6,0.19
16215,FUNKY GIRLZ MAGNETIC TO DO LIST ,8,5.2,3,0.65
90054,CRACKED GLAZE EARRINGS RED,2,5.1,2,2.55
71101A,ANGEL ON KNEES METAL POLE 100CM H,6,5.1,1,0.85
35916B,BLUE FELT HANGING HEART WITH FLOWER,6,5.1,1,0.85
84942,KASHMIR FOLKART HEART DISHES,3,5.07,3,1.6900000000000002
85232C,RUSSIAN FOLKART STACKING TINS,1,4.95,1,4.95
85043,RED HEART CANDY POP LIGHTS,1,4.95,1,4.95
37451,CERAMIC CAKE TEAPOT WITH CHERRY,1,4.95,1,4.95
90214U,"LETTER ""U"" BLING KEY RING",13,4.73,2,0.77
45014,FOLDING SHIRT TIDY,1,4.65,1,4.65
79151B,"SILICON CUBE 25W, BLUE",11,4.62,2,0.42
35817P,PINK ACRYLIC JEWEL SNOWFLAKE,12,4.5600000000000005,1,0.38
81950V,FLOWER PURPLE CLOCK WITH SUCKER,15,4.35,3,0.29
79157B,UBO-LIGHT TRIOBASE BLUE,5,4.25,3,0.85
21409,SPOTTY COCKEREL DOORSTOP,1,4.25,1,4.25
79157V,UBO-LIGHT TRIOBASE PURPLE,5,4.25,3,0.85
72752A,"F.FAIRY,CANDLE IN GLASS,LILY/VALLEY",1,4.25,1,4.25
84255A,PINK GLASS COCKTAIL LAMP,2,4.2,2,2.1
90125E,AMBER BERTIE GLASS BEAD BAG CHARM,2,4.2,2,2.1
20884,MODERN CHRISTMAS TREE CANDLE ,2,4.2,2,2.1
20877,MODERN CHRISTMAS BAUBLE CANDLE ,10,4.2,3,0.42
23391, I LOVE LONDON MINI RUCKSACK,1,4.15,1,4.15
37432,MUG PINK AND PURPLE ARABIC DESIGN,6,3.9,1,0.65
72084B,CHOCOLATE ICE CREAM CANDLE,2,3.9,1,1.95
16010,FOLDING CAMPING SCISSOR W/KNIF & S,32,3.84,4,0.12
40046C,PINK BUTTERFLY PAPER LAMPSHADE,3,3.75,3,1.25
35974,S/6 CHRISTMAS TREE PLACE SETTING,1,3.75,1,3.75
90004A,JADE GREEN PAIR ENAMEL HAIR SLIDES,1,3.75,1,3.75
37438,FUNKY FLOWER COFFEE POT,1,3.75,1,3.75
90128D,PURPLE LEAVES AND BEADS PHONE CHAR,3,3.75,2,1.25
90025B,BAROQUE BUTTERFLY EARRINGS RED,1,3.75,1,3.75
84731,3 BIRDS CANVAS SCREEN,3,3.69,3,1.23
21081,SET/20 POSIES PAPER NAPKINS,4,3.4,4,0.85
35995,SET/6 BLACK GLITTER REINDEER CANDLE,4,3.36,4,0.84
20683,RAIN GIRL CHILDS UMBRELLA,1,3.25,1,3.25
23630,SET 10 CARDS HANGING BAUBLES 17080,1,2.99,1,2.99
90014C,SILVER AND BLACK ORBIT NECKLACE,1,2.95,1,2.95
20885,BOX OF 3 PEBBLE CANDLES,1,2.95,1,2.95
90011E,AMBER CRYSTAL DROP EARRINGS,1,2.95,1,2.95
62097A,PINK STRIPES SHOULDER BAG,1,2.95,1,2.95
79301,FEATHER HEART LIGHTS,1,2.95,1,2.95
21036,SET/2 TEA TOWELS MODERN VINTAGE,1,2.55,1,2.55
85171,S/2 HYACINTH BULB CANDLES,1,2.55,1,2.55
90055,CRACKED GLAZE EARRINGS BROWN,1,2.55,1,2.55
47554,S/3 COLOURS FLOCK TEA TOWELS,1,2.55,1,2.55
47556,SET/2 SPOTTY + ROSE TEA TOWELS ,1,2.55,1,2.55
71434B,"BLACK RND BULLET""KEEP CLEAN"" BIN",1,2.55,1,2.55
81953B,ROUND ARTICULATED BLUE CLOCK W/SUCK,3,2.55,3,0.85
47569,ENGLISH ROSE DESIGN SHOPPING BAG,1,2.55,1,2.55
35999,S/6 SCANDINAVIAN HEART T-LIGHT,1,2.55,1,2.55
21493,VINTAGE DESIGN GIFT TAGS,3,2.55,2,0.85
90077,BLACK DIAMOND CLUSTER EARRINGS,1,2.55,1,2.55
90091,CRYSTAL DRAGONFLY PHONE CHARM,3,2.55,2,0.85
17028J,INCENSE BAZAAR PEACH,6,2.52,1,0.42
90127B,BLUE BEADS+HAND PHONE CHARM,2,2.5,2,1.25
90071,RUBY GLASS CLUSTER EARRINGS,2,2.5,2,1.25
21225,POCKET MIRROR BUTTERFLY ,2,2.5,2,1.25
84250M,"GREETING CARD, BLACKPOOL ROCK",12,2.28,1,0.19
20620,RED SPOTTY PASSPORT COVER,1,2.1,1,2.1
81953B,ROUND BLUE CLOCK WITH SUCKER,11,2.09,3,0.19
17061,ASSORTED SHAPED STENCIL FOR HENNA,52,2.08,1,0.04
85192S,HANGING SPRING FLOWER HEART SMALL,3,1.95,2,0.65
22631,CIRCUS PARADE LUNCHBOX ,1,1.95,1,1.95
46138D,GREEN CHENILLE SHAGGY C/COVER,1,1.95,1,1.95
84814A,HEXAGONAL CRYSTAL PERFUME BOTTLE,1,1.95,1,1.95
35945,GOLD CHRISTMAS STOCKING DECORATION,1,1.95,1,1.95
22659,LUNCHBOX I LOVE LONDON,1,1.95,1,1.95
84201C,HAPPY BIRTHDAY CARD TEDDY/CAKE,10,1.9,3,0.19
84206C,CHAMPAGNE TRAY BLANK CARD,10,1.9,4,0.19
35837,SET OF SIX SILVER+RED FLOCK BAUBLES,2,1.7,1,0.85
20881,MODERN CHRISTMAS TREE CANDLE,2,1.7,1,0.85
72754D,F FAIRY POTPOURRI CUSHIONS SUMMER,1,1.69,1,1.69
10109,BENDY COLOUR PENCILS,4,1.68,1,0.42
21585,SWALLOW SMALL TUBE MATCHES,1,1.65,1,1.65
85024A,CRYSTAL SMALL JEWELLED PHOTOFRAME,1,1.65,1,1.65
72796C,S/3 ROSE GARDEN SCENT SQU CANDLE,1,1.65,1,1.65
23664,FLOWER SHOP DESIGN MUG,1,1.65,1,1.65
35980B,RED TOP SCANDINAVIAN HEART ,4,1.52,2,0.38
84845A,HOLLYHOCK SQUARE HANDY TIN,1,1.25,1,1.25
35950,FOLKART HEART CHRISTMAS DECORATIONS,1,1.25,1,1.25
37326,FAIRY DESIGN MUGS,1,1.25,1,1.25
23370,SET 36 COLOURING PENCILS DOILEY,1,1.25,1,1.25
35976B,WHITE SCANDINAVIAN HEART CHRISTMAS,1,1.25,1,1.25
TEST002,This is a test product.,1,1.0,1,1.0
84206B,CAT WITH SUNGLASSES BLANK CARD,5,0.95,1,0.19
20721,OWLS CHARLOTTE BAG,1,0.85,1,0.85
84206B,CAT W SUNGLASSES BLANK CARD,4,0.76,1,0.19
23366,SET 12 COLOURING PENCILS DOILEY,1,0.65,1,0.65
84205C,HAPPY BIRTHDAY GINGER CAT CARD,2,0.38,1,0.19
35930,PINK HEART CHRISTMAS DECORATION,1,0.38,1,0.38
PADS,PADS TO MATCH ALL CUSHIONS,17,0.017,17,0.001
